direction,is_congested,weather,temp,rain_mm,humidity,visibility,day_of_week,is_holiday,is_rush_hour,adverse_weather_score,rush_weather_interaction
0,0,2,27.0,0.0,88.83,10000.0,2,0,0,0,0
1,0,2,27.0,0.0,88.83,10000.0,2,0,0,0,0
0,0,1,27.0,0.0,88.83,10000.0,2,0,1,0,0
1,1,1,27.0,0.0,88.83,10000.0,2,0,1,0,0
0,1,1,27.0,0.0,88.83,10000.0,2,0,1,0,0
1,1,1,27.0,0.0,88.83,10000.0,2,0,1,0,0
0,0,0,31.0,0.0,70.47,10000.0,2,0,0,0,0
1,0,0,31.0,0.0,70.47,10000.0,2,0,0,0,0
0,0,1,33.0,0.0,66.77,10000.0,2,0,0,0,0
1,0,1,33.0,0.0,66.77,10000.0,2,0,0,0,0
0,0,1,35.9,0.0,47.22,10000.0,2,0,0,0,0
1,0,1,35.9,0.0,47.22,10000.0,2,0,0,0,0
0,0,2,35.0,0.0,53.0,10000.0,2,0,1,0,0
1,0,2,35.0,0.0,53.0,10000.0,2,0,1,0,0
0,1,2,35.9,0.0,50.15,10000.0,2,0,1,0,0
1,1,2,35.9,0.0,50.15,10000.0,2,0,1,0,0
0,0,2,31.0,0.0,79.32,10000.0,2,0,0,0,0
1,0,2,31.0,0.0,79.32,10000.0,2,0,0,0,0
0,0,2,29.0,0.0,88.99,10000.0,2,0,0,0,0
1,0,2,29.0,0.0,88.99,10000.0,2,0,0,0,0
0,0,2,25.0,0.0,100.0,6000.0,1,0,0,0,0
1,0,2,25.0,0.0,100.0,6000.0,1,0,0,0,0
0,0,2,26.0,0.0,94.23,5000.0,1,0,1,0,0
1,1,2,26.0,0.0,94.23,5000.0,1,0,1,0,0
0,1,2,26.0,0.0,94.23,5000.0,1,0,1,0,0
1,1,2,26.0,0.0,94.23,5000.0,1,0,1,0,0
0,0,2,30.0,0.0,70.28,10000.0,1,0,0,0,0
1,0,2,30.0,0.0,70.28,10000.0,1,0,0,0,0
0,0,2,31.0,0.0,66.37,10000.0,1,0,0,0,0
1,0,2,31.0,0.0,66.37,10000.0,1,0,0,0,0
0,0,2,33.0,0.1,62.92,10000.0,1,0,0,1,0
1,0,2,33.0,0.1,62.92,10000.0,1,0,0,1,0
0,1,2,34.0,0.0,59.49,10000.0,1,0,1,0,0
1,0,2,34.0,0.0,59.49,10000.0,1,0,1,0,0
0,1,2,33.0,0.0,62.92,10000.0,1,0,1,0,0
1,0,2,33.0,0.0,62.92,10000.0,1,0,1,0,0
0,0,1,29.0,0.0,79.05,10000.0,1,0,0,0,0
1,0,1,29.0,0.0,79.05,10000.0,1,0,0,0,0
0,0,2,28.0,0.0,83.78,10000.0,1,0,0,0,0
1,0,2,28.0,0.0,83.78,10000.0,1,0,0,0,0
0,0,2,24.0,0.0,94.15,7000.0,0,0,0,0,0
1,0,2,24.0,0.0,94.15,7000.0,0,0,0,0,0
0,1,2,25.0,0.0,88.68,5000.0,0,0,1,0,0
1,1,2,25.0,0.0,88.68,5000.0,0,0,1,0,0
0,1,2,25.0,0.0,88.68,5000.0,0,0,1,0,0
1,1,2,25.0,0.0,88.68,5000.0,0,0,1,0,0
0,0,2,28.0,0.1,78.91,6000.0,0,0,0,1,0
1,0,2,28.0,0.1,78.91,6000.0,0,0,0,1,0
0,0,3,30.0,0.5,70.28,9000.0,0,0,0,1,0
1,0,3,30.0,0.5,70.28,9000.0,0,0,0,1,0
0,0,3,33.0,1.0,55.79,10000.0,0,0,0,1,0
1,0,3,33.0,1.0,55.79,10000.0,0,0,0,1,0
0,0,3,32.0,0.5,59.03,10000.0,0,0,1,1,1
1,0,3,32.0,0.5,59.03,10000.0,0,0,1,1,1
0,1,2,30.0,0.2,70.28,10000.0,0,0,1,1,1
1,1,2,30.0,0.2,70.28,10000.0,0,0,1,1,1
0,0,0,28.0,0.0,83.78,10000.0,0,0,0,0,0
1,0,0,28.0,0.0,83.78,10000.0,0,0,0,0,0
0,0,0,27.0,0.0,83.67,10000.0,0,0,0,0,0
1,0,0,27.0,0.0,83.67,10000.0,0,0,0,0,0
0,0,1,24.0,0.0,83.33,10000.0,6,0,0,0,0
1,0,1,24.0,0.0,83.33,10000.0,6,0,0,0,0
0,0,1,24.0,0.0,88.6,6000.0,6,0,1,0,0
1,0,1,24.0,0.0,88.6,6000.0,6,0,1,0,0
0,0,1,24.0,0.0,88.6,6000.0,6,0,1,0,0
1,0,1,24.0,0.0,88.6,6000.0,6,0,1,0,0
0,0,1,27.0,0.0,65.55,10000.0,6,0,0,0,0
1,0,1,27.0,0.0,65.55,10000.0,6,0,0,0,0
0,0,1,27.0,0.0,65.55,10000.0,6,0,0,0,0
1,0,1,27.0,0.0,65.55,10000.0,6,0,0,0,0
0,0,2,28.0,0.0,69.91,10000.0,6,0,0,0,0
1,0,2,28.0,0.0,69.91,10000.0,6,0,0,0,0
0,1,2,27.0,0.0,78.77,9000.0,6,0,1,0,0
1,0,2,27.0,0.0,78.77,9000.0,6,0,1,0,0
0,1,2,27.0,0.0,78.77,9000.0,6,0,1,0,0
1,1,2,27.0,0.0,78.77,9000.0,6,0,1,0,0
0,0,1,26.0,0.0,78.63,10000.0,6,0,0,0,0
1,0,1,26.0,0.0,78.63,10000.0,6,0,0,0,0
0,0,3,25.0,0.5,88.68,10000.0,6,0,0,1,0
1,0,3,25.0,0.5,88.68,10000.0,6,0,0,1,0
0,0,1,25.0,0.1,88.68,10000.0,5,0,0,1,0
1,0,1,25.0,0.1,88.68,10000.0,5,0,0,1,0
0,0,2,26.0,0.1,69.54,10000.0,5,0,1,1,1
1,0,2,26.0,0.1,69.54,10000.0,5,0,1,1,1
0,0,2,26.0,0.1,69.54,10000.0,5,0,1,1,1
1,0,2,26.0,0.1,69.54,10000.0,5,0,1,1,1
0,1,2,27.0,0.2,65.55,10000.0,5,0,0,1,0
1,0,2,27.0,0.2,65.55,10000.0,5,0,0,1,0
0,1,3,26.0,0.7,69.54,10000.0,5,0,0,1,0
1,0,3,26.0,0.7,69.54,10000.0,5,0,0,1,0
0,1,1,27.0,0.1,74.13,10000.0,5,0,0,1,0
1,0,1,27.0,0.1,74.13,10000.0,5,0,0,1,0
0,1,1,27.0,0.0,74.13,10000.0,5,0,1,0,0
1,1,1,27.0,0.0,74.13,10000.0,5,0,1,0,0
0,1,1,26.0,0.0,78.63,10000.0,5,0,1,0,0
1,1,1,26.0,0.0,78.63,10000.0,5,0,1,0,0
0,0,1,25.0,0.0,83.45,9000.0,5,0,0,0,0
1,0,1,25.0,0.0,83.45,9000.0,5,0,0,0,0
0,0,2,25.0,0.0,88.68,7000.0,5,0,0,0,0
1,0,2,25.0,0.0,88.68,7000.0,5,0,0,0,0
0,0,2,23.0,0.2,100.0,7000.0,4,0,0,1,0
1,0,2,23.0,0.2,100.0,7000.0,4,0,0,1,0
0,0,3,24.0,7.9,94.15,3000.0,4,0,1,2,2
1,0,3,24.0,7.9,94.15,3000.0,4,0,1,2,2
0,0,3,24.0,7.9,94.15,3000.0,4,0,1,2,2
1,0,3,24.0,7.9,94.15,3000.0,4,0,1,2,2
0,0,2,27.0,0.1,88.83,9000.0,4,0,0,1,0
1,0,2,27.0,0.1,88.83,9000.0,4,0,0,1,0
0,0,1,27.0,0.0,88.83,7000.0,4,0,0,0,0
1,0,1,27.0,0.0,88.83,7000.0,4,0,0,0,0
0,0,2,30.0,0.1,66.17,10000.0,4,0,0,1,0
1,0,2,30.0,0.1,66.17,10000.0,4,0,0,1,0
0,1,2,30.0,0.0,66.17,10000.0,4,0,1,0,0
1,0,2,30.0,0.0,66.17,10000.0,4,0,1,0,0
0,1,1,29.0,0.0,70.1,10000.0,4,0,1,0,0
1,1,1,29.0,0.0,70.1,10000.0,4,0,1,0,0
0,0,1,27.0,0.0,78.77,10000.0,4,0,0,0,0
1,0,1,27.0,0.0,78.77,10000.0,4,0,0,0,0
0,0,2,26.0,0.2,83.56,10000.0,4,0,0,1,0
1,0,2,26.0,0.2,83.56,10000.0,4,0,0,1,0
0,0,1,26.0,0.0,94.23,10000.0,3,0,0,0,0
1,0,1,26.0,0.0,94.23,10000.0,3,0,0,0,0
0,0,1,27.0,0.1,88.83,9000.0,3,0,1,1,1
1,0,1,27.0,0.1,88.83,9000.0,3,0,1,1,1
0,1,1,27.0,0.1,88.83,9000.0,3,0,1,1,1
1,1,1,27.0,0.1,88.83,9000.0,3,0,1,1,1
0,0,2,29.0,0.2,79.05,10000.0,3,0,0,1,0
1,0,2,29.0,0.2,79.05,10000.0,3,0,0,1,0
0,0,3,29.0,0.5,79.05,10000.0,3,0,0,1,0
1,0,3,29.0,0.5,79.05,10000.0,3,0,0,1,0
0,0,3,32.0,0.3,66.57,10000.0,3,0,0,1,0
1,0,3,32.0,0.3,66.57,10000.0,3,0,0,1,0
0,0,2,32.0,0.1,70.65,10000.0,3,0,1,1,1
1,0,2,32.0,0.1,70.65,10000.0,3,0,1,1,1
0,1,2,30.0,0.1,79.19,10000.0,3,0,1,1,1
1,1,2,30.0,0.1,79.19,10000.0,3,0,1,1,1
0,0,2,28.0,0.1,83.78,10000.0,3,0,0,1,0
1,0,2,28.0,0.1,83.78,10000.0,3,0,0,1,0
0,0,3,28.0,0.6,83.78,10000.0,3,0,0,1,0
1,0,3,28.0,0.6,83.78,10000.0,3,0,0,1,0
0,0,2,24.0,0.0,94.15,6000.0,2,0,0,0,0
1,0,2,24.0,0.0,94.15,6000.0,2,0,0,0,0
0,0,1,25.0,0.0,94.19,6000.0,2,0,1,0,0
1,1,1,25.0,0.0,94.19,6000.0,2,0,1,0,0
0,1,1,25.0,0.0,94.19,6000.0,2,0,1,0,0
1,1,1,25.0,0.0,94.19,6000.0,2,0,1,0,0
0,0,1,28.0,0.0,74.29,10000.0,2,0,0,0,0
1,0,1,28.0,0.0,74.29,10000.0,2,0,0,0,0
0,0,2,31.0,0.0,66.37,10000.0,2,0,0,0,0
1,0,2,31.0,0.0,66.37,10000.0,2,0,0,0,0
0,0,2,31.0,0.0,66.37,10000.0,2,0,0,0,0
1,0,2,31.0,0.0,66.37,10000.0,2,0,0,0,0
0,0,2,30.0,0.0,70.28,10000.0,2,0,1,0,0
1,0,2,30.0,0.0,70.28,10000.0,2,0,1,0,0
0,1,2,30.0,0.0,70.28,10000.0,2,0,1,0,0
1,1,2,30.0,0.0,70.28,10000.0,2,0,1,0,0
0,0,2,27.0,0.0,83.67,10000.0,2,0,0,0,0
1,0,2,27.0,0.0,83.67,10000.0,2,0,0,0,0
0,0,1,27.0,0.0,83.67,10000.0,2,0,0,0,0
1,0,1,27.0,0.0,83.67,10000.0,2,0,0,0,0
0,0,2,23.0,0.0,83.22,10000.0,1,0,0,0,0
1,0,2,23.0,0.0,83.22,10000.0,1,0,0,0,0
0,0,1,24.0,0.0,78.35,6000.0,1,0,1,0,0
1,1,1,24.0,0.0,78.35,6000.0,1,0,1,0,0
0,1,1,24.0,0.0,78.35,6000.0,1,0,1,0,0
1,1,1,24.0,0.0,78.35,6000.0,1,0,1,0,0
0,0,2,28.0,0.0,65.76,10000.0,1,0,0,0,0
1,0,2,28.0,0.0,65.76,10000.0,1,0,0,0,0
0,0,2,30.0,0.0,58.57,10000.0,1,0,0,0,0
1,0,2,30.0,0.0,58.57,10000.0,1,0,0,0,0
0,0,2,31.0,0.0,55.31,10000.0,1,0,0,0,0
1,0,2,31.0,0.0,55.31,10000.0,1,0,0,0,0
0,1,2,31.0,0.0,58.8,10000.0,1,0,1,0,0
1,0,2,31.0,0.0,58.8,10000.0,1,0,1,0,0
0,1,2,31.0,0.0,55.31,10000.0,1,0,1,0,0
1,0,2,31.0,0.0,55.31,10000.0,1,0,1,0,0
0,0,2,28.0,0.0,69.91,10000.0,1,0,0,0,0
1,0,2,28.0,0.0,69.91,10000.0,1,0,0,0,0
0,0,2,26.0,0.0,78.63,10000.0,1,0,0,0,0
1,0,2,26.0,0.0,78.63,10000.0,1,0,0,0,0
0,0,3,19.0,2.2,93.93,5000.0,0,0,0,1,0
1,0,3,19.0,2.2,93.93,5000.0,0,0,0,1,0
0,1,3,21.0,0.4,77.91,10000.0,0,0,1,1,1
1,1,3,21.0,0.4,77.91,10000.0,0,0,1,1,1
0,1,3,21.0,0.4,77.91,10000.0,0,0,1,1,1
1,1,3,21.0,0.4,77.91,10000.0,0,0,1,1,1
0,0,2,24.0,0.0,69.15,10000.0,0,0,0,0,0
1,0,2,24.0,0.0,69.15,10000.0,0,0,0,0,0
0,0,1,27.0,0.0,50.97,10000.0,0,0,0,0,0
1,0,1,27.0,0.0,50.97,10000.0,0,0,0,0,0
0,0,1,29.0,0.0,51.49,10000.0,0,0,0,0,0
1,0,1,29.0,0.0,51.49,10000.0,0,0,0,0,0
0,0,2,28.0,0.0,54.57,10000.0,0,0,1,0,0
1,0,2,28.0,0.0,54.57,10000.0,0,0,1,0,0
0,1,2,28.0,0.0,58.1,10000.0,0,0,1,0,0
1,1,2,28.0,0.0,58.1,10000.0,0,0,1,0,0
0,0,2,26.0,0.0,69.54,10000.0,0,0,0,0,0
1,0,2,26.0,0.0,69.54,10000.0,0,0,0,0,0
0,0,2,25.0,0.0,73.79,10000.0,0,0,0,0,0
1,0,2,25.0,0.0,73.79,10000.0,0,0,0,0,0
0,0,2,23.0,0.0,94.1,9000.0,6,0,0,0,0
1,0,2,23.0,0.0,94.1,9000.0,6,0,0,0,0
0,0,1,23.0,0.0,94.1,4000.0,6,0,1,0,0
1,0,1,23.0,0.0,94.1,4000.0,6,0,1,0,0
0,0,1,23.0,0.0,94.1,4000.0,6,0,1,0,0
1,0,1,23.0,0.0,94.1,4000.0,6,0,1,0,0
0,0,3,24.0,0.3,94.15,5000.0,6,0,0,1,0
1,0,3,24.0,0.3,94.15,5000.0,6,0,0,1,0
0,0,3,25.0,0.7,94.19,10000.0,6,0,0,1,0
1,0,3,25.0,0.7,94.19,10000.0,6,0,0,1,0
0,0,3,28.0,3.3,74.29,10000.0,6,0,0,1,0
1,0,3,28.0,3.3,74.29,10000.0,6,0,0,1,0
0,1,2,28.0,0.2,74.29,10000.0,6,0,1,1,1
1,0,2,28.0,0.2,74.29,10000.0,6,0,1,1,1
0,1,2,28.0,0.1,74.29,10000.0,6,0,1,1,1
1,1,2,28.0,0.1,74.29,10000.0,6,0,1,1,1
0,0,3,24.0,2.3,83.33,10000.0,6,0,0,1,0
1,0,3,24.0,2.3,83.33,10000.0,6,0,0,1,0
0,0,3,23.0,1.9,83.22,10000.0,6,0,0,1,0
1,0,3,23.0,1.9,83.22,10000.0,6,0,0,1,0
0,0,2,24.0,0.0,88.6,10000.0,5,0,0,0,0
1,0,2,24.0,0.0,88.6,10000.0,5,0,0,0,0
0,0,1,25.0,0.0,88.68,7000.0,5,0,1,0,0
1,0,1,25.0,0.0,88.68,7000.0,5,0,1,0,0
0,0,1,25.0,0.0,88.68,7000.0,5,0,1,0,0
1,0,1,25.0,0.0,88.68,7000.0,5,0,1,0,0
0,1,2,29.0,0.0,65.97,10000.0,5,0,0,0,0
1,0,2,29.0,0.0,65.97,10000.0,5,0,0,0,0
0,1,2,30.0,0.0,66.17,10000.0,5,0,0,0,0
1,0,2,30.0,0.0,66.17,10000.0,5,0,0,0,0
0,1,2,31.0,0.0,66.37,10000.0,5,0,0,0,0
1,0,2,31.0,0.0,66.37,10000.0,5,0,0,0,0
0,1,2,31.0,0.2,66.37,10000.0,5,0,1,1,1
1,1,2,31.0,0.2,66.37,10000.0,5,0,1,1,1
0,1,2,30.0,0.0,70.28,10000.0,5,0,1,0,0
1,1,2,30.0,0.0,70.28,10000.0,5,0,1,0,0
0,0,2,26.0,0.0,94.23,10000.0,5,0,0,0,0
1,0,2,26.0,0.0,94.23,10000.0,5,0,0,0,0
0,0,2,24.0,0.0,94.15,10000.0,5,0,0,0,0
1,0,2,24.0,0.0,94.15,10000.0,5,0,0,0,0
0,0,2,22.0,0.0,88.43,10000.0,4,1,0,0,0
1,0,2,22.0,0.0,88.43,10000.0,4,1,0,0,0
0,0,2,23.0,0.0,83.22,10000.0,4,1,1,0,0
1,0,2,23.0,0.0,83.22,10000.0,4,1,1,0,0
0,0,2,23.0,0.0,83.22,10000.0,4,1,1,0,0
1,0,2,23.0,0.0,83.22,10000.0,4,1,1,0,0
0,0,2,27.0,0.0,61.6,10000.0,4,1,0,0,0
1,0,2,27.0,0.0,61.6,10000.0,4,1,0,0,0
0,0,2,28.0,0.0,58.1,10000.0,4,1,0,0,0
1,0,2,28.0,0.0,58.1,10000.0,4,1,0,0,0
0,0,2,29.0,0.0,58.34,10000.0,4,1,0,0,0
1,0,2,29.0,0.0,58.34,10000.0,4,1,0,0,0
0,1,2,29.0,0.0,58.34,10000.0,4,1,1,0,0
1,0,2,29.0,0.0,58.34,10000.0,4,1,1,0,0
0,1,2,28.0,0.0,65.76,10000.0,4,1,1,0,0
1,1,2,28.0,0.0,65.76,10000.0,4,1,1,0,0
0,0,2,25.0,0.0,78.49,10000.0,4,1,0,0,0
1,0,2,25.0,0.0,78.49,10000.0,4,1,0,0,0
0,0,2,25.0,0.0,83.45,10000.0,4,1,0,0,0
1,0,2,25.0,0.0,83.45,10000.0,4,1,0,0,0
0,0,0,23.0,0.0,68.97,10000.0,3,1,0,0,0
1,0,0,23.0,0.0,68.97,10000.0,3,1,0,0,0
0,0,0,23.0,0.0,60.7,10000.0,3,1,1,0,0
1,0,0,23.0,0.0,60.7,10000.0,3,1,1,0,0
0,1,0,23.0,0.0,60.7,10000.0,3,1,1,0,0
1,1,0,23.0,0.0,60.7,10000.0,3,1,1,0,0
0,0,0,26.4,0.0,46.25,10000.0,3,1,0,0,0
1,0,0,26.4,0.0,46.25,10000.0,3,1,0,0,0
0,0,0,27.0,0.0,50.99,10000.0,3,1,0,0,0
1,0,0,27.0,0.0,50.99,10000.0,3,1,0,0,0
0,0,0,28.0,0.0,51.25,10000.0,3,1,0,0,0
1,0,0,28.0,0.0,51.25,10000.0,3,1,0,0,0
0,0,0,28.3,0.0,48.14,10000.0,3,1,1,0,0
1,0,0,28.3,0.0,48.14,10000.0,3,1,1,0,0
0,1,0,28.0,0.0,48.09,10000.0,3,1,1,0,0
1,1,0,28.0,0.0,48.09,10000.0,3,1,1,0,0
0,0,0,26.0,0.0,57.63,10000.0,3,1,0,0,0
1,0,0,26.0,0.0,57.63,10000.0,3,1,0,0,0
0,0,0,25.0,0.0,69.36,10000.0,3,1,0,0,0
1,0,0,25.0,0.0,69.36,10000.0,3,1,0,0,0
0,0,3,26.0,2.1,88.76,7000.0,2,0,0,1,0
1,0,3,26.0,2.1,88.76,7000.0,2,0,0,1,0
0,0,0,22.5,0.0,79.83,10000.0,2,0,1,0,0
1,1,0,22.5,0.0,79.83,10000.0,2,0,1,0,0
0,1,0,22.5,0.0,79.83,10000.0,2,0,1,0,0
1,1,0,22.5,0.0,79.83,10000.0,2,0,1,0,0
0,0,0,23.4,0.0,75.05,10000.0,2,0,0,0,0
1,0,0,23.4,0.0,75.05,10000.0,2,0,0,0,0
0,0,2,26.0,0.0,69.55,10000.0,2,0,0,0,0
1,0,2,26.0,0.0,69.55,10000.0,2,0,0,0,0
0,0,2,29.0,0.0,54.83,10000.0,2,0,0,0,0
1,0,2,29.0,0.0,54.83,10000.0,2,0,0,0,0
0,0,0,29.2,0.0,48.22,10000.0,2,0,1,0,0
1,0,0,29.2,0.0,48.22,10000.0,2,0,1,0,0
0,1,0,29.0,0.0,51.5,10000.0,2,0,1,0,0
1,1,0,29.0,0.0,51.5,10000.0,2,0,1,0,0
0,0,0,25.0,0.0,69.36,10000.0,2,0,0,0,0
1,0,0,25.0,0.0,69.36,10000.0,2,0,0,0,0
0,0,0,25.6,0.0,61.87,10000.0,2,0,0,0,0
1,0,0,25.6,0.0,61.87,10000.0,2,0,0,0,0
0,0,2,24.0,0.0,94.15,7000.0,1,0,0,0,0
1,0,2,24.0,0.0,94.15,7000.0,1,0,0,0,0
0,0,0,25.3,0.0,92.34,3000.0,1,0,1,0,0
1,1,0,25.3,0.0,92.34,3000.0,1,0,1,0,0
0,1,0,25.3,0.0,92.34,3000.0,1,0,1,0,0
1,1,0,25.3,0.0,92.34,3000.0,1,0,1,0,0
0,0,0,28.0,0.0,74.3,10000.0,1,0,0,0,0
1,0,0,28.0,0.0,74.3,10000.0,1,0,0,0,0
0,0,0,30.0,0.2,70.29,10000.0,1,0,0,1,0
1,0,0,30.0,0.2,70.29,10000.0,1,0,0,1,0
0,0,0,34.0,0.0,46.71,10000.0,1,0,0,0,0
1,0,0,34.0,0.0,46.71,10000.0,1,0,0,0,0
0,1,0,33.5,0.0,46.45,10000.0,1,0,1,0,0
1,0,0,33.5,0.0,46.45,10000.0,1,0,1,0,0
0,1,0,32.0,0.0,66.58,10000.0,1,0,1,0,0
1,0,0,32.0,0.0,66.58,10000.0,1,0,1,0,0
0,0,0,29.0,0.0,79.06,10000.0,1,0,0,0,0
1,0,0,29.0,0.0,79.06,10000.0,1,0,0,0,0
0,0,0,27.0,0.0,83.68,10000.0,1,0,0,0,0
1,0,0,27.0,0.0,83.68,10000.0,1,0,0,0,0
0,0,0,24.0,0.0,100.0,5000.0,0,1,0,0,0
1,0,0,24.0,0.0,100.0,5000.0,0,1,0,0,0
0,1,0,24.3,0.1,92.82,3000.0,0,1,1,1,1
1,1,0,24.3,0.1,92.82,3000.0,0,1,1,1,1
0,1,0,24.3,0.1,92.82,3000.0,0,1,1,1,1
1,1,0,24.3,0.1,92.82,3000.0,0,1,1,1,1
0,0,0,29.0,0.1,70.12,10000.0,0,1,0,1,0
1,0,0,29.0,0.1,70.12,10000.0,0,1,0,1,0
0,0,2,30.0,0.1,62.28,10000.0,0,1,0,1,0
1,0,2,30.0,0.1,62.28,10000.0,0,1,0,1,0
0,0,2,33.0,0.1,55.81,10000.0,0,1,0,1,0
1,0,2,33.0,0.1,55.81,10000.0,0,1,0,1,0
0,0,0,31.8,0.2,59.36,10000.0,0,1,1,1,1
1,0,0,31.8,0.2,59.36,10000.0,0,1,1,1,1
0,1,2,31.0,0.0,66.38,10000.0,0,1,1,0,0
1,1,2,31.0,0.0,66.38,10000.0,0,1,1,0,0
0,0,0,22.0,0.0,94.06,10000.0,0,1,0,0,0
1,0,0,22.0,0.0,94.06,10000.0,0,1,0,0,0
0,0,0,23.0,0.0,94.11,10000.0,0,1,0,0,0
1,0,0,23.0,0.0,94.11,10000.0,0,1,0,0,0
0,0,0,23.0,0.0,88.52,6000.0,6,1,0,0,0
1,0,0,23.0,0.0,88.52,6000.0,6,1,0,0,0
0,0,0,24.2,0.0,85.02,5000.0,6,1,1,0,0
1,0,0,24.2,0.0,85.02,5000.0,6,1,1,0,0
0,0,0,24.2,0.0,85.02,5000.0,6,1,1,0,0
1,0,0,24.2,0.0,85.02,5000.0,6,1,1,0,0
0,0,0,28.0,0.0,61.84,10000.0,6,1,0,0,0
1,0,0,28.0,0.0,61.84,10000.0,6,1,0,0,0
0,0,0,28.0,0.0,65.77,10000.0,6,1,0,0,0
1,0,0,28.0,0.0,65.77,10000.0,6,1,0,0,0
0,0,2,28.0,0.2,69.92,10000.0,6,1,0,1,0
1,0,2,28.0,0.2,69.92,10000.0,6,1,0,1,0
0,1,3,27.0,0.5,74.14,10000.0,6,1,1,1,1
1,0,3,27.0,0.5,74.14,10000.0,6,1,1,1,1
0,1,2,27.0,0.1,74.14,8000.0,6,1,1,1,1
1,1,2,27.0,0.1,74.14,8000.0,6,1,1,1,1
0,0,2,25.0,0.0,88.68,4000.0,6,1,0,0,0
1,0,2,25.0,0.0,88.68,4000.0,6,1,0,0,0
0,0,0,24.9,0.0,88.65,5000.0,6,1,0,0,0
1,0,0,24.9,0.0,88.65,5000.0,6,1,0,0,0
0,0,0,24.0,0.0,83.34,9000.0,5,0,0,0,0
1,0,0,24.0,0.0,83.34,9000.0,5,0,0,0,0
0,0,0,23.8,0.0,90.25,6000.0,5,0,1,0,0
1,0,0,23.8,0.0,90.25,6000.0,5,0,1,0,0
0,0,0,23.8,0.0,90.25,6000.0,5,0,1,0,0
1,0,0,23.8,0.0,90.25,6000.0,5,0,1,0,0
0,1,0,27.5,0.1,68.08,10000.0,5,0,0,1,0
1,0,0,27.5,0.1,68.08,10000.0,5,0,0,1,0
0,1,0,29.0,0.0,58.35,10000.0,5,0,0,0,0
1,0,0,29.0,0.0,58.35,10000.0,5,0,0,0,0
0,1,0,30.0,0.0,58.58,10000.0,5,0,0,0,0
1,0,0,30.0,0.0,58.58,10000.0,5,0,0,0,0
0,1,0,30.0,0.0,55.08,10000.0,5,0,1,0,0
1,1,0,30.0,0.0,55.08,10000.0,5,0,1,0,0
0,1,2,30.0,0.0,58.58,10000.0,5,0,1,0,0
1,1,2,30.0,0.0,58.58,10000.0,5,0,1,0,0
0,0,0,28.0,0.0,65.77,7000.0,5,0,0,0,0
1,0,0,28.0,0.0,65.77,7000.0,5,0,0,0,0
0,0,0,25.6,0.0,81.23,8000.0,5,0,0,0,0
1,0,0,25.6,0.0,81.23,8000.0,5,0,0,0,0
0,0,3,22.0,2.2,94.06,3000.0,4,0,0,1,0
1,0,3,22.0,2.2,94.06,3000.0,4,0,0,1,0
0,0,3,22.6,0.9,87.64,10000.0,4,0,1,1,1
1,0,3,22.6,0.9,87.64,10000.0,4,0,1,1,1
0,0,3,22.6,0.9,87.64,10000.0,4,0,1,1,1
1,0,3,22.6,0.9,87.64,10000.0,4,0,1,1,1
0,0,2,25.0,0.1,69.36,10000.0,4,0,0,1,0
1,0,2,25.0,0.1,69.36,10000.0,4,0,0,1,0
0,0,2,28.0,0.0,61.84,10000.0,4,0,0,0,0
1,0,2,28.0,0.0,61.84,10000.0,4,0,0,0,0
0,0,2,28.0,0.0,65.77,10000.0,4,0,0,0,0
1,0,2,28.0,0.0,65.77,10000.0,4,0,0,0,0
0,1,0,27.1,0.0,67.38,10000.0,4,0,1,0,0
1,0,0,27.1,0.0,67.38,10000.0,4,0,1,0,0
0,1,2,27.0,0.1,65.56,10000.0,4,0,1,1,1
1,1,2,27.0,0.1,65.56,10000.0,4,0,1,1,1
0,0,2,26.0,0.0,69.55,10000.0,4,0,0,0,0
1,0,2,26.0,0.0,69.55,10000.0,4,0,0,0,0
0,0,0,25.1,0.0,82.56,10000.0,4,0,0,0,0
1,0,0,25.1,0.0,82.56,10000.0,4,0,0,0,0
0,0,0,24.0,0.1,94.15,10000.0,3,0,0,1,0
1,0,0,24.0,0.1,94.15,10000.0,3,0,0,1,0
0,0,3,24.1,0.3,90.05,10000.0,3,0,1,1,1
1,0,3,24.1,0.3,90.05,10000.0,3,0,1,1,1
0,1,3,24.1,0.3,90.05,10000.0,3,0,1,1,1
1,1,3,24.1,0.3,90.05,10000.0,3,0,1,1,1
0,0,3,23.3,2.4,77.05,10000.0,3,0,0,1,0
1,0,3,23.3,2.4,77.05,10000.0,3,0,0,1,0
0,0,3,26.0,1.8,65.36,10000.0,3,0,0,1,0
1,0,3,26.0,1.8,65.36,10000.0,3,0,0,1,0
0,0,0,27.0,0.0,57.87,10000.0,3,0,0,0,0
1,0,0,27.0,0.0,57.87,10000.0,3,0,0,0,0
0,0,2,28.0,0.0,58.11,10000.0,3,0,1,0,0
1,0,2,28.0,0.0,58.11,10000.0,3,0,1,0,0
0,1,2,26.0,0.1,65.36,10000.0,3,0,1,1,1
1,1,2,26.0,0.1,65.36,10000.0,3,0,1,1,1
0,0,2,25.0,0.0,69.36,10000.0,3,0,0,0,0
1,0,2,25.0,0.0,69.36,10000.0,3,0,0,0,0
0,0,2,25.0,0.0,73.8,10000.0,3,0,0,0,0
1,0,2,25.0,0.0,73.8,10000.0,3,0,0,0,0
0,0,0,25.0,0.0,94.19,10000.0,2,0,0,0,0
1,0,0,25.0,0.0,94.19,10000.0,2,0,0,0,0
0,0,2,26.0,0.0,88.76,9000.0,2,0,1,0,0
1,1,2,26.0,0.0,88.76,9000.0,2,0,1,0,0
0,1,2,26.0,0.0,88.76,9000.0,2,0,1,0,0
1,1,2,26.0,0.0,88.76,9000.0,2,0,1,0,0
0,0,0,28.2,0.0,79.7,9000.0,2,0,0,0,0
1,0,0,28.2,0.0,79.7,9000.0,2,0,0,0,0
0,0,2,30.0,0.0,74.63,7000.0,2,0,0,0,0
1,0,2,30.0,0.0,74.63,7000.0,2,0,0,0,0
0,0,2,32.0,0.0,66.58,9000.0,2,0,0,0,0
1,0,2,32.0,0.0,66.58,9000.0,2,0,0,0,0
0,0,0,31.7,0.0,69.63,10000.0,2,0,1,0,0
1,0,0,31.7,0.0,69.63,10000.0,2,0,1,0,0
0,1,2,31.0,0.0,74.79,10000.0,2,0,1,0,0
1,1,2,31.0,0.0,74.79,10000.0,2,0,1,0,0
0,0,2,28.0,0.0,83.79,9000.0,2,0,0,0,0
1,0,2,28.0,0.0,83.79,9000.0,2,0,0,0,0
0,0,2,27.0,0.0,88.84,10000.0,2,0,0,0,0
1,0,2,27.0,0.0,88.84,10000.0,2,0,0,0,0
0,0,2,26.0,0.0,88.76,10000.0,1,0,0,0,0
1,0,2,26.0,0.0,88.76,10000.0,1,0,0,0,0
0,0,0,25.9,0.0,89.56,8000.0,1,0,1,0,0
1,1,0,25.9,0.0,89.56,8000.0,1,0,1,0,0
0,1,0,25.9,0.0,89.56,8000.0,1,0,1,0,0
1,1,0,25.9,0.0,89.56,8000.0,1,0,1,0,0
0,0,0,27.9,0.0,80.71,10000.0,1,0,0,0,0
1,0,0,27.9,0.0,80.71,10000.0,1,0,0,0,0
0,0,2,28.0,0.0,78.92,7000.0,1,0,0,0,0
1,0,2,28.0,0.0,78.92,7000.0,1,0,0,0,0
0,0,2,30.0,0.0,74.63,10000.0,1,0,0,0,0
1,0,2,30.0,0.0,74.63,10000.0,1,0,0,0,0
0,1,0,30.0,0.0,72.26,10000.0,1,0,1,0,0
1,0,0,30.0,0.0,72.26,10000.0,1,0,1,0,0
0,1,2,29.0,0.0,79.06,10000.0,1,0,1,0,0
1,0,2,29.0,0.0,79.06,10000.0,1,0,1,0,0
0,0,2,28.0,0.0,78.92,10000.0,1,0,0,0,0
1,0,2,28.0,0.0,78.92,10000.0,1,0,0,0,0
0,0,0,26.9,0.0,85.42,10000.0,1,0,0,0,0
1,0,0,26.9,0.0,85.42,10000.0,1,0,0,0,0
0,0,2,23.0,0.0,100.0,5000.0,0,0,0,0,0
1,0,2,23.0,0.0,100.0,5000.0,0,0,0,0,0
0,1,0,24.0,0.0,94.15,3000.0,0,0,1,0,0
1,1,0,24.0,0.0,94.15,3000.0,0,0,1,0,0
0,1,0,24.0,0.0,94.15,3000.0,0,0,1,0,0
1,1,0,24.0,0.0,94.15,3000.0,0,0,1,0,0
0,0,0,26.6,0.2,84.55,9000.0,0,0,0,1,0
1,0,0,26.6,0.2,84.55,9000.0,0,0,0,1,0
0,0,2,28.0,0.1,78.92,10000.0,0,0,0,1,0
1,0,2,28.0,0.1,78.92,10000.0,0,0,0,1,0
0,0,2,28.0,0.0,78.92,10000.0,0,0,0,0,0
1,0,2,28.0,0.0,78.92,10000.0,0,0,0,0,0
0,0,0,29.1,0.0,72.32,10000.0,0,0,1,0,0
1,0,0,29.1,0.0,72.32,10000.0,0,0,1,0,0
0,1,2,29.0,0.0,74.47,10000.0,0,0,1,0,0
1,1,2,29.0,0.0,74.47,10000.0,0,0,1,0,0
0,0,2,27.0,0.0,83.68,10000.0,0,0,0,0,0
1,0,2,27.0,0.0,83.68,10000.0,0,0,0,0,0
0,0,2,27.0,0.0,83.68,10000.0,0,0,0,0,0
1,0,2,27.0,0.0,83.68,10000.0,0,0,0,0,0
0,0,2,25.0,0.0,88.68,6000.0,6,0,0,0,0
1,0,2,25.0,0.0,88.68,6000.0,6,0,0,0,0
0,0,0,25.2,0.1,89.87,4000.0,6,0,1,1,1
1,0,0,25.2,0.1,89.87,4000.0,6,0,1,1,1
0,0,0,25.2,0.1,89.87,4000.0,6,0,1,1,1
1,0,0,25.2,0.1,89.87,4000.0,6,0,1,1,1
0,0,0,25.6,0.0,91.53,4000.0,6,0,0,0,0
1,0,0,25.6,0.0,91.53,4000.0,6,0,0,0,0
0,0,0,26.0,0.0,83.57,10000.0,6,0,0,0,0
1,0,0,26.0,0.0,83.57,10000.0,6,0,0,0,0
0,0,0,25.0,0.1,88.68,10000.0,6,0,0,1,0
1,0,0,25.0,0.1,88.68,10000.0,6,0,0,1,0
0,1,0,25.0,0.0,88.68,10000.0,6,0,1,0,0
1,0,0,25.0,0.0,88.68,10000.0,6,0,1,0,0
0,1,0,25.0,0.0,88.68,9000.0,6,0,1,0,0
1,1,0,25.0,0.0,88.68,9000.0,6,0,1,0,0
0,0,0,24.0,0.0,94.15,8000.0,6,0,0,0,0
1,0,0,24.0,0.0,94.15,8000.0,6,0,0,0,0
0,0,0,24.1,0.0,86.92,10000.0,6,0,0,0,0
1,0,0,24.1,0.0,86.92,10000.0,6,0,0,0,0
0,0,3,25.0,0.9,88.68,10000.0,5,0,0,1,0
1,0,3,25.0,0.9,88.68,10000.0,5,0,0,1,0
0,0,0,24.7,0.0,86.08,6000.0,5,0,1,0,0
1,0,0,24.7,0.0,86.08,6000.0,5,0,1,0,0
0,0,0,24.7,0.0,86.08,6000.0,5,0,1,0,0
1,0,0,24.7,0.0,86.08,6000.0,5,0,1,0,0
0,1,0,26.7,0.1,81.67,7000.0,5,0,0,1,0
1,0,0,26.7,0.1,81.67,7000.0,5,0,0,1,0
0,1,2,27.0,0.1,78.78,10000.0,5,0,0,1,0
1,0,2,27.0,0.1,78.78,10000.0,5,0,0,1,0
0,1,2,27.0,0.2,78.78,9000.0,5,0,0,1,0
1,0,2,27.0,0.2,78.78,9000.0,5,0,0,1,0
0,1,0,26.5,0.1,84.12,8000.0,5,0,1,1,1
1,1,0,26.5,0.1,84.12,8000.0,5,0,1,1,1
0,1,2,26.0,0.0,83.57,7000.0,5,0,1,0,0
1,1,2,26.0,0.0,83.57,7000.0,5,0,1,0,0
0,0,2,25.0,0.0,94.19,6000.0,5,0,0,0,0
1,0,2,25.0,0.0,94.19,6000.0,5,0,0,0,0
0,0,0,25.7,0.0,89.13,8000.0,5,0,0,0,0
1,0,0,25.7,0.0,89.13,8000.0,5,0,0,0,0
0,0,2,27.0,0.0,88.84,10000.0,4,0,0,0,0
1,0,2,27.0,0.0,88.84,10000.0,4,0,0,0,0
0,0,0,27.0,0.1,88.94,10000.0,4,0,1,1,1
1,0,0,27.0,0.1,88.94,10000.0,4,0,1,1,1
0,0,0,27.0,0.1,88.94,10000.0,4,0,1,1,1
1,0,0,27.0,0.1,88.94,10000.0,4,0,1,1,1
0,0,3,25.1,0.5,78.5,10000.0,4,0,0,1,0
1,0,3,25.1,0.5,78.5,10000.0,4,0,0,1,0
0,0,0,26.0,0.2,78.64,10000.0,4,0,0,1,0
1,0,0,26.0,0.2,78.64,10000.0,4,0,0,1,0
0,0,3,26.0,0.6,83.57,7000.0,4,0,0,1,0
1,0,3,26.0,0.6,83.57,7000.0,4,0,0,1,0
0,1,3,26.0,0.7,78.64,10000.0,4,0,1,1,1
1,0,3,26.0,0.7,78.64,10000.0,4,0,1,1,1
0,1,3,25.0,3.0,83.45,10000.0,4,0,1,1,1
1,1,3,25.0,3.0,83.45,10000.0,4,0,1,1,1
0,0,2,25.0,0.1,83.45,10000.0,4,0,0,1,0
1,0,2,25.0,0.1,83.45,10000.0,4,0,0,1,0
0,0,0,26.0,0.0,80.33,7000.0,4,0,0,0,0
1,0,0,26.0,0.0,80.33,7000.0,4,0,0,0,0
0,0,2,27.0,0.0,88.84,10000.0,3,0,0,0,0
1,0,2,27.0,0.0,88.84,10000.0,3,0,0,0,0
0,0,0,26.5,0.0,91.8,9000.0,3,0,1,0,0
1,0,0,26.5,0.0,91.8,9000.0,3,0,1,0,0
0,1,0,26.5,0.0,91.8,9000.0,3,0,1,0,0
1,1,0,26.5,0.0,91.8,9000.0,3,0,1,0,0
0,0,2,29.0,0.0,79.06,10000.0,3,0,0,0,0
1,0,2,29.0,0.0,79.06,10000.0,3,0,0,0,0
0,0,2,30.0,0.0,74.63,10000.0,3,0,0,0,0
1,0,2,30.0,0.0,74.63,10000.0,3,0,0,0,0
0,0,2,31.0,0.0,70.48,10000.0,3,0,0,0,0
1,0,2,31.0,0.0,70.48,10000.0,3,0,0,0,0
0,0,2,31.0,0.0,70.48,10000.0,3,0,1,0,0
1,0,2,31.0,0.0,70.48,10000.0,3,0,1,0,0
0,1,2,30.0,0.0,74.63,10000.0,3,0,1,0,0
1,1,2,30.0,0.0,74.63,10000.0,3,0,1,0,0
0,0,2,28.0,0.0,83.79,10000.0,3,0,0,0,0
1,0,2,28.0,0.0,83.79,10000.0,3,0,0,0,0
0,0,0,27.2,0.0,88.0,10000.0,3,0,0,0,0
1,0,0,27.2,0.0,88.0,10000.0,3,0,0,0,0
0,0,2,26.0,0.0,94.23,8000.0,2,0,0,0,0
1,0,2,26.0,0.0,94.23,8000.0,2,0,0,0,0
0,0,0,27.1,0.0,89.5,6000.0,2,0,1,0,0
1,1,0,27.1,0.0,89.5,6000.0,2,0,1,0,0
0,1,0,27.1,0.0,89.5,6000.0,2,0,1,0,0
1,1,0,27.1,0.0,89.5,6000.0,2,0,1,0,0
0,0,0,29.1,0.0,78.24,9000.0,2,0,0,0,0
1,0,0,29.1,0.0,78.24,9000.0,2,0,0,0,0
0,0,2,30.0,0.0,74.63,10000.0,2,0,0,0,0
1,0,2,30.0,0.0,74.63,10000.0,2,0,0,0,0
0,0,2,31.0,0.0,74.79,10000.0,2,0,0,0,0
1,0,2,31.0,0.0,74.79,10000.0,2,0,0,0,0
0,0,0,30.4,0.0,72.51,10000.0,2,0,1,0,0
1,0,0,30.4,0.0,72.51,10000.0,2,0,1,0,0
0,1,2,29.0,0.0,79.06,10000.0,2,0,1,0,0
1,1,2,29.0,0.0,79.06,10000.0,2,0,1,0,0
0,0,2,28.0,0.0,83.79,10000.0,2,0,0,0,0
1,0,2,28.0,0.0,83.79,10000.0,2,0,0,0,0
0,0,0,28.0,0.0,82.23,10000.0,2,0,0,0,0
1,0,0,28.0,0.0,82.23,10000.0,2,0,0,0,0
0,0,2,27.0,0.0,88.84,7000.0,1,0,0,0,0
1,0,2,27.0,0.0,88.84,7000.0,1,0,0,0,0
0,0,0,27.4,0.0,88.84,6000.0,1,0,1,0,0
1,1,0,27.4,0.0,88.84,6000.0,1,0,1,0,0
0,1,0,27.4,0.0,88.84,6000.0,1,0,1,0,0
1,1,0,27.4,0.0,88.84,6000.0,1,0,1,0,0
0,0,0,29.4,0.0,76.73,8000.0,1,0,0,0,0
1,0,0,29.4,0.0,76.73,8000.0,1,0,0,0,0
0,0,2,31.0,0.0,70.48,7000.0,1,0,0,0,0
1,0,2,31.0,0.0,70.48,7000.0,1,0,0,0,0
0,0,2,32.0,0.0,66.58,8000.0,1,0,0,0,0
1,0,2,32.0,0.0,66.58,8000.0,1,0,0,0,0
0,1,2,31.0,0.0,74.79,9000.0,1,0,1,0,0
1,0,2,31.0,0.0,74.79,9000.0,1,0,1,0,0
0,1,2,30.0,0.0,79.2,9000.0,1,0,1,0,0
1,0,2,30.0,0.0,79.2,9000.0,1,0,1,0,0
0,0,2,28.0,0.0,83.79,10000.0,1,0,0,0,0
1,0,2,28.0,0.0,83.79,10000.0,1,0,0,0,0
0,0,0,28.1,0.0,83.5,10000.0,1,0,0,0,0
1,0,0,28.1,0.0,83.5,10000.0,1,0,0,0,0
0,0,2,26.0,0.0,94.23,7000.0,0,0,0,0,0
1,0,2,26.0,0.0,94.23,7000.0,0,0,0,0,0
0,1,0,27.1,0.0,88.78,5000.0,0,0,1,0,0
1,1,0,27.1,0.0,88.78,5000.0,0,0,1,0,0
0,1,0,27.1,0.0,88.78,5000.0,0,0,1,0,0
1,1,0,27.1,0.0,88.78,5000.0,0,0,1,0,0
0,0,2,30.0,0.0,74.63,6000.0,0,0,0,0,0
1,0,2,30.0,0.0,74.63,6000.0,0,0,0,0,0
0,0,2,32.0,0.0,70.66,6000.0,0,0,0,0,0
1,0,2,32.0,0.0,70.66,6000.0,0,0,0,0,0
0,0,2,32.0,0.0,70.66,7000.0,0,0,0,0,0
1,0,2,32.0,0.0,70.66,7000.0,0,0,0,0,0
0,0,2,31.0,0.0,74.79,9000.0,0,0,1,0,0
1,0,2,31.0,0.0,74.79,9000.0,0,0,1,0,0
0,1,2,31.0,0.0,74.79,9000.0,0,0,1,0,0
1,1,2,31.0,0.0,74.79,9000.0,0,0,1,0,0
0,0,2,29.0,0.0,79.06,9000.0,0,0,0,0,0
1,0,2,29.0,0.0,79.06,9000.0,0,0,0,0,0
0,0,0,27.9,0.0,84.82,10000.0,0,0,0,0,0
1,0,0,27.9,0.0,84.82,10000.0,0,0,0,0,0
0,0,2,26.0,0.0,94.23,6000.0,6,0,0,0,0
1,0,2,26.0,0.0,94.23,6000.0,6,0,0,0,0
0,0,2,26.0,0.0,94.23,4000.0,6,0,1,0,0
1,0,2,26.0,0.0,94.23,4000.0,6,0,1,0,0
0,0,2,26.0,0.0,94.23,4000.0,6,0,1,0,0
1,0,2,26.0,0.0,94.23,4000.0,6,0,1,0,0
0,0,2,30.0,0.0,74.63,6000.0,6,0,0,0,0
1,0,2,30.0,0.0,74.63,6000.0,6,0,0,0,0
0,0,0,33.0,0.0,66.78,6000.0,6,0,0,0,0
1,0,0,33.0,0.0,66.78,6000.0,6,0,0,0,0
0,0,2,34.0,0.0,63.14,7000.0,6,0,0,0,0
1,0,2,34.0,0.0,63.14,7000.0,6,0,0,0,0
0,1,0,34.4,0.0,63.41,8000.0,6,0,1,0,0
1,0,0,34.4,0.0,63.41,8000.0,6,0,1,0,0
0,1,2,32.0,0.0,74.95,9000.0,6,0,1,0,0
1,1,2,32.0,0.0,74.95,9000.0,6,0,1,0,0
0,0,2,28.0,0.0,83.79,9000.0,6,0,0,0,0
1,0,2,28.0,0.0,83.79,9000.0,6,0,0,0,0
0,0,0,27.9,0.0,81.95,8000.0,6,0,0,0,0
1,0,0,27.9,0.0,81.95,8000.0,6,0,0,0,0
0,0,2,26.0,0.0,94.23,6000.0,5,0,0,0,0
1,0,2,26.0,0.0,94.23,6000.0,5,0,0,0,0
0,0,2,27.0,0.0,88.84,3000.0,5,0,1,0,0
1,0,2,27.0,0.0,88.84,3000.0,5,0,1,0,0
0,0,2,27.0,0.0,88.84,3000.0,5,0,1,0,0
1,0,2,27.0,0.0,88.84,3000.0,5,0,1,0,0
0,1,0,29.3,0.0,80.31,4000.0,5,0,0,0,0
1,0,0,29.3,0.0,80.31,4000.0,5,0,0,0,0
0,1,2,32.0,0.0,70.66,5000.0,5,0,0,0,0
1,0,2,32.0,0.0,70.66,5000.0,5,0,0,0,0
0,1,2,34.0,0.0,63.14,6000.0,5,0,0,0,0
1,0,2,34.0,0.0,63.14,6000.0,5,0,0,0,0
0,1,2,34.0,0.0,63.14,6000.0,5,0,1,0,0
1,1,2,34.0,0.0,63.14,6000.0,5,0,1,0,0
0,1,2,33.0,0.0,62.93,6000.0,5,0,1,0,0
1,1,2,33.0,0.0,62.93,6000.0,5,0,1,0,0
0,0,2,28.0,0.0,83.79,8000.0,5,0,0,0,0
1,0,2,28.0,0.0,83.79,8000.0,5,0,0,0,0
0,0,2,27.0,0.0,88.84,8000.0,5,0,0,0,0
1,0,2,27.0,0.0,88.84,8000.0,5,0,0,0,0
0,0,2,27.0,0.0,88.84,8000.0,4,0,0,0,0
1,0,2,27.0,0.0,88.84,8000.0,4,0,0,0,0
0,0,0,26.4,0.0,89.2,5000.0,4,0,1,0,0
1,0,0,26.4,0.0,89.2,5000.0,4,0,1,0,0
0,0,0,26.4,0.0,89.2,5000.0,4,0,1,0,0
1,0,0,26.4,0.0,89.2,5000.0,4,0,1,0,0
0,0,0,29.0,0.0,80.93,5000.0,4,0,0,0,0
1,0,0,29.0,0.0,80.93,5000.0,4,0,0,0,0
0,0,2,31.0,0.0,70.48,6000.0,4,0,0,0,0
1,0,2,31.0,0.0,70.48,6000.0,4,0,0,0,0
0,0,2,33.0,0.0,66.78,8000.0,4,0,0,0,0
1,0,2,33.0,0.0,66.78,8000.0,4,0,0,0,0
0,1,0,33.4,0.0,64.82,9000.0,4,0,1,0,0
1,0,0,33.4,0.0,64.82,9000.0,4,0,1,0,0
0,1,2,32.0,0.0,70.66,9000.0,4,0,1,0,0
1,1,2,32.0,0.0,70.66,9000.0,4,0,1,0,0
0,0,2,28.0,0.0,83.79,10000.0,4,0,0,0,0
1,0,2,28.0,0.0,83.79,10000.0,4,0,0,0,0
0,0,2,27.0,0.0,88.84,9000.0,4,0,0,0,0
1,0,2,27.0,0.0,88.84,9000.0,4,0,0,0,0
0,0,2,27.0,0.0,88.84,7000.0,3,0,0,0,0
1,0,2,27.0,0.0,88.84,7000.0,3,0,0,0,0
0,0,0,26.7,0.0,89.8,5000.0,3,0,1,0,0
1,0,0,26.7,0.0,89.8,5000.0,3,0,1,0,0
0,1,0,26.7,0.0,89.8,5000.0,3,0,1,0,0
1,1,0,26.7,0.0,89.8,5000.0,3,0,1,0,0
0,0,2,29.0,0.0,83.9,6000.0,3,0,0,0,0
1,0,2,29.0,0.0,83.9,6000.0,3,0,0,0,0
0,0,2,32.0,0.0,70.66,6000.0,3,0,0,0,0
1,0,2,32.0,0.0,70.66,6000.0,3,0,0,0,0
0,0,2,33.0,0.0,66.78,7000.0,3,0,0,0,0
1,0,2,33.0,0.0,66.78,7000.0,3,0,0,0,0
1,0,0,33.0,0.0,66.78,9000.0,3,0,1,0,0
0,1,2,32.0,0.0,70.66,10000.0,3,0,1,0,0
1,1,2,32.0,0.0,70.66,10000.0,3,0,1,0,0
0,0,0,29.0,0.0,79.06,10000.0,3,0,0,0,0
1,0,0,29.0,0.0,79.06,10000.0,3,0,0,0,0
0,0,2,27.0,0.0,88.84,6000.0,3,0,0,0,0
1,0,2,27.0,0.0,88.84,6000.0,3,0,0,0,0
0,0,2,26.0,0.0,88.76,7000.0,2,0,0,0,0
1,0,2,26.0,0.0,88.76,7000.0,2,0,0,0,0
0,0,0,26.7,0.0,89.64,6000.0,2,0,1,0,0
1,1,0,26.7,0.0,89.64,6000.0,2,0,1,0,0
0,1,0,26.7,0.0,89.64,6000.0,2,0,1,0,0
1,1,0,26.7,0.0,89.64,6000.0,2,0,1,0,0
0,0,2,29.0,0.0,79.06,6000.0,2,0,0,0,0
1,0,2,29.0,0.0,79.06,6000.0,2,0,0,0,0
0,0,2,32.0,0.0,70.66,9000.0,2,0,0,0,0
1,0,2,32.0,0.0,70.66,9000.0,2,0,0,0,0
0,0,2,33.0,0.0,66.78,10000.0,2,0,0,0,0
1,0,2,33.0,0.0,66.78,10000.0,2,0,0,0,0
0,0,0,33.0,0.0,66.78,10000.0,2,0,1,0,0
1,0,0,33.0,0.0,66.78,10000.0,2,0,1,0,0
0,1,0,32.0,0.0,74.95,10000.0,2,0,1,0,0
1,1,0,32.0,0.0,74.95,10000.0,2,0,1,0,0
0,0,0,28.0,0.0,83.79,10000.0,2,0,0,0,0
1,0,0,28.0,0.0,83.79,10000.0,2,0,0,0,0
0,0,0,27.3,0.0,88.56,8000.0,2,0,0,0,0
1,0,0,27.3,0.0,88.56,8000.0,2,0,0,0,0
0,0,2,26.0,0.0,88.76,6000.0,1,0,0,0,0
1,0,2,26.0,0.0,88.76,6000.0,1,0,0,0,0
0,0,0,26.1,0.0,93.08,4000.0,1,0,1,0,0
1,1,0,26.1,0.0,93.08,4000.0,1,0,1,0,0
0,1,0,26.1,0.0,93.08,4000.0,1,0,1,0,0
1,1,0,26.1,0.0,93.08,4000.0,1,0,1,0,0
0,0,0,29.9,0.0,80.25,7000.0,1,0,0,0,0
1,0,0,29.9,0.0,80.25,7000.0,1,0,0,0,0
0,0,2,32.0,0.0,70.66,7000.0,1,0,0,0,0
1,0,2,32.0,0.0,70.66,7000.0,1,0,0,0,0
0,0,2,34.0,0.0,63.14,7000.0,1,0,0,0,0
1,0,2,34.0,0.0,63.14,7000.0,1,0,0,0,0
0,1,0,34.1,0.0,65.47,7000.0,1,0,1,0,0
1,0,0,34.1,0.0,65.47,7000.0,1,0,1,0,0
0,1,2,33.0,0.0,66.78,8000.0,1,0,1,0,0
1,0,2,33.0,0.0,66.78,8000.0,1,0,1,0,0
0,0,2,29.0,0.0,79.06,8000.0,1,0,0,0,0
1,0,2,29.0,0.0,79.06,8000.0,1,0,0,0,0
0,0,0,27.6,0.0,82.9,10000.0,1,0,0,0,0
1,0,0,27.6,0.0,82.9,10000.0,1,0,0,0,0
0,0,2,26.0,0.0,88.76,5000.0,0,0,0,0,0
1,0,2,26.0,0.0,88.76,5000.0,0,0,0,0,0
0,1,0,26.2,0.0,94.08,3000.0,0,0,1,0,0
1,1,0,26.2,0.0,94.08,3000.0,0,0,1,0,0
0,1,0,26.2,0.0,94.08,3000.0,0,0,1,0,0
1,1,0,26.2,0.0,94.08,3000.0,0,0,1,0,0
0,0,0,29.0,0.0,81.04,4000.0,0,0,0,0,0
1,0,0,29.0,0.0,81.04,4000.0,0,0,0,0,0
0,0,2,31.0,0.0,70.48,4000.0,0,0,0,0,0
1,0,2,31.0,0.0,70.48,4000.0,0,0,0,0,0
0,0,2,33.0,0.0,66.78,5000.0,0,0,0,0,0
1,0,2,33.0,0.0,66.78,5000.0,0,0,0,0,0
0,0,0,33.9,0.0,63.71,5000.0,0,0,1,0,0
1,0,0,33.9,0.0,63.71,5000.0,0,0,1,0,0
0,1,2,32.0,0.0,70.66,5000.0,0,0,1,0,0
1,1,2,32.0,0.0,70.66,5000.0,0,0,1,0,0
0,0,2,29.0,0.0,88.99,6000.0,0,0,0,0,0
1,0,2,29.0,0.0,88.99,6000.0,0,0,0,0,0
0,0,0,28.3,0.0,85.21,6000.0,0,0,0,0,0
1,0,0,28.3,0.0,85.21,6000.0,0,0,0,0,0
0,0,2,25.0,0.0,78.5,10000.0,6,0,0,0,0
1,0,2,25.0,0.0,78.5,10000.0,6,0,0,0,0
0,0,0,25.0,0.0,91.55,5000.0,6,0,1,0,0
1,0,0,25.0,0.0,91.55,5000.0,6,0,1,0,0
0,0,0,25.0,0.0,91.55,5000.0,6,0,1,0,0
1,0,0,25.0,0.0,91.55,5000.0,6,0,1,0,0
0,0,0,25.9,0.0,90.22,5000.0,6,0,0,0,0
1,0,0,25.9,0.0,90.22,5000.0,6,0,0,0,0
0,0,2,28.0,0.0,78.92,5000.0,6,0,0,0,0
1,0,2,28.0,0.0,78.92,5000.0,6,0,0,0,0
0,0,2,30.0,0.0,74.63,5000.0,6,0,0,0,0
1,0,2,30.0,0.0,74.63,5000.0,6,0,0,0,0
0,1,0,30.9,0.0,71.66,6000.0,6,0,1,0,0
1,0,0,30.9,0.0,71.66,6000.0,6,0,1,0,0
0,1,2,30.0,0.0,74.63,6000.0,6,0,1,0,0
1,1,2,30.0,0.0,74.63,6000.0,6,0,1,0,0
0,0,2,27.0,0.0,88.84,5000.0,6,0,0,0,0
1,0,2,27.0,0.0,88.84,5000.0,6,0,0,0,0
0,0,0,26.4,0.0,90.47,5000.0,6,0,0,0,0
1,0,0,26.4,0.0,90.47,5000.0,6,0,0,0,0
0,0,2,25.0,0.0,88.68,6000.0,5,0,0,0,0
1,0,2,25.0,0.0,88.68,6000.0,5,0,0,0,0
0,0,2,26.0,0.0,83.57,5000.0,5,0,1,0,0
1,0,2,26.0,0.0,83.57,5000.0,5,0,1,0,0
0,0,2,26.0,0.0,83.57,5000.0,5,0,1,0,0
1,0,2,26.0,0.0,83.57,5000.0,5,0,1,0,0
0,1,0,26.8,0.1,72.52,10000.0,5,0,0,1,0
1,0,0,26.8,0.1,72.52,10000.0,5,0,0,1,0
0,1,0,29.0,0.0,62.06,10000.0,5,0,0,0,0
1,0,0,29.0,0.0,62.06,10000.0,5,0,0,0,0
0,1,2,30.0,0.0,66.18,10000.0,5,0,0,0,0
1,0,2,30.0,0.0,66.18,10000.0,5,0,0,0,0
0,1,0,30.0,0.0,66.18,10000.0,5,0,1,0,0
1,1,0,30.0,0.0,66.18,10000.0,5,0,1,0,0
0,1,2,29.0,0.0,70.11,10000.0,5,0,1,0,0
1,1,2,29.0,0.0,70.11,10000.0,5,0,1,0,0
0,0,2,27.0,0.0,78.78,10000.0,5,0,0,0,0
1,0,2,27.0,0.0,78.78,10000.0,5,0,0,0,0
0,0,0,25.9,0.0,72.05,10000.0,5,0,0,0,0
1,0,0,25.9,0.0,72.05,10000.0,5,0,0,0,0
0,0,2,25.0,0.0,94.19,5000.0,4,0,0,0,0
1,0,2,25.0,0.0,94.19,5000.0,4,0,0,0,0
0,0,0,25.4,0.0,92.57,3000.0,4,0,1,0,0
1,0,0,25.4,0.0,92.57,3000.0,4,0,1,0,0
0,0,0,25.4,0.0,92.57,3000.0,4,0,1,0,0
1,0,0,25.4,0.0,92.57,3000.0,4,0,1,0,0
0,0,0,27.8,0.0,78.92,5000.0,4,0,0,0,0
1,0,0,27.8,0.0,78.92,5000.0,4,0,0,0,0
0,0,2,29.0,0.0,74.47,6000.0,4,0,0,0,0
1,0,2,29.0,0.0,74.47,6000.0,4,0,0,0,0
0,0,2,30.0,0.0,70.29,7000.0,4,0,0,0,0
1,0,2,30.0,0.0,70.29,7000.0,4,0,0,0,0
0,1,2,30.0,0.0,70.29,7000.0,4,0,1,0,0
1,0,2,30.0,0.0,70.29,7000.0,4,0,1,0,0
0,1,2,29.0,0.0,74.47,6000.0,4,0,1,0,0
1,1,2,29.0,0.0,74.47,6000.0,4,0,1,0,0
0,0,2,27.0,0.0,88.84,8000.0,4,0,0,0,0
1,0,2,27.0,0.0,88.84,8000.0,4,0,0,0,0
0,0,0,26.6,0.0,88.78,9000.0,4,0,0,0,0
1,0,0,26.6,0.0,88.78,9000.0,4,0,0,0,0
0,0,2,23.0,0.0,88.52,6000.0,3,0,0,0,0
1,0,2,23.0,0.0,88.52,6000.0,3,0,0,0,0
0,0,0,22.9,0.0,94.62,3000.0,3,0,1,0,0
1,0,0,22.9,0.0,94.62,3000.0,3,0,1,0,0
0,1,0,22.9,0.0,94.62,3000.0,3,0,1,0,0
1,1,0,22.9,0.0,94.62,3000.0,3,0,1,0,0
0,0,0,24.1,0.2,90.59,3000.0,3,0,0,1,0
1,0,0,24.1,0.2,90.59,3000.0,3,0,0,1,0
0,0,2,26.0,0.1,83.57,7000.0,3,0,0,1,0
1,0,2,26.0,0.1,83.57,7000.0,3,0,0,1,0
0,0,2,28.0,0.0,69.92,10000.0,3,0,0,0,0
1,0,2,28.0,0.0,69.92,10000.0,3,0,0,0,0
0,0,0,28.0,0.0,76.14,6000.0,3,0,1,0,0
1,0,0,28.0,0.0,76.14,6000.0,3,0,1,0,0
0,1,2,26.0,0.0,83.57,5000.0,3,0,1,0,0
1,1,2,26.0,0.0,83.57,5000.0,3,0,1,0,0
0,0,2,26.0,0.0,83.57,7000.0,3,0,0,0,0
1,0,2,26.0,0.0,83.57,7000.0,3,0,0,0,0
0,0,0,25.4,0.0,89.39,6000.0,3,0,0,0,0
1,0,0,25.4,0.0,89.39,6000.0,3,0,0,0,0
0,0,2,25.0,0.0,65.15,10000.0,2,0,0,0,0
1,0,2,25.0,0.0,65.15,10000.0,2,0,0,0,0
0,0,2,23.0,0.0,78.21,10000.0,2,0,1,0,0
1,1,2,23.0,0.0,78.21,10000.0,2,0,1,0,0
0,1,2,23.0,0.0,78.21,10000.0,2,0,1,0,0
1,1,2,23.0,0.0,78.21,10000.0,2,0,1,0,0
0,0,0,25.0,0.0,69.36,10000.0,2,0,0,0,0
1,0,0,25.0,0.0,69.36,10000.0,2,0,0,0,0
0,0,0,26.0,0.0,57.63,10000.0,2,0,0,0,0
1,0,0,26.0,0.0,57.63,10000.0,2,0,0,0,0
0,0,0,27.0,0.0,61.61,10000.0,2,0,0,0,0
1,0,0,27.0,0.0,61.61,10000.0,2,0,0,0,0
0,0,2,27.0,0.0,61.61,10000.0,2,0,1,0,0
1,0,2,27.0,0.0,61.61,10000.0,2,0,1,0,0
0,1,2,27.0,0.0,61.61,10000.0,2,0,1,0,0
1,1,2,27.0,0.0,61.61,10000.0,2,0,1,0,0
0,0,2,26.0,0.0,69.55,10000.0,2,0,0,0,0
1,0,2,26.0,0.0,69.55,10000.0,2,0,0,0,0
0,0,2,25.0,0.0,73.8,10000.0,2,0,0,0,0
1,0,2,25.0,0.0,73.8,10000.0,2,0,0,0,0
0,0,2,25.0,0.0,94.19,8000.0,1,0,0,0,0
1,0,2,25.0,0.0,94.19,8000.0,1,0,0,0,0
0,0,2,25.0,0.0,94.19,6000.0,1,0,1,0,0
1,1,2,25.0,0.0,94.19,6000.0,1,0,1,0,0
0,1,2,25.0,0.0,94.19,6000.0,1,0,1,0,0
1,1,2,25.0,0.0,94.19,6000.0,1,0,1,0,0
0,0,2,27.0,0.0,83.68,5000.0,1,0,0,0,0
1,0,2,27.0,0.0,83.68,5000.0,1,0,0,0,0
0,0,2,29.0,0.0,74.47,6000.0,1,0,0,0,0
1,0,2,29.0,0.0,74.47,6000.0,1,0,0,0,0
0,0,2,31.0,0.0,70.48,7000.0,1,0,0,0,0
1,0,2,31.0,0.0,70.48,7000.0,1,0,0,0,0
0,1,3,31.0,1.5,66.38,8000.0,1,0,1,1,1
1,0,3,31.0,1.5,66.38,8000.0,1,0,1,1,1
0,1,3,30.0,1.6,74.63,8000.0,1,0,1,1,1
1,0,3,30.0,1.6,74.63,8000.0,1,0,1,1,1
0,0,2,28.0,0.1,83.79,7000.0,1,0,0,1,0
1,0,2,28.0,0.1,83.79,7000.0,1,0,0,1,0
0,0,3,27.0,0.9,83.68,8000.0,1,0,0,1,0
1,0,3,27.0,0.9,83.68,8000.0,1,0,0,1,0
0,0,2,25.0,0.0,88.68,9000.0,0,0,0,0,0
1,0,2,25.0,0.0,88.68,9000.0,0,0,0,0,0
0,1,2,23.0,0.0,88.52,9000.0,0,0,1,0,0
1,1,2,23.0,0.0,88.52,9000.0,0,0,1,0,0
0,1,2,23.0,0.0,88.52,9000.0,0,0,1,0,0
1,1,2,23.0,0.0,88.52,9000.0,0,0,1,0,0
0,0,2,27.0,0.0,83.68,5000.0,0,0,0,0,0
1,0,2,27.0,0.0,83.68,5000.0,0,0,0,0,0
0,0,2,29.0,0.0,79.06,8000.0,0,0,0,0,0
1,0,2,29.0,0.0,79.06,8000.0,0,0,0,0,0
0,0,2,31.0,0.0,70.48,8000.0,0,0,0,0,0
1,0,2,31.0,0.0,70.48,8000.0,0,0,0,0,0
0,0,2,30.0,0.0,74.63,8000.0,0,0,1,0,0
1,0,2,30.0,0.0,74.63,8000.0,0,0,1,0,0
0,1,2,29.0,0.0,79.06,8000.0,0,0,1,0,0
1,1,2,29.0,0.0,79.06,8000.0,0,0,1,0,0
0,0,2,27.0,0.0,83.68,7000.0,0,0,0,0,0
1,0,2,27.0,0.0,83.68,7000.0,0,0,0,0,0
0,0,2,26.0,0.0,88.76,8000.0,0,0,0,0,0
1,0,2,26.0,0.0,88.76,8000.0,0,0,0,0,0
0,0,2,25.0,0.0,88.68,6000.0,6,0,0,0,0
1,0,2,25.0,0.0,88.68,6000.0,6,0,0,0,0
0,0,2,24.0,0.1,100.0,2000.0,6,0,1,1,1
1,0,2,24.0,0.1,100.0,2000.0,6,0,1,1,1
0,0,2,24.0,0.1,100.0,2000.0,6,0,1,1,1
1,0,2,24.0,0.1,100.0,2000.0,6,0,1,1,1
0,0,3,24.0,0.4,100.0,5000.0,6,0,0,1,0
1,0,3,24.0,0.4,100.0,5000.0,6,0,0,1,0
0,0,0,29.0,0.0,70.11,10000.0,6,0,0,0,0
1,0,0,29.0,0.0,70.11,10000.0,6,0,0,0,0
0,0,2,29.0,0.0,74.47,10000.0,6,0,0,0,0
1,0,2,29.0,0.0,74.47,10000.0,6,0,0,0,0
0,1,2,28.0,0.0,78.92,10000.0,6,0,1,0,0
1,0,2,28.0,0.0,78.92,10000.0,6,0,1,0,0
0,1,2,27.0,0.0,83.68,10000.0,6,0,1,0,0
1,1,2,27.0,0.0,83.68,10000.0,6,0,1,0,0
0,0,2,26.0,0.0,88.76,10000.0,6,0,0,0,0
1,0,2,26.0,0.0,88.76,10000.0,6,0,0,0,0
0,0,2,26.0,0.0,88.76,10000.0,6,0,0,0,0
1,0,2,26.0,0.0,88.76,10000.0,6,0,0,0,0
0,0,2,25.0,0.0,83.45,10000.0,5,0,0,0,0
1,0,2,25.0,0.0,83.45,10000.0,5,0,0,0,0
0,0,2,25.0,0.0,88.68,5000.0,5,0,1,0,0
1,0,2,25.0,0.0,88.68,5000.0,5,0,1,0,0
0,0,2,25.0,0.0,88.68,5000.0,5,0,1,0,0
1,0,2,25.0,0.0,88.68,5000.0,5,0,1,0,0
0,1,2,26.0,0.1,83.57,10000.0,5,0,0,1,0
1,0,2,26.0,0.1,83.57,10000.0,5,0,0,1,0
0,1,2,27.0,0.1,83.68,10000.0,5,0,0,1,0
1,0,2,27.0,0.1,83.68,10000.0,5,0,0,1,0
0,1,2,27.0,0.1,83.68,8000.0,5,0,0,1,0
1,0,2,27.0,0.1,83.68,8000.0,5,0,0,1,0
0,1,2,27.0,0.0,78.78,10000.0,5,0,1,0,0
1,1,2,27.0,0.0,78.78,10000.0,5,0,1,0,0
0,1,2,27.0,0.0,78.78,10000.0,5,0,1,0,0
1,1,2,27.0,0.0,78.78,10000.0,5,0,1,0,0
0,0,2,26.0,0.0,83.57,10000.0,5,0,0,0,0
1,0,2,26.0,0.0,83.57,10000.0,5,0,0,0,0
0,0,2,26.0,0.0,88.76,9000.0,5,0,0,0,0
1,0,2,26.0,0.0,88.76,9000.0,5,0,0,0,0
0,0,1,24.0,0.0,94.15,3000.0,4,0,0,0,0
1,0,1,24.0,0.0,94.15,3000.0,4,0,0,0,0
0,0,1,24.0,0.1,94.15,5000.0,4,0,1,1,1
1,0,1,24.0,0.1,94.15,5000.0,4,0,1,1,1
0,0,1,24.0,0.1,94.15,5000.0,4,0,1,1,1
1,0,1,24.0,0.1,94.15,5000.0,4,0,1,1,1
0,0,2,25.0,0.2,94.19,5000.0,4,0,0,1,0
1,0,2,25.0,0.2,94.19,5000.0,4,0,0,1,0
0,0,2,27.0,0.1,83.68,10000.0,4,0,0,1,0
1,0,2,27.0,0.1,83.68,10000.0,4,0,0,1,0
0,0,2,27.0,0.0,83.68,10000.0,4,0,0,0,0
1,0,2,27.0,0.0,83.68,10000.0,4,0,0,0,0
0,1,2,27.0,0.0,83.68,10000.0,4,0,1,0,0
1,0,2,27.0,0.0,83.68,10000.0,4,0,1,0,0
0,1,2,26.0,0.0,83.57,10000.0,4,0,1,0,0
1,1,2,26.0,0.0,83.57,10000.0,4,0,1,0,0
0,0,2,26.0,0.0,83.57,10000.0,4,0,0,0,0
1,0,2,26.0,0.0,83.57,10000.0,4,0,0,0,0
0,0,2,25.0,0.0,88.68,10000.0,4,0,0,0,0
1,0,2,25.0,0.0,88.68,10000.0,4,0,0,0,0
0,0,2,24.0,0.0,88.6,9000.0,3,0,0,0,0
1,0,2,24.0,0.0,88.6,9000.0,3,0,0,0,0
0,0,2,24.0,0.0,94.15,4000.0,3,0,1,0,0
1,0,2,24.0,0.0,94.15,4000.0,3,0,1,0,0
0,1,2,24.0,0.0,94.15,4000.0,3,0,1,0,0
1,1,2,24.0,0.0,94.15,4000.0,3,0,1,0,0
0,0,0,27.2,0.0,81.69,9800.0,3,0,0,0,0
1,0,0,27.2,0.0,81.69,9800.0,3,0,0,0,0
0,0,2,29.0,0.0,74.47,10000.0,3,0,0,0,0
1,0,2,29.0,0.0,74.47,10000.0,3,0,0,0,0
0,0,2,29.0,0.0,74.47,8000.0,3,0,0,0,0
1,0,2,29.0,0.0,74.47,8000.0,3,0,0,0,0
0,0,2,28.0,0.0,74.3,9000.0,3,0,1,0,0
1,0,2,28.0,0.0,74.3,9000.0,3,0,1,0,0
0,1,2,28.0,0.0,74.3,10000.0,3,0,1,0,0
1,1,2,28.0,0.0,74.3,10000.0,3,0,1,0,0
0,0,2,27.0,0.0,74.14,10000.0,3,0,0,0,0
1,0,2,27.0,0.0,74.14,10000.0,3,0,0,0,0
0,0,2,26.0,0.0,78.64,10000.0,3,0,0,0,0
1,0,2,26.0,0.0,78.64,10000.0,3,0,0,0,0
0,0,2,23.0,0.0,100.0,4000.0,2,0,0,0,0
1,0,2,23.0,0.0,100.0,4000.0,2,0,0,0,0
0,0,0,23.9,0.1,93.17,9100.0,2,0,1,1,1
1,1,0,23.9,0.1,93.17,9100.0,2,0,1,1,1
0,1,0,23.9,0.1,93.17,9100.0,2,0,1,1,1
1,1,0,23.9,0.1,93.17,9100.0,2,0,1,1,1
0,0,2,26.0,0.1,83.57,10000.0,2,0,0,1,0
1,0,2,26.0,0.1,83.57,10000.0,2,0,0,1,0
0,0,2,27.0,0.0,74.14,10000.0,2,0,0,0,0
1,0,2,27.0,0.0,74.14,10000.0,2,0,0,0,0
0,0,2,28.0,0.0,69.92,10000.0,2,0,0,0,0
1,0,2,28.0,0.0,69.92,10000.0,2,0,0,0,0
0,0,0,27.4,0.0,70.36,10400.0,2,0,1,0,0
1,0,0,27.4,0.0,70.36,10400.0,2,0,1,0,0
0,1,2,28.0,0.0,65.77,10000.0,2,0,1,0,0
1,1,2,28.0,0.0,65.77,10000.0,2,0,1,0,0
0,0,2,26.0,0.0,73.97,10000.0,2,0,0,0,0
1,0,2,26.0,0.0,73.97,10000.0,2,0,0,0,0
0,0,0,25.2,0.0,80.32,10200.0,2,0,0,0,0
1,0,0,25.2,0.0,80.32,10200.0,2,0,0,0,0
0,0,2,23.0,0.0,94.11,8000.0,1,0,0,0,0
1,0,2,23.0,0.0,94.11,8000.0,1,0,0,0,0
0,0,0,23.7,0.1,92.34,9000.0,1,0,1,1,1
1,1,0,23.7,0.1,92.34,9000.0,1,0,1,1,1
0,1,0,23.7,0.1,92.34,9000.0,1,0,1,1,1
1,1,0,23.7,0.1,92.34,9000.0,1,0,1,1,1
0,0,0,26.2,0.1,81.88,10400.0,1,0,0,1,0
1,0,0,26.2,0.1,81.88,10400.0,1,0,0,1,0
0,0,2,28.0,0.1,74.3,10000.0,1,0,0,1,0
1,0,2,28.0,0.1,74.3,10000.0,1,0,0,1,0
0,0,2,30.0,0.1,66.18,10000.0,1,0,0,1,0
1,0,2,30.0,0.1,66.18,10000.0,1,0,0,1,0
0,1,0,28.4,0.1,71.45,10400.0,1,0,1,1,1
1,0,0,28.4,0.1,71.45,10400.0,1,0,1,1,1
0,1,2,28.0,0.0,74.3,10000.0,1,0,1,0,0
1,0,2,28.0,0.0,74.3,10000.0,1,0,1,0,0
0,0,2,26.0,0.0,83.57,10000.0,1,0,0,0,0
1,0,2,26.0,0.0,83.57,10000.0,1,0,0,0,0
0,0,0,24.6,0.0,88.57,10200.0,1,0,0,0,0
1,0,0,24.6,0.0,88.57,10200.0,1,0,0,0,0
0,0,2,23.0,0.0,94.11,3000.0,0,0,0,0,0
1,0,2,23.0,0.0,94.11,3000.0,0,0,0,0,0
0,1,2,23.0,0.1,94.11,3000.0,0,0,1,1,1
1,1,2,23.0,0.1,94.11,3000.0,0,0,1,1,1
0,1,2,23.0,0.1,94.11,3000.0,0,0,1,1,1
1,1,2,23.0,0.1,94.11,3000.0,0,0,1,1,1
0,0,2,25.0,0.2,83.45,10000.0,0,0,0,1,0
1,0,2,25.0,0.2,83.45,10000.0,0,0,0,1,0
0,0,2,26.0,0.1,83.57,10000.0,0,0,0,1,0
1,0,2,26.0,0.1,83.57,10000.0,0,0,0,1,0
0,0,2,27.0,0.0,74.14,10000.0,0,0,0,0,0
1,0,2,27.0,0.0,74.14,10000.0,0,0,0,0,0
0,0,0,26.7,0.0,77.3,10400.0,0,0,1,0,0
1,0,0,26.7,0.0,77.3,10400.0,0,0,1,0,0
0,1,2,26.0,0.0,78.64,10000.0,0,0,1,0,0
1,1,2,26.0,0.0,78.64,10000.0,0,0,1,0,0
0,0,2,24.0,0.0,88.6,10000.0,0,0,0,0,0
1,0,2,24.0,0.0,88.6,10000.0,0,0,0,0,0
0,0,2,24.0,0.0,88.6,10000.0,0,0,0,0,0
1,0,2,24.0,0.0,88.6,10000.0,0,0,0,0,0
0,0,2,22.0,0.0,94.06,4000.0,6,0,0,0,0
1,0,2,22.0,0.0,94.06,4000.0,6,0,0,0,0
0,0,0,23.0,0.0,93.22,8600.0,6,0,1,0,0
1,0,0,23.0,0.0,93.22,8600.0,6,0,1,0,0
0,0,0,23.0,0.0,93.22,8600.0,6,0,1,0,0
1,0,0,23.0,0.0,93.22,8600.0,6,0,1,0,0
0,0,0,26.7,0.1,78.09,10200.0,6,0,0,1,0
1,0,0,26.7,0.1,78.09,10200.0,6,0,0,1,0
0,0,2,29.0,0.1,62.06,10000.0,6,0,0,1,0
1,0,2,29.0,0.1,62.06,10000.0,6,0,0,1,0
0,0,0,29.0,0.0,62.06,10000.0,6,0,0,0,0
1,0,0,29.0,0.0,62.06,10000.0,6,0,0,0,0
0,1,2,28.0,0.0,65.77,10000.0,6,0,1,0,0
1,0,2,28.0,0.0,65.77,10000.0,6,0,1,0,0
0,1,2,27.0,0.0,69.74,10000.0,6,0,1,0,0
1,1,2,27.0,0.0,69.74,10000.0,6,0,1,0,0
0,0,2,25.0,0.0,83.45,10000.0,6,0,0,0,0
1,0,2,25.0,0.0,83.45,10000.0,6,0,0,0,0
0,0,2,24.0,0.0,88.6,10000.0,6,0,0,0,0
1,0,2,24.0,0.0,88.6,10000.0,6,0,0,0,0
0,0,2,23.0,0.0,94.11,8000.0,5,0,0,0,0
1,0,2,23.0,0.0,94.11,8000.0,5,0,0,0,0
0,0,0,23.2,0.0,88.63,9500.0,5,0,1,0,0
1,0,0,23.2,0.0,88.63,9500.0,5,0,1,0,0
0,0,0,23.2,0.0,88.63,9500.0,5,0,1,0,0
1,0,0,23.2,0.0,88.63,9500.0,5,0,1,0,0
0,1,0,24.5,0.0,84.11,10000.0,5,0,0,0,0
1,0,0,24.5,0.0,84.11,10000.0,5,0,0,0,0
0,1,2,26.0,0.0,73.97,10000.0,5,0,0,0,0
1,0,2,26.0,0.0,73.97,10000.0,5,0,0,0,0
0,1,2,26.0,0.0,73.97,10000.0,5,0,0,0,0
1,0,2,26.0,0.0,73.97,10000.0,5,0,0,0,0
0,1,0,25.8,0.0,77.13,10300.0,5,0,1,0,0
1,1,0,25.8,0.0,77.13,10300.0,5,0,1,0,0
0,1,2,26.0,0.0,73.97,10000.0,5,0,1,0,0
1,1,2,26.0,0.0,73.97,10000.0,5,0,1,0,0
0,0,2,24.0,0.0,83.34,9000.0,5,0,0,0,0
1,0,2,24.0,0.0,83.34,9000.0,5,0,0,0,0
0,0,2,23.0,0.0,88.52,7000.0,5,0,0,0,0
1,0,2,23.0,0.0,88.52,7000.0,5,0,0,0,0
0,0,2,23.0,0.0,94.11,10000.0,4,0,0,0,0
1,0,2,23.0,0.0,94.11,10000.0,4,0,0,0,0
0,0,0,23.6,0.0,91.99,8500.0,4,0,1,0,0
1,0,0,23.6,0.0,91.99,8500.0,4,0,1,0,0
0,0,0,23.6,0.0,91.99,8500.0,4,0,1,0,0
1,0,0,23.6,0.0,91.99,8500.0,4,0,1,0,0
0,0,2,25.0,0.2,83.45,10000.0,4,0,0,1,0
1,0,2,25.0,0.2,83.45,10000.0,4,0,0,1,0
0,0,2,26.0,0.1,78.64,10000.0,4,0,0,1,0
1,0,2,26.0,0.1,78.64,10000.0,4,0,0,1,0
0,0,2,27.0,0.0,74.14,10000.0,4,0,0,0,0
1,0,2,27.0,0.0,74.14,10000.0,4,0,0,0,0
0,1,2,26.0,0.1,78.64,10000.0,4,0,1,1,1
1,0,2,26.0,0.1,78.64,10000.0,4,0,1,1,1
0,1,2,25.0,0.0,83.45,10000.0,4,0,1,0,0
1,1,2,25.0,0.0,83.45,10000.0,4,0,1,0,0
0,0,2,24.0,0.0,88.6,10000.0,4,0,0,0,0
1,0,2,24.0,0.0,88.6,10000.0,4,0,0,0,0
0,0,0,23.8,0.0,90.0,10200.0,4,0,0,0,0
1,0,0,23.8,0.0,90.0,10200.0,4,0,0,0,0
0,0,2,23.0,0.0,88.52,9000.0,3,0,0,0,0
1,0,2,23.0,0.0,88.52,9000.0,3,0,0,0,0
0,0,0,23.1,0.0,92.9,4500.0,3,0,1,0,0
1,0,0,23.1,0.0,92.9,4500.0,3,0,1,0,0
0,1,0,23.1,0.0,92.9,4500.0,3,0,1,0,0
1,1,0,23.1,0.0,92.9,4500.0,3,0,1,0,0
0,0,2,25.0,0.2,83.45,7000.0,3,0,0,1,0
1,0,2,25.0,0.2,83.45,7000.0,3,0,0,1,0
0,0,2,26.0,0.1,78.64,10000.0,3,0,0,1,0
1,0,2,26.0,0.1,78.64,10000.0,3,0,0,1,0
0,0,2,28.0,0.1,65.77,10000.0,3,0,0,1,0
1,0,2,28.0,0.1,65.77,10000.0,3,0,0,1,0
0,0,0,27.8,0.0,66.68,10400.0,3,0,1,0,0
1,0,0,27.8,0.0,66.68,10400.0,3,0,1,0,0
0,1,2,27.0,0.0,69.74,10000.0,3,0,1,0,0
1,1,2,27.0,0.0,69.74,10000.0,3,0,1,0,0
0,0,2,25.0,0.0,78.5,10000.0,3,0,0,0,0
1,0,2,25.0,0.0,78.5,10000.0,3,0,0,0,0
0,0,0,24.7,0.0,83.3,10000.0,3,0,0,0,0
1,0,0,24.7,0.0,83.3,10000.0,3,0,0,0,0
0,0,2,21.0,0.0,94.02,6000.0,2,0,0,0,0
1,0,2,21.0,0.0,94.02,6000.0,2,0,0,0,0
0,0,2,22.0,0.0,94.06,5000.0,2,0,1,0,0
1,1,2,22.0,0.0,94.06,5000.0,2,0,1,0,0
0,1,2,22.0,0.0,94.06,5000.0,2,0,1,0,0
1,1,2,22.0,0.0,94.06,5000.0,2,0,1,0,0
0,0,0,24.4,0.0,83.42,10200.0,2,0,0,0,0
1,0,0,24.4,0.0,83.42,10200.0,2,0,0,0,0
0,0,2,27.0,0.0,65.56,10000.0,2,0,0,0,0
1,0,2,27.0,0.0,65.56,10000.0,2,0,0,0,0
0,0,2,27.0,0.0,69.74,10000.0,2,0,0,0,0
1,0,2,27.0,0.0,69.74,10000.0,2,0,0,0,0
0,0,0,27.2,0.0,67.16,10400.0,2,0,1,0,0
1,0,0,27.2,0.0,67.16,10400.0,2,0,1,0,0
0,1,2,26.0,0.0,73.97,10000.0,2,0,1,0,0
1,1,2,26.0,0.0,73.97,10000.0,2,0,1,0,0
0,0,2,24.0,0.0,88.6,10000.0,2,0,0,0,0
1,0,2,24.0,0.0,88.6,10000.0,2,0,0,0,0
0,0,2,24.0,0.0,83.34,10000.0,2,0,0,0,0
1,0,2,24.0,0.0,83.34,10000.0,2,0,0,0,0
0,0,2,21.0,0.0,94.02,8000.0,1,0,0,0,0
1,0,2,21.0,0.0,94.02,8000.0,1,0,0,0,0
0,0,0,21.7,0.0,91.81,9200.0,1,0,1,0,0
1,1,0,21.7,0.0,91.81,9200.0,1,0,1,0,0
0,1,0,21.7,0.0,91.81,9200.0,1,0,1,0,0
1,1,0,21.7,0.0,91.81,9200.0,1,0,1,0,0
0,0,2,25.0,0.0,73.8,10000.0,1,0,0,0,0
1,0,2,25.0,0.0,73.8,10000.0,1,0,0,0,0
0,0,2,27.0,0.0,65.56,10000.0,1,0,0,0,0
1,0,2,27.0,0.0,65.56,10000.0,1,0,0,0,0
0,0,2,28.0,0.0,61.84,10000.0,1,0,0,0,0
1,0,2,28.0,0.0,61.84,10000.0,1,0,0,0,0
0,1,2,28.0,0.0,61.84,10000.0,1,0,1,0,0
1,0,2,28.0,0.0,61.84,10000.0,1,0,1,0,0
0,1,2,27.0,0.0,65.56,10000.0,1,0,1,0,0
1,0,2,27.0,0.0,65.56,10000.0,1,0,1,0,0
0,0,2,24.0,0.0,78.35,10000.0,1,0,0,0,0
1,0,2,24.0,0.0,78.35,10000.0,1,0,0,0,0
0,0,0,23.0,0.0,85.35,10200.0,1,0,0,0,0
1,0,0,23.0,0.0,85.35,10200.0,1,0,0,0,0
0,0,0,20.0,0.0,93.97,7000.0,0,0,0,0,0
1,0,0,20.0,0.0,93.97,7000.0,0,0,0,0,0
0,1,2,21.0,0.0,88.35,6000.0,0,0,1,0,0
1,1,2,21.0,0.0,88.35,6000.0,0,0,1,0,0
0,1,2,21.0,0.0,88.35,6000.0,0,0,1,0,0
1,1,2,21.0,0.0,88.35,6000.0,0,0,1,0,0
0,0,0,24.9,0.1,74.41,10400.0,0,0,0,1,0
1,0,0,24.9,0.1,74.41,10400.0,0,0,0,1,0
0,0,2,26.0,0.1,65.36,10000.0,0,0,0,1,0
1,0,2,26.0,0.1,65.36,10000.0,0,0,0,1,0
0,0,0,27.0,0.1,61.61,10000.0,0,0,0,1,0
1,0,0,27.0,0.1,61.61,10000.0,0,0,0,1,0
0,0,0,27.2,0.0,62.51,10400.0,0,0,1,0,0
1,0,0,27.2,0.0,62.51,10400.0,0,0,1,0,0
0,1,2,26.0,0.0,65.36,10000.0,0,0,1,0,0
1,1,2,26.0,0.0,65.36,10000.0,0,0,1,0,0
0,0,0,23.0,0.0,78.21,10000.0,0,0,0,0,0
1,0,0,23.0,0.0,78.21,10000.0,0,0,0,0,0
0,0,0,22.0,0.0,88.44,10000.0,0,0,0,0,0
1,0,0,22.0,0.0,88.44,10000.0,0,0,0,0,0
0,0,2,21.0,0.0,82.99,9000.0,6,0,0,0,0
1,0,2,21.0,0.0,82.99,9000.0,6,0,0,0,0
0,0,2,20.0,0.1,88.27,5000.0,6,0,1,1,1
1,0,2,20.0,0.1,88.27,5000.0,6,0,1,1,1
0,0,2,20.0,0.1,88.27,5000.0,6,0,1,1,1
1,0,2,20.0,0.1,88.27,5000.0,6,0,1,1,1
0,0,0,21.7,0.1,87.48,8500.0,6,0,0,1,0
1,0,0,21.7,0.1,87.48,8500.0,6,0,0,1,0
0,0,2,23.0,0.1,83.22,5000.0,6,0,0,1,0
1,0,2,23.0,0.1,83.22,5000.0,6,0,0,1,0
0,0,2,24.0,0.2,78.35,10000.0,6,0,0,1,0
1,0,2,24.0,0.2,78.35,10000.0,6,0,0,1,0
0,1,0,24.3,0.2,76.44,10200.0,6,0,1,1,1
1,0,0,24.3,0.2,76.44,10200.0,6,0,1,1,1
0,1,2,24.0,0.0,78.35,10000.0,6,0,1,0,0
1,1,2,24.0,0.0,78.35,10000.0,6,0,1,0,0
0,0,2,22.0,0.0,88.44,9000.0,6,0,0,0,0
1,0,2,22.0,0.0,88.44,9000.0,6,0,0,0,0
0,0,0,21.6,0.0,92.16,9600.0,6,0,0,0,0
1,0,0,21.6,0.0,92.16,9600.0,6,0,0,0,0
0,0,2,21.0,0.0,73.11,8000.0,5,0,0,0,0
1,0,2,21.0,0.0,73.11,8000.0,5,0,0,0,0
0,0,2,20.0,0.0,77.77,7000.0,5,0,1,0,0
1,0,2,20.0,0.0,77.77,7000.0,5,0,1,0,0
0,0,2,20.0,0.0,77.77,7000.0,5,0,1,0,0
1,0,2,20.0,0.0,77.77,7000.0,5,0,1,0,0
0,1,0,22.9,0.0,69.69,10400.0,5,0,0,0,0
1,0,0,22.9,0.0,69.69,10400.0,5,0,0,0,0
0,1,1,24.0,0.0,60.92,10000.0,5,0,0,0,0
1,0,1,24.0,0.0,60.92,10000.0,5,0,0,0,0
0,1,2,24.0,0.0,60.92,10000.0,5,0,0,0,0
1,0,2,24.0,0.0,60.92,10000.0,5,0,0,0,0
0,1,2,24.0,0.0,60.92,10000.0,5,0,1,0,0
1,1,2,24.0,0.0,60.92,10000.0,5,0,1,0,0
0,1,2,24.0,0.0,64.93,10000.0,5,0,1,0,0
1,1,2,24.0,0.0,64.93,10000.0,5,0,1,0,0
0,0,0,22.0,0.0,73.29,10000.0,5,0,0,0,0
1,0,0,22.0,0.0,73.29,10000.0,5,0,0,0,0
0,0,0,22.0,0.0,73.29,10000.0,5,0,0,0,0
1,0,0,22.0,0.0,73.29,10000.0,5,0,0,0,0
0,0,2,19.0,0.0,82.75,9000.0,4,0,0,0,0
1,0,2,19.0,0.0,82.75,9000.0,4,0,0,0,0
0,0,0,19.2,0.0,86.71,8400.0,4,0,1,0,0
1,0,0,19.2,0.0,86.71,8400.0,4,0,1,0,0
0,0,0,19.2,0.0,86.71,8400.0,4,0,1,0,0
1,0,0,19.2,0.0,86.71,8400.0,4,0,1,0,0
0,0,0,24.0,0.0,60.93,10000.0,4,0,0,0,0
1,0,0,24.0,0.0,60.93,10000.0,4,0,0,0,0
0,0,0,26.0,0.0,47.55,10000.0,4,0,0,0,0
1,0,0,26.0,0.0,47.55,10000.0,4,0,0,0,0
0,0,0,26.0,0.0,41.73,10000.0,4,0,0,0,0
1,0,0,26.0,0.0,41.73,10000.0,4,0,0,0,0
0,1,0,25.0,0.0,44.28,10000.0,4,0,1,0,0
1,0,0,25.0,0.0,44.28,10000.0,4,0,1,0,0
0,1,0,24.0,0.0,50.2,10000.0,4,0,1,0,0
1,1,0,24.0,0.0,50.2,10000.0,4,0,1,0,0
0,0,2,23.0,0.0,53.32,10000.0,4,0,0,0,0
1,0,2,23.0,0.0,53.32,10000.0,4,0,0,0,0
0,0,0,21.6,0.0,71.6,10200.0,4,0,0,0,0
1,0,0,21.6,0.0,71.6,10200.0,4,0,0,0,0
0,0,0,18.0,0.0,88.1,5000.0,3,0,0,0,0
1,0,0,18.0,0.0,88.1,5000.0,3,0,0,0,0
0,0,0,18.4,0.0,90.84,4200.0,3,0,1,0,0
1,0,0,18.4,0.0,90.84,4200.0,3,0,1,0,0
0,1,0,18.4,0.0,90.84,4200.0,3,0,1,0,0
1,1,0,18.4,0.0,90.84,4200.0,3,0,1,0,0
0,0,0,21.0,0.0,77.92,5000.0,3,0,0,0,0
1,0,0,21.0,0.0,77.92,5000.0,3,0,0,0,0
0,0,0,24.0,0.0,53.58,10000.0,3,0,0,0,0
1,0,0,24.0,0.0,53.58,10000.0,3,0,0,0,0
0,0,2,24.0,0.0,60.93,6000.0,3,0,0,0,0
1,0,2,24.0,0.0,60.93,6000.0,3,0,0,0,0
0,0,0,24.4,0.0,57.0,9500.0,3,0,1,0,0
1,0,0,24.4,0.0,57.0,9500.0,3,0,1,0,0
0,1,0,24.0,0.0,60.93,6000.0,3,0,1,0,0
1,1,0,24.0,0.0,60.93,6000.0,3,0,1,0,0
0,0,0,22.0,0.0,73.29,6000.0,3,0,0,0,0
1,0,0,22.0,0.0,73.29,6000.0,3,0,0,0,0
0,0,2,21.0,0.0,73.11,9000.0,3,0,0,0,0
1,0,2,21.0,0.0,73.11,9000.0,3,0,0,0,0
0,0,2,18.0,0.0,82.63,10000.0,2,0,0,0,0
1,0,2,18.0,0.0,82.63,10000.0,2,0,0,0,0
0,0,0,18.2,0.0,81.54,10200.0,2,0,1,0,0
1,1,0,18.2,0.0,81.54,10200.0,2,0,1,0,0
0,1,0,18.2,0.0,81.54,10200.0,2,0,1,0,0
1,1,0,18.2,0.0,81.54,10200.0,2,0,1,0,0
0,0,0,19.0,0.0,68.18,10000.0,2,0,0,0,0
1,0,0,19.0,0.0,68.18,10000.0,2,0,0,0,0
0,0,0,21.0,0.0,64.29,10000.0,2,0,0,0,0
1,0,0,21.0,0.0,64.29,10000.0,2,0,0,0,0
0,0,2,22.0,0.0,60.47,10000.0,2,0,0,0,0
1,0,2,22.0,0.0,60.47,10000.0,2,0,0,0,0
0,0,0,22.1,0.0,63.24,10200.0,2,0,1,0,0
1,0,0,22.1,0.0,63.24,10200.0,2,0,1,0,0
0,1,0,22.0,0.0,64.5,10000.0,2,0,1,0,0
1,1,0,22.0,0.0,64.5,10000.0,2,0,1,0,0
0,0,0,20.0,0.0,77.77,7000.0,2,0,0,0,0
1,0,0,20.0,0.0,77.77,7000.0,2,0,0,0,0
0,0,0,19.0,0.0,88.19,6000.0,2,0,0,0,0
1,0,0,19.0,0.0,88.19,6000.0,2,0,0,0,0
0,0,0,18.0,0.0,63.63,10000.0,1,0,0,0,0
1,0,0,18.0,0.0,63.63,10000.0,1,0,0,0,0
0,0,0,17.2,0.0,61.62,10200.0,1,0,1,0,0
1,1,0,17.2,0.0,61.62,10200.0,1,0,1,0,0
0,1,0,17.2,0.0,61.62,10200.0,1,0,1,0,0
1,1,0,17.2,0.0,61.62,10200.0,1,0,1,0,0
0,0,0,21.0,0.0,49.14,10400.0,1,0,0,0,0
1,0,0,21.0,0.0,49.14,10400.0,1,0,0,0,0
0,0,0,22.0,0.0,49.67,10000.0,1,0,0,0,0
1,0,0,22.0,0.0,49.67,10000.0,1,0,0,0,0
0,0,0,25.0,0.0,44.28,10000.0,1,0,0,0,0
1,0,0,25.0,0.0,44.28,10000.0,1,0,0,0,0
0,1,0,24.4,0.0,45.39,16900.0,1,0,1,0,0
1,0,0,24.4,0.0,45.39,16900.0,1,0,1,0,0
0,1,0,23.0,0.0,49.93,10000.0,1,0,1,0,0
1,0,0,23.0,0.0,49.93,10000.0,1,0,1,0,0
0,0,0,22.0,0.0,56.66,10000.0,1,0,0,0,0
1,0,0,22.0,0.0,56.66,10000.0,1,0,0,0,0
0,0,0,19.0,0.0,77.78,10200.0,1,0,0,0,0
1,0,0,19.0,0.0,77.78,10200.0,1,0,0,0,0
0,0,2,21.0,0.0,88.35,7000.0,0,0,0,0,0
1,0,2,21.0,0.0,88.35,7000.0,0,0,0,0,0
0,1,0,21.0,0.0,91.39,8800.0,0,0,1,0,0
1,1,0,21.0,0.0,91.39,8800.0,0,0,1,0,0
0,1,0,21.0,0.0,91.39,8800.0,0,0,1,0,0
1,1,0,21.0,0.0,91.39,8800.0,0,0,1,0,0
0,0,0,21.4,0.0,92.05,8300.0,0,0,0,0,0
1,0,0,21.4,0.0,92.05,8300.0,0,0,0,0,0
0,0,3,21.0,0.3,88.35,6000.0,0,0,0,1,0
1,0,3,21.0,0.3,88.35,6000.0,0,0,0,1,0
0,0,2,18.0,0.0,93.88,10000.0,0,0,0,0,0
1,0,2,18.0,0.0,93.88,10000.0,0,0,0,0,0
0,0,0,19.2,0.0,84.91,10200.0,0,0,1,0,0
1,0,0,19.2,0.0,84.91,10200.0,0,0,1,0,0
0,1,0,19.0,0.0,77.62,10000.0,0,0,1,0,0
1,1,0,19.0,0.0,77.62,10000.0,0,0,1,0,0
0,0,0,19.0,0.0,68.18,10000.0,0,0,0,0,0
1,0,0,19.0,0.0,68.18,10000.0,0,0,0,0,0
0,0,0,19.2,0.0,65.43,10200.0,0,0,0,0,0
1,0,0,19.2,0.0,65.43,10200.0,0,0,0,0,0
0,0,2,21.0,0.0,88.35,8000.0,6,0,0,0,0
1,0,2,21.0,0.0,88.35,8000.0,6,0,0,0,0
0,0,0,20.6,0.1,96.89,7400.0,6,0,1,1,1
1,0,0,20.6,0.1,96.89,7400.0,6,0,1,1,1
0,0,0,20.6,0.1,96.89,7400.0,6,0,1,1,1
1,0,0,20.6,0.1,96.89,7400.0,6,0,1,1,1
0,0,0,21.8,0.1,94.43,8200.0,6,0,0,1,0
1,0,0,21.8,0.1,94.43,8200.0,6,0,0,1,0
0,0,2,23.0,0.2,88.52,7000.0,6,0,0,1,0
1,0,2,23.0,0.2,88.52,7000.0,6,0,0,1,0
0,0,2,23.0,0.1,83.22,10000.0,6,0,0,1,0
1,0,2,23.0,0.1,83.22,10000.0,6,0,0,1,0
0,1,2,22.0,0.1,88.44,10000.0,6,0,1,1,1
1,0,2,22.0,0.1,88.44,10000.0,6,0,1,1,1
0,1,2,22.0,0.0,88.44,10000.0,6,0,1,0,0
1,1,2,22.0,0.0,88.44,10000.0,6,0,1,0,0
0,0,2,22.0,0.0,88.44,9000.0,6,0,0,0,0
1,0,2,22.0,0.0,88.44,9000.0,6,0,0,0,0
0,0,2,22.0,0.0,83.11,10000.0,6,0,0,0,0
1,0,2,22.0,0.0,83.11,10000.0,6,0,0,0,0
0,0,2,21.0,0.0,82.99,6000.0,5,0,0,0,0
1,0,2,21.0,0.0,82.99,6000.0,5,0,0,0,0
0,0,2,20.0,0.0,93.97,3000.0,5,0,1,0,0
1,0,2,20.0,0.0,93.97,3000.0,5,0,1,0,0
0,0,2,20.0,0.0,93.97,3000.0,5,0,1,0,0
1,0,2,20.0,0.0,93.97,3000.0,5,0,1,0,0
0,1,0,23.0,0.1,73.46,7000.0,5,0,0,1,0
1,0,0,23.0,0.1,73.46,7000.0,5,0,0,1,0
0,1,2,24.0,0.1,69.16,8000.0,5,0,0,1,0
1,0,2,24.0,0.1,69.16,8000.0,5,0,0,1,0
0,1,2,25.0,0.0,61.16,10000.0,5,0,0,0,0
1,0,2,25.0,0.0,61.16,10000.0,5,0,0,0,0
0,1,2,24.0,0.0,64.93,10000.0,5,0,1,0,0
1,1,2,24.0,0.0,64.93,10000.0,5,0,1,0,0
0,1,2,24.0,0.0,64.93,10000.0,5,0,1,0,0
1,1,2,24.0,0.0,64.93,10000.0,5,0,1,0,0
0,0,0,23.0,0.0,73.46,10000.0,5,0,0,0,0
1,0,0,23.0,0.0,73.46,10000.0,5,0,0,0,0
0,0,0,22.0,0.0,78.06,10000.0,5,0,0,0,0
1,0,0,22.0,0.0,78.06,10000.0,5,0,0,0,0
0,0,2,20.0,0.0,88.27,4000.0,4,0,0,0,0
1,0,2,20.0,0.0,88.27,4000.0,4,0,0,0,0
0,0,0,20.2,0.1,91.26,4200.0,4,0,1,1,1
1,0,0,20.2,0.1,91.26,4200.0,4,0,1,1,1
0,0,0,20.2,0.1,91.26,4200.0,4,0,1,1,1
1,0,0,20.2,0.1,91.26,4200.0,4,0,1,1,1
0,0,0,22.4,0.0,71.07,9600.0,4,0,0,0,0
1,0,0,22.4,0.0,71.07,9600.0,4,0,0,0,0
0,0,2,24.0,0.0,64.93,7000.0,4,0,0,0,0
1,0,2,24.0,0.0,64.93,7000.0,4,0,0,0,0
0,0,2,25.0,0.0,61.16,8000.0,4,0,0,0,0
1,0,2,25.0,0.0,61.16,8000.0,4,0,0,0,0
0,1,2,24.0,0.0,64.93,8000.0,4,0,1,0,0
1,0,2,24.0,0.0,64.93,8000.0,4,0,1,0,0
0,1,2,24.0,0.0,64.93,8000.0,4,0,1,0,0
1,1,2,24.0,0.0,64.93,8000.0,4,0,1,0,0
0,0,2,22.0,0.0,78.06,6000.0,4,0,0,0,0
1,0,2,22.0,0.0,78.06,6000.0,4,0,0,0,0
0,0,0,21.1,0.0,85.39,9300.0,4,0,0,0,0
1,0,0,21.1,0.0,85.39,9300.0,4,0,0,0,0
0,0,2,20.0,0.0,82.87,6000.0,3,0,0,0,0
1,0,2,20.0,0.0,82.87,6000.0,3,0,0,0,0
0,0,0,19.2,0.0,86.55,8000.0,3,0,1,0,0
1,0,0,19.2,0.0,86.55,8000.0,3,0,1,0,0
0,1,0,19.2,0.0,86.55,8000.0,3,0,1,0,0
1,1,0,19.2,0.0,86.55,8000.0,3,0,1,0,0
0,0,2,20.0,0.0,82.87,10000.0,3,0,0,0,0
1,0,2,20.0,0.0,82.87,10000.0,3,0,0,0,0
0,0,2,22.0,0.0,73.29,10000.0,3,0,0,0,0
1,0,2,22.0,0.0,73.29,10000.0,3,0,0,0,0
0,0,2,22.0,0.0,73.29,5000.0,3,0,0,0,0
1,0,2,22.0,0.0,73.29,5000.0,3,0,0,0,0
0,0,0,21.7,0.0,75.71,8700.0,3,0,1,0,0
1,0,0,21.7,0.0,75.71,8700.0,3,0,1,0,0
0,1,2,21.0,0.0,82.99,5000.0,3,0,1,0,0
1,1,2,21.0,0.0,82.99,5000.0,3,0,1,0,0
0,0,0,21.0,0.0,82.99,5000.0,3,0,0,0,0
1,0,0,21.0,0.0,82.99,5000.0,3,0,0,0,0
0,0,2,21.0,0.1,82.99,6000.0,3,0,0,1,0
1,0,2,21.0,0.1,82.99,6000.0,3,0,0,1,0
0,0,2,20.0,0.0,64.07,10000.0,2,0,0,0,0
1,0,2,20.0,0.0,64.07,10000.0,2,0,0,0,0
0,0,0,19.2,0.0,64.68,10200.0,2,0,1,0,0
1,1,0,19.2,0.0,64.68,10200.0,2,0,1,0,0
0,1,0,19.2,0.0,64.68,10200.0,2,0,1,0,0
1,1,0,19.2,0.0,64.68,10200.0,2,0,1,0,0
0,0,0,20.7,0.0,58.45,10200.0,2,0,0,0,0
1,0,0,20.7,0.0,58.45,10200.0,2,0,0,0,0
0,0,0,23.0,0.0,53.32,10000.0,2,0,0,0,0
1,0,0,23.0,0.0,53.32,10000.0,2,0,0,0,0
0,0,0,25.0,0.0,50.46,10000.0,2,0,0,0,0
1,0,0,25.0,0.0,50.46,10000.0,2,0,0,0,0
0,0,0,24.0,0.0,53.58,10000.0,2,0,1,0,0
1,0,0,24.0,0.0,53.58,10000.0,2,0,1,0,0
0,1,0,23.0,0.0,56.91,10000.0,2,0,1,0,0
1,1,0,23.0,0.0,56.91,10000.0,2,0,1,0,0
0,0,0,20.0,0.0,72.94,10000.0,2,0,0,0,0
1,0,0,20.0,0.0,72.94,10000.0,2,0,0,0,0
0,0,0,19.9,0.0,74.7,10200.0,2,0,0,0,0
1,0,0,19.9,0.0,74.7,10200.0,2,0,0,0,0
0,0,3,25.0,2.7,88.68,9000.0,1,0,0,1,0
1,0,3,25.0,2.7,88.68,9000.0,1,0,0,1,0
0,0,3,21.0,1.4,88.35,10000.0,1,0,1,1,1
1,1,3,21.0,1.4,88.35,10000.0,1,0,1,1,1
0,1,3,21.0,1.4,88.35,10000.0,1,0,1,1,1
1,1,3,21.0,1.4,88.35,10000.0,1,0,1,1,1
0,0,0,22.4,0.2,72.02,10200.0,1,0,0,1,0
1,0,0,22.4,0.2,72.02,10200.0,1,0,0,1,0
0,0,2,24.0,0.0,64.93,10000.0,1,0,0,0,0
1,0,2,24.0,0.0,64.93,10000.0,1,0,0,0,0
0,0,2,24.0,0.0,64.93,10000.0,1,0,0,0,0
1,0,2,24.0,0.0,64.93,10000.0,1,0,0,0,0
0,1,0,23.2,0.0,66.03,10100.0,1,0,1,0,0
1,0,0,23.2,0.0,66.03,10100.0,1,0,1,0,0
0,1,2,23.0,0.0,64.72,10000.0,1,0,1,0,0
1,0,2,23.0,0.0,64.72,10000.0,1,0,1,0,0
0,0,2,21.0,0.0,68.58,10000.0,1,0,0,0,0
1,0,2,21.0,0.0,68.58,10000.0,1,0,0,0,0
0,0,0,20.9,0.1,68.9,10200.0,1,0,0,1,0
1,0,0,20.9,0.1,68.9,10200.0,1,0,0,1,0
0,0,2,24.0,0.0,94.15,6000.0,0,0,0,0,0
1,0,2,24.0,0.0,94.15,6000.0,0,0,0,0,0
0,1,2,24.0,0.0,94.15,4000.0,0,0,1,0,0
1,1,2,24.0,0.0,94.15,4000.0,0,0,1,0,0
0,1,2,24.0,0.0,94.15,4000.0,0,0,1,0,0
1,1,2,24.0,0.0,94.15,4000.0,0,0,1,0,0
0,0,2,27.0,0.0,83.68,6000.0,0,0,0,0,0
1,0,2,27.0,0.0,83.68,6000.0,0,0,0,0,0
0,0,2,29.0,0.0,70.11,10000.0,0,0,0,0,0
1,0,2,29.0,0.0,70.11,10000.0,0,0,0,0,0
0,0,2,31.0,0.0,62.5,10000.0,0,0,0,0,0
1,0,2,31.0,0.0,62.5,10000.0,0,0,0,0,0
0,0,2,30.0,0.0,70.29,10000.0,0,0,1,0,0
1,0,2,30.0,0.0,70.29,10000.0,0,0,1,0,0
0,1,2,29.0,0.0,70.11,10000.0,0,0,1,0,0
1,1,2,29.0,0.0,70.11,10000.0,0,0,1,0,0
0,0,2,26.0,0.0,88.76,9000.0,0,0,0,0,0
1,0,2,26.0,0.0,88.76,9000.0,0,0,0,0,0
0,0,3,26.0,0.5,88.76,10000.0,0,0,0,1,0
1,0,3,26.0,0.5,88.76,10000.0,0,0,0,1,0
0,0,2,25.0,0.0,88.68,9000.0,6,0,0,0,0
1,0,2,25.0,0.0,88.68,9000.0,6,0,0,0,0
0,0,2,24.0,0.0,94.15,4000.0,6,0,1,0,0
1,0,2,24.0,0.0,94.15,4000.0,6,0,1,0,0
0,0,2,24.0,0.0,94.15,4000.0,6,0,1,0,0
1,0,2,24.0,0.0,94.15,4000.0,6,0,1,0,0
0,0,2,26.0,0.0,83.57,7000.0,6,0,0,0,0
1,0,2,26.0,0.0,83.57,7000.0,6,0,0,0,0
0,0,2,28.0,0.0,74.3,10000.0,6,0,0,0,0
1,0,2,28.0,0.0,74.3,10000.0,6,0,0,0,0
0,0,2,29.0,0.0,74.47,10000.0,6,0,0,0,0
1,0,2,29.0,0.0,74.47,10000.0,6,0,0,0,0
0,1,2,29.0,0.0,74.47,8000.0,6,0,1,0,0
1,0,2,29.0,0.0,74.47,8000.0,6,0,1,0,0
0,1,2,28.0,0.0,74.3,8000.0,6,0,1,0,0
1,1,2,28.0,0.0,74.3,8000.0,6,0,1,0,0
0,0,2,25.0,0.0,88.68,7000.0,6,0,0,0,0
1,0,2,25.0,0.0,88.68,7000.0,6,0,0,0,0
0,0,2,25.0,0.0,88.68,7000.0,6,0,0,0,0
1,0,2,25.0,0.0,88.68,7000.0,6,0,0,0,0
0,0,2,23.0,0.0,100.0,5000.0,5,0,0,0,0
1,0,2,23.0,0.0,100.0,5000.0,5,0,0,0,0
0,0,2,24.0,0.0,88.6,5000.0,5,0,1,0,0
1,0,2,24.0,0.0,88.6,5000.0,5,0,1,0,0
0,0,2,24.0,0.0,88.6,5000.0,5,0,1,0,0
1,0,2,24.0,0.0,88.6,5000.0,5,0,1,0,0
0,1,2,26.0,0.2,83.57,6000.0,5,0,0,1,0
1,0,2,26.0,0.2,83.57,6000.0,5,0,0,1,0
0,1,2,27.0,0.1,78.78,8000.0,5,0,0,1,0
1,0,2,27.0,0.1,78.78,8000.0,5,0,0,1,0
0,1,2,28.0,0.0,74.3,10000.0,5,0,0,0,0
1,0,2,28.0,0.0,74.3,10000.0,5,0,0,0,0
0,1,2,27.0,0.0,78.78,10000.0,5,0,1,0,0
1,1,2,27.0,0.0,78.78,10000.0,5,0,1,0,0
0,1,2,27.0,0.0,78.78,9000.0,5,0,1,0,0
1,1,2,27.0,0.0,78.78,9000.0,5,0,1,0,0
0,0,2,25.0,0.0,88.68,10000.0,5,0,0,0,0
1,0,2,25.0,0.0,88.68,10000.0,5,0,0,0,0
0,0,2,25.0,0.0,88.68,10000.0,5,0,0,0,0
1,0,2,25.0,0.0,88.68,10000.0,5,0,0,0,0
0,0,1,21.0,0.0,94.02,5000.0,4,0,0,0,0
1,0,1,21.0,0.0,94.02,5000.0,4,0,0,0,0
0,0,2,21.0,0.0,94.02,3000.0,4,0,1,0,0
1,0,2,21.0,0.0,94.02,3000.0,4,0,1,0,0
0,0,2,21.0,0.0,94.02,3000.0,4,0,1,0,0
1,0,2,21.0,0.0,94.02,3000.0,4,0,1,0,0
0,0,2,23.0,0.0,88.52,4000.0,4,0,0,0,0
1,0,2,23.0,0.0,88.52,4000.0,4,0,0,0,0
0,0,2,25.0,0.0,78.5,5000.0,4,0,0,0,0
1,0,2,25.0,0.0,78.5,5000.0,4,0,0,0,0
0,0,2,26.0,0.0,73.97,7000.0,4,0,0,0,0
1,0,2,26.0,0.0,73.97,7000.0,4,0,0,0,0
0,1,2,26.0,0.0,73.97,6000.0,4,0,1,0,0
1,0,2,26.0,0.0,73.97,6000.0,4,0,1,0,0
0,1,2,26.0,0.0,73.97,6000.0,4,0,1,0,0
1,1,2,26.0,0.0,73.97,6000.0,4,0,1,0,0
0,0,2,25.0,0.0,88.68,8000.0,4,0,0,0,0
1,0,2,25.0,0.0,88.68,8000.0,4,0,0,0,0
0,0,2,24.0,0.0,88.6,7000.0,4,0,0,0,0
1,0,2,24.0,0.0,88.6,7000.0,4,0,0,0,0
0,0,1,21.0,0.0,100.0,5000.0,3,0,0,0,0
1,0,1,21.0,0.0,100.0,5000.0,3,0,0,0,0
0,0,2,21.0,0.0,100.0,3000.0,3,0,1,0,0
1,0,2,21.0,0.0,100.0,3000.0,3,0,1,0,0
0,1,2,21.0,0.0,100.0,3000.0,3,0,1,0,0
1,1,2,21.0,0.0,100.0,3000.0,3,0,1,0,0
0,0,3,22.0,0.3,94.06,2000.0,3,0,0,1,0
1,0,3,22.0,0.3,94.06,2000.0,3,0,0,1,0
0,0,1,23.0,0.2,88.52,4000.0,3,0,0,1,0
1,0,1,23.0,0.2,88.52,4000.0,3,0,0,1,0
0,0,2,24.0,0.1,78.35,8000.0,3,0,0,1,0
1,0,2,24.0,0.1,78.35,8000.0,3,0,0,1,0
0,0,2,25.0,0.0,73.8,10000.0,3,0,1,0,0
1,0,2,25.0,0.0,73.8,10000.0,3,0,1,0,0
0,1,2,24.0,0.0,78.35,10000.0,3,0,1,0,0
1,1,2,24.0,0.0,78.35,10000.0,3,0,1,0,0
0,0,0,22.0,0.0,88.44,7000.0,3,0,0,0,0
1,0,0,22.0,0.0,88.44,7000.0,3,0,0,0,0
0,0,2,21.0,0.0,94.02,5000.0,3,0,0,0,0
1,0,2,21.0,0.0,94.02,5000.0,3,0,0,0,0
0,0,1,22.0,0.0,94.06,7000.0,2,0,0,0,0
1,0,1,22.0,0.0,94.06,7000.0,2,0,0,0,0
0,0,3,22.0,0.3,94.06,3000.0,2,0,1,1,1
1,1,3,22.0,0.3,94.06,3000.0,2,0,1,1,1
0,1,3,22.0,0.3,94.06,3000.0,2,0,1,1,1
1,1,3,22.0,0.3,94.06,3000.0,2,0,1,1,1
0,0,3,22.0,1.0,94.06,4000.0,2,0,0,1,0
1,0,3,22.0,1.0,94.06,4000.0,2,0,0,1,0
0,0,3,23.0,1.4,94.11,3000.0,2,0,0,1,0
1,0,3,23.0,1.4,94.11,3000.0,2,0,0,1,0
0,0,3,25.0,0.3,83.45,5000.0,2,0,0,1,0
1,0,3,25.0,0.3,83.45,5000.0,2,0,0,1,0
0,0,3,25.0,1.3,83.45,6000.0,2,0,1,1,1
1,0,3,25.0,1.3,83.45,6000.0,2,0,1,1,1
0,1,3,24.0,0.6,88.6,7000.0,2,0,1,1,1
1,1,3,24.0,0.6,88.6,7000.0,2,0,1,1,1
0,0,1,23.0,0.0,88.52,8000.0,2,0,0,0,0
1,0,1,23.0,0.0,88.52,8000.0,2,0,0,0,0
0,0,1,22.0,0.1,94.06,5000.0,2,0,0,1,0
1,0,1,22.0,0.1,94.06,5000.0,2,0,0,1,0
0,0,1,23.0,0.0,88.52,8000.0,1,0,0,0,0
1,0,1,23.0,0.0,88.52,8000.0,1,0,0,0,0
0,0,2,22.0,0.1,100.0,2000.0,1,0,1,1,1
1,1,2,22.0,0.1,100.0,2000.0,1,0,1,1,1
0,1,2,22.0,0.1,100.0,2000.0,1,0,1,1,1
1,1,2,22.0,0.1,100.0,2000.0,1,0,1,1,1
0,0,2,23.0,0.2,94.11,3000.0,1,0,0,1,0
1,0,2,23.0,0.2,94.11,3000.0,1,0,0,1,0
0,0,1,23.0,0.2,94.11,5000.0,1,0,0,1,0
1,0,1,23.0,0.2,94.11,5000.0,1,0,0,1,0
0,0,1,24.0,0.1,88.6,9000.0,1,0,0,1,0
1,0,1,24.0,0.1,88.6,9000.0,1,0,0,1,0
0,1,1,23.0,0.0,94.11,8000.0,1,0,1,0,0
1,0,1,23.0,0.0,94.11,8000.0,1,0,1,0,0
0,1,1,23.0,0.0,94.11,9000.0,1,0,1,0,0
1,0,1,23.0,0.0,94.11,9000.0,1,0,1,0,0
0,0,1,23.0,0.0,88.52,10000.0,1,0,0,0,0
1,0,1,23.0,0.0,88.52,10000.0,1,0,0,0,0
0,0,1,23.0,0.0,88.52,10000.0,1,0,0,0,0
1,0,1,23.0,0.0,88.52,10000.0,1,0,0,0,0
0,0,1,21.0,0.0,94.02,7000.0,0,0,0,0,0
1,0,1,21.0,0.0,94.02,7000.0,0,0,0,0,0
0,1,1,21.0,0.0,94.02,4000.0,0,0,1,0,0
1,1,1,21.0,0.0,94.02,4000.0,0,0,1,0,0
0,1,1,21.0,0.0,94.02,4000.0,0,0,1,0,0
1,1,1,21.0,0.0,94.02,4000.0,0,0,1,0,0
0,0,1,23.0,0.0,88.52,8000.0,0,0,0,0,0
1,0,1,23.0,0.0,88.52,8000.0,0,0,0,0,0
0,0,1,25.0,0.2,78.5,10000.0,0,0,0,1,0
1,0,1,25.0,0.2,78.5,10000.0,0,0,0,1,0
0,0,1,26.0,0.0,78.64,10000.0,0,0,0,0,0
1,0,1,26.0,0.0,78.64,10000.0,0,0,0,0,0
0,0,1,26.0,0.0,73.97,10000.0,0,0,1,0,0
1,0,1,26.0,0.0,73.97,10000.0,0,0,1,0,0
0,1,1,26.0,0.0,73.97,10000.0,0,0,1,0,0
1,1,1,26.0,0.0,73.97,10000.0,0,0,1,0,0
0,0,1,24.0,0.0,83.34,10000.0,0,0,0,0,0
1,0,1,24.0,0.0,83.34,10000.0,0,0,0,0,0
0,0,1,24.0,0.0,83.34,10000.0,0,0,0,0,0
1,0,1,24.0,0.0,83.34,10000.0,0,0,0,0,0
0,0,1,21.0,0.0,94.02,6000.0,6,0,0,0,0
1,0,1,21.0,0.0,94.02,6000.0,6,0,0,0,0
0,0,2,21.0,0.1,100.0,2000.0,6,0,1,1,1
1,0,2,21.0,0.1,100.0,2000.0,6,0,1,1,1
0,0,2,21.0,0.1,100.0,2000.0,6,0,1,1,1
1,0,2,21.0,0.1,100.0,2000.0,6,0,1,1,1
0,0,3,21.0,0.3,100.0,2000.0,6,0,0,1,0
1,0,3,21.0,0.3,100.0,2000.0,6,0,0,1,0
0,0,2,22.0,0.1,100.0,3000.0,6,0,0,1,0
1,0,2,22.0,0.1,100.0,3000.0,6,0,0,1,0
0,1,1,23.0,0.1,88.5,8000.0,6,0,1,1,1
1,1,1,23.0,0.1,88.52,8000.0,6,0,1,1,1
0,1,1,23.0,0.1,88.51,10000.0,6,0,1,1,1
1,1,1,23.0,0.1,88.52,10000.0,6,0,1,1,1
0,0,1,24.0,0.0,83.34,10000.0,6,0,0,0,0
1,0,1,24.0,0.0,83.33,10000.0,6,0,0,0,0
0,0,1,22.0,0.0,88.44,10000.0,6,0,0,0,0
1,0,1,22.0,0.0,88.43,10000.0,6,0,0,0,0
0,0,1,19.0,0.0,88.19,7000.0,5,0,0,0,0
1,0,1,19.0,0.0,88.19,7000.0,5,0,0,0,0
0,0,1,19.0,0.0,93.93,4000.0,5,0,1,0,0
1,0,1,19.0,0.0,93.93,4000.0,5,0,1,0,0
0,0,1,19.0,0.0,93.93,4000.0,5,0,1,0,0
1,0,1,19.0,0.0,93.93,4000.0,5,0,1,0,0
0,1,1,21.0,0.0,82.99,5000.0,5,0,0,0,0
1,0,1,21.0,0.0,82.99,5000.0,5,0,0,0,0
0,1,1,24.0,0.0,69.16,8000.0,5,0,0,0,0
1,0,1,24.0,0.0,69.16,8000.0,5,0,0,0,0
0,1,1,25.0,0.0,69.36,10000.0,5,0,0,0,0
1,0,1,25.0,0.0,69.36,10000.0,5,0,0,0,0
0,1,1,25.0,0.0,69.36,10000.0,5,0,1,0,0
1,0,1,25.0,0.0,69.36,10000.0,5,0,1,0,0
0,1,1,25.0,0.0,69.36,10000.0,5,0,1,0,0
1,1,1,25.0,0.0,69.36,10000.0,5,0,1,0,0
0,0,1,23.0,0.0,78.21,10000.0,5,0,0,0,0
1,0,1,23.0,0.0,78.21,10000.0,5,0,0,0,0
0,0,1,23.0,0.0,78.21,10000.0,5,0,0,0,0
1,0,1,23.0,0.0,78.21,10000.0,5,0,0,0,0
0,0,1,17.0,0.0,82.51,10000.0,4,1,0,0,0
1,0,1,17.0,0.0,82.51,10000.0,4,1,0,0,0
0,0,1,18.0,0.0,72.58,10000.0,4,1,1,0,0
1,0,1,18.0,0.0,72.58,10000.0,4,1,1,0,0
0,0,1,18.0,0.0,72.58,10000.0,4,1,1,0,0
1,0,1,18.0,0.0,72.58,10000.0,4,1,1,0,0
0,0,1,20.0,0.0,64.07,10000.0,4,1,0,0,0
1,0,1,20.0,0.0,64.07,10000.0,4,1,0,0,0
0,0,2,23.0,0.0,60.7,10000.0,4,1,0,0,0
1,0,2,23.0,0.0,60.7,10000.0,4,1,0,0,0
0,0,2,25.0,0.0,61.16,10000.0,4,1,0,0,0
1,0,2,25.0,0.0,61.16,10000.0,4,1,0,0,0
0,1,2,24.0,0.0,60.93,10000.0,4,1,1,0,0
1,0,2,24.0,0.0,60.93,10000.0,4,1,1,0,0
0,1,2,24.0,0.0,60.93,10000.0,4,1,1,0,0
1,1,2,24.0,0.0,60.93,10000.0,4,1,1,0,0
0,0,2,23.0,0.0,68.97,10000.0,4,1,0,0,0
1,0,2,23.0,0.0,68.97,10000.0,4,1,0,0,0
0,0,2,21.0,0.0,82.99,8000.0,4,1,0,0,0
1,0,2,21.0,0.0,82.99,8000.0,4,1,0,0,0
0,0,1,18.0,0.0,82.63,9000.0,3,1,0,0,0
1,0,1,18.0,0.0,82.63,9000.0,3,1,0,0,0
0,0,1,18.3,0.0,83.84,5400.0,3,1,1,0,0
1,0,1,18.3,0.0,83.84,5400.0,3,1,1,0,0
0,1,1,18.3,0.0,83.84,5400.0,3,1,1,0,0
1,1,1,18.3,0.0,83.84,5400.0,3,1,1,0,0
0,0,1,19.8,0.0,75.22,9700.0,3,1,0,0,0
1,0,1,19.8,0.0,75.22,9700.0,3,1,0,0,0
0,0,1,20.0,0.0,72.94,9000.0,3,1,0,0,0
1,0,1,20.0,0.0,72.94,9000.0,3,1,0,0,0
0,0,1,21.0,0.0,73.11,10000.0,3,1,0,0,0
1,0,1,21.0,0.0,73.11,10000.0,3,1,0,0,0
0,0,1,20.8,0.0,74.65,9700.0,3,1,1,0,0
1,0,1,20.8,0.0,74.65,9700.0,3,1,1,0,0
0,1,1,20.0,0.0,77.77,8000.0,3,1,1,0,0
1,1,1,20.0,0.0,77.77,8000.0,3,1,1,0,0
0,0,1,19.0,0.0,77.62,10000.0,3,1,0,0,0
1,0,1,19.0,0.0,77.62,10000.0,3,1,0,0,0
0,0,1,19.0,0.0,72.76,10000.0,3,1,0,0,0
1,0,1,19.0,0.0,72.76,10000.0,3,1,0,0,0
0,0,2,19.0,0.0,88.19,7000.0,2,1,0,0,0
1,0,2,19.0,0.0,88.19,7000.0,2,1,0,0,0
0,0,1,19.0,0.2,83.75,9000.0,2,1,1,1,1
1,1,1,19.0,0.2,83.75,9000.0,2,1,1,1,1
0,1,1,19.0,0.2,83.75,9000.0,2,1,1,1,1
1,1,1,19.0,0.2,83.75,9000.0,2,1,1,1,1
0,0,1,19.8,0.0,74.36,9700.0,2,1,0,0,0
1,0,1,19.8,0.0,74.36,9700.0,2,1,0,0,0
0,0,1,19.0,0.0,77.62,10000.0,2,1,0,0,0
1,0,1,19.0,0.0,77.62,10000.0,2,1,0,0,0
0,0,1,19.0,0.0,82.75,10000.0,2,1,0,0,0
1,0,1,19.0,0.0,82.75,10000.0,2,1,0,0,0
0,0,1,19.4,0.0,83.77,10000.0,2,1,1,0,0
1,0,1,19.4,0.0,83.77,10000.0,2,1,1,0,0
0,1,1,19.0,0.0,82.75,9000.0,2,1,1,0,0
1,1,1,19.0,0.0,82.75,9000.0,2,1,1,0,0
0,0,1,18.0,0.0,82.63,10000.0,2,1,0,0,0
1,0,1,18.0,0.0,82.63,10000.0,2,1,0,0,0
0,0,1,18.7,0.0,88.63,9400.0,2,1,0,0,0
1,0,1,18.7,0.0,88.63,9400.0,2,1,0,0,0
0,0,1,21.0,0.0,94.02,4000.0,1,1,0,0,0
1,0,1,21.0,0.0,94.02,4000.0,1,1,0,0,0
0,0,1,21.7,0.0,90.48,7800.0,1,1,1,0,0
1,1,1,21.7,0.0,90.48,7800.0,1,1,1,0,0
0,1,1,21.7,0.0,90.48,7800.0,1,1,1,0,0
1,1,1,21.7,0.0,90.48,7800.0,1,1,1,0,0
0,0,2,24.3,0.0,77.3,9700.0,1,1,0,0,0
1,0,2,24.3,0.0,77.3,9700.0,1,1,0,0,0
0,0,2,25.0,0.0,73.8,8000.0,1,1,0,0,0
1,0,2,25.0,0.0,73.8,8000.0,1,1,0,0,0
0,0,2,26.0,0.0,69.55,6000.0,1,1,0,0,0
1,0,2,26.0,0.0,69.55,6000.0,1,1,0,0,0
0,1,1,25.1,0.0,72.88,8400.0,1,1,1,0,0
1,0,1,25.1,0.0,72.88,8400.0,1,1,1,0,0
0,1,2,25.0,0.0,73.8,5000.0,1,1,1,0,0
1,0,2,25.0,0.0,73.8,5000.0,1,1,1,0,0
0,0,1,21.0,0.0,77.92,8000.0,1,1,0,0,0
1,0,1,21.0,0.0,77.92,8000.0,1,1,0,0,0
0,0,1,22.4,0.0,80.96,9400.0,1,1,0,0,0
1,0,1,22.4,0.0,80.96,9400.0,1,1,0,0,0
0,0,2,21.0,0.0,94.02,6000.0,0,1,0,0,0
1,0,2,21.0,0.0,94.02,6000.0,0,1,0,0,0
0,1,2,20.8,0.0,94.01,7700.0,0,1,1,0,0
1,1,2,20.8,0.0,94.01,7700.0,0,1,1,0,0
0,1,2,20.8,0.0,94.01,7700.0,0,1,1,0,0
1,1,2,20.8,0.0,94.01,7700.0,0,1,1,0,0
0,0,2,24.8,0.0,75.02,10200.0,0,1,0,0,0
1,0,2,24.8,0.0,75.02,10200.0,0,1,0,0,0
0,0,2,27.0,0.0,61.61,10000.0,0,1,0,0,0
1,0,2,27.0,0.0,61.61,10000.0,0,1,0,0,0
0,0,2,28.0,0.0,54.58,10000.0,0,1,0,0,0
1,0,2,28.0,0.0,54.58,10000.0,0,1,0,0,0
0,0,2,27.7,0.0,58.6,10200.0,0,1,1,0,0
1,0,2,27.7,0.0,58.6,10200.0,0,1,1,0,0
0,1,2,27.0,0.0,57.87,10000.0,0,1,1,0,0
1,1,2,27.0,0.0,57.87,10000.0,0,1,1,0,0
0,0,1,24.0,0.0,78.35,10000.0,0,1,0,0,0
1,0,1,24.0,0.0,78.35,10000.0,0,1,0,0,0
0,0,1,23.4,0.0,81.77,10000.0,0,1,0,0,0
1,0,1,23.4,0.0,81.77,10000.0,0,1,0,0,0
0,0,0,21.0,0.0,88.35,7000.0,6,0,0,0,0
1,0,0,21.0,0.0,88.35,7000.0,6,0,0,0,0
0,0,2,20.8,0.1,95.53,3800.0,6,0,1,1,1
1,0,2,20.8,0.1,95.53,3800.0,6,0,1,1,1
0,0,2,20.8,0.1,95.53,3800.0,6,0,1,1,1
1,0,2,20.8,0.1,95.53,3800.0,6,0,1,1,1
0,0,1,23.8,0.0,75.77,9300.0,6,0,0,0,0
1,0,1,23.8,0.0,75.77,9300.0,6,0,0,0,0
0,0,2,24.0,0.0,78.35,10000.0,6,0,0,0,0
1,0,2,24.0,0.0,78.35,10000.0,6,0,0,0,0
0,0,2,27.0,0.0,65.56,10000.0,6,0,0,0,0
1,0,2,27.0,0.0,65.56,10000.0,6,0,0,0,0
0,1,1,27.1,0.0,63.65,10200.0,6,0,1,0,0
1,0,1,27.1,0.0,63.65,10200.0,6,0,1,0,0
0,1,2,26.0,0.0,65.36,10000.0,6,0,1,0,0
1,1,2,26.0,0.0,65.36,10000.0,6,0,1,0,0
0,0,2,23.0,0.0,78.21,10000.0,6,0,0,0,0
1,0,2,23.0,0.0,78.21,10000.0,6,0,0,0,0
0,0,2,21.4,0.0,91.32,9400.0,6,0,0,0,0
1,0,2,21.4,0.0,91.32,9400.0,6,0,0,0,0
0,0,1,21.0,0.0,94.02,6000.0,5,0,0,0,0
1,0,1,21.0,0.0,94.02,6000.0,5,0,0,0,0
0,0,1,20.4,0.0,93.28,8000.0,5,0,1,0,0
1,0,1,20.4,0.0,93.28,8000.0,5,0,1,0,0
0,0,1,20.4,0.0,93.28,8000.0,5,0,1,0,0
1,0,1,20.4,0.0,93.28,8000.0,5,0,1,0,0
0,1,1,23.1,0.2,80.73,9000.0,5,0,0,1,0
1,0,1,23.1,0.2,80.73,9000.0,5,0,0,1,0
0,1,1,24.0,0.1,73.63,10000.0,5,0,0,1,0
1,0,1,24.0,0.1,73.63,10000.0,5,0,0,1,0
0,1,1,25.0,0.0,69.36,10000.0,5,0,0,0,0
1,0,1,25.0,0.0,69.36,10000.0,5,0,0,0,0
0,1,1,25.4,0.1,69.43,10200.0,5,0,1,1,1
1,1,1,25.4,0.1,69.43,10200.0,5,0,1,1,1
0,1,1,25.0,0.0,73.8,10000.0,5,0,1,0,0
1,1,1,25.0,0.0,73.8,10000.0,5,0,1,0,0
0,0,1,23.0,0.0,83.22,10000.0,5,0,0,0,0
1,0,1,23.0,0.0,83.22,10000.0,5,0,0,0,0
0,0,2,21.7,0.0,87.14,10000.0,5,0,0,0,0
1,0,2,21.7,0.0,87.14,10000.0,5,0,0,0,0
0,0,1,20.0,0.0,93.97,4000.0,4,0,0,0,0
1,0,1,20.0,0.0,93.97,4000.0,4,0,0,0,0
0,0,1,20.0,0.1,95.28,3600.0,4,0,1,1,1
1,0,1,20.0,0.1,95.28,3600.0,4,0,1,1,1
0,0,1,20.0,0.1,95.28,3600.0,4,0,1,1,1
1,0,1,20.0,0.1,95.28,3600.0,4,0,1,1,1
0,0,1,21.5,0.2,90.81,8400.0,4,0,0,1,0
1,0,1,21.5,0.2,90.81,8400.0,4,0,0,1,0
0,0,1,23.0,0.2,83.22,8000.0,4,0,0,1,0
1,0,1,23.0,0.2,83.22,8000.0,4,0,0,1,0
0,0,1,24.0,0.1,78.35,8000.0,4,0,0,1,0
1,0,1,24.0,0.1,78.35,8000.0,4,0,0,1,0
0,1,1,24.5,0.1,76.57,10200.0,4,0,1,1,1
1,0,1,24.5,0.1,76.57,10200.0,4,0,1,1,1
0,1,2,24.0,0.0,78.35,10000.0,4,0,1,0,0
1,1,2,24.0,0.0,78.35,10000.0,4,0,1,0,0
0,0,1,23.0,0.0,83.22,10000.0,4,0,0,0,0
1,0,1,23.0,0.0,83.22,10000.0,4,0,0,0,0
0,0,1,22.1,0.0,88.56,10000.0,4,0,0,0,0
1,0,1,22.1,0.0,88.56,10000.0,4,0,0,0,0
0,0,1,16.0,0.0,93.79,5000.0,3,0,0,0,0
1,0,1,16.0,0.0,93.79,5000.0,3,0,0,0,0
0,0,1,17.4,0.1,95.69,3200.0,3,0,1,1,1
1,0,1,17.4,0.1,95.69,3200.0,3,0,1,1,1
0,1,1,17.4,0.1,95.69,3200.0,3,0,1,1,1
1,1,1,17.4,0.1,95.69,3200.0,3,0,1,1,1
0,0,1,19.1,0.0,90.18,7800.0,3,0,0,0,0
1,0,1,19.1,0.0,90.18,7800.0,3,0,0,0,0
0,0,1,22.0,0.0,78.06,5000.0,3,0,0,0,0
1,0,1,22.0,0.0,78.06,5000.0,3,0,0,0,0
0,0,2,23.0,0.0,73.46,8000.0,3,0,0,0,0
1,0,2,23.0,0.0,73.46,8000.0,3,0,0,0,0
0,0,1,20.7,0.0,83.49,9100.0,3,0,1,0,0
1,0,1,20.7,0.0,83.49,9100.0,3,0,1,0,0
0,1,1,23.0,0.0,73.46,6000.0,3,0,1,0,0
1,1,1,23.0,0.0,73.46,6000.0,3,0,1,0,0
0,0,1,21.0,0.0,88.35,7000.0,3,0,0,0,0
1,0,1,21.0,0.0,88.35,7000.0,3,0,0,0,0
0,0,1,20.1,0.0,91.69,8600.0,3,0,0,0,0
1,0,1,20.1,0.0,91.69,8600.0,3,0,0,0,0
0,0,1,18.0,0.1,88.1,9000.0,2,0,0,1,0
1,0,1,18.0,0.1,88.1,9000.0,2,0,0,1,0
0,0,1,17.4,0.1,92.21,7900.0,2,0,1,1,1
1,1,1,17.4,0.1,92.21,7900.0,2,0,1,1,1
0,1,1,17.4,0.1,92.21,7900.0,2,0,1,1,1
1,1,1,17.4,0.1,92.21,7900.0,2,0,1,1,1
0,0,1,18.4,0.0,90.1,6000.0,2,0,0,0,0
1,0,1,18.4,0.0,90.1,6000.0,2,0,0,0,0
0,0,1,19.0,0.0,82.75,10000.0,2,0,0,0,0
1,0,1,19.0,0.0,82.75,10000.0,2,0,0,0,0
0,0,1,20.0,0.0,72.94,10000.0,2,0,0,0,0
1,0,1,20.0,0.0,72.94,10000.0,2,0,0,0,0
0,0,1,20.3,0.0,75.76,10000.0,2,0,1,0,0
1,0,1,20.3,0.0,75.76,10000.0,2,0,1,0,0
0,1,0,19.0,0.0,77.62,10000.0,2,0,1,0,0
1,1,0,19.0,0.0,77.62,10000.0,2,0,1,0,0
0,0,1,18.0,0.0,82.63,10000.0,2,0,0,0,0
1,0,1,18.0,0.0,82.63,10000.0,2,0,0,0,0
0,0,1,18.1,0.0,86.65,9400.0,2,0,0,0,0
1,0,1,18.1,0.0,86.65,9400.0,2,0,0,0,0
0,0,1,14.0,0.0,93.7,8000.0,1,0,0,0,0
1,0,1,14.0,0.0,93.7,8000.0,1,0,0,0,0
0,0,1,15.0,0.0,89.26,8000.0,1,0,1,0,0
1,1,1,15.0,0.0,89.26,8000.0,1,0,1,0,0
0,1,1,15.0,0.0,89.26,8000.0,1,0,1,0,0
1,1,1,15.0,0.0,89.26,8000.0,1,0,1,0,0
0,0,1,17.1,0.0,80.65,8400.0,1,0,0,0,0
1,0,1,17.1,0.0,80.65,8400.0,1,0,0,0,0
0,0,2,19.0,0.0,77.62,6000.0,1,0,0,0,0
1,0,2,19.0,0.0,77.62,6000.0,1,0,0,0,0
0,0,2,22.0,0.0,68.77,6000.0,1,0,0,0,0
1,0,2,22.0,0.0,68.77,6000.0,1,0,0,0,0
0,1,1,22.4,0.0,67.17,8800.0,1,0,1,0,0
1,0,1,22.4,0.0,67.17,8800.0,1,0,1,0,0
0,1,2,22.0,0.0,68.77,5000.0,1,0,1,0,0
1,0,2,22.0,0.0,68.77,5000.0,1,0,1,0,0
0,0,2,20.0,0.0,77.77,7000.0,1,0,0,0,0
1,0,2,20.0,0.0,77.77,7000.0,1,0,0,0,0
0,0,1,18.8,0.0,85.95,9700.0,1,0,0,0,0
1,0,1,18.8,0.0,85.95,9700.0,1,0,0,0,0
0,0,1,12.0,0.2,93.6,9000.0,0,0,0,1,0
1,0,1,12.0,0.2,93.6,9000.0,0,0,0,1,0
0,1,1,12.0,0.0,91.71,10100.0,0,0,1,0,0
1,1,1,12.0,0.0,91.71,10100.0,0,0,1,0,0
0,1,1,12.0,0.0,91.71,10100.0,0,0,1,0,0
1,1,1,12.0,0.0,91.71,10100.0,0,0,1,0,0
0,0,1,12.4,0.0,94.43,9100.0,0,0,0,0,0
1,0,1,12.4,0.0,94.43,9100.0,0,0,0,0,0
0,0,1,13.0,0.0,87.66,7000.0,0,0,0,0,0
1,0,1,13.0,0.0,87.66,7000.0,0,0,0,0,0
0,0,1,14.0,0.0,87.75,8000.0,0,0,0,0,0
1,0,1,14.0,0.0,87.75,8000.0,0,0,0,0,0
0,0,1,15.4,0.0,80.91,10000.0,0,0,1,0,0
1,0,1,15.4,0.0,80.91,10000.0,0,0,1,0,0
0,1,1,15.0,0.0,82.26,10000.0,0,0,1,0,0
1,0,1,15.0,0.0,82.26,10000.0,0,0,1,0,0
0,0,1,14.0,0.0,93.7,8000.0,0,0,0,0,0
1,0,1,14.0,0.0,93.7,8000.0,0,0,0,0,0
0,0,1,14.7,0.0,87.67,9100.0,0,0,0,0,0
1,0,1,14.7,0.0,87.67,9100.0,0,0,0,0,0
0,0,3,19.0,0.9,88.19,7000.0,6,0,0,1,0
1,0,3,19.0,0.9,88.19,7000.0,6,0,0,1,0
0,0,1,16.5,0.1,95.86,4400.0,6,0,1,1,1
1,0,1,16.5,0.1,95.86,4400.0,6,0,1,1,1
0,0,1,16.5,0.1,95.86,4400.0,6,0,1,1,1
1,0,1,16.5,0.1,95.86,4400.0,6,0,1,1,1
0,0,3,15.4,0.7,92.06,10000.0,6,0,0,1,0
1,0,3,15.4,0.7,92.06,10000.0,6,0,0,1,0
0,0,1,14.4,0.2,86.63,10000.0,6,0,0,1,0
1,0,1,14.4,0.2,86.63,10000.0,6,0,0,1,0
0,0,1,13.0,0.2,93.65,8000.0,6,0,0,1,0
1,0,1,13.0,0.2,93.65,8000.0,6,0,0,1,0
0,1,3,13.4,0.4,92.84,9700.0,6,0,1,1,1
1,0,3,13.4,0.4,92.84,9700.0,6,0,1,1,1
0,1,1,13.0,0.2,93.65,6000.0,6,0,1,1,1
1,1,1,13.0,0.2,93.65,6000.0,6,0,1,1,1
0,0,1,13.0,0.1,87.66,10000.0,6,0,0,1,0
1,0,1,13.0,0.1,87.66,10000.0,6,0,0,1,0
0,0,3,12.4,0.4,93.21,9700.0,6,0,0,1,0
1,0,3,12.4,0.4,93.21,9700.0,6,0,0,1,0
0,0,2,21.0,0.0,88.35,6000.0,5,0,0,0,0
1,0,2,21.0,0.0,88.35,6000.0,5,0,0,0,0
0,0,1,21.1,0.0,92.84,7700.0,5,0,1,0,0
1,0,1,21.1,0.0,92.84,7700.0,5,0,1,0,0
0,0,1,21.1,0.0,92.84,7700.0,5,0,1,0,0
1,0,1,21.1,0.0,92.84,7700.0,5,0,1,0,0
0,1,3,21.7,0.3,91.76,10300.0,5,0,0,1,0
1,0,3,21.7,0.3,91.76,10300.0,5,0,0,1,0
0,1,1,23.0,0.1,83.22,5000.0,5,0,0,1,0
1,0,1,23.0,0.1,83.22,5000.0,5,0,0,1,0
0,1,1,25.0,0.1,69.36,10000.0,5,0,0,1,0
1,0,1,25.0,0.1,69.36,10000.0,5,0,0,1,0
0,1,2,24.4,0.0,74.23,10200.0,5,0,1,0,0
1,0,2,24.4,0.0,74.23,10200.0,5,0,1,0,0
0,1,1,24.0,0.0,73.63,10000.0,5,0,1,0,0
1,1,1,24.0,0.0,73.63,10000.0,5,0,1,0,0
0,0,1,23.0,0.0,78.21,10000.0,5,0,0,0,0
1,0,1,23.0,0.0,78.21,10000.0,5,0,0,0,0
0,0,1,21.7,0.0,86.21,9100.0,5,0,0,0,0
1,0,1,21.7,0.0,86.21,9100.0,5,0,0,0,0
0,0,1,20.0,0.1,93.97,3000.0,4,0,0,1,0
1,0,1,20.0,0.1,93.97,3000.0,4,0,0,1,0
0,0,1,20.1,0.0,92.46,3200.0,4,0,1,0,0
1,0,1,20.1,0.0,92.46,3200.0,4,0,1,0,0
0,0,1,20.1,0.0,92.46,3200.0,4,0,1,0,0
1,0,1,20.1,0.0,92.46,3200.0,4,0,1,0,0
0,0,1,21.2,0.1,90.83,7400.0,4,0,0,1,0
1,0,1,21.2,0.1,90.83,7400.0,4,0,0,1,0
0,0,1,23.0,0.1,83.22,1000.0,4,0,0,1,0
1,0,1,23.0,0.1,83.22,1000.0,4,0,0,1,0
0,0,1,25.0,0.0,73.8,3000.0,4,0,0,0,0
1,0,1,25.0,0.0,73.8,3000.0,4,0,0,0,0
0,1,1,25.0,0.1,74.11,8300.0,4,0,1,1,1
1,0,1,25.0,0.1,74.11,8300.0,4,0,1,1,1
0,1,1,24.0,0.1,78.35,10000.0,4,0,1,1,1
1,1,1,24.0,0.1,78.35,10000.0,4,0,1,1,1
0,0,2,23.0,0.0,83.22,10000.0,4,0,0,0,0
1,0,2,23.0,0.0,83.22,10000.0,4,0,0,0,0
0,0,1,22.1,0.0,94.08,9400.0,4,0,0,0,0
1,0,1,22.1,0.0,94.08,9400.0,4,0,0,0,0
0,0,1,19.0,0.0,88.19,5000.0,3,0,0,0,0
1,0,1,19.0,0.0,88.19,5000.0,3,0,0,0,0
0,0,1,18.7,0.1,91.12,2800.0,3,0,1,1,1
1,0,1,18.7,0.1,91.12,2800.0,3,0,1,1,1
0,1,1,18.7,0.1,91.12,2800.0,3,0,1,1,1
1,1,1,18.7,0.1,91.12,2800.0,3,0,1,1,1
0,0,1,19.8,0.1,90.26,7500.0,3,0,0,1,0
1,0,1,19.8,0.1,90.26,7500.0,3,0,0,1,0
0,0,1,22.0,0.0,78.06,2000.0,3,0,0,0,0
1,0,1,22.0,0.0,78.06,2000.0,3,0,0,0,0
0,0,1,22.0,0.0,78.06,2000.0,3,0,0,0,0
1,0,1,22.0,0.0,78.06,2000.0,3,0,0,0,0
0,0,1,23.4,0.0,73.85,7800.0,3,0,1,0,0
1,0,1,23.4,0.0,73.85,7800.0,3,0,1,0,0
0,1,1,22.0,0.0,78.06,3000.0,3,0,1,0,0
1,1,1,22.0,0.0,78.06,3000.0,3,0,1,0,0
0,0,1,21.0,0.0,82.99,4000.0,3,0,0,0,0
1,0,1,21.0,0.0,82.99,4000.0,3,0,0,0,0
0,0,1,21.1,0.0,85.6,8100.0,3,0,0,0,0
1,0,1,21.1,0.0,85.6,8100.0,3,0,0,0,0
0,0,1,17.0,0.0,88.01,5000.0,2,0,0,0,0
1,0,1,17.0,0.0,88.01,5000.0,2,0,0,0,0
0,0,1,17.1,0.0,87.15,8300.0,2,0,1,0,0
1,1,1,17.1,0.0,87.15,8300.0,2,0,1,0,0
0,1,1,17.1,0.0,87.15,8300.0,2,0,1,0,0
1,1,1,17.1,0.0,87.15,8300.0,2,0,1,0,0
0,0,1,18.8,0.0,86.06,8000.0,2,0,0,0,0
1,0,1,18.8,0.0,86.06,8000.0,2,0,0,0,0
0,0,1,21.0,0.0,73.11,4000.0,2,0,0,0,0
1,0,1,21.0,0.0,73.11,4000.0,2,0,0,0,0
0,0,1,22.0,0.0,68.77,5000.0,2,0,0,0,0
1,0,1,22.0,0.0,68.77,5000.0,2,0,0,0,0
0,0,1,22.1,0.0,70.52,8600.0,2,0,1,0,0
1,0,1,22.1,0.0,70.52,8600.0,2,0,1,0,0
0,1,1,21.0,0.0,73.11,5000.0,2,0,1,0,0
1,1,1,21.0,0.0,73.11,5000.0,2,0,1,0,0
0,0,1,20.0,0.0,77.77,5000.0,2,0,0,0,0
1,0,1,20.0,0.0,77.77,5000.0,2,0,0,0,0
0,0,1,20.7,0.0,81.57,8100.0,2,0,0,0,0
1,0,1,20.7,0.0,81.57,8100.0,2,0,0,0,0
0,0,0,13.0,0.0,93.65,5000.0,1,0,0,0,0
1,0,0,13.0,0.0,93.65,5000.0,1,0,0,0,0
0,0,2,14.5,0.0,94.33,4400.0,1,0,1,0,0
1,1,2,14.5,0.0,94.33,4400.0,1,0,1,0,0
0,1,2,14.5,0.0,94.33,4400.0,1,0,1,0,0
1,1,2,14.5,0.0,94.33,4400.0,1,0,1,0,0
0,0,1,17.2,0.0,75.34,9400.0,1,0,0,0,0
1,0,1,17.2,0.0,75.34,9400.0,1,0,0,0,0
0,0,2,19.0,0.0,59.76,9000.0,1,0,0,0,0
1,0,2,19.0,0.0,59.76,9000.0,1,0,0,0,0
0,0,1,20.0,0.0,60.0,6000.0,1,0,0,0,0
1,0,1,20.0,0.0,60.0,6000.0,1,0,0,0,0
0,1,1,20.7,0.0,60.92,8400.0,1,0,1,0,0
1,0,1,20.7,0.0,60.92,8400.0,1,0,1,0,0
0,1,1,20.0,0.0,64.07,5000.0,1,0,1,0,0
1,0,1,20.0,0.0,64.07,5000.0,1,0,1,0,0
0,0,1,19.0,0.0,68.18,6000.0,1,0,0,0,0
1,0,1,19.0,0.0,68.18,6000.0,1,0,0,0,0
0,0,1,18.4,0.0,77.78,8400.0,1,0,0,0,0
1,0,1,18.4,0.0,77.78,8400.0,1,0,0,0,0
0,0,1,17.0,0.0,72.4,10000.0,0,0,0,0,0
1,0,1,17.0,0.0,72.4,10000.0,0,0,0,0,0
0,1,1,17.1,0.0,69.49,9300.0,0,0,1,0,0
1,1,1,17.1,0.0,69.49,9300.0,0,0,1,0,0
0,1,1,17.1,0.0,69.49,9300.0,0,0,1,0,0
1,1,1,17.1,0.0,69.49,9300.0,0,0,1,0,0
0,0,1,16.8,0.0,68.52,10000.0,0,0,0,0,0
1,0,1,16.8,0.0,68.52,10000.0,0,0,0,0,0
0,0,1,18.0,0.0,63.63,10000.0,0,0,0,0,0
1,0,1,18.0,0.0,63.63,10000.0,0,0,0,0,0
0,0,0,18.0,0.0,67.97,10000.0,0,0,0,0,0
1,0,0,18.0,0.0,67.97,10000.0,0,0,0,0,0
0,0,2,18.8,0.0,61.71,10200.0,0,0,1,0,0
1,0,2,18.8,0.0,61.71,10200.0,0,0,1,0,0
0,1,1,18.0,0.0,67.97,10000.0,0,0,1,0,0
1,1,1,18.0,0.0,67.97,10000.0,0,0,1,0,0
0,0,0,15.0,0.0,87.84,6000.0,0,0,0,0,0
1,0,0,15.0,0.0,87.84,6000.0,0,0,0,0,0
0,0,0,15.1,0.0,89.54,8400.0,0,0,0,0,0
1,0,0,15.1,0.0,89.54,8400.0,0,0,0,0,0
0,0,1,17.0,0.0,72.4,10000.0,6,0,0,0,0
1,0,1,17.0,0.0,72.4,10000.0,6,0,0,0,0
0,0,1,17.1,0.0,69.51,10200.0,6,0,1,0,0
1,0,1,17.1,0.0,69.51,10200.0,6,0,1,0,0
0,0,1,17.1,0.0,69.51,10200.0,6,0,1,0,0
1,0,1,17.1,0.0,69.51,10200.0,6,0,1,0,0
0,0,1,17.1,0.0,71.4,10000.0,6,0,0,0,0
1,0,1,17.1,0.0,71.4,10000.0,6,0,0,0,0
0,0,1,19.0,0.0,63.85,10000.0,6,0,0,0,0
1,0,1,19.0,0.0,63.85,10000.0,6,0,0,0,0
0,0,2,21.0,0.0,56.41,10000.0,6,0,0,0,0
1,0,2,21.0,0.0,56.41,10000.0,6,0,0,0,0
0,1,2,21.1,0.0,59.11,10000.0,6,0,1,0,0
1,0,2,21.1,0.0,59.11,10000.0,6,0,1,0,0
0,1,2,19.0,0.0,63.85,10000.0,6,0,1,0,0
1,1,2,19.0,0.0,63.85,10000.0,6,0,1,0,0
0,0,1,18.0,0.0,72.58,9000.0,6,0,0,0,0
1,0,1,18.0,0.0,72.58,9000.0,6,0,0,0,0
0,0,1,18.8,0.0,76.81,9700.0,6,0,0,0,0
1,0,1,18.8,0.0,76.81,9700.0,6,0,0,0,0
0,0,2,19.0,0.0,93.93,4000.0,5,0,0,0,0
1,0,2,19.0,0.0,93.93,4000.0,5,0,0,0,0
0,0,1,19.4,0.0,94.67,3800.0,5,0,1,0,0
1,0,1,19.4,0.0,94.67,3800.0,5,0,1,0,0
0,0,1,19.4,0.0,94.67,3800.0,5,0,1,0,0
1,0,1,19.4,0.0,94.67,3800.0,5,0,1,0,0
0,1,1,20.7,0.0,87.34,8300.0,5,0,0,0,0
1,0,1,20.7,0.0,87.34,8300.0,5,0,0,0,0
0,1,1,20.0,0.0,72.94,10000.0,5,0,0,0,0
1,0,1,20.0,0.0,72.94,10000.0,5,0,0,0,0
0,1,1,21.0,0.0,60.24,10000.0,5,0,0,0,0
1,0,1,21.0,0.0,60.24,10000.0,5,0,0,0,0
0,1,1,20.5,0.0,63.47,10200.0,5,0,1,0,0
1,1,1,20.5,0.0,63.47,10200.0,5,0,1,0,0
0,1,1,20.0,0.0,68.38,10000.0,5,0,1,0,0
1,1,1,20.0,0.0,68.38,10000.0,5,0,1,0,0
0,0,1,19.0,0.0,68.18,10000.0,5,0,0,0,0
1,0,1,19.0,0.0,68.18,10000.0,5,0,0,0,0
0,0,1,19.4,0.0,66.7,10000.0,5,0,0,0,0
1,0,1,19.4,0.0,66.7,10000.0,5,0,0,0,0
0,0,2,19.0,0.0,100.0,4000.0,4,0,0,0,0
1,0,2,19.0,0.0,100.0,4000.0,4,0,0,0,0
0,0,1,20.0,0.0,93.28,8500.0,4,0,1,0,0
1,0,1,20.0,0.0,93.28,8500.0,4,0,1,0,0
0,0,1,20.0,0.0,93.28,8500.0,4,0,1,0,0
1,0,1,20.0,0.0,93.28,8500.0,4,0,1,0,0
0,0,2,22.4,0.1,86.39,10200.0,4,0,0,1,0
1,0,2,22.4,0.1,86.39,10200.0,4,0,0,1,0
0,0,1,24.0,0.2,73.63,10000.0,4,0,0,1,0
1,0,1,24.0,0.2,73.63,10000.0,4,0,0,1,0
0,0,1,25.0,0.1,69.36,10000.0,4,0,0,1,0
1,0,1,25.0,0.1,69.36,10000.0,4,0,0,1,0
0,1,1,24.1,0.1,73.74,10200.0,4,0,1,1,1
1,0,1,24.1,0.1,73.74,10200.0,4,0,1,1,1
0,1,2,24.0,0.0,73.63,10000.0,4,0,1,0,0
1,1,2,24.0,0.0,73.63,10000.0,4,0,1,0,0
0,0,2,21.0,0.0,88.35,10000.0,4,0,0,0,0
1,0,2,21.0,0.0,88.35,10000.0,4,0,0,0,0
0,0,0,20.4,0.0,89.5,8800.0,4,0,0,0,0
1,0,0,20.4,0.0,89.5,8800.0,4,0,0,0,0
0,0,1,17.0,0.0,93.84,3000.0,3,0,0,0,0
1,0,1,17.0,0.0,93.84,3000.0,3,0,0,0,0
0,0,1,17.4,0.0,93.83,7400.0,3,0,1,0,0
1,0,1,17.4,0.0,93.83,7400.0,3,0,1,0,0
0,1,1,17.4,0.0,93.83,7400.0,3,0,1,0,0
1,1,1,17.4,0.0,93.83,7400.0,3,0,1,0,0
0,0,1,19.7,0.0,84.83,8000.0,3,0,0,0,0
1,0,1,19.7,0.0,84.83,8000.0,3,0,0,0,0
0,0,1,22.0,0.0,73.29,5000.0,3,0,0,0,0
1,0,1,22.0,0.0,73.29,5000.0,3,0,0,0,0
0,0,2,24.3,0.0,64.99,10000.0,3,0,0,0,0
1,0,2,24.3,0.0,64.99,10000.0,3,0,0,0,0
0,0,2,24.8,0.0,62.55,10200.0,3,0,1,0,0
1,0,2,24.8,0.0,62.55,10200.0,3,0,1,0,0
0,1,2,24.0,0.0,64.93,10000.0,3,0,1,0,0
1,1,2,24.0,0.0,64.93,10000.0,3,0,1,0,0
0,0,2,22.0,0.0,78.06,10000.0,3,0,0,0,0
1,0,2,22.0,0.0,78.06,10000.0,3,0,0,0,0
0,0,1,21.4,0.0,83.53,10000.0,3,0,0,0,0
1,0,1,21.4,0.0,83.53,10000.0,3,0,0,0,0
0,0,0,17.0,0.0,88.01,8000.0,2,0,0,0,0
1,0,0,17.0,0.0,88.01,8000.0,2,0,0,0,0
0,0,1,17.1,0.0,88.04,8600.0,2,0,1,0,0
1,1,1,17.1,0.0,88.04,8600.0,2,0,1,0,0
0,1,1,17.1,0.0,88.04,8600.0,2,0,1,0,0
1,1,1,17.1,0.0,88.04,8600.0,2,0,1,0,0
0,0,2,21.0,0.0,69.18,9700.0,2,0,0,0,0
1,0,2,21.0,0.0,69.18,9700.0,2,0,0,0,0
0,0,2,23.0,0.0,64.72,8000.0,2,0,0,0,0
1,0,2,23.0,0.0,64.72,8000.0,2,0,0,0,0
0,0,1,24.0,0.0,57.15,10000.0,2,0,0,0,0
1,0,1,24.0,0.0,57.15,10000.0,2,0,0,0,0
0,0,0,23.1,0.0,62.59,9000.0,2,0,1,0,0
1,0,0,23.1,0.0,62.59,9000.0,2,0,1,0,0
0,1,2,23.0,0.0,60.7,8000.0,2,0,1,0,0
1,1,2,23.0,0.0,60.7,8000.0,2,0,1,0,0
0,0,0,20.0,0.0,72.94,7000.0,2,0,0,0,0
1,0,0,20.0,0.0,72.94,7000.0,2,0,0,0,0
0,0,0,18.4,0.0,85.7,9100.0,2,0,0,0,0
1,0,0,18.4,0.0,85.7,9100.0,2,0,0,0,0
0,0,0,16.0,0.0,100.0,3000.0,1,0,0,0,0
1,0,0,16.0,0.0,100.0,3000.0,1,0,0,0,0
0,0,1,16.7,0.0,96.14,3100.0,1,0,1,0,0
1,1,1,16.7,0.0,96.14,3100.0,1,0,1,0,0
0,1,1,16.7,0.0,96.14,3100.0,1,0,1,0,0
1,1,1,16.7,0.0,96.14,3100.0,1,0,1,0,0
0,0,1,20.5,0.0,79.35,8300.0,1,0,0,0,0
1,0,1,20.5,0.0,79.35,8300.0,1,0,0,0,0
0,0,1,23.0,0.0,68.97,5000.0,1,0,0,0,0
1,0,1,23.0,0.0,68.97,5000.0,1,0,0,0,0
0,0,1,23.0,0.0,64.72,6000.0,1,0,0,0,0
1,0,1,23.0,0.0,64.72,6000.0,1,0,0,0,0
0,1,1,23.0,0.0,67.84,8600.0,1,0,1,0,0
1,0,1,23.0,0.0,67.84,8600.0,1,0,1,0,0
0,1,0,22.0,0.0,73.29,5000.0,1,0,1,0,0
1,0,0,22.0,0.0,73.29,5000.0,1,0,1,0,0
0,0,0,20.0,0.0,82.87,4000.0,1,0,0,0,0
1,0,0,20.0,0.0,82.87,4000.0,1,0,0,0,0
0,0,1,18.4,0.0,90.3,8100.0,1,0,0,0,0
1,0,1,18.4,0.0,90.3,8100.0,1,0,0,0,0
0,0,1,16.0,0.0,93.79,4000.0,0,0,0,0,0
1,0,1,16.0,0.0,93.79,4000.0,0,0,0,0,0
0,1,1,15.7,0.1,94.22,7600.0,0,0,1,1,1
1,1,1,15.7,0.1,94.22,7600.0,0,0,1,1,1
0,1,1,15.7,0.1,94.22,7600.0,0,0,1,1,1
1,1,1,15.7,0.1,94.22,7600.0,0,0,1,1,1
0,0,1,16.8,0.2,91.27,3500.0,0,0,0,1,0
1,0,1,16.8,0.2,91.27,3500.0,0,0,0,1,0
0,0,1,17.0,0.1,93.84,3000.0,0,0,0,1,0
1,0,1,17.0,0.1,93.84,3000.0,0,0,0,1,0
0,0,1,19.0,0.0,82.75,3000.0,0,0,0,0,0
1,0,1,19.0,0.0,82.75,3000.0,0,0,0,0,0
0,0,1,19.7,0.0,78.16,8100.0,0,0,1,0,0
1,0,1,19.7,0.0,78.16,8100.0,0,0,1,0,0
0,1,2,19.0,0.0,82.75,5000.0,0,0,1,0,0
1,1,2,19.0,0.0,82.75,5000.0,0,0,1,0,0
0,0,2,18.0,0.0,88.1,5000.0,0,0,0,0,0
1,0,2,18.0,0.0,88.1,5000.0,0,0,0,0,0
0,0,1,18.0,0.0,88.56,8100.0,0,0,0,0,0
1,0,1,18.0,0.0,88.56,8100.0,0,0,0,0,0
0,0,1,13.0,0.1,93.65,4000.0,6,0,0,1,0
1,0,1,13.0,0.1,93.65,4000.0,6,0,0,1,0
0,0,1,13.4,0.0,94.5,3400.0,6,0,1,0,0
1,0,1,13.4,0.0,94.5,3400.0,6,0,1,0,0
0,0,1,13.4,0.0,94.5,3400.0,6,0,1,0,0
1,0,1,13.4,0.0,94.5,3400.0,6,0,1,0,0
0,0,1,15.1,0.0,92.14,3400.0,6,0,0,0,0
1,0,1,15.1,0.0,92.14,3400.0,6,0,0,0,0
0,0,1,16.0,0.0,87.93,2000.0,6,0,0,0,0
1,0,1,16.0,0.0,87.93,2000.0,6,0,0,0,0
0,0,1,17.0,0.0,88.01,3000.0,6,0,0,0,0
1,0,1,17.0,0.0,88.01,3000.0,6,0,0,0,0
0,1,1,17.2,0.0,84.79,3500.0,6,0,1,0,0
1,0,1,17.2,0.0,84.79,3500.0,6,0,1,0,0
0,1,1,16.0,0.0,93.79,3000.0,6,0,1,0,0
1,1,1,16.0,0.0,93.79,3000.0,6,0,1,0,0
0,0,1,16.0,0.0,93.79,3000.0,6,0,0,0,0
1,0,1,16.0,0.0,93.79,3000.0,6,0,0,0,0
0,0,1,16.1,0.0,88.4,4100.0,6,0,0,0,0
1,0,1,16.1,0.0,88.4,4100.0,6,0,0,0,0
0,0,1,11.0,0.0,93.55,5000.0,5,0,0,0,0
1,0,1,11.0,0.0,93.55,5000.0,5,0,0,0,0
0,0,1,11.4,0.0,94.18,8600.0,5,0,1,0,0
1,0,1,11.4,0.0,94.18,8600.0,5,0,1,0,0
0,0,1,11.4,0.0,94.18,8600.0,5,0,1,0,0
1,0,1,11.4,0.0,94.18,8600.0,5,0,1,0,0
0,1,1,12.4,0.0,87.73,9600.0,5,0,0,0,0
1,0,1,12.4,0.0,87.73,9600.0,5,0,0,0,0
0,1,1,13.0,0.0,82.01,10000.0,5,0,0,0,0
1,0,1,13.0,0.0,82.01,10000.0,5,0,0,0,0
0,1,1,14.0,0.0,82.14,10000.0,5,0,0,0,0
1,0,1,14.0,0.0,82.14,10000.0,5,0,0,0,0
0,1,1,14.0,0.0,81.58,9400.0,5,0,1,0,0
1,1,1,14.0,0.0,81.58,9400.0,5,0,1,0,0
0,1,1,14.0,0.0,82.14,7000.0,5,0,1,0,0
1,1,1,14.0,0.0,82.14,7000.0,5,0,1,0,0
0,0,1,13.0,0.0,93.65,7000.0,5,0,0,0,0
1,0,1,13.0,0.0,93.65,7000.0,5,0,0,0,0
0,0,1,13.4,0.0,87.78,8800.0,5,0,0,0,0
1,0,1,13.4,0.0,87.78,8800.0,5,0,0,0,0
0,0,1,11.0,0.0,76.36,10000.0,4,0,0,0,0
1,0,1,11.0,0.0,76.36,10000.0,4,0,0,0,0
0,0,1,11.0,0.0,75.75,10200.0,4,0,1,0,0
1,0,1,11.0,0.0,75.75,10200.0,4,0,1,0,0
0,0,1,11.0,0.0,75.75,10200.0,4,0,1,0,0
1,0,1,11.0,0.0,75.75,10200.0,4,0,1,0,0
0,0,1,12.4,0.0,67.6,10000.0,4,0,0,0,0
1,0,1,12.4,0.0,67.6,10000.0,4,0,0,0,0
0,0,1,13.0,0.0,66.93,10000.0,4,0,0,0,0
1,0,1,13.0,0.0,66.93,10000.0,4,0,0,0,0
0,0,1,14.0,0.0,67.15,10000.0,4,0,0,0,0
1,0,1,14.0,0.0,67.15,10000.0,4,0,0,0,0
0,1,1,14.4,0.0,64.34,10000.0,4,0,1,0,0
1,0,1,14.4,0.0,64.34,10000.0,4,0,1,0,0
0,1,1,14.0,0.0,62.72,10000.0,4,0,1,0,0
1,1,1,14.0,0.0,62.72,10000.0,4,0,1,0,0
0,0,1,13.0,0.0,71.66,10000.0,4,0,0,0,0
1,0,1,13.0,0.0,71.66,10000.0,4,0,0,0,0
0,0,1,13.4,0.0,74.17,9400.0,4,0,0,0,0
1,0,1,13.4,0.0,74.17,9400.0,4,0,0,0,0
0,0,1,10.0,0.2,93.5,10000.0,3,0,0,1,0
1,0,1,10.0,0.2,93.5,10000.0,3,0,0,1,0
0,0,3,10.7,0.3,84.03,10200.0,3,0,1,1,1
1,0,3,10.7,0.3,84.03,10200.0,3,0,1,1,1
0,1,3,10.7,0.3,84.03,10200.0,3,0,1,1,1
1,1,3,10.7,0.3,84.03,10200.0,3,0,1,1,1
0,0,1,10.4,0.1,87.82,6000.0,3,0,0,1,0
1,0,1,10.4,0.1,87.82,6000.0,3,0,0,1,0
0,0,1,12.0,0.0,71.47,10000.0,3,0,0,0,0
1,0,1,12.0,0.0,71.47,10000.0,3,0,0,0,0
0,0,1,13.0,0.0,66.93,10000.0,3,0,0,0,0
1,0,1,13.0,0.0,66.93,10000.0,3,0,0,0,0
0,0,1,12.7,0.0,70.15,10000.0,3,0,1,0,0
1,0,1,12.7,0.0,70.15,10000.0,3,0,1,0,0
0,1,1,12.0,0.0,71.47,10000.0,3,0,1,0,0
1,1,1,12.0,0.0,71.47,10000.0,3,0,1,0,0
0,0,1,12.0,0.0,71.47,10000.0,3,0,0,0,0
1,0,1,12.0,0.0,71.47,10000.0,3,0,0,0,0
0,0,1,12.0,0.0,68.49,10000.0,3,0,0,0,0
1,0,1,12.0,0.0,68.49,10000.0,3,0,0,0,0
0,0,1,20.0,0.1,88.27,7000.0,2,0,0,1,0
1,0,1,20.0,0.1,88.27,7000.0,2,0,0,1,0
0,0,1,19.4,0.0,84.5,10200.0,2,0,1,0,0
1,1,1,19.4,0.0,84.5,10200.0,2,0,1,0,0
0,1,1,19.4,0.0,84.5,10200.0,2,0,1,0,0
1,1,1,19.4,0.0,84.5,10200.0,2,0,1,0,0
0,0,1,18.1,0.1,78.26,10000.0,2,0,0,1,0
1,0,1,18.1,0.1,78.26,10000.0,2,0,0,1,0
0,0,1,15.0,0.1,82.26,10000.0,2,0,0,1,0
1,0,1,15.0,0.1,82.26,10000.0,2,0,0,1,0
0,0,1,14.0,0.0,82.14,10000.0,2,0,0,0,0
1,0,1,14.0,0.0,82.14,10000.0,2,0,0,0,0
0,0,1,14.4,0.0,82.73,10000.0,2,0,1,0,0
1,0,1,14.4,0.0,82.73,10000.0,2,0,1,0,0
0,1,1,14.0,0.0,76.84,10000.0,2,0,1,0,0
1,1,1,14.0,0.0,76.84,10000.0,2,0,1,0,0
0,0,1,13.0,0.0,82.01,10000.0,2,0,0,0,0
1,0,1,13.0,0.0,82.01,10000.0,2,0,0,0,0
0,0,1,12.5,0.0,87.65,10000.0,2,0,0,0,0
1,0,1,12.5,0.0,87.65,10000.0,2,0,0,0,0
0,0,1,20.0,0.0,100.0,3000.0,1,0,0,0,0
1,0,1,20.0,0.0,100.0,3000.0,1,0,0,0,0
0,0,3,20.4,0.5,96.55,7300.0,1,0,1,1,1
1,1,3,20.4,0.5,96.55,7300.0,1,0,1,1,1
0,1,3,20.4,0.5,96.55,7300.0,1,0,1,1,1
1,1,3,20.4,0.5,96.55,7300.0,1,0,1,1,1
0,0,3,23.8,0.3,81.33,8100.0,1,0,0,1,0
1,0,3,23.8,0.3,81.33,8100.0,1,0,0,1,0
0,0,3,24.0,0.3,78.35,8000.0,1,0,0,1,0
1,0,3,24.0,0.3,78.35,8000.0,1,0,0,1,0
0,0,1,25.0,0.1,69.36,10000.0,1,0,0,1,0
1,0,1,25.0,0.1,69.36,10000.0,1,0,0,1,0
0,1,2,24.0,0.1,77.05,10000.0,1,0,1,1,1
1,0,2,24.0,0.1,77.05,10000.0,1,0,1,1,1
0,1,0,24.0,0.0,73.63,10000.0,1,0,1,0,0
1,0,0,24.0,0.0,73.63,10000.0,1,0,1,0,0
0,0,2,22.0,0.0,83.11,10000.0,1,0,0,0,0
1,0,2,22.0,0.0,83.11,10000.0,1,0,0,0,0
0,0,3,21.0,0.8,88.76,9400.0,1,0,0,1,0
1,0,3,21.0,0.8,88.76,9400.0,1,0,0,1,0
0,0,2,20.0,0.0,88.27,4000.0,0,0,0,0,0
1,0,2,20.0,0.0,88.27,4000.0,0,0,0,0,0
0,1,1,20.1,0.0,92.87,7900.0,0,0,1,0,0
1,1,1,20.1,0.0,92.87,7900.0,0,0,1,0,0
0,1,1,20.1,0.0,92.87,7900.0,0,0,1,0,0
1,1,1,20.1,0.0,92.87,7900.0,0,0,1,0,0
0,0,1,20.8,0.1,92.88,4100.0,0,0,0,1,0
1,0,1,20.8,0.1,92.88,4100.0,0,0,0,1,0
0,0,3,23.0,0.3,78.21,6000.0,0,0,0,1,0
1,0,3,23.0,0.3,78.21,6000.0,0,0,0,1,0
0,0,2,24.0,0.1,73.63,9000.0,0,0,0,1,0
1,0,2,24.0,0.1,73.63,9000.0,0,0,0,1,0
0,0,2,25.0,0.0,72.39,10200.0,0,0,1,0,0
1,0,2,25.0,0.0,72.39,10200.0,0,0,1,0,0
0,1,2,24.0,0.0,73.63,10000.0,0,0,1,0,0
1,1,2,24.0,0.0,73.63,10000.0,0,0,1,0,0
0,0,2,22.0,0.0,83.11,7000.0,0,0,0,0,0
1,0,2,22.0,0.0,83.11,7000.0,0,0,0,0,0
0,0,2,21.0,0.0,92.24,8400.0,0,0,0,0,0
1,0,2,21.0,0.0,92.24,8400.0,0,0,0,0,0
0,0,1,19.0,0.0,93.93,3000.0,6,0,0,0,0
1,0,1,19.0,0.0,93.93,3000.0,6,0,0,0,0
0,0,1,19.5,0.0,94.77,7600.0,6,0,1,0,0
1,0,1,19.5,0.0,94.77,7600.0,6,0,1,0,0
0,0,1,19.5,0.0,94.77,7600.0,6,0,1,0,0
1,0,1,19.5,0.0,94.77,7600.0,6,0,1,0,0
0,0,1,21.1,0.0,89.08,8100.0,6,0,0,0,0
1,0,1,21.1,0.0,89.08,8100.0,6,0,0,0,0
0,0,1,22.0,0.1,83.11,4000.0,6,0,0,1,0
1,0,1,22.0,0.1,83.11,4000.0,6,0,0,1,0
0,0,1,24.0,0.1,73.63,5000.0,6,0,0,1,0
1,0,1,24.0,0.1,73.63,5000.0,6,0,0,1,0
0,1,1,24.4,0.0,73.75,9000.0,6,0,1,0,0
1,0,1,24.4,0.0,73.75,9000.0,6,0,1,0,0
0,1,2,24.0,0.0,73.63,7000.0,6,0,1,0,0
1,1,2,24.0,0.0,73.63,7000.0,6,0,1,0,0
0,0,2,22.0,0.0,78.06,8000.0,6,0,0,0,0
1,0,2,22.0,0.0,78.06,8000.0,6,0,0,0,0
0,0,2,20.7,0.0,89.64,9100.0,6,0,0,0,0
1,0,2,20.7,0.0,89.64,9100.0,6,0,0,0,0
0,0,2,20.0,0.0,93.97,5000.0,5,0,0,0,0
1,0,2,20.0,0.0,93.97,5000.0,5,0,0,0,0
0,0,1,20.1,0.0,96.99,7300.0,5,0,1,0,0
1,0,1,20.1,0.0,96.99,7300.0,5,0,1,0,0
0,0,1,20.1,0.0,96.99,7300.0,5,0,1,0,0
1,0,1,20.1,0.0,96.99,7300.0,5,0,1,0,0
0,1,1,20.5,0.0,95.75,3500.0,5,0,0,0,0
1,0,1,20.5,0.0,95.75,3500.0,5,0,0,0,0
0,1,1,20.0,0.0,93.97,3000.0,5,0,0,0,0
1,0,1,20.0,0.0,93.97,3000.0,5,0,0,0,0
0,1,1,22.0,0.1,83.11,5000.0,5,0,0,1,0
1,0,1,22.0,0.1,83.11,5000.0,5,0,0,1,0
0,1,2,23.1,0.0,80.56,9300.0,5,0,1,0,0
1,1,2,23.1,0.0,80.56,9300.0,5,0,1,0,0
0,1,1,22.0,0.0,83.11,7000.0,5,0,1,0,0
1,1,1,22.0,0.0,83.11,7000.0,5,0,1,0,0
0,0,0,20.0,0.0,93.97,6000.0,5,0,0,0,0
1,0,0,20.0,0.0,93.97,6000.0,5,0,0,0,0
0,0,1,19.8,0.0,90.82,8400.0,5,0,0,0,0
1,0,1,19.8,0.0,90.82,8400.0,5,0,0,0,0
0,0,1,19.0,0.0,88.19,3000.0,4,0,0,0,0
1,0,1,19.0,0.0,88.19,3000.0,4,0,0,0,0
0,0,1,19.4,0.0,94.67,7700.0,4,0,1,0,0
1,0,1,19.4,0.0,94.67,7700.0,4,0,1,0,0
0,0,1,19.4,0.0,94.67,7700.0,4,0,1,0,0
1,0,1,19.4,0.0,94.67,7700.0,4,0,1,0,0
0,0,2,22.0,0.1,82.59,8100.0,4,0,0,1,0
1,0,2,22.0,0.1,82.59,8100.0,4,0,0,1,0
0,0,1,23.0,0.0,73.46,5000.0,4,0,0,0,0
1,0,1,23.0,0.0,73.46,5000.0,4,0,0,0,0
0,0,1,23.0,0.0,78.21,5000.0,4,0,0,0,0
1,0,1,23.0,0.0,78.21,5000.0,4,0,0,0,0
0,1,2,24.2,0.0,70.88,8600.0,4,0,1,0,0
1,0,2,24.2,0.0,70.88,8600.0,4,0,1,0,0
0,1,2,23.0,0.0,78.21,4000.0,4,0,1,0,0
1,1,2,23.0,0.0,78.21,4000.0,4,0,1,0,0
0,0,1,22.0,0.0,83.11,4000.0,4,0,0,0,0
1,0,1,22.0,0.0,83.11,4000.0,4,0,0,0,0
0,0,1,22.0,0.0,84.37,8800.0,4,0,0,0,0
1,0,1,22.0,0.0,84.37,8800.0,4,0,0,0,0
0,0,2,19.0,0.0,82.75,5000.0,3,0,0,0,0
1,0,2,19.0,0.0,82.75,5000.0,3,0,0,0,0
0,0,1,18.4,0.0,90.44,4000.0,3,0,1,0,0
1,0,1,18.4,0.0,90.44,4000.0,3,0,1,0,0
0,1,1,18.4,0.0,90.44,4000.0,3,0,1,0,0
1,1,1,18.4,0.0,90.44,4000.0,3,0,1,0,0
0,0,2,20.0,0.0,81.4,8800.0,3,0,0,0,0
1,0,2,20.0,0.0,81.4,8800.0,3,0,0,0,0
0,0,2,21.0,0.0,68.58,6000.0,3,0,0,0,0
1,0,2,21.0,0.0,68.58,6000.0,3,0,0,0,0
0,0,1,21.0,0.0,68.58,5000.0,3,0,0,0,0
1,0,1,21.0,0.0,68.58,5000.0,3,0,0,0,0
0,0,1,21.8,0.0,72.52,8400.0,3,0,1,0,0
1,0,1,21.8,0.0,72.52,8400.0,3,0,1,0,0
0,1,1,22.0,0.0,68.77,5000.0,3,0,1,0,0
1,1,1,22.0,0.0,68.77,5000.0,3,0,1,0,0
0,0,1,21.0,0.0,77.92,5000.0,3,0,0,0,0
1,0,1,21.0,0.0,77.92,5000.0,3,0,0,0,0
0,0,1,20.3,0.0,86.01,8000.0,3,0,0,0,0
1,0,1,20.3,0.0,86.01,8000.0,3,0,0,0,0
0,0,2,15.0,0.0,87.84,5000.0,2,0,0,0,0
1,0,2,15.0,0.0,87.84,5000.0,2,0,0,0,0
0,0,0,15.4,0.0,90.06,4000.0,2,0,1,0,0
1,1,0,15.4,0.0,90.06,4000.0,2,0,1,0,0
0,1,0,15.4,0.0,90.06,4000.0,2,0,1,0,0
1,1,0,15.4,0.0,90.06,4000.0,2,0,1,0,0
0,0,2,19.8,0.0,77.14,4400.0,2,0,0,0,0
1,0,2,19.8,0.0,77.14,4400.0,2,0,0,0,0
0,0,2,21.0,0.0,68.58,5000.0,2,0,0,0,0
1,0,2,21.0,0.0,68.58,5000.0,2,0,0,0,0
0,0,2,25.0,0.0,50.46,10000.0,2,0,0,0,0
1,0,2,25.0,0.0,50.46,10000.0,2,0,0,0,0
0,0,2,24.7,0.0,54.17,10200.0,2,0,1,0,0
1,0,2,24.7,0.0,54.17,10200.0,2,0,1,0,0
0,1,2,24.0,0.0,53.58,10000.0,2,0,1,0,0
1,1,2,24.0,0.0,53.58,10000.0,2,0,1,0,0
0,0,1,21.0,0.0,73.11,10000.0,2,0,0,0,0
1,0,1,21.0,0.0,73.11,10000.0,2,0,0,0,0
0,0,2,19.3,0.0,84.85,9400.0,2,0,0,0,0
1,0,2,19.3,0.0,84.85,9400.0,2,0,0,0,0
0,0,2,14.0,0.0,93.7,5000.0,1,0,0,0,0
1,0,2,14.0,0.0,93.7,5000.0,1,0,0,0,0
0,0,0,14.4,0.0,95.75,3300.0,1,0,1,0,0
1,1,0,14.4,0.0,95.75,3300.0,1,0,1,0,0
0,1,0,14.4,0.0,95.75,3300.0,1,0,1,0,0
1,1,0,14.4,0.0,95.75,3300.0,1,0,1,0,0
0,0,0,19.4,0.0,72.7,8300.0,1,0,0,0,0
1,0,0,19.4,0.0,72.7,8300.0,1,0,0,0,0
0,0,0,23.0,0.0,49.93,9000.0,1,0,0,0,0
1,0,0,23.0,0.0,49.93,9000.0,1,0,0,0,0
0,0,2,24.0,0.0,44.01,8000.0,1,0,0,0,0
1,0,2,24.0,0.0,44.01,8000.0,1,0,0,0,0
0,1,2,24.4,0.0,44.38,9300.0,1,0,1,0,0
1,0,2,24.4,0.0,44.38,9300.0,1,0,1,0,0
0,1,2,23.0,0.0,49.93,7000.0,1,0,1,0,0
1,0,2,23.0,0.0,49.93,7000.0,1,0,1,0,0
0,0,2,20.0,0.0,56.16,6000.0,1,0,0,0,0
1,0,2,20.0,0.0,56.16,6000.0,1,0,0,0,0
0,0,0,18.4,0.0,76.38,8400.0,1,0,0,0,0
1,0,0,18.4,0.0,76.38,8400.0,1,0,0,0,0
0,0,0,14.0,0.0,82.14,5000.0,0,0,0,0,0
1,0,0,14.0,0.0,82.14,5000.0,0,0,0,0,0
0,1,0,13.1,0.0,93.28,4000.0,0,0,1,0,0
1,1,0,13.1,0.0,93.28,4000.0,0,0,1,0,0
0,1,0,13.1,0.0,93.28,4000.0,0,0,1,0,0
1,1,0,13.1,0.0,93.28,4000.0,0,0,1,0,0
0,0,2,18.7,0.0,71.73,8600.0,0,0,0,0,0
1,0,2,18.7,0.0,71.73,8600.0,0,0,0,0,0
0,0,2,21.0,0.0,56.41,10000.0,0,0,0,0,0
1,0,2,21.0,0.0,56.41,10000.0,0,0,0,0,0
0,0,2,23.0,0.0,53.32,8000.0,0,0,0,0,0
1,0,2,23.0,0.0,53.32,8000.0,0,0,0,0,0
0,0,2,23.0,0.0,54.93,9900.0,0,0,1,0,0
1,0,2,23.0,0.0,54.93,9900.0,0,0,1,0,0
0,1,2,22.0,0.0,56.66,9000.0,0,0,1,0,0
1,1,2,22.0,0.0,56.66,9000.0,0,0,1,0,0
0,0,2,19.0,0.0,68.18,6000.0,0,0,0,0,0
1,0,2,19.0,0.0,68.18,6000.0,0,0,0,0,0
0,0,0,18.0,0.0,83.27,8800.0,0,0,0,0,0
1,0,0,18.0,0.0,83.27,8800.0,0,0,0,0,0
0,0,2,12.0,0.0,87.57,4000.0,6,0,0,0,0
1,0,2,12.0,0.0,87.57,4000.0,6,0,0,0,0
0,0,0,12.8,0.0,93.67,3700.0,6,0,1,0,0
1,0,0,12.8,0.0,93.67,3700.0,6,0,1,0,0
0,0,0,12.8,0.0,93.67,3700.0,6,0,1,0,0
1,0,0,12.8,0.0,93.67,3700.0,6,0,1,0,0
0,0,0,18.8,0.0,60.26,9000.0,6,0,0,0,0
1,0,0,18.8,0.0,60.26,9000.0,6,0,0,0,0
0,0,0,22.0,0.0,37.92,10000.0,6,0,0,0,0
1,0,0,22.0,0.0,37.92,10000.0,6,0,0,0,0
0,0,0,23.0,0.0,35.69,10000.0,6,0,0,0,0
1,0,0,23.0,0.0,35.69,10000.0,6,0,0,0,0
0,1,0,23.0,0.0,35.8,10200.0,6,0,1,0,0
1,0,0,23.0,0.0,35.8,10200.0,6,0,1,0,0
0,1,2,22.0,0.0,35.4,10000.0,6,0,1,0,0
1,1,2,22.0,0.0,35.4,10000.0,6,0,1,0,0
0,0,2,17.0,0.0,63.4,6000.0,6,0,0,0,0
1,0,2,17.0,0.0,63.4,6000.0,6,0,0,0,0
0,0,0,16.3,0.0,68.94,9100.0,6,0,0,0,0
1,0,0,16.3,0.0,68.94,9100.0,6,0,0,0,0
0,0,0,12.0,0.0,81.88,5000.0,5,0,0,0,0
1,0,0,12.0,0.0,81.88,5000.0,5,0,0,0,0
0,0,0,10.1,0.0,95.98,3400.0,5,0,1,0,0
1,0,0,10.1,0.0,95.98,3400.0,5,0,1,0,0
0,0,0,10.1,0.0,95.98,3400.0,5,0,1,0,0
1,0,0,10.1,0.0,95.98,3400.0,5,0,1,0,0
0,1,0,18.1,0.0,63.81,9300.0,5,0,0,0,0
1,0,0,18.1,0.0,63.81,9300.0,5,0,0,0,0
0,1,0,21.0,0.0,43.17,10000.0,5,0,0,0,0
1,0,0,21.0,0.0,43.17,10000.0,5,0,0,0,0
0,1,2,22.0,0.0,43.45,9000.0,5,0,0,0,0
1,0,2,22.0,0.0,43.45,9000.0,5,0,0,0,0
0,1,0,22.0,0.0,43.17,9900.0,5,0,1,0,0
1,1,0,22.0,0.0,43.17,9900.0,5,0,1,0,0
0,1,2,21.0,0.0,46.19,8000.0,5,0,1,0,0
1,1,2,21.0,0.0,46.19,8000.0,5,0,1,0,0
0,0,2,17.0,0.0,67.77,7000.0,5,0,0,0,0
1,0,2,17.0,0.0,67.77,7000.0,5,0,0,0,0
0,0,2,14.7,0.0,77.54,9100.0,5,0,0,0,0
1,0,2,14.7,0.0,77.54,9100.0,5,0,0,0,0
0,0,0,12.0,0.0,81.88,5000.0,4,0,0,0,0
1,0,0,12.0,0.0,81.88,5000.0,4,0,0,0,0
0,0,0,10.1,0.0,96.41,4100.0,4,0,1,0,0
1,0,0,10.1,0.0,96.41,4100.0,4,0,1,0,0
0,0,0,10.1,0.0,96.41,4100.0,4,0,1,0,0
1,0,0,10.1,0.0,96.41,4100.0,4,0,1,0,0
0,0,0,16.5,0.0,67.59,9000.0,4,0,0,0,0
1,0,0,16.5,0.0,67.59,9000.0,4,0,0,0,0
0,0,2,20.0,0.0,49.13,7000.0,4,0,0,0,0
1,0,2,20.0,0.0,49.13,7000.0,4,0,0,0,0
0,0,1,22.0,0.0,40.6,8000.0,4,0,0,0,0
1,0,1,22.0,0.0,40.6,8000.0,4,0,0,0,0
0,1,2,21.4,0.0,40.65,9300.0,4,0,1,0,0
1,0,2,21.4,0.0,40.65,9300.0,4,0,1,0,0
0,1,2,20.0,0.0,45.91,7000.0,4,0,1,0,0
1,1,2,20.0,0.0,45.91,7000.0,4,0,1,0,0
0,0,2,16.0,0.0,67.56,5000.0,4,0,0,0,0
1,0,2,16.0,0.0,67.56,5000.0,4,0,0,0,0
0,0,0,15.8,0.0,69.35,9100.0,4,0,0,0,0
1,0,0,15.8,0.0,69.35,9100.0,4,0,0,0,0
0,0,0,12.0,0.0,81.88,8000.0,3,0,0,0,0
1,0,0,12.0,0.0,81.88,8000.0,3,0,0,0,0
0,0,0,10.0,0.0,92.77,4400.0,3,0,1,0,0
1,0,0,10.0,0.0,92.77,4400.0,3,0,1,0,0
0,1,0,10.0,0.0,92.77,4400.0,3,0,1,0,0
1,1,0,10.0,0.0,92.77,4400.0,3,0,1,0,0
0,0,0,18.0,0.0,51.82,10200.0,3,0,0,0,0
1,0,0,18.0,0.0,51.82,10200.0,3,0,0,0,0
0,0,0,20.0,0.0,37.34,10000.0,3,0,0,0,0
1,0,0,20.0,0.0,37.34,10000.0,3,0,0,0,0
0,0,0,21.0,0.0,37.64,10000.0,3,0,0,0,0
1,0,0,21.0,0.0,37.64,10000.0,3,0,0,0,0
0,0,0,20.4,0.0,37.33,10200.0,3,0,1,0,0
1,0,0,20.4,0.0,37.33,10200.0,3,0,1,0,0
0,1,0,19.0,0.0,48.86,10000.0,3,0,1,0,0
1,1,0,19.0,0.0,48.86,10000.0,3,0,1,0,0
0,0,0,16.0,0.0,63.17,7000.0,3,0,0,0,0
1,0,0,16.0,0.0,63.17,7000.0,3,0,0,0,0
0,0,0,12.7,0.0,82.06,9100.0,3,0,0,0,0
1,0,0,12.7,0.0,82.06,9100.0,3,0,0,0,0
0,0,0,11.0,0.0,93.55,6000.0,2,0,0,0,0
1,0,0,11.0,0.0,93.55,6000.0,2,0,0,0,0
0,0,0,10.0,0.0,93.5,4000.0,2,0,1,0,0
1,1,0,10.0,0.0,93.5,4000.0,2,0,1,0,0
0,1,0,10.0,0.0,93.5,4000.0,2,0,1,0,0
1,1,0,10.0,0.0,93.5,4000.0,2,0,1,0,0
0,0,0,16.7,0.0,49.71,16700.0,2,0,0,0,0
1,0,0,16.7,0.0,49.71,16700.0,2,0,0,0,0
0,0,0,18.0,0.0,42.31,10000.0,2,0,0,0,0
1,0,0,18.0,0.0,42.31,10000.0,2,0,0,0,0
0,0,0,20.0,0.0,40.03,10000.0,2,0,0,0,0
1,0,0,20.0,0.0,40.03,10000.0,2,0,0,0,0
0,0,0,19.4,0.0,41.1,16900.0,2,0,1,0,0
1,0,0,19.4,0.0,41.1,16900.0,2,0,1,0,0
0,1,2,18.0,0.0,48.58,10000.0,2,0,1,0,0
1,1,2,18.0,0.0,48.58,10000.0,2,0,1,0,0
0,0,2,14.0,0.0,71.85,6000.0,2,0,0,0,0
1,0,2,14.0,0.0,71.85,6000.0,2,0,0,0,0
0,0,0,12.7,0.0,84.18,9400.0,2,0,0,0,0
1,0,0,12.7,0.0,84.18,9400.0,2,0,0,0,0
0,0,1,14.0,0.0,71.85,10000.0,1,0,0,0,0
1,0,1,14.0,0.0,71.85,10000.0,1,0,0,0,0
0,0,1,14.0,0.0,71.78,10200.0,1,0,1,0,0
1,1,1,14.0,0.0,71.78,10200.0,1,0,1,0,0
0,1,1,14.0,0.0,71.78,10200.0,1,0,1,0,0
1,1,1,14.0,0.0,71.78,10200.0,1,0,1,0,0
0,0,1,15.0,0.0,66.76,10000.0,1,0,0,0,0
1,0,1,15.0,0.0,66.76,10000.0,1,0,0,0,0
0,0,1,14.0,0.0,62.72,10000.0,1,0,0,0,0
1,0,1,14.0,0.0,62.72,10000.0,1,0,0,0,0
0,0,0,15.0,0.0,58.79,10000.0,1,0,0,0,0
1,0,0,15.0,0.0,58.79,10000.0,1,0,0,0,0
0,1,2,15.1,0.0,55.49,10200.0,1,0,1,0,0
1,0,2,15.1,0.0,55.49,10200.0,1,0,1,0,0
0,1,1,15.0,0.0,62.95,10000.0,1,0,1,0,0
1,0,1,15.0,0.0,62.95,10000.0,1,0,1,0,0
0,0,0,14.0,0.0,76.84,7000.0,1,0,0,0,0
1,0,0,14.0,0.0,76.84,7000.0,1,0,0,0,0
0,0,0,12.0,0.0,89.8,9100.0,1,0,0,0,0
1,0,0,12.0,0.0,89.8,9100.0,1,0,0,0,0
0,0,1,17.0,0.0,93.84,5000.0,0,0,0,0,0
1,0,1,17.0,0.0,93.84,5000.0,0,0,0,0,0
0,1,1,17.4,0.0,86.96,8600.0,0,0,1,0,0
1,1,1,17.4,0.0,86.96,8600.0,0,0,1,0,0
0,1,1,17.4,0.0,86.96,8600.0,0,0,1,0,0
1,1,1,17.4,0.0,86.96,8600.0,0,0,1,0,0
0,0,1,16.8,0.0,77.72,10000.0,0,0,0,0,0
1,0,1,16.8,0.0,77.72,10000.0,0,0,0,0,0
0,0,1,16.0,0.0,77.16,10000.0,0,0,0,0,0
1,0,1,16.0,0.0,77.16,10000.0,0,0,0,0,0
0,0,1,15.0,0.0,72.03,10000.0,0,0,0,0,0
1,0,1,15.0,0.0,72.03,10000.0,0,0,0,0,0
0,0,1,15.0,0.0,71.74,10000.0,0,0,1,0,0
1,0,1,15.0,0.0,71.74,10000.0,0,0,1,0,0
0,1,1,15.0,0.0,67.36,10000.0,0,0,1,0,0
1,1,1,15.0,0.0,67.36,10000.0,0,0,1,0,0
0,0,1,15.0,0.0,67.36,10000.0,0,0,0,0,0
1,0,1,15.0,0.0,67.36,10000.0,0,0,0,0,0
0,0,1,15.0,0.0,67.87,10000.0,0,0,0,0,0
1,0,1,15.0,0.0,67.87,10000.0,0,0,0,0,0
0,0,1,15.0,0.0,87.84,7000.0,6,0,0,0,0
1,0,1,15.0,0.0,87.84,7000.0,6,0,0,0,0
0,0,1,16.2,0.0,82.58,9000.0,6,0,1,0,0
1,0,1,16.2,0.0,82.58,9000.0,6,0,1,0,0
0,0,1,16.2,0.0,82.58,9000.0,6,0,1,0,0
1,0,1,16.2,0.0,82.58,9000.0,6,0,1,0,0
0,0,1,17.8,0.0,73.74,9300.0,6,0,0,0,0
1,0,1,17.8,0.0,73.74,9300.0,6,0,0,0,0
0,0,1,19.0,0.0,72.76,7000.0,6,0,0,0,0
1,0,1,19.0,0.0,72.76,7000.0,6,0,0,0,0
0,0,1,21.0,0.1,68.58,7000.0,6,0,0,1,0
1,0,1,21.0,0.1,68.58,7000.0,6,0,0,1,0
0,1,1,21.8,0.0,70.33,8800.0,6,0,1,0,0
1,0,1,21.8,0.0,70.33,8800.0,6,0,1,0,0
0,1,1,20.0,0.0,77.77,5000.0,6,0,1,0,0
1,1,1,20.0,0.0,77.77,5000.0,6,0,1,0,0
0,0,2,19.0,0.0,82.75,5000.0,6,0,0,0,0
1,0,2,19.0,0.0,82.75,5000.0,6,0,0,0,0
0,0,1,17.5,0.0,90.66,7800.0,6,0,0,0,0
1,0,1,17.5,0.0,90.66,7800.0,6,0,0,0,0
0,0,1,13.0,0.0,82.01,10000.0,5,0,0,0,0
1,0,1,13.0,0.0,82.01,10000.0,5,0,0,0,0
0,0,1,14.2,0.0,79.49,10100.0,5,0,1,0,0
1,0,1,14.2,0.0,79.49,10100.0,5,0,1,0,0
0,0,1,14.2,0.0,79.49,10100.0,5,0,1,0,0
1,0,1,14.2,0.0,79.49,10100.0,5,0,1,0,0
0,1,1,15.3,0.0,76.99,10000.0,5,0,0,0,0
1,0,1,15.3,0.0,76.99,10000.0,5,0,0,0,0
0,1,1,16.0,0.0,72.22,10000.0,5,0,0,0,0
1,0,1,16.0,0.0,72.22,10000.0,5,0,0,0,0
0,1,0,17.0,0.0,67.77,10000.0,5,0,0,0,0
1,0,0,17.0,0.0,67.77,10000.0,5,0,0,0,0
0,1,2,17.2,0.0,68.93,10000.0,5,0,1,0,0
1,1,2,17.2,0.0,68.93,10000.0,5,0,1,0,0
0,1,0,16.0,0.0,72.22,10000.0,5,0,1,0,0
1,1,0,16.0,0.0,72.22,10000.0,5,0,1,0,0
0,0,1,16.0,0.0,77.16,8000.0,5,0,0,0,0
1,0,1,16.0,0.0,77.16,8000.0,5,0,0,0,0
0,0,1,16.2,0.0,81.89,9400.0,5,0,0,0,0
1,0,1,16.2,0.0,81.89,9400.0,5,0,0,0,0
0,0,1,17.0,0.1,77.31,10000.0,4,0,0,1,0
1,0,1,17.0,0.1,77.31,10000.0,4,0,0,1,0
0,0,1,16.0,0.1,80.05,10200.0,4,0,1,1,1
1,0,1,16.0,0.1,80.05,10200.0,4,0,1,1,1
0,0,1,16.0,0.1,80.05,10200.0,4,0,1,1,1
1,0,1,16.0,0.1,80.05,10200.0,4,0,1,1,1
0,0,1,16.4,0.1,79.23,10000.0,4,0,0,1,0
1,0,1,16.4,0.1,79.23,10000.0,4,0,0,1,0
0,0,1,16.0,0.0,72.22,10000.0,4,0,0,0,0
1,0,1,16.0,0.0,72.22,10000.0,4,0,0,0,0
0,0,1,16.0,0.0,72.22,10000.0,4,0,0,0,0
1,0,1,16.0,0.0,72.22,10000.0,4,0,0,0,0
0,1,1,16.0,0.0,74.32,10000.0,4,0,1,0,0
1,0,1,16.0,0.0,74.32,10000.0,4,0,1,0,0
0,1,1,15.0,0.0,77.0,10000.0,4,0,1,0,0
1,1,1,15.0,0.0,77.0,10000.0,4,0,1,0,0
0,0,1,15.0,0.0,77.0,10000.0,4,0,0,0,0
1,0,1,15.0,0.0,77.0,10000.0,4,0,0,0,0
0,0,1,14.8,0.0,77.66,10000.0,4,0,0,0,0
1,0,1,14.8,0.0,77.66,10000.0,4,0,0,0,0
0,0,3,20.0,0.3,77.77,7000.0,3,1,0,1,0
1,0,3,20.0,0.3,77.77,7000.0,3,1,0,1,0
0,0,1,19.4,0.0,88.69,4600.0,3,1,1,0,0
1,0,1,19.4,0.0,88.69,4600.0,3,1,1,0,0
0,1,1,19.4,0.0,88.69,4600.0,3,1,1,0,0
1,1,1,19.4,0.0,88.69,4600.0,3,1,1,0,0
0,0,1,22.4,0.1,78.64,8400.0,3,1,0,1,0
1,0,1,22.4,0.1,78.64,8400.0,3,1,0,1,0
0,0,3,23.0,0.3,73.46,5000.0,3,1,0,1,0
1,0,3,23.0,0.3,73.46,5000.0,3,1,0,1,0
0,0,2,25.0,0.2,69.36,8000.0,3,1,0,1,0
1,0,2,25.0,0.2,69.36,8000.0,3,1,0,1,0
0,0,3,24.7,0.5,69.06,9600.0,3,1,1,1,1
1,0,3,24.7,0.5,69.06,9600.0,3,1,1,1,1
0,1,3,23.0,0.4,73.46,10000.0,3,1,1,1,1
1,1,3,23.0,0.4,73.46,10000.0,3,1,1,1,1
0,0,1,19.0,0.2,88.19,7000.0,3,1,0,1,0
1,0,1,19.0,0.2,88.19,7000.0,3,1,0,1,0
0,0,3,18.6,0.5,81.65,10000.0,3,1,0,1,0
1,0,3,18.6,0.5,81.65,10000.0,3,1,0,1,0
0,0,1,19.0,0.0,93.93,3000.0,2,0,0,0,0
1,0,1,19.0,0.0,93.93,3000.0,2,0,0,0,0
0,0,1,19.4,0.0,92.36,4000.0,2,0,1,0,0
1,1,1,19.4,0.0,92.36,4000.0,2,0,1,0,0
0,1,1,19.4,0.0,92.36,4000.0,2,0,1,0,0
1,1,1,19.4,0.0,92.36,4000.0,2,0,1,0,0
0,0,1,20.8,0.1,83.81,8400.0,2,0,0,1,0
1,0,1,20.8,0.1,83.81,8400.0,2,0,0,1,0
0,0,1,22.0,0.2,73.29,6000.0,2,0,0,1,0
1,0,1,22.0,0.2,73.29,6000.0,2,0,0,1,0
0,0,1,23.0,0.2,73.46,8000.0,2,0,0,1,0
1,0,1,23.0,0.2,73.46,8000.0,2,0,0,1,0
0,0,1,23.7,0.0,70.09,10000.0,2,0,1,0,0
1,0,1,23.7,0.0,70.09,10000.0,2,0,1,0,0
0,1,2,23.0,0.0,64.72,10000.0,2,0,1,0,0
1,1,2,23.0,0.0,64.72,10000.0,2,0,1,0,0
0,0,2,21.0,0.0,73.11,9000.0,2,0,0,0,0
1,0,2,21.0,0.0,73.11,9000.0,2,0,0,0,0
0,0,2,20.1,0.0,83.14,9100.0,2,0,0,0,0
1,0,2,20.1,0.0,83.14,9100.0,2,0,0,0,0
0,0,2,19.0,0.0,77.62,8000.0,1,0,0,0,0
1,0,2,19.0,0.0,77.62,8000.0,1,0,0,0,0
0,0,1,19.1,0.0,88.21,4300.0,1,0,1,0,0
1,1,1,19.1,0.0,88.21,4300.0,1,0,1,0,0
0,1,1,19.1,0.0,88.21,4300.0,1,0,1,0,0
1,1,1,19.1,0.0,88.21,4300.0,1,0,1,0,0
0,0,1,20.5,0.0,74.39,8800.0,1,0,0,0,0
1,0,1,20.5,0.0,74.39,8800.0,1,0,0,0,0
0,0,2,22.0,0.0,68.77,5000.0,1,0,0,0,0
1,0,2,22.0,0.0,68.77,5000.0,1,0,0,0,0
0,0,1,23.0,0.0,68.97,7000.0,1,0,0,0,0
1,0,1,23.0,0.0,68.97,7000.0,1,0,0,0,0
0,1,2,23.1,0.0,71.16,9100.0,1,0,1,0,0
1,0,2,23.1,0.0,71.16,9100.0,1,0,1,0,0
0,1,2,23.0,0.0,68.97,9000.0,1,0,1,0,0
1,0,2,23.0,0.0,68.97,9000.0,1,0,1,0,0
0,0,2,21.0,0.0,82.99,8000.0,1,0,0,0,0
1,0,2,21.0,0.0,82.99,8000.0,1,0,0,0,0
0,0,2,20.0,0.0,91.4,8800.0,1,0,0,0,0
1,0,2,20.0,0.0,91.4,8800.0,1,0,0,0,0
0,0,1,18.0,0.0,77.46,5000.0,0,0,0,0,0
1,0,1,18.0,0.0,77.46,5000.0,0,0,0,0,0
0,1,1,18.3,0.0,82.14,4400.0,0,0,1,0,0
1,1,1,18.3,0.0,82.14,4400.0,0,0,1,0,0
0,1,1,18.3,0.0,82.14,4400.0,0,0,1,0,0
1,1,1,18.3,0.0,82.14,4400.0,0,0,1,0,0
0,0,1,19.8,0.0,80.06,8600.0,0,0,0,0,0
1,0,1,19.8,0.0,80.06,8600.0,0,0,0,0,0
0,0,1,21.0,0.1,73.11,5000.0,0,0,0,1,0
1,0,1,21.0,0.1,73.11,5000.0,0,0,0,1,0
0,0,1,22.0,0.0,64.5,6000.0,0,0,0,0,0
1,0,1,22.0,0.0,64.5,6000.0,0,0,0,0,0
0,0,1,21.5,0.0,73.92,9300.0,0,0,1,0,0
1,0,1,21.5,0.0,73.92,9300.0,0,0,1,0,0
0,1,1,21.0,0.0,68.58,6000.0,0,0,1,0,0
1,1,1,21.0,0.0,68.58,6000.0,0,0,1,0,0
0,0,1,19.0,0.0,77.62,8000.0,0,0,0,0,0
1,0,1,19.0,0.0,77.62,8000.0,0,0,0,0,0
0,0,1,19.8,0.0,80.32,9100.0,0,0,0,0,0
1,0,1,19.8,0.0,80.32,9100.0,0,0,0,0,0
0,0,1,17.0,0.0,72.4,9000.0,6,0,0,0,0
1,0,1,17.0,0.0,72.4,9000.0,6,0,0,0,0
0,0,1,16.7,0.0,69.75,10200.0,6,0,1,0,0
1,0,1,16.7,0.0,69.75,10200.0,6,0,1,0,0
0,0,1,16.7,0.0,69.75,10200.0,6,0,1,0,0
1,0,1,16.7,0.0,69.75,10200.0,6,0,1,0,0
0,0,1,17.8,0.0,67.17,10000.0,6,0,0,0,0
1,0,1,17.8,0.0,67.17,10000.0,6,0,0,0,0
0,0,2,20.0,0.0,64.07,6000.0,6,0,0,0,0
1,0,2,20.0,0.0,64.07,6000.0,6,0,0,0,0
0,0,0,21.0,0.0,56.41,7000.0,6,0,0,0,0
1,0,0,21.0,0.0,56.41,7000.0,6,0,0,0,0
0,1,1,20.4,0.0,59.96,9100.0,6,0,1,0,0
1,0,1,20.4,0.0,59.96,9100.0,6,0,1,0,0
0,1,1,20.0,0.0,60.0,7000.0,6,0,1,0,0
1,1,1,20.0,0.0,60.0,7000.0,6,0,1,0,0
0,0,0,19.0,0.0,63.85,6000.0,6,0,0,0,0
1,0,0,19.0,0.0,63.85,6000.0,6,0,0,0,0
0,0,1,18.7,0.0,72.2,8800.0,6,0,0,0,0
1,0,1,18.7,0.0,72.2,8800.0,6,0,0,0,0
0,0,0,15.0,0.0,72.03,10000.0,5,0,0,0,0
1,0,0,15.0,0.0,72.03,10000.0,5,0,0,0,0
0,0,2,15.7,0.0,64.81,10200.0,5,0,1,0,0
1,0,2,15.7,0.0,64.81,10200.0,5,0,1,0,0
0,0,2,15.7,0.0,64.81,10200.0,5,0,1,0,0
1,0,2,15.7,0.0,64.81,10200.0,5,0,1,0,0
0,1,2,16.8,0.0,58.56,10000.0,5,0,0,0,0
1,0,2,16.8,0.0,58.56,10000.0,5,0,0,0,0
0,1,1,18.0,0.0,48.58,10000.0,5,0,0,0,0
1,0,1,18.0,0.0,48.58,10000.0,5,0,0,0,0
0,1,1,19.0,0.0,48.86,10000.0,5,0,0,0,0
1,0,1,19.0,0.0,48.86,10000.0,5,0,0,0,0
0,1,1,19.4,0.0,50.89,10000.0,5,0,1,0,0
1,1,1,19.4,0.0,50.89,10000.0,5,0,1,0,0
0,1,1,18.0,0.0,55.66,10000.0,5,0,1,0,0
1,1,1,18.0,0.0,55.66,10000.0,5,0,1,0,0
0,0,0,17.0,0.0,63.4,9000.0,5,0,0,0,0
1,0,0,17.0,0.0,63.4,9000.0,5,0,0,0,0
0,0,2,17.4,0.0,62.33,9700.0,5,0,0,0,0
1,0,2,17.4,0.0,62.33,9700.0,5,0,0,0,0
0,0,2,16.0,0.0,63.17,10000.0,4,0,0,0,0
1,0,2,16.0,0.0,63.17,10000.0,4,0,0,0,0
0,0,2,15.1,0.0,51.36,10400.0,4,0,1,0,0
1,0,2,15.1,0.0,51.36,10400.0,4,0,1,0,0
0,0,2,15.1,0.0,51.36,10400.0,4,0,1,0,0
1,0,2,15.1,0.0,51.36,10400.0,4,0,1,0,0
0,0,0,18.1,0.0,39.4,10200.0,4,0,0,0,0
1,0,0,18.1,0.0,39.4,10200.0,4,0,0,0,0
0,0,0,19.0,0.0,39.75,10000.0,4,0,0,0,0
1,0,0,19.0,0.0,39.75,10000.0,4,0,0,0,0
0,0,0,20.0,0.0,40.03,10000.0,4,0,0,0,0
1,0,0,20.0,0.0,40.03,10000.0,4,0,0,0,0
0,1,0,20.5,0.0,37.55,16900.0,4,0,1,0,0
1,0,0,20.5,0.0,37.55,16900.0,4,0,1,0,0
0,1,0,19.0,0.0,45.63,10000.0,4,0,1,0,0
1,1,0,19.0,0.0,45.63,10000.0,4,0,1,0,0
0,0,0,17.0,0.0,59.28,10000.0,4,0,0,0,0
1,0,0,17.0,0.0,59.28,10000.0,4,0,0,0,0
0,0,0,16.1,0.0,66.73,10000.0,4,0,0,0,0
1,0,0,16.1,0.0,66.73,10000.0,4,0,0,0,0
0,0,3,18.0,0.6,77.46,10000.0,3,0,0,1,0
1,0,3,18.0,0.6,77.46,10000.0,3,0,0,1,0
0,0,2,17.4,0.1,63.77,10200.0,3,0,1,1,1
1,0,2,17.4,0.1,63.77,10200.0,3,0,1,1,1
0,1,2,17.4,0.1,63.77,10200.0,3,0,1,1,1
1,1,2,17.4,0.1,63.77,10200.0,3,0,1,1,1
0,0,2,18.7,0.0,52.41,10000.0,3,0,0,0,0
1,0,2,18.7,0.0,52.41,10000.0,3,0,0,0,0
0,0,2,21.0,0.0,49.4,10000.0,3,0,0,0,0
1,0,2,21.0,0.0,49.4,10000.0,3,0,0,0,0
0,0,0,20.0,0.0,52.54,10000.0,3,0,0,0,0
1,0,0,20.0,0.0,52.54,10000.0,3,0,0,0,0
0,0,2,20.0,0.0,56.24,10200.0,3,0,1,0,0
1,0,2,20.0,0.0,56.24,10200.0,3,0,1,0,0
0,1,0,19.0,0.0,55.91,10000.0,3,0,1,0,0
1,1,0,19.0,0.0,55.91,10000.0,3,0,1,0,0
0,0,0,18.0,0.0,59.52,10000.0,3,0,0,0,0
1,0,0,18.0,0.0,59.52,10000.0,3,0,0,0,0
0,0,2,18.4,0.0,52.38,10000.0,3,0,0,0,0
1,0,2,18.4,0.0,52.38,10000.0,3,0,0,0,0
0,0,1,22.0,0.1,88.44,8000.0,2,0,0,1,0
1,0,1,22.0,0.1,88.44,8000.0,2,0,0,1,0
0,0,1,21.7,0.0,89.24,9000.0,2,0,1,0,0
1,1,1,21.7,0.0,89.24,9000.0,2,0,1,0,0
0,1,1,21.7,0.0,89.24,9000.0,2,0,1,0,0
1,1,1,21.7,0.0,89.24,9000.0,2,0,1,0,0
0,0,2,25.1,0.2,76.03,10000.0,2,0,0,1,0
1,0,2,25.1,0.2,76.03,10000.0,2,0,0,1,0
0,0,3,27.0,0.3,65.56,10000.0,2,0,0,1,0
1,0,3,27.0,0.3,65.56,10000.0,2,0,0,1,0
0,0,1,27.0,0.1,65.56,10000.0,2,0,0,1,0
1,0,1,27.0,0.1,65.56,10000.0,2,0,0,1,0
0,0,3,27.0,0.3,65.15,10200.0,2,0,1,1,1
1,0,3,27.0,0.3,65.15,10200.0,2,0,1,1,1
0,1,0,25.0,0.1,73.8,10000.0,2,0,1,1,1
1,1,0,25.0,0.1,73.8,10000.0,2,0,1,1,1
0,0,1,23.0,0.0,88.52,10000.0,2,0,0,0,0
1,0,1,23.0,0.0,88.52,10000.0,2,0,0,0,0
0,0,1,21.8,0.0,87.48,10000.0,2,0,0,0,0
1,0,1,21.8,0.0,87.48,10000.0,2,0,0,0,0
0,0,1,21.0,0.0,94.02,6000.0,1,0,0,0,0
1,0,1,21.0,0.0,94.02,6000.0,1,0,0,0,0
0,0,2,21.4,0.0,92.93,8300.0,1,0,1,0,0
1,1,2,21.4,0.0,92.93,8300.0,1,0,1,0,0
0,1,2,21.4,0.0,92.93,8300.0,1,0,1,0,0
1,1,2,21.4,0.0,92.93,8300.0,1,0,1,0,0
0,0,2,24.4,0.1,81.0,9400.0,1,0,0,1,0
1,0,2,24.4,0.1,81.0,9400.0,1,0,0,1,0
0,0,1,26.0,0.1,69.55,10000.0,1,0,0,1,0
1,0,1,26.0,0.1,69.55,10000.0,1,0,0,1,0
0,0,3,27.0,0.3,65.56,10000.0,1,0,0,1,0
1,0,3,27.0,0.3,65.56,10000.0,1,0,0,1,0
0,1,2,27.1,0.2,64.04,10200.0,1,0,1,1,1
1,0,2,27.1,0.2,64.04,10200.0,1,0,1,1,1
0,1,0,26.0,0.0,69.55,10000.0,1,0,1,0,0
1,0,0,26.0,0.0,69.55,10000.0,1,0,1,0,0
0,0,2,23.0,0.0,88.52,10000.0,1,0,0,0,0
1,0,2,23.0,0.0,88.52,10000.0,1,0,0,0,0
0,0,2,22.7,0.0,88.58,10000.0,1,0,0,0,0
1,0,2,22.7,0.0,88.58,10000.0,1,0,0,0,0
0,0,1,20.0,0.1,93.97,5000.0,0,0,0,1,0
1,0,1,20.0,0.1,93.97,5000.0,0,0,0,1,0
0,1,2,20.0,0.0,89.62,8000.0,0,0,1,0,0
1,1,2,20.0,0.0,89.62,8000.0,0,0,1,0,0
0,1,2,20.0,0.0,89.62,8000.0,0,0,1,0,0
1,1,2,20.0,0.0,89.62,8000.0,0,0,1,0,0
0,0,1,23.7,0.0,71.09,9300.0,0,0,0,0,0
1,0,1,23.7,0.0,71.09,9300.0,0,0,0,0,0
0,0,1,24.0,0.2,69.16,10000.0,0,0,0,1,0
1,0,1,24.0,0.2,69.16,10000.0,0,0,0,1,0
0,0,1,25.0,0.2,69.36,10000.0,0,0,0,1,0
1,0,1,25.0,0.2,69.36,10000.0,0,0,0,1,0
0,0,2,25.0,0.2,69.49,10000.0,0,0,1,1,1
1,0,2,25.0,0.2,69.49,10000.0,0,0,1,1,1
0,1,2,24.0,0.1,73.63,10000.0,0,0,1,1,1
1,1,2,24.0,0.1,73.63,10000.0,0,0,1,1,1
0,0,0,22.0,0.0,83.11,8000.0,0,0,0,0,0
1,0,0,22.0,0.0,83.11,8000.0,0,0,0,0,0
0,0,1,21.8,0.0,87.52,9400.0,0,0,0,0,0
1,0,1,21.8,0.0,87.52,9400.0,0,0,0,0,0
0,0,2,19.0,0.1,100.0,5000.0,6,0,0,1,0
1,0,2,19.0,0.1,100.0,5000.0,6,0,0,1,0
0,0,2,18.5,0.0,96.58,3400.0,6,0,1,0,0
1,0,2,18.5,0.0,96.58,3400.0,6,0,1,0,0
0,0,2,18.5,0.0,96.58,3400.0,6,0,1,0,0
1,0,2,18.5,0.0,96.58,3400.0,6,0,1,0,0
0,0,2,23.8,0.1,76.72,9000.0,6,0,0,1,0
1,0,2,23.8,0.1,76.72,9000.0,6,0,0,1,0
0,0,2,25.0,0.0,69.36,7000.0,6,0,0,0,0
1,0,2,25.0,0.0,69.36,7000.0,6,0,0,0,0
0,0,0,26.0,0.1,61.39,10000.0,6,0,0,1,0
1,0,0,26.0,0.1,61.39,10000.0,6,0,0,1,0
0,1,2,26.4,0.1,58.35,10200.0,6,0,1,1,1
1,0,2,26.4,0.1,58.35,10200.0,6,0,1,1,1
0,1,0,26.0,0.0,57.63,10000.0,6,0,1,0,0
1,1,0,26.0,0.0,57.63,10000.0,6,0,1,0,0
0,0,2,21.0,0.0,88.35,6000.0,6,0,0,0,0
1,0,2,21.0,0.0,88.35,6000.0,6,0,0,0,0
0,0,2,21.4,0.0,85.08,8400.0,6,0,0,0,0
1,0,2,21.4,0.0,85.08,8400.0,6,0,0,0,0
0,0,1,20.0,0.0,93.97,3000.0,5,0,0,0,0
1,0,1,20.0,0.0,93.97,3000.0,5,0,0,0,0
0,0,1,19.8,0.0,93.9,4000.0,5,0,1,0,0
1,0,1,19.8,0.0,93.9,4000.0,5,0,1,0,0
0,0,1,19.8,0.0,93.9,4000.0,5,0,1,0,0
1,0,1,19.8,0.0,93.9,4000.0,5,0,1,0,0
0,1,2,22.4,0.2,81.68,8600.0,5,0,0,1,0
1,0,2,22.4,0.2,81.68,8600.0,5,0,0,1,0
0,1,1,23.0,0.1,78.21,5000.0,5,0,0,1,0
1,0,1,23.0,0.1,78.21,5000.0,5,0,0,1,0
0,1,2,25.0,0.2,69.36,7000.0,5,0,0,1,0
1,0,2,25.0,0.2,69.36,7000.0,5,0,0,1,0
0,1,2,26.1,0.2,60.29,9600.0,5,0,1,1,1
1,1,2,26.1,0.2,60.29,9600.0,5,0,1,1,1
0,1,1,24.0,0.1,69.16,7000.0,5,0,1,1,1
1,1,1,24.0,0.1,69.16,7000.0,5,0,1,1,1
0,0,1,21.0,0.0,88.35,4000.0,5,0,0,0,0
1,0,1,21.0,0.0,88.35,4000.0,5,0,0,0,0
0,0,2,21.1,0.0,88.44,8800.0,5,0,0,0,0
1,0,2,21.1,0.0,88.44,8800.0,5,0,0,0,0
0,0,0,17.0,0.0,88.01,5000.0,4,0,0,0,0
1,0,0,17.0,0.0,88.01,5000.0,4,0,0,0,0
0,0,0,15.8,0.0,96.58,3100.0,4,0,1,0,0
1,0,0,15.8,0.0,96.58,3100.0,4,0,1,0,0
0,0,0,15.8,0.0,96.58,3100.0,4,0,1,0,0
1,0,0,15.8,0.0,96.58,3100.0,4,0,1,0,0
0,0,2,22.7,0.0,72.33,8600.0,4,0,0,0,0
1,0,2,22.7,0.0,72.33,8600.0,4,0,0,0,0
0,0,2,24.0,0.0,64.93,5000.0,4,0,0,0,0
1,0,2,24.0,0.0,64.93,5000.0,4,0,0,0,0
0,0,2,25.0,0.0,57.39,8000.0,4,0,0,0,0
1,0,2,25.0,0.0,57.39,8000.0,4,0,0,0,0
0,1,2,25.1,0.0,57.57,9700.0,4,0,1,0,0
1,0,2,25.1,0.0,57.57,9700.0,4,0,1,0,0
0,1,2,24.0,0.0,60.93,9000.0,4,0,1,0,0
1,1,2,24.0,0.0,60.93,9000.0,4,0,1,0,0
0,0,2,22.0,0.0,83.11,8000.0,4,0,0,0,0
1,0,2,22.0,0.0,83.11,8000.0,4,0,0,0,0
0,0,0,20.8,0.0,89.85,9400.0,4,0,0,0,0
1,0,0,20.8,0.0,89.85,9400.0,4,0,0,0,0
0,0,0,19.0,0.0,77.62,10000.0,3,0,0,0,0
1,0,0,19.0,0.0,77.62,10000.0,3,0,0,0,0
0,0,0,17.4,0.0,86.42,10100.0,3,0,1,0,0
1,0,0,17.4,0.0,86.42,10100.0,3,0,1,0,0
0,1,0,17.4,0.0,86.42,10100.0,3,0,1,0,0
1,1,0,17.4,0.0,86.42,10100.0,3,0,1,0,0
0,0,2,22.8,0.0,62.25,10200.0,3,0,0,0,0
1,0,2,22.8,0.0,62.25,10200.0,3,0,0,0,0
0,0,0,24.0,0.0,57.15,10000.0,3,0,0,0,0
1,0,0,24.0,0.0,57.15,10000.0,3,0,0,0,0
0,0,2,25.0,0.0,57.39,10000.0,3,0,0,0,0
1,0,2,25.0,0.0,57.39,10000.0,3,0,0,0,0
0,0,2,24.8,0.0,54.94,10200.0,3,0,1,0,0
1,0,2,24.8,0.0,54.94,10200.0,3,0,1,0,0
0,1,2,24.0,0.0,57.15,10000.0,3,0,1,0,0
1,1,2,24.0,0.0,57.15,10000.0,3,0,1,0,0
0,0,0,22.0,0.0,73.29,5000.0,3,0,0,0,0
1,0,0,22.0,0.0,73.29,5000.0,3,0,0,0,0
0,0,0,21.0,0.0,76.71,8800.0,3,0,0,0,0
1,0,0,21.0,0.0,76.71,8800.0,3,0,0,0,0
0,0,1,20.0,0.1,88.27,6000.0,2,0,0,1,0
1,0,1,20.0,0.1,88.27,6000.0,2,0,0,1,0
0,0,1,19.4,0.2,91.12,8600.0,2,0,1,1,1
1,1,1,19.4,0.2,91.12,8600.0,2,0,1,1,1
0,1,1,19.4,0.2,91.12,8600.0,2,0,1,1,1
1,1,1,19.4,0.2,91.12,8600.0,2,0,1,1,1
0,0,1,21.7,0.2,78.14,9900.0,2,0,0,1,0
1,0,1,21.7,0.2,78.14,9900.0,2,0,0,1,0
0,0,1,23.0,0.0,68.97,10000.0,2,0,0,0,0
1,0,1,23.0,0.0,68.97,10000.0,2,0,0,0,0
0,0,2,24.0,0.0,64.93,10000.0,2,0,0,0,0
1,0,2,24.0,0.0,64.93,10000.0,2,0,0,0,0
0,0,2,23.7,0.0,65.62,10200.0,2,0,1,0,0
1,0,2,23.7,0.0,65.62,10200.0,2,0,1,0,0
0,1,0,23.0,0.0,73.46,10000.0,2,0,1,0,0
1,1,0,23.0,0.0,73.46,10000.0,2,0,1,0,0
0,0,0,20.0,0.1,88.27,7000.0,2,0,0,1,0
1,0,0,20.0,0.1,88.27,7000.0,2,0,0,1,0
0,0,2,19.8,0.0,86.54,9700.0,2,0,0,0,0
1,0,2,19.8,0.0,86.54,9700.0,2,0,0,0,0
0,0,1,18.0,0.0,82.63,9000.0,1,0,0,0,0
1,0,1,18.0,0.0,82.63,9000.0,1,0,0,0,0
0,0,1,18.1,0.0,83.5,10200.0,1,0,1,0,0
1,1,1,18.1,0.0,83.5,10200.0,1,0,1,0,0
0,1,1,18.1,0.0,83.5,10200.0,1,0,1,0,0
1,1,1,18.1,0.0,83.5,10200.0,1,0,1,0,0
0,0,1,20.0,0.0,74.89,10000.0,1,0,0,0,0
1,0,1,20.0,0.0,74.89,10000.0,1,0,0,0,0
0,0,1,21.0,0.0,68.58,10000.0,1,0,0,0,0
1,0,1,21.0,0.0,68.58,10000.0,1,0,0,0,0
0,0,2,22.0,0.0,68.77,10000.0,1,0,0,0,0
1,0,2,22.0,0.0,68.77,10000.0,1,0,0,0,0
0,1,1,21.4,0.0,71.38,10000.0,1,0,1,0,0
1,0,1,21.4,0.0,71.38,10000.0,1,0,1,0,0
0,1,1,21.0,0.0,77.92,8000.0,1,0,1,0,0
1,0,1,21.0,0.0,77.92,8000.0,1,0,1,0,0
0,0,1,21.0,0.0,77.92,7000.0,1,0,0,0,0
1,0,1,21.0,0.0,77.92,7000.0,1,0,0,0,0
0,0,1,20.1,0.0,86.51,9400.0,1,0,0,0,0
1,0,1,20.1,0.0,86.51,9400.0,1,0,0,0,0
0,0,0,17.0,0.0,67.77,10000.0,0,0,0,0,0
1,0,0,17.0,0.0,67.77,10000.0,0,0,0,0,0
0,1,2,17.1,0.0,73.76,10200.0,0,0,1,0,0
1,1,2,17.1,0.0,73.76,10200.0,0,0,1,0,0
0,1,2,17.1,0.0,73.76,10200.0,0,0,1,0,0
1,1,2,17.1,0.0,73.76,10200.0,0,0,1,0,0
0,0,2,19.7,0.0,60.32,10000.0,0,0,0,0,0
1,0,2,19.7,0.0,60.32,10000.0,0,0,0,0,0
0,0,0,22.0,0.0,53.06,10000.0,0,0,0,0,0
1,0,0,22.0,0.0,53.06,10000.0,0,0,0,0,0
0,0,2,23.0,0.0,53.32,10000.0,0,0,0,0,0
1,0,2,23.0,0.0,53.32,10000.0,0,0,0,0,0
0,0,2,22.7,0.0,53.41,10200.0,0,0,1,0,0
1,0,2,22.7,0.0,53.41,10200.0,0,0,1,0,0
0,1,2,22.0,0.0,56.66,10000.0,0,0,1,0,0
1,1,2,22.0,0.0,56.66,10000.0,0,0,1,0,0
0,0,2,19.0,0.0,72.76,9000.0,0,0,0,0,0
1,0,2,19.0,0.0,72.76,9000.0,0,0,0,0,0
0,0,0,18.4,0.0,82.08,9700.0,0,0,0,0,0
1,0,0,18.4,0.0,82.08,9700.0,0,0,0,0,0
0,0,0,18.0,0.0,72.58,10000.0,6,0,0,0,0
1,0,0,18.0,0.0,72.58,10000.0,6,0,0,0,0
0,0,2,17.4,0.0,64.89,10900.0,6,0,1,0,0
1,0,2,17.4,0.0,64.89,10900.0,6,0,1,0,0
0,0,2,17.4,0.0,64.89,10900.0,6,0,1,0,0
1,0,2,17.4,0.0,64.89,10900.0,6,0,1,0,0
0,0,2,18.7,0.0,58.03,10000.0,6,0,0,0,0
1,0,2,18.7,0.0,58.03,10000.0,6,0,0,0,0
0,0,0,20.0,0.0,56.16,10000.0,6,0,0,0,0
1,0,0,20.0,0.0,56.16,10000.0,6,0,0,0,0
0,0,3,21.0,0.7,56.41,10000.0,6,0,0,1,0
1,0,3,21.0,0.7,56.41,10000.0,6,0,0,1,0
0,1,2,21.0,0.0,51.81,10200.0,6,0,1,0,0
1,0,2,21.0,0.0,51.81,10200.0,6,0,1,0,0
0,1,0,20.0,0.0,60.0,10000.0,6,0,1,0,0
1,1,0,20.0,0.0,60.0,10000.0,6,0,1,0,0
0,0,0,19.0,0.0,68.18,10000.0,6,0,0,0,0
1,0,0,19.0,0.0,68.18,10000.0,6,0,0,0,0
0,0,2,18.0,0.0,69.02,10000.0,6,0,0,0,0
1,0,2,18.0,0.0,69.02,10000.0,6,0,0,0,0
0,0,3,21.0,0.3,94.02,2000.0,5,0,0,1,0
1,0,3,21.0,0.3,94.02,2000.0,5,0,0,1,0
0,0,3,20.4,1.5,93.21,1200.0,5,0,1,1,1
1,0,3,20.4,1.5,93.21,1200.0,5,0,1,1,1
0,0,3,20.4,1.5,93.21,1200.0,5,0,1,1,1
1,0,3,20.4,1.5,93.21,1200.0,5,0,1,1,1
0,1,3,20.8,4.1,92.12,3100.0,5,0,0,1,0
1,0,3,20.8,4.1,92.12,3100.0,5,0,0,1,0
0,1,3,21.0,5.7,94.02,10000.0,5,0,0,1,0
1,0,3,21.0,5.7,94.02,10000.0,5,0,0,1,0
0,1,3,21.0,0.4,94.02,10000.0,5,0,0,1,0
1,0,3,21.0,0.4,94.02,10000.0,5,0,0,1,0
0,1,3,21.7,0.6,85.34,9800.0,5,0,1,1,1
1,1,3,21.7,0.6,85.34,9800.0,5,0,1,1,1
0,1,3,21.0,0.7,82.99,10000.0,5,0,1,1,1
1,1,3,21.0,0.7,82.99,10000.0,5,0,1,1,1
0,0,3,20.0,0.7,77.77,10000.0,5,0,0,1,0
1,0,3,20.0,0.7,77.77,10000.0,5,0,0,1,0
0,0,3,19.2,0.6,73.1,10000.0,5,0,0,1,0
1,0,3,19.2,0.6,73.1,10000.0,5,0,0,1,0
0,0,0,20.0,0.0,88.27,5000.0,4,0,0,0,0
1,0,0,20.0,0.0,88.27,5000.0,4,0,0,0,0
0,0,1,20.4,0.0,88.81,7700.0,4,0,1,0,0
1,0,1,20.4,0.0,88.81,7700.0,4,0,1,0,0
0,0,1,20.4,0.0,88.81,7700.0,4,0,1,0,0
1,0,1,20.4,0.0,88.81,7700.0,4,0,1,0,0
0,0,1,22.1,0.0,82.67,7800.0,4,0,0,0,0
1,0,1,22.1,0.0,82.67,7800.0,4,0,0,0,0
0,0,2,22.0,0.0,78.06,3000.0,4,0,0,0,0
1,0,2,22.0,0.0,78.06,3000.0,4,0,0,0,0
0,0,1,23.0,0.0,78.21,2000.0,4,0,0,0,0
1,0,1,23.0,0.0,78.21,2000.0,4,0,0,0,0
0,1,1,23.4,0.0,76.35,7500.0,4,0,1,0,0
1,0,1,23.4,0.0,76.35,7500.0,4,0,1,0,0
0,1,2,23.0,0.1,78.21,2000.0,4,0,1,1,1
1,1,2,23.0,0.1,78.21,2000.0,4,0,1,1,1
0,0,2,22.0,0.2,83.11,3000.0,4,0,0,1,0
1,0,2,22.0,0.2,83.11,3000.0,4,0,0,1,0
0,0,1,21.8,0.2,87.26,7500.0,4,0,0,1,0
1,0,1,21.8,0.2,87.26,7500.0,4,0,0,1,0
0,0,0,19.0,0.0,88.19,5000.0,3,0,0,0,0
1,0,0,19.0,0.0,88.19,5000.0,3,0,0,0,0
0,0,2,20.1,0.0,89.18,4400.0,3,0,1,0,0
1,0,2,20.1,0.0,89.18,4400.0,3,0,1,0,0
0,1,2,20.1,0.0,89.18,4400.0,3,0,1,0,0
1,1,2,20.1,0.0,89.18,4400.0,3,0,1,0,0
0,0,2,21.1,0.0,80.28,7800.0,3,0,0,0,0
1,0,2,21.1,0.0,80.28,7800.0,3,0,0,0,0
0,0,2,23.0,0.0,68.97,5000.0,3,0,0,0,0
1,0,2,23.0,0.0,68.97,5000.0,3,0,0,0,0
0,0,3,23.0,0.3,68.97,4000.0,3,0,0,1,0
1,0,3,23.0,0.3,68.97,4000.0,3,0,0,1,0
0,0,1,22.4,0.0,74.17,7800.0,3,0,1,0,0
1,0,1,22.4,0.0,74.17,7800.0,3,0,1,0,0
0,1,2,22.0,0.0,78.06,3000.0,3,0,1,0,0
1,1,2,22.0,0.0,78.06,3000.0,3,0,1,0,0
0,0,1,22.0,0.0,73.29,6000.0,3,0,0,0,0
1,0,1,22.0,0.0,73.29,6000.0,3,0,0,0,0
0,0,1,20.8,0.0,86.12,8400.0,3,0,0,0,0
1,0,1,20.8,0.0,86.12,8400.0,3,0,0,0,0
0,0,0,20.0,0.0,82.87,4000.0,2,0,0,0,0
1,0,0,20.0,0.0,82.87,4000.0,2,0,0,0,0
0,0,0,17.4,0.0,93.26,3400.0,2,0,1,0,0
1,1,0,17.4,0.0,93.26,3400.0,2,0,1,0,0
0,1,0,17.4,0.0,93.26,3400.0,2,0,1,0,0
1,1,0,17.4,0.0,93.26,3400.0,2,0,1,0,0
0,0,2,22.0,0.0,73.63,8600.0,2,0,0,0,0
1,0,2,22.0,0.0,73.63,8600.0,2,0,0,0,0
0,0,2,26.0,0.0,54.08,10000.0,2,0,0,0,0
1,0,2,26.0,0.0,54.08,10000.0,2,0,0,0,0
0,0,2,26.0,0.0,47.55,10000.0,2,0,0,0,0
1,0,2,26.0,0.0,47.55,10000.0,2,0,0,0,0
0,0,2,25.4,0.0,54.22,9600.0,2,0,1,0,0
1,0,2,25.4,0.0,54.22,9600.0,2,0,1,0,0
0,1,1,25.0,0.0,57.39,7000.0,2,0,1,0,0
1,1,1,25.0,0.0,57.39,7000.0,2,0,1,0,0
0,0,2,23.0,0.0,64.72,7000.0,2,0,0,0,0
1,0,2,23.0,0.0,64.72,7000.0,2,0,0,0,0
0,0,2,21.4,0.0,78.49,9100.0,2,0,0,0,0
1,0,2,21.4,0.0,78.49,9100.0,2,0,0,0,0
0,0,0,17.0,0.0,93.84,5000.0,1,0,0,0,0
1,0,0,17.0,0.0,93.84,5000.0,1,0,0,0,0
0,0,2,17.1,0.0,92.67,4500.0,1,0,1,0,0
1,1,2,17.1,0.0,92.67,4500.0,1,0,1,0,0
0,1,2,17.1,0.0,92.67,4500.0,1,0,1,0,0
1,1,2,17.1,0.0,92.67,4500.0,1,0,1,0,0
0,0,2,21.7,0.0,72.67,9600.0,1,0,0,0,0
1,0,2,21.7,0.0,72.67,9600.0,1,0,0,0,0
0,0,0,25.0,0.0,53.83,10000.0,1,0,0,0,0
1,0,0,25.0,0.0,53.83,10000.0,1,0,0,0,0
0,0,0,26.0,0.0,47.55,10000.0,1,0,0,0,0
1,0,0,26.0,0.0,47.55,10000.0,1,0,0,0,0
0,1,2,25.0,0.0,52.98,9600.0,1,0,1,0,0
1,0,2,25.0,0.0,52.98,9600.0,1,0,1,0,0
0,1,2,24.0,0.0,53.58,7000.0,1,0,1,0,0
1,0,2,24.0,0.0,53.58,7000.0,1,0,1,0,0
0,0,2,20.0,0.0,88.27,4000.0,1,0,0,0,0
1,0,2,20.0,0.0,88.27,4000.0,1,0,0,0,0
0,0,1,21.1,0.0,78.19,8800.0,1,0,0,0,0
1,0,1,21.1,0.0,78.19,8800.0,1,0,0,0,0
0,0,2,20.0,0.0,93.97,2000.0,0,0,0,0,0
1,0,2,20.0,0.0,93.97,2000.0,0,0,0,0,0
0,1,2,19.7,0.0,88.57,5600.0,0,0,1,0,0
1,1,2,19.7,0.0,88.57,5600.0,0,0,1,0,0
0,1,2,19.7,0.0,88.57,5600.0,0,0,1,0,0
1,1,2,19.7,0.0,88.57,5600.0,0,0,1,0,0
0,0,2,23.0,0.0,65.78,10200.0,0,0,0,0,0
1,0,2,23.0,0.0,65.78,10200.0,0,0,0,0,0
0,0,0,24.0,0.0,57.15,10000.0,0,0,0,0,0
1,0,0,24.0,0.0,57.15,10000.0,0,0,0,0,0
0,0,2,25.0,0.0,50.46,10000.0,0,0,0,0,0
1,0,2,25.0,0.0,50.46,10000.0,0,0,0,0,0
0,0,2,25.1,0.0,52.22,10200.0,0,0,1,0,0
1,0,2,25.1,0.0,52.22,10200.0,0,0,1,0,0
0,1,0,24.0,0.0,53.58,10000.0,0,0,1,0,0
1,1,0,24.0,0.0,53.58,10000.0,0,0,1,0,0
0,0,0,21.0,0.0,77.92,5000.0,0,0,0,0,0
1,0,0,21.0,0.0,77.92,5000.0,0,0,0,0,0
0,0,2,19.0,0.0,88.36,8400.0,0,0,0,0,0
1,0,2,19.0,0.0,88.36,8400.0,0,0,0,0,0
0,0,1,20.0,0.0,88.27,4000.0,6,0,0,0,0
1,0,1,20.0,0.0,88.27,4000.0,6,0,0,0,0
0,0,1,20.4,0.0,92.71,3500.0,6,0,1,0,0
1,0,1,20.4,0.0,92.71,3500.0,6,0,1,0,0
0,0,1,20.4,0.0,92.71,3500.0,6,0,1,0,0
1,0,1,20.4,0.0,92.71,3500.0,6,0,1,0,0
0,0,1,22.7,0.0,77.58,7800.0,6,0,0,0,0
1,0,1,22.7,0.0,77.58,7800.0,6,0,0,0,0
0,0,1,24.0,0.1,69.16,5000.0,6,0,0,1,0
1,0,1,24.0,0.1,69.16,5000.0,6,0,0,1,0
0,0,2,25.0,0.1,65.15,6000.0,6,0,0,1,0
1,0,2,25.0,0.1,65.15,6000.0,6,0,0,1,0
0,1,2,23.8,0.1,77.23,7800.0,6,0,1,1,1
1,0,2,23.8,0.1,77.23,7800.0,6,0,1,1,1
0,1,2,22.0,0.0,83.11,2000.0,6,0,1,0,0
1,1,2,22.0,0.0,83.11,2000.0,6,0,1,0,0
0,0,0,19.0,0.1,93.93,2000.0,6,0,0,1,0
1,0,0,19.0,0.1,93.93,2000.0,6,0,0,1,0
0,0,2,19.4,0.1,93.13,7500.0,6,0,0,1,0
1,0,2,19.4,0.1,93.13,7500.0,6,0,0,1,0
0,0,1,19.0,0.0,72.76,10000.0,5,0,0,0,0
1,0,1,19.0,0.0,72.76,10000.0,5,0,0,0,0
0,0,1,18.4,0.0,76.55,9900.0,5,0,1,0,0
1,0,1,18.4,0.0,76.55,9900.0,5,0,1,0,0
0,0,1,18.4,0.0,76.55,9900.0,5,0,1,0,0
1,0,1,18.4,0.0,76.55,9900.0,5,0,1,0,0
0,1,1,19.4,0.0,74.59,9400.0,5,0,0,0,0
1,0,1,19.4,0.0,74.59,9400.0,5,0,0,0,0
0,1,1,20.0,0.0,72.94,8000.0,5,0,0,0,0
1,0,1,20.0,0.0,72.94,8000.0,5,0,0,0,0
0,1,2,23.0,0.0,64.72,6000.0,5,0,0,0,0
1,0,2,23.0,0.0,64.72,6000.0,5,0,0,0,0
0,1,1,22.4,0.0,68.97,8400.0,5,0,1,0,0
1,1,1,22.4,0.0,68.97,8400.0,5,0,1,0,0
0,1,1,22.0,0.0,68.77,5000.0,5,0,1,0,0
1,1,1,22.0,0.0,68.77,5000.0,5,0,1,0,0
0,0,1,22.0,0.0,73.29,5000.0,5,0,0,0,0
1,0,1,22.0,0.0,73.29,5000.0,5,0,0,0,0
0,0,1,21.1,0.0,83.76,8800.0,5,0,0,0,0
1,0,1,21.1,0.0,83.76,8800.0,5,0,0,0,0
0,0,1,20.0,0.0,77.77,9000.0,4,0,0,0,0
1,0,1,20.0,0.0,77.77,9000.0,4,0,0,0,0
0,0,1,20.0,0.1,86.17,9600.0,4,0,1,1,1
1,0,1,20.0,0.1,86.17,9600.0,4,0,1,1,1
0,0,1,20.0,0.1,86.17,9600.0,4,0,1,1,1
1,0,1,20.0,0.1,86.17,9600.0,4,0,1,1,1
0,0,1,20.4,0.0,81.46,8400.0,4,0,0,0,0
1,0,1,20.4,0.0,81.46,8400.0,4,0,0,0,0
0,0,1,20.0,0.1,77.77,5000.0,4,0,0,1,0
1,0,1,20.0,0.1,77.77,5000.0,4,0,0,1,0
0,0,1,21.0,0.0,73.11,6000.0,4,0,0,0,0
1,0,1,21.0,0.0,73.11,6000.0,4,0,0,0,0
0,1,1,21.1,0.0,71.51,8800.0,4,0,1,0,0
1,0,1,21.1,0.0,71.51,8800.0,4,0,1,0,0
0,1,1,20.0,0.0,72.94,6000.0,4,0,1,0,0
1,1,1,20.0,0.0,72.94,6000.0,4,0,1,0,0
0,0,2,19.0,0.0,77.62,7000.0,4,0,0,0,0
1,0,2,19.0,0.0,77.62,7000.0,4,0,0,0,0
0,0,1,19.4,0.0,74.71,9400.0,4,0,0,0,0
1,0,1,19.4,0.0,74.71,9400.0,4,0,0,0,0
0,0,2,20.0,0.0,77.77,9000.0,3,0,0,0,0
1,0,2,20.0,0.0,77.77,9000.0,3,0,0,0,0
0,0,1,20.0,0.0,68.97,9200.0,3,0,1,0,0
1,0,1,20.0,0.0,68.97,9200.0,3,0,1,0,0
0,1,1,20.0,0.0,68.97,9200.0,3,0,1,0,0
1,1,1,20.0,0.0,68.97,9200.0,3,0,1,0,0
0,0,2,22.1,0.0,62.66,9900.0,3,0,0,0,0
1,0,2,22.1,0.0,62.66,9900.0,3,0,0,0,0
0,0,1,23.0,0.0,60.7,9000.0,3,0,0,0,0
1,0,1,23.0,0.0,60.7,9000.0,3,0,0,0,0
0,0,2,23.0,0.0,64.72,8000.0,3,0,0,0,0
1,0,2,23.0,0.0,64.72,8000.0,3,0,0,0,0
0,0,2,23.8,0.0,64.04,9300.0,3,0,1,0,0
1,0,2,23.8,0.0,64.04,9300.0,3,0,1,0,0
0,1,0,22.0,0.0,68.77,7000.0,3,0,1,0,0
1,1,0,22.0,0.0,68.77,7000.0,3,0,1,0,0
0,0,2,21.0,0.0,73.11,7000.0,3,0,0,0,0
1,0,2,21.0,0.0,73.11,7000.0,3,0,0,0,0
0,0,2,20.1,0.0,80.76,9100.0,3,0,0,0,0
1,0,2,20.1,0.0,80.76,9100.0,3,0,0,0,0
0,0,2,22.0,0.1,88.44,6000.0,2,0,0,1,0
1,0,2,22.0,0.1,88.44,6000.0,2,0,0,1,0
0,0,2,21.6,0.2,92.7,7600.0,2,0,1,1,1
1,1,2,21.6,0.2,92.7,7600.0,2,0,1,1,1
0,1,2,21.6,0.2,92.7,7600.0,2,0,1,1,1
1,1,2,21.6,0.2,92.7,7600.0,2,0,1,1,1
0,0,1,23.4,0.1,83.43,8000.0,2,0,0,1,0
1,0,1,23.4,0.1,83.43,8000.0,2,0,0,1,0
0,0,1,23.0,0.0,83.22,4000.0,2,0,0,0,0
1,0,1,23.0,0.0,83.22,4000.0,2,0,0,0,0
0,0,1,24.0,0.0,64.93,10000.0,2,0,0,0,0
1,0,1,24.0,0.0,64.93,10000.0,2,0,0,0,0
0,0,1,23.7,0.0,64.31,10000.0,2,0,1,0,0
1,0,1,23.7,0.0,64.31,10000.0,2,0,1,0,0
0,1,0,23.0,0.0,64.72,10000.0,2,0,1,0,0
1,1,0,23.0,0.0,64.72,10000.0,2,0,1,0,0
0,0,0,21.0,0.0,77.92,8000.0,2,0,0,0,0
1,0,0,21.0,0.0,77.92,8000.0,2,0,0,0,0
0,0,2,21.1,0.0,69.73,9400.0,2,0,0,0,0
1,0,2,21.1,0.0,69.73,9400.0,2,0,0,0,0
0,0,2,21.0,0.0,94.02,4000.0,1,0,0,0,0
1,0,2,21.0,0.0,94.02,4000.0,1,0,0,0,0
0,0,1,20.5,0.0,95.49,1800.0,1,0,1,1,1
1,1,1,20.5,0.0,95.49,1800.0,1,0,1,1,1
0,1,1,20.5,0.0,95.49,1800.0,1,0,1,1,1
1,1,1,20.5,0.0,95.49,1800.0,1,0,1,1,1
0,0,2,23.7,0.1,83.36,7700.0,1,0,0,1,0
1,0,2,23.7,0.1,83.36,7700.0,1,0,0,1,0
0,0,2,26.0,0.1,69.55,4000.0,1,0,0,1,0
1,0,2,26.0,0.1,69.55,4000.0,1,0,0,1,0
0,0,2,28.0,0.0,58.11,6000.0,1,0,0,0,0
1,0,2,28.0,0.0,58.11,6000.0,1,0,0,0,0
0,1,0,27.7,0.0,56.1,16300.0,1,0,1,0,0
1,0,0,27.7,0.0,56.1,16300.0,1,0,1,0,0
0,1,0,26.0,0.0,61.39,9000.0,1,0,1,0,0
1,0,0,26.0,0.0,61.39,9000.0,1,0,1,0,0
0,0,2,22.0,0.0,88.44,4000.0,1,0,0,0,0
1,0,2,22.0,0.0,88.44,4000.0,1,0,0,0,0
0,0,2,22.7,0.0,89.31,9400.0,1,0,0,0,0
1,0,2,22.7,0.0,89.31,9400.0,1,0,0,0,0
0,0,2,19.0,0.0,82.75,5000.0,0,0,0,0,0
1,0,2,19.0,0.0,82.75,5000.0,0,0,0,0,0
0,1,1,18.1,0.0,94.06,3400.0,0,0,1,0,0
1,1,1,18.1,0.0,94.06,3400.0,0,0,1,0,0
0,1,1,18.1,0.0,94.06,3400.0,0,0,1,0,0
1,1,1,18.1,0.0,94.06,3400.0,0,0,1,0,0
0,0,1,21.4,0.0,72.43,8100.0,0,0,0,0,0
1,0,1,21.4,0.0,72.43,8100.0,0,0,0,0,0
0,0,2,24.0,0.0,64.93,6000.0,0,0,0,0,0
1,0,2,24.0,0.0,64.93,6000.0,0,0,0,0,0
0,0,0,26.0,0.0,57.63,8000.0,0,0,0,0,0
1,0,0,26.0,0.0,57.63,8000.0,0,0,0,0,0
0,0,2,26.3,0.0,57.01,9400.0,0,0,1,0,0
1,0,2,26.3,0.0,57.01,9400.0,0,0,1,0,0
0,1,0,25.0,0.0,61.16,7000.0,0,0,1,0,0
1,1,0,25.0,0.0,61.16,7000.0,0,0,1,0,0
0,0,2,23.0,0.0,73.46,5000.0,0,0,0,0,0
1,0,2,23.0,0.0,73.46,5000.0,0,0,0,0,0
0,0,1,21.1,0.0,90.78,9800.0,0,0,0,0,0
1,0,1,21.1,0.0,90.78,9800.0,0,0,0,0,0
0,0,2,16.0,0.0,82.39,5000.0,6,0,0,0,0
1,0,2,16.0,0.0,82.39,5000.0,6,0,0,0,0
0,0,2,15.5,0.0,87.33,8400.0,6,0,1,0,0
1,0,2,15.5,0.0,87.33,8400.0,6,0,1,0,0
0,0,2,15.5,0.0,87.33,8400.0,6,0,1,0,0
1,0,2,15.5,0.0,87.33,8400.0,6,0,1,0,0
0,0,2,20.7,0.0,61.71,8400.0,6,0,0,0,0
1,0,2,20.7,0.0,61.71,8400.0,6,0,0,0,0
0,0,2,24.0,0.0,50.2,7000.0,6,0,0,0,0
1,0,2,24.0,0.0,50.2,7000.0,6,0,0,0,0
0,0,0,26.0,0.0,47.55,7000.0,6,0,0,0,0
1,0,0,26.0,0.0,47.55,7000.0,6,0,0,0,0
0,1,2,25.7,0.0,48.18,15900.0,6,0,1,0,0
1,0,2,25.7,0.0,48.18,15900.0,6,0,1,0,0
0,1,2,22.0,0.0,60.47,6000.0,6,0,1,0,0
1,1,2,22.0,0.0,60.47,6000.0,6,0,1,0,0
0,0,2,19.0,0.0,77.62,6000.0,6,0,0,0,0
1,0,2,19.0,0.0,77.62,6000.0,6,0,0,0,0
0,0,0,19.4,0.0,81.56,8400.0,6,0,0,0,0
1,0,0,19.4,0.0,81.56,8400.0,6,0,0,0,0
0,0,0,13.0,0.0,82.01,7000.0,5,0,0,0,0
1,0,0,13.0,0.0,82.01,7000.0,5,0,0,0,0
0,0,0,13.1,0.0,86.8,8600.0,5,0,1,0,0
1,0,0,13.1,0.0,86.8,8600.0,5,0,1,0,0
0,0,0,13.1,0.0,86.8,8600.0,5,0,1,0,0
1,0,0,13.1,0.0,86.8,8600.0,5,0,1,0,0
0,1,0,19.1,0.0,59.82,10200.0,5,0,0,0,0
1,0,0,19.1,0.0,59.82,10200.0,5,0,0,0,0
0,1,2,22.0,0.0,49.67,9000.0,5,0,0,0,0
1,0,2,22.0,0.0,49.67,9000.0,5,0,0,0,0
0,1,0,25.0,0.0,36.26,10000.0,5,0,0,0,0
1,0,0,25.0,0.0,36.26,10000.0,5,0,0,0,0
0,1,0,24.5,0.0,35.42,16900.0,5,0,1,0,0
1,1,0,24.5,0.0,35.42,16900.0,5,0,1,0,0
0,1,0,23.0,0.0,38.21,10000.0,5,0,1,0,0
1,1,0,23.0,0.0,38.21,10000.0,5,0,1,0,0
0,0,2,18.0,0.0,77.46,6000.0,5,0,0,0,0
1,0,2,18.0,0.0,77.46,6000.0,5,0,0,0,0
0,0,0,16.1,0.0,81.45,15700.0,5,0,0,0,0
1,0,0,16.1,0.0,81.45,15700.0,5,0,0,0,0
0,0,0,14.0,0.0,76.84,9000.0,4,0,0,0,0
1,0,0,14.0,0.0,76.84,9000.0,4,0,0,0,0
0,0,2,13.8,0.0,77.22,8900.0,4,0,1,0,0
1,0,2,13.8,0.0,77.22,8900.0,4,0,1,0,0
0,0,2,13.8,0.0,77.22,8900.0,4,0,1,0,0
1,0,2,13.8,0.0,77.22,8900.0,4,0,1,0,0
0,0,2,20.1,0.0,54.05,10200.0,4,0,0,0,0
1,0,2,20.1,0.0,54.05,10200.0,4,0,0,0,0
0,0,0,23.0,0.0,43.73,10000.0,4,0,0,0,0
1,0,0,23.0,0.0,43.73,10000.0,4,0,0,0,0
0,0,0,25.0,0.0,31.65,10000.0,4,0,0,0,0
1,0,0,25.0,0.0,31.65,10000.0,4,0,0,0,0
0,1,2,24.7,0.0,29.7,10200.0,4,0,1,0,0
1,0,2,24.7,0.0,29.7,10200.0,4,0,1,0,0
0,1,0,22.0,0.0,40.6,10000.0,4,0,1,0,0
1,1,0,22.0,0.0,40.6,10000.0,4,0,1,0,0
0,0,0,18.0,0.0,63.63,9000.0,4,0,0,0,0
1,0,0,18.0,0.0,63.63,9000.0,4,0,0,0,0
0,0,0,14.1,0.0,82.71,9400.0,4,0,0,0,0
1,0,0,14.1,0.0,82.71,9400.0,4,0,0,0,0
0,0,0,15.0,0.0,87.84,5000.0,3,0,0,0,0
1,0,0,15.0,0.0,87.84,5000.0,3,0,0,0,0
0,0,0,14.8,0.0,90.1,9300.0,3,0,1,0,0
1,0,0,14.8,0.0,90.1,9300.0,3,0,1,0,0
0,1,0,14.8,0.0,90.1,9300.0,3,0,1,0,0
1,1,0,14.8,0.0,90.1,9300.0,3,0,1,0,0
0,0,0,23.1,0.0,41.51,16900.0,3,0,0,0,0
1,0,0,23.1,0.0,41.51,16900.0,3,0,0,0,0
0,0,0,24.0,0.0,31.37,10000.0,3,0,0,0,0
1,0,0,24.0,0.0,31.37,10000.0,3,0,0,0,0
0,0,0,25.0,0.0,29.55,10000.0,3,0,0,0,0
1,0,0,25.0,0.0,29.55,10000.0,3,0,0,0,0
0,0,2,25.0,0.0,27.72,16900.0,3,0,1,0,0
1,0,2,25.0,0.0,27.72,16900.0,3,0,1,0,0
0,1,0,23.0,0.0,38.21,10000.0,3,0,1,0,0
1,1,0,23.0,0.0,38.21,10000.0,3,0,1,0,0
0,0,0,18.0,0.0,55.66,10000.0,3,0,0,0,0
1,0,0,18.0,0.0,55.66,10000.0,3,0,0,0,0
0,0,2,15.1,0.0,74.29,10000.0,3,0,0,0,0
1,0,2,15.1,0.0,74.29,10000.0,3,0,0,0,0
0,0,0,16.0,0.0,63.17,10000.0,2,0,0,0,0
1,0,0,16.0,0.0,63.17,10000.0,2,0,0,0,0
0,0,2,13.5,0.0,88.12,9600.0,2,0,1,0,0
1,1,2,13.5,0.0,88.12,9600.0,2,0,1,0,0
0,1,2,13.5,0.0,88.12,9600.0,2,0,1,0,0
1,1,2,13.5,0.0,88.12,9600.0,2,0,1,0,0
0,0,0,21.4,0.0,44.43,16900.0,2,0,0,0,0
1,0,0,21.4,0.0,44.43,16900.0,2,0,0,0,0
0,0,0,23.0,0.0,38.21,10000.0,2,0,0,0,0
1,0,0,23.0,0.0,38.21,10000.0,2,0,0,0,0
0,0,0,24.0,0.0,41.17,10000.0,2,0,0,0,0
1,0,0,24.0,0.0,41.17,10000.0,2,0,0,0,0
0,0,0,24.0,0.0,39.33,16900.0,2,0,1,0,0
1,0,0,24.0,0.0,39.33,16900.0,2,0,1,0,0
0,1,0,22.0,0.0,46.47,10000.0,2,0,1,0,0
1,1,0,22.0,0.0,46.47,10000.0,2,0,1,0,0
0,0,0,17.0,0.0,72.4,9000.0,2,0,0,0,0
1,0,0,17.0,0.0,72.4,9000.0,2,0,0,0,0
0,0,0,15.7,0.0,80.12,16700.0,2,0,0,0,0
1,0,0,15.7,0.0,80.12,16700.0,2,0,0,0,0
0,0,0,21.0,0.0,52.8,10000.0,1,0,0,0,0
1,0,0,21.0,0.0,52.8,10000.0,1,0,0,0,0
0,0,0,19.7,0.0,51.95,11100.0,1,0,1,0,0
1,1,0,19.7,0.0,51.95,11100.0,1,0,1,0,0
0,1,0,19.7,0.0,51.95,11100.0,1,0,1,0,0
1,1,0,19.7,0.0,51.95,11100.0,1,0,1,0,0
0,0,2,23.4,0.0,34.35,16900.0,1,0,0,0,0
1,0,2,23.4,0.0,34.35,16900.0,1,0,0,0,0
0,0,0,24.0,0.0,35.97,10000.0,1,0,0,0,0
1,0,0,24.0,0.0,35.97,10000.0,1,0,0,0,0
0,0,0,24.0,0.0,35.97,10000.0,1,0,0,0,0
1,0,0,24.0,0.0,35.97,10000.0,1,0,0,0,0
0,1,0,24.4,0.0,34.93,16900.0,1,0,1,0,0
1,0,0,24.4,0.0,34.93,16900.0,1,0,1,0,0
0,1,0,22.0,0.0,43.45,10000.0,1,0,1,0,0
1,0,0,22.0,0.0,43.45,10000.0,1,0,1,0,0
0,0,0,18.0,0.0,67.97,10000.0,1,0,0,0,0
1,0,0,18.0,0.0,67.97,10000.0,1,0,0,0,0
0,0,0,16.1,0.0,78.22,10000.0,1,0,0,0,0
1,0,0,16.1,0.0,78.22,10000.0,1,0,0,0,0
0,0,0,17.0,0.0,88.01,6000.0,0,0,0,0,0
1,0,0,17.0,0.0,88.01,6000.0,0,0,0,0,0
0,1,0,17.4,0.0,89.24,4700.0,0,0,1,0,0
1,1,0,17.4,0.0,89.24,4700.0,0,0,1,0,0
0,1,0,17.4,0.0,89.24,4700.0,0,0,1,0,0
1,1,0,17.4,0.0,89.24,4700.0,0,0,1,0,0
0,0,0,22.7,0.0,64.91,10200.0,0,0,0,0,0
1,0,0,22.7,0.0,64.91,10200.0,0,0,0,0,0
0,0,0,25.0,0.0,47.28,10000.0,0,0,0,0,0
1,0,0,25.0,0.0,47.28,10000.0,0,0,0,0,0
0,0,0,26.0,0.0,44.56,10000.0,0,0,0,0,0
1,0,0,26.0,0.0,44.56,10000.0,0,0,0,0,0
0,0,0,26.1,0.0,42.7,16900.0,0,0,1,0,0
1,0,0,26.1,0.0,42.7,16900.0,0,0,1,0,0
0,1,0,24.0,0.0,53.58,10000.0,0,0,1,0,0
1,1,0,24.0,0.0,53.58,10000.0,0,0,1,0,0
0,0,0,20.0,0.0,72.94,10000.0,0,0,0,0,0
1,0,0,20.0,0.0,72.94,10000.0,0,0,0,0,0
0,0,0,18.8,0.0,80.82,10000.0,0,0,0,0,0
1,0,0,18.8,0.0,80.82,10000.0,0,0,0,0,0
0,0,0,19.0,0.0,72.76,10000.0,6,0,0,0,0
1,0,0,19.0,0.0,72.76,10000.0,6,0,0,0,0
0,0,2,18.1,0.0,84.24,10200.0,6,0,1,0,0
1,0,2,18.1,0.0,84.24,10200.0,6,0,1,0,0
0,0,2,18.1,0.0,84.24,10200.0,6,0,1,0,0
1,0,2,18.1,0.0,84.24,10200.0,6,0,1,0,0
0,0,0,22.8,0.0,61.13,10200.0,6,0,0,0,0
1,0,0,22.8,0.0,61.13,10200.0,6,0,0,0,0
0,0,0,25.0,0.0,47.28,10000.0,6,0,0,0,0
1,0,0,25.0,0.0,47.28,10000.0,6,0,0,0,0
0,0,0,26.0,0.0,41.73,10000.0,6,0,0,0,0
1,0,0,26.0,0.0,41.73,10000.0,6,0,0,0,0
0,1,0,26.1,0.0,44.63,16900.0,6,0,1,0,0
1,0,0,26.1,0.0,44.63,16900.0,6,0,1,0,0
0,1,0,25.0,0.0,47.28,10000.0,6,0,1,0,0
1,1,0,25.0,0.0,47.28,10000.0,6,0,1,0,0
0,0,0,20.0,0.0,77.77,7000.0,6,0,0,0,0
1,0,0,20.0,0.0,77.77,7000.0,6,0,0,0,0
0,0,0,19.5,0.0,82.73,9100.0,6,0,0,0,0
1,0,0,19.5,0.0,82.73,9100.0,6,0,0,0,0
0,0,0,19.0,0.0,63.85,10000.0,5,0,0,0,0
1,0,0,19.0,0.0,63.85,10000.0,5,0,0,0,0
0,0,0,16.1,0.0,89.78,7000.0,5,0,1,0,0
1,0,0,16.1,0.0,89.78,7000.0,5,0,1,0,0
0,0,0,16.1,0.0,89.78,7000.0,5,0,1,0,0
1,0,0,16.1,0.0,89.78,7000.0,5,0,1,0,0
0,1,2,22.7,0.0,50.16,10200.0,5,0,0,0,0
1,0,2,22.7,0.0,50.16,10200.0,5,0,0,0,0
0,1,0,24.0,0.0,35.97,10000.0,5,0,0,0,0
1,0,0,24.0,0.0,35.97,10000.0,5,0,0,0,0
0,1,0,24.0,0.0,38.49,10000.0,5,0,0,0,0
1,0,0,24.0,0.0,38.49,10000.0,5,0,0,0,0
0,1,2,23.8,0.0,36.9,10200.0,5,0,1,0,0
1,1,2,23.8,0.0,36.9,10200.0,5,0,1,0,0
0,1,0,23.0,0.0,43.73,10000.0,5,0,1,0,0
1,1,0,23.0,0.0,43.73,10000.0,5,0,1,0,0
0,0,0,19.0,0.0,77.62,9000.0,5,0,0,0,0
1,0,0,19.0,0.0,77.62,9000.0,5,0,0,0,0
0,0,2,19.7,0.0,68.73,9100.0,5,0,0,0,0
1,0,2,19.7,0.0,68.73,9100.0,5,0,0,0,0
0,0,0,18.0,0.0,59.52,10000.0,4,0,0,0,0
1,0,0,18.0,0.0,59.52,10000.0,4,0,0,0,0
0,0,2,16.4,0.0,87.52,8700.0,4,0,1,0,0
1,0,2,16.4,0.0,87.52,8700.0,4,0,1,0,0
0,0,2,16.4,0.0,87.52,8700.0,4,0,1,0,0
1,0,2,16.4,0.0,87.52,8700.0,4,0,1,0,0
0,0,2,21.3,0.0,53.65,10200.0,4,0,0,0,0
1,0,2,21.3,0.0,53.65,10200.0,4,0,0,0,0
0,0,0,23.0,0.0,43.73,10000.0,4,0,0,0,0
1,0,0,23.0,0.0,43.73,10000.0,4,0,0,0,0
0,0,0,24.0,0.0,41.17,10000.0,4,0,0,0,0
1,0,0,24.0,0.0,41.17,10000.0,4,0,0,0,0
0,1,0,24.4,0.0,42.15,10200.0,4,0,1,0,0
1,0,0,24.4,0.0,42.15,10200.0,4,0,1,0,0
0,1,0,23.0,0.0,49.93,10000.0,4,0,1,0,0
1,1,0,23.0,0.0,49.93,10000.0,4,0,1,0,0
0,0,0,20.0,0.0,64.07,10000.0,4,0,0,0,0
1,0,0,20.0,0.0,64.07,10000.0,4,0,0,0,0
0,0,0,18.3,0.0,78.16,10000.0,4,0,0,0,0
1,0,0,18.3,0.0,78.16,10000.0,4,0,0,0,0
0,0,0,16.0,0.0,67.56,10000.0,3,0,0,0,0
1,0,0,16.0,0.0,67.56,10000.0,3,0,0,0,0
0,0,2,16.4,0.0,63.85,11100.0,3,0,1,0,0
1,0,2,16.4,0.0,63.85,11100.0,3,0,1,0,0
0,1,2,16.4,0.0,63.85,11100.0,3,0,1,0,0
1,1,2,16.4,0.0,63.85,11100.0,3,0,1,0,0
0,0,2,19.1,0.0,49.95,10200.0,3,0,0,0,0
1,0,2,19.1,0.0,49.95,10200.0,3,0,0,0,0
0,0,0,21.0,0.0,49.4,10000.0,3,0,0,0,0
1,0,0,21.0,0.0,49.4,10000.0,3,0,0,0,0
0,0,0,23.0,0.0,38.21,10000.0,3,0,0,0,0
1,0,0,23.0,0.0,38.21,10000.0,3,0,0,0,0
0,0,0,22.4,0.0,41.09,16900.0,3,0,1,0,0
1,0,0,22.4,0.0,41.09,16900.0,3,0,1,0,0
0,1,0,21.0,0.0,46.19,10000.0,3,0,1,0,0
1,1,0,21.0,0.0,46.19,10000.0,3,0,1,0,0
0,0,0,18.0,0.0,72.58,10000.0,3,0,0,0,0
1,0,0,18.0,0.0,72.58,10000.0,3,0,0,0,0
0,0,2,17.4,0.0,78.85,10000.0,3,0,0,0,0
1,0,2,17.4,0.0,78.85,10000.0,3,0,0,0,0
0,0,2,14.0,0.0,82.14,10000.0,2,0,0,0,0
1,0,2,14.0,0.0,82.14,10000.0,2,0,0,0,0
0,0,2,13.7,0.0,85.12,10200.0,2,0,1,0,0
1,1,2,13.7,0.0,85.12,10200.0,2,0,1,0,0
0,1,2,13.7,0.0,85.12,10200.0,2,0,1,0,0
1,1,2,13.7,0.0,85.12,10200.0,2,0,1,0,0
0,0,1,16.6,0.0,69.95,10000.0,2,0,0,0,0
1,0,1,16.6,0.0,69.95,10000.0,2,0,0,0,0
0,0,1,16.0,0.0,72.22,10000.0,2,0,0,0,0
1,0,1,16.0,0.0,72.22,10000.0,2,0,0,0,0
0,0,2,18.0,0.0,59.52,10000.0,2,0,0,0,0
1,0,2,18.0,0.0,59.52,10000.0,2,0,0,0,0
0,0,2,17.7,0.0,59.97,10000.0,2,0,1,0,0
1,0,2,17.7,0.0,59.97,10000.0,2,0,1,0,0
0,1,0,17.0,0.0,67.77,10000.0,2,0,1,0,0
1,1,0,17.0,0.0,67.77,10000.0,2,0,1,0,0
0,0,0,16.0,0.0,77.16,10000.0,2,0,0,0,0
1,0,0,16.0,0.0,77.16,10000.0,2,0,0,0,0
0,0,2,16.4,0.0,66.33,10000.0,2,0,0,0,0
1,0,2,16.4,0.0,66.33,10000.0,2,0,0,0,0
0,0,3,22.0,0.5,83.11,10000.0,1,0,0,1,0
1,0,3,22.0,0.5,83.11,10000.0,1,0,0,1,0
0,0,3,21.0,0.7,92.63,9200.0,1,0,1,1,1
1,1,3,21.0,0.7,92.63,9200.0,1,0,1,1,1
0,1,3,21.0,0.7,92.63,9200.0,1,0,1,1,1
1,1,3,21.0,0.7,92.63,9200.0,1,0,1,1,1
0,0,3,20.8,0.5,93.71,9100.0,1,0,0,1,0
1,0,3,20.8,0.5,93.71,9100.0,1,0,0,1,0
0,0,3,20.0,0.4,93.97,10000.0,1,0,0,1,0
1,0,3,20.0,0.4,93.97,10000.0,1,0,0,1,0
0,0,1,17.0,0.1,88.01,10000.0,1,0,0,1,0
1,0,1,17.0,0.1,88.01,10000.0,1,0,0,1,0
0,1,1,16.8,0.1,89.61,10000.0,1,0,1,1,1
1,0,1,16.8,0.1,89.61,10000.0,1,0,1,1,1
0,1,1,16.0,0.2,93.79,7000.0,1,0,1,1,1
1,0,1,16.0,0.2,93.79,7000.0,1,0,1,1,1
0,0,1,15.0,0.2,87.84,10000.0,1,0,0,1,0
1,0,1,15.0,0.2,87.84,10000.0,1,0,0,1,0
0,0,1,14.1,0.1,95.37,10000.0,1,0,0,1,0
1,0,1,14.1,0.1,95.37,10000.0,1,0,0,1,0
0,0,0,22.0,0.0,88.44,10000.0,0,0,0,0,0
1,0,0,22.0,0.0,88.44,10000.0,0,0,0,0,0
0,1,2,21.5,0.0,92.71,9900.0,0,0,1,0,0
1,1,2,21.5,0.0,92.71,9900.0,0,0,1,0,0
0,1,2,21.5,0.0,92.71,9900.0,0,0,1,0,0
1,1,2,21.5,0.0,92.71,9900.0,0,0,1,0,0
0,0,2,26.1,0.0,71.59,10000.0,0,0,0,0,0
1,0,2,26.1,0.0,71.59,10000.0,0,0,0,0,0
0,0,2,27.0,0.1,65.56,10000.0,0,0,0,1,0
1,0,2,27.0,0.1,65.56,10000.0,0,0,0,1,0
0,0,2,26.0,0.1,65.36,10000.0,0,0,0,1,0
1,0,2,26.0,0.1,65.36,10000.0,0,0,0,1,0
0,0,1,24.8,0.1,80.72,10000.0,0,0,1,1,1
1,0,1,24.8,0.1,80.72,10000.0,0,0,1,1,1
0,1,2,24.0,0.1,88.6,5000.0,0,0,1,1,1
1,1,2,24.0,0.1,88.6,5000.0,0,0,1,1,1
0,0,3,23.0,0.3,88.52,10000.0,0,0,0,1,0
1,0,3,23.0,0.3,88.52,10000.0,0,0,0,1,0
0,0,3,23.0,0.4,91.33,8800.0,0,0,0,1,0
1,0,3,23.0,0.4,91.33,8800.0,0,0,0,1,0
0,0,0,21.0,0.0,82.99,10000.0,6,0,0,0,0
1,0,0,21.0,0.0,82.99,10000.0,6,0,0,0,0
0,0,2,21.1,0.0,83.72,9600.0,6,0,1,0,0
1,0,2,21.1,0.0,83.72,9600.0,6,0,1,0,0
0,0,2,21.1,0.0,83.72,9600.0,6,0,1,0,0
1,0,2,21.1,0.0,83.72,9600.0,6,0,1,0,0
0,0,2,24.0,0.0,72.33,10200.0,6,0,0,0,0
1,0,2,24.0,0.0,72.33,10200.0,6,0,0,0,0
0,0,0,25.0,0.0,69.36,10000.0,6,0,0,0,0
1,0,0,25.0,0.0,69.36,10000.0,6,0,0,0,0
0,0,0,27.0,0.0,61.61,10000.0,6,0,0,0,0
1,0,0,27.0,0.0,61.61,10000.0,6,0,0,0,0
0,1,2,27.1,0.0,59.13,10200.0,6,0,1,0,0
1,0,2,27.1,0.0,59.13,10200.0,6,0,1,0,0
0,1,0,26.0,0.0,61.39,10000.0,6,0,1,0,0
1,1,0,26.0,0.0,61.39,10000.0,6,0,1,0,0
0,0,0,24.0,0.0,78.35,10000.0,6,0,0,0,0
1,0,0,24.0,0.0,78.35,10000.0,6,0,0,0,0
0,0,2,23.7,0.0,79.34,10000.0,6,0,0,0,0
1,0,2,23.7,0.0,79.34,10000.0,6,0,0,0,0
0,0,0,18.0,0.0,82.63,9000.0,5,0,0,0,0
1,0,0,18.0,0.0,82.63,9000.0,5,0,0,0,0
0,0,0,17.4,0.0,90.03,6500.0,5,0,1,0,0
1,0,0,17.4,0.0,90.03,6500.0,5,0,1,0,0
0,0,0,17.4,0.0,90.03,6500.0,5,0,1,0,0
1,0,0,17.4,0.0,90.03,6500.0,5,0,1,0,0
0,1,0,24.7,0.0,55.25,16900.0,5,0,0,0,0
1,0,0,24.7,0.0,55.25,16900.0,5,0,0,0,0
0,1,0,26.0,0.0,54.08,10000.0,5,0,0,0,0
1,0,0,26.0,0.0,54.08,10000.0,5,0,0,0,0
0,1,0,28.0,0.0,48.09,10000.0,5,0,0,0,0
1,0,0,28.0,0.0,48.09,10000.0,5,0,0,0,0
0,1,0,27.4,0.0,48.14,16900.0,5,0,1,0,0
1,1,0,27.4,0.0,48.14,16900.0,5,0,1,0,0
0,1,0,26.0,0.0,54.08,10000.0,5,0,1,0,0
1,1,0,26.0,0.0,54.08,10000.0,5,0,1,0,0
0,0,0,22.0,0.0,78.06,7000.0,5,0,0,0,0
1,0,0,22.0,0.0,78.06,7000.0,5,0,0,0,0
0,0,0,20.1,0.0,87.88,16700.0,5,0,0,0,0
1,0,0,20.1,0.0,87.88,16700.0,5,0,0,0,0
0,0,0,19.0,0.0,88.19,8000.0,4,0,0,0,0
1,0,0,19.0,0.0,88.19,8000.0,4,0,0,0,0
0,0,0,17.7,0.0,94.86,8000.0,4,0,1,0,0
1,0,0,17.7,0.0,94.86,8000.0,4,0,1,0,0
0,0,0,17.7,0.0,94.86,8000.0,4,0,1,0,0
1,0,0,17.7,0.0,94.86,8000.0,4,0,1,0,0
0,0,0,25.1,0.0,44.14,10200.0,4,0,0,0,0
1,0,0,25.1,0.0,44.14,10200.0,4,0,0,0,0
0,0,0,27.0,0.0,39.34,10000.0,4,0,0,0,0
1,0,0,27.0,0.0,39.34,10000.0,4,0,0,0,0
0,0,0,27.0,0.0,39.34,10000.0,4,0,0,0,0
1,0,0,27.0,0.0,39.34,10000.0,4,0,0,0,0
0,1,0,27.4,0.0,36.47,16900.0,4,0,1,0,0
1,0,0,27.4,0.0,36.47,16900.0,4,0,1,0,0
0,1,0,25.0,0.0,47.28,10000.0,4,0,1,0,0
1,1,0,25.0,0.0,47.28,10000.0,4,0,1,0,0
0,0,0,21.0,0.0,77.92,10000.0,4,0,0,0,0
1,0,0,21.0,0.0,77.92,10000.0,4,0,0,0,0
0,0,0,19.1,0.0,86.6,16700.0,4,0,0,0,0
1,0,0,19.1,0.0,86.6,16700.0,4,0,0,0,0
0,0,0,22.0,0.0,60.47,10000.0,3,0,0,0,0
1,0,0,22.0,0.0,60.47,10000.0,3,0,0,0,0
0,0,2,19.9,0.0,74.9,11100.0,3,0,1,0,0
1,0,2,19.9,0.0,74.9,11100.0,3,0,1,0,0
0,1,2,19.9,0.0,74.9,11100.0,3,0,1,0,0
1,1,2,19.9,0.0,74.9,11100.0,3,0,1,0,0
0,0,0,25.2,0.0,47.03,16900.0,3,0,0,0,0
1,0,0,25.2,0.0,47.03,16900.0,3,0,0,0,0
0,0,0,27.0,0.0,44.83,10000.0,3,0,0,0,0
1,0,0,27.0,0.0,44.83,10000.0,3,0,0,0,0
0,0,2,27.0,0.0,54.33,10000.0,3,0,0,0,0
1,0,2,27.0,0.0,54.33,10000.0,3,0,0,0,0
0,0,0,27.2,0.0,49.82,16900.0,3,0,1,0,0
1,0,0,27.2,0.0,49.82,16900.0,3,0,1,0,0
0,1,0,26.0,0.0,54.08,10000.0,3,0,1,0,0
1,1,0,26.0,0.0,54.08,10000.0,3,0,1,0,0
0,0,0,22.0,0.0,78.06,10000.0,3,0,0,0,0
1,0,0,22.0,0.0,78.06,10000.0,3,0,0,0,0
0,0,0,19.9,0.0,89.0,9700.0,3,0,0,0,0
1,0,0,19.9,0.0,89.0,9700.0,3,0,0,0,0
0,0,1,22.0,0.0,68.77,10000.0,2,0,0,0,0
1,0,1,22.0,0.0,68.77,10000.0,2,0,0,0,0
0,0,2,21.4,0.0,67.63,10900.0,2,0,1,0,0
1,1,2,21.4,0.0,67.63,10900.0,2,0,1,0,0
0,1,2,21.4,0.0,67.63,10900.0,2,0,1,0,0
1,1,2,21.4,0.0,67.63,10900.0,2,0,1,0,0
0,0,2,23.5,0.0,58.42,10200.0,2,0,0,0,0
1,0,2,23.5,0.0,58.42,10200.0,2,0,0,0,0
0,0,0,26.0,0.0,54.08,10000.0,2,0,0,0,0
1,0,0,26.0,0.0,54.08,10000.0,2,0,0,0,0
0,0,2,26.0,0.0,61.39,10000.0,2,0,0,0,0
1,0,2,26.0,0.0,61.39,10000.0,2,0,0,0,0
0,0,2,25.7,0.0,61.09,10200.0,2,0,1,0,0
1,0,2,25.7,0.0,61.09,10200.0,2,0,1,0,0
0,1,0,24.0,0.0,69.16,10000.0,2,0,1,0,0
1,1,0,24.0,0.0,69.16,10000.0,2,0,1,0,0
0,0,0,22.0,0.0,88.44,9000.0,2,0,0,0,0
1,0,0,22.0,0.0,88.44,9000.0,2,0,0,0,0
0,0,0,21.0,0.0,87.66,10000.0,2,0,0,0,0
1,0,0,21.0,0.0,87.66,10000.0,2,0,0,0,0
0,0,1,22.0,0.1,83.11,10000.0,1,0,0,1,0
1,0,1,22.0,0.1,83.11,10000.0,1,0,0,1,0
0,0,2,22.1,0.1,79.69,10200.0,1,0,1,1,1
1,1,2,22.1,0.1,79.69,10200.0,1,0,1,1,1
0,1,2,22.1,0.1,79.69,10200.0,1,0,1,1,1
1,1,2,22.1,0.1,79.69,10200.0,1,0,1,1,1
0,0,1,23.2,0.1,74.5,10000.0,1,0,0,1,0
1,0,1,23.2,0.1,74.5,10000.0,1,0,0,1,0
0,0,1,24.0,0.0,69.16,10000.0,1,0,0,0,0
1,0,1,24.0,0.0,69.16,10000.0,1,0,0,0,0
0,0,2,25.0,0.0,65.15,10000.0,1,0,0,0,0
1,0,2,25.0,0.0,65.15,10000.0,1,0,0,0,0
0,1,1,25.1,0.0,67.6,10000.0,1,0,1,0,0
1,0,1,25.1,0.0,67.6,10000.0,1,0,1,0,0
0,1,0,24.0,0.0,78.35,10000.0,1,0,1,0,0
1,0,0,24.0,0.0,78.35,10000.0,1,0,1,0,0
0,0,0,23.0,0.0,83.22,10000.0,1,0,0,0,0
1,0,0,23.0,0.0,83.22,10000.0,1,0,0,0,0
0,0,1,22.8,0.0,78.02,10000.0,1,0,0,0,0
1,0,1,22.8,0.0,78.02,10000.0,1,0,0,0,0
0,0,1,24.0,0.0,100.0,4000.0,0,0,0,0,0
1,0,1,24.0,0.0,100.0,4000.0,0,0,0,0,0
0,1,2,24.2,0.0,93.23,6200.0,0,0,1,0,0
1,1,2,24.2,0.0,93.23,6200.0,0,0,1,0,0
0,1,2,24.2,0.0,93.23,6200.0,0,0,1,0,0
1,1,2,24.2,0.0,93.23,6200.0,0,0,1,0,0
0,0,2,24.1,0.0,94.24,3800.0,0,0,0,0,0
1,0,2,24.1,0.0,94.24,3800.0,0,0,0,0,0
0,0,1,23.0,0.0,88.52,10000.0,0,0,0,0,0
1,0,1,23.0,0.0,88.52,10000.0,0,0,0,0,0
0,0,1,23.0,0.0,88.52,10000.0,0,0,0,0,0
1,0,1,23.0,0.0,88.52,10000.0,0,0,0,0,0
0,0,1,23.6,0.0,86.53,10000.0,0,0,1,0,0
1,0,1,23.6,0.0,86.53,10000.0,0,0,1,0,0
0,1,1,23.0,0.0,88.52,10000.0,0,0,1,0,0
1,1,1,23.0,0.0,88.52,10000.0,0,0,1,0,0
0,0,1,23.0,0.0,83.22,10000.0,0,0,0,0,0
1,0,1,23.0,0.0,83.22,10000.0,0,0,0,0,0
0,0,2,22.4,0.1,87.0,6000.0,0,0,0,1,0
1,0,2,22.4,0.1,87.0,6000.0,0,0,0,1,0
0,0,3,24.0,0.5,100.0,3000.0,6,0,0,1,0
1,0,3,24.0,0.5,100.0,3000.0,6,0,0,1,0
0,0,3,25.0,0.8,93.46,9500.0,6,0,1,1,1
1,0,3,25.0,0.8,93.46,9500.0,6,0,1,1,1
0,0,3,25.0,0.8,93.46,9500.0,6,0,1,1,1
1,0,3,25.0,0.8,93.46,9500.0,6,0,1,1,1
0,0,3,26.8,0.4,87.84,10000.0,6,0,0,1,0
1,0,3,26.8,0.4,87.84,10000.0,6,0,0,1,0
0,0,3,27.0,0.9,83.68,6000.0,6,0,0,1,0
1,0,3,27.0,0.9,83.68,6000.0,6,0,0,1,0
0,0,3,25.0,1.9,100.0,1000.0,6,0,0,1,0
1,0,3,25.0,1.9,100.0,1000.0,6,0,0,1,0
0,1,3,25.4,1.6,95.05,8800.0,6,0,1,1,1
1,0,3,25.4,1.6,95.05,8800.0,6,0,1,1,1
0,1,2,25.0,0.2,100.0,6000.0,6,0,1,1,1
1,1,2,25.0,0.2,100.0,6000.0,6,0,1,1,1
0,0,2,25.0,0.0,94.19,8000.0,6,0,0,0,0
1,0,2,25.0,0.0,94.19,8000.0,6,0,0,0,0
0,0,1,24.9,0.0,94.16,8400.0,6,0,0,0,0
1,0,1,24.9,0.0,94.16,8400.0,6,0,0,0,0
0,0,3,23.0,1.0,94.11,10000.0,5,0,0,1,0
1,0,3,23.0,1.0,94.11,10000.0,5,0,0,1,0
0,0,3,23.7,0.8,90.09,6200.0,5,0,1,1,1
1,0,3,23.7,0.8,90.09,6200.0,5,0,1,1,1
0,0,3,23.7,0.8,90.09,6200.0,5,0,1,1,1
1,0,3,23.7,0.8,90.09,6200.0,5,0,1,1,1
0,1,3,25.6,0.7,89.78,10200.0,5,0,0,1,0
1,0,3,25.6,0.7,89.78,10200.0,5,0,0,1,0
0,1,3,27.0,0.3,88.84,10000.0,5,0,0,1,0
1,0,3,27.0,0.3,88.84,10000.0,5,0,0,1,0
0,1,3,29.0,0.5,79.06,10000.0,5,0,0,1,0
1,0,3,29.0,0.5,79.06,10000.0,5,0,0,1,0
0,1,2,28.2,0.2,76.91,10200.0,5,0,1,1,1
1,1,2,28.2,0.2,76.91,10200.0,5,0,1,1,1
0,1,2,28.0,0.1,78.92,10000.0,5,0,1,1,1
1,1,2,28.0,0.1,78.92,10000.0,5,0,1,1,1
0,0,1,26.0,0.0,88.76,10000.0,5,0,0,0,0
1,0,1,26.0,0.0,88.76,10000.0,5,0,0,0,0
0,0,2,25.2,0.1,93.47,9100.0,5,0,0,1,0
1,0,2,25.2,0.1,93.47,9100.0,5,0,0,1,0
0,0,1,22.0,0.0,94.06,6000.0,4,0,0,0,0
1,0,1,22.0,0.0,94.06,6000.0,4,0,0,0,0
0,0,2,22.1,0.2,94.09,3500.0,4,0,1,1,1
1,0,2,22.1,0.2,94.09,3500.0,4,0,1,1,1
0,0,2,22.1,0.2,94.09,3500.0,4,0,1,1,1
1,0,2,22.1,0.2,94.09,3500.0,4,0,1,1,1
0,0,3,22.7,1.0,90.11,9900.0,4,0,0,1,0
1,0,3,22.7,1.0,90.11,9900.0,4,0,0,1,0
0,0,3,24.0,1.4,83.34,10000.0,4,0,0,1,0
1,0,3,24.0,1.4,83.34,10000.0,4,0,0,1,0
0,0,3,25.0,0.9,83.45,6000.0,4,0,0,1,0
1,0,3,25.0,0.9,83.45,6000.0,4,0,0,1,0
0,1,3,23.7,0.8,90.97,4300.0,4,0,1,1,1
1,0,3,23.7,0.8,90.97,4300.0,4,0,1,1,1
0,1,3,24.0,0.6,94.15,2000.0,4,0,1,1,1
1,1,3,24.0,0.6,94.15,2000.0,4,0,1,1,1
0,0,3,23.0,0.4,94.11,10000.0,4,0,0,1,0
1,0,3,23.0,0.4,94.11,10000.0,4,0,0,1,0
0,0,3,23.2,0.5,94.21,9400.0,4,0,0,1,0
1,0,3,23.2,0.5,94.21,9400.0,4,0,0,1,0
0,0,1,21.0,0.0,88.35,10000.0,3,0,0,0,0
1,0,1,21.0,0.0,88.35,10000.0,3,0,0,0,0
0,0,2,20.4,0.0,94.04,5900.0,3,0,1,0,0
1,0,2,20.4,0.0,94.04,5900.0,3,0,1,0,0
0,1,2,20.4,0.0,94.04,5900.0,3,0,1,0,0
1,1,2,20.4,0.0,94.04,5900.0,3,0,1,0,0
0,0,2,24.7,0.0,73.24,10000.0,3,0,0,0,0
1,0,2,24.7,0.0,73.24,10000.0,3,0,0,0,0
0,0,1,25.0,0.0,78.5,8000.0,3,0,0,0,0
1,0,1,25.0,0.0,78.5,8000.0,3,0,0,0,0
0,0,1,25.0,0.0,78.5,10000.0,3,0,0,0,0
1,0,1,25.0,0.0,78.5,10000.0,3,0,0,0,0
0,0,1,25.1,0.0,78.77,10000.0,3,0,1,0,0
1,0,1,25.1,0.0,78.77,10000.0,3,0,1,0,0
0,1,1,24.0,0.0,83.34,6000.0,3,0,1,0,0
1,1,1,24.0,0.0,83.34,6000.0,3,0,1,0,0
0,0,1,23.0,0.0,88.52,7000.0,3,0,0,0,0
1,0,1,23.0,0.0,88.52,7000.0,3,0,0,0,0
0,0,0,22.2,0.0,89.75,9300.0,3,0,0,0,0
1,0,0,22.2,0.0,89.75,9300.0,3,0,0,0,0
0,0,1,19.0,0.0,88.19,10000.0,2,0,0,0,0
1,0,1,19.0,0.0,88.19,10000.0,2,0,0,0,0
0,0,1,19.4,0.0,87.19,10200.0,2,0,1,0,0
1,1,1,19.4,0.0,87.19,10200.0,2,0,1,0,0
0,1,1,19.4,0.0,87.19,10200.0,2,0,1,0,0
1,1,1,19.4,0.0,87.19,10200.0,2,0,1,0,0
0,0,1,22.2,0.0,75.14,10000.0,2,0,0,0,0
1,0,1,22.2,0.0,75.14,10000.0,2,0,0,0,0
0,0,1,24.0,0.0,69.16,10000.0,2,0,0,0,0
1,0,1,24.0,0.0,69.16,10000.0,2,0,0,0,0
0,0,2,24.0,0.0,69.16,10000.0,2,0,0,0,0
1,0,2,24.0,0.0,69.16,10000.0,2,0,0,0,0
0,0,1,24.0,0.0,70.57,10000.0,2,0,1,0,0
1,0,1,24.0,0.0,70.57,10000.0,2,0,1,0,0
0,1,2,23.0,0.0,78.21,10000.0,2,0,1,0,0
1,1,2,23.0,0.0,78.21,10000.0,2,0,1,0,0
0,0,0,22.0,0.0,83.11,10000.0,2,0,0,0,0
1,0,0,22.0,0.0,83.11,10000.0,2,0,0,0,0
0,0,2,21.4,0.0,87.38,10000.0,2,0,0,0,0
1,0,2,21.4,0.0,87.38,10000.0,2,0,0,0,0
0,0,1,18.0,0.1,93.88,10000.0,1,0,0,1,0
1,0,1,18.0,0.1,93.88,10000.0,1,0,0,1,0
0,0,1,17.9,0.1,94.06,10100.0,1,0,1,1,1
1,1,1,17.9,0.1,94.06,10100.0,1,0,1,1,1
0,1,1,17.9,0.1,94.06,10100.0,1,0,1,1,1
1,1,1,17.9,0.1,94.06,10100.0,1,0,1,1,1
0,0,3,19.7,1.1,81.42,10000.0,1,0,0,1,0
1,0,3,19.7,1.1,81.42,10000.0,1,0,0,1,0
0,0,3,21.0,0.7,77.92,10000.0,1,0,0,1,0
1,0,3,21.0,0.7,77.92,10000.0,1,0,0,1,0
0,0,1,23.0,0.1,68.97,10000.0,1,0,0,1,0
1,0,1,23.0,0.1,68.97,10000.0,1,0,0,1,0
0,1,3,22.0,0.3,73.62,10000.0,1,0,1,1,1
1,0,3,22.0,0.3,73.62,10000.0,1,0,1,1,1
0,1,1,22.0,0.2,78.06,10000.0,1,0,1,1,1
1,0,1,22.0,0.2,78.06,10000.0,1,0,1,1,1
0,0,1,21.0,0.0,77.92,10000.0,1,0,0,0,0
1,0,1,21.0,0.0,77.92,10000.0,1,0,0,0,0
0,0,1,20.2,0.0,85.51,10000.0,1,0,0,0,0
1,0,1,20.2,0.0,85.51,10000.0,1,0,0,0,0
0,0,1,19.0,0.0,88.19,10000.0,0,0,0,0,0
1,0,1,19.0,0.0,88.19,10000.0,0,0,0,0,0
0,1,2,17.9,0.0,95.57,4700.0,0,0,1,0,0
1,1,2,17.9,0.0,95.57,4700.0,0,0,1,0,0
0,1,2,17.9,0.0,95.57,4700.0,0,0,1,0,0
1,1,2,17.9,0.0,95.57,4700.0,0,0,1,0,0
0,0,2,18.1,0.0,94.87,6000.0,0,0,0,0,0
1,0,2,18.1,0.0,94.87,6000.0,0,0,0,0,0
0,0,1,18.0,0.0,93.88,10000.0,0,0,0,0,0
1,0,1,18.0,0.0,93.88,10000.0,0,0,0,0,0
0,0,1,18.0,0.2,93.88,9000.0,0,0,0,1,0
1,0,1,18.0,0.2,93.88,9000.0,0,0,0,1,0
0,0,3,18.0,0.3,95.14,6000.0,0,0,1,1,1
1,0,3,18.0,0.3,95.14,6000.0,0,0,1,1,1
0,1,1,19.0,0.1,88.19,10000.0,0,0,1,1,1
1,1,1,19.0,0.1,88.19,10000.0,0,0,1,1,1
0,0,1,18.0,0.2,93.88,10000.0,0,0,0,1,0
1,0,1,18.0,0.2,93.88,10000.0,0,0,0,1,0
0,0,3,17.8,0.6,96.76,5100.0,0,0,0,1,0
1,0,3,17.8,0.6,96.76,5100.0,0,0,0,1,0
0,0,1,19.0,0.0,100.0,5000.0,6,0,0,0,0
1,0,1,19.0,0.0,100.0,5000.0,6,0,0,0,0
0,0,2,19.0,0.0,92.4,8600.0,6,0,1,0,0
1,0,2,19.0,0.0,92.4,8600.0,6,0,1,0,0
0,0,2,19.0,0.0,92.4,8600.0,6,0,1,0,0
1,0,2,19.0,0.0,92.4,8600.0,6,0,1,0,0
0,0,2,19.7,0.0,92.03,10000.0,6,0,0,0,0
1,0,2,19.7,0.0,92.03,10000.0,6,0,0,0,0
0,0,1,20.0,0.1,88.27,7000.0,6,0,0,1,0
1,0,1,20.0,0.1,88.27,7000.0,6,0,0,1,0
0,0,1,20.0,0.1,93.97,10000.0,6,0,0,1,0
1,0,1,20.0,0.1,93.97,10000.0,6,0,0,1,0
0,1,2,19.8,0.0,90.88,6000.0,6,0,1,0,0
1,0,2,19.8,0.0,90.88,6000.0,6,0,1,0,0
0,1,1,20.0,0.0,88.27,10000.0,6,0,1,0,0
1,1,1,20.0,0.0,88.27,10000.0,6,0,1,0,0
0,0,1,20.0,0.2,88.27,10000.0,6,0,0,1,0
1,0,1,20.0,0.2,88.27,10000.0,6,0,0,1,0
0,0,2,19.1,0.0,96.6,6000.0,6,0,0,0,0
1,0,2,19.1,0.0,96.6,6000.0,6,0,0,0,0
0,0,3,21.0,0.9,94.02,10000.0,5,0,0,1,0
1,0,3,21.0,0.9,94.02,10000.0,5,0,0,1,0
0,0,3,20.3,0.3,94.06,4400.0,5,0,1,1,1
1,0,3,20.3,0.3,94.06,4400.0,5,0,1,1,1
0,0,3,20.3,0.3,94.06,4400.0,5,0,1,1,1
1,0,3,20.3,0.3,94.06,4400.0,5,0,1,1,1
0,1,3,20.9,0.3,92.09,6000.0,5,0,0,1,0
1,0,3,20.9,0.3,92.09,6000.0,5,0,0,1,0
0,1,3,20.0,0.5,93.97,10000.0,5,0,0,1,0
1,0,3,20.0,0.5,93.97,10000.0,5,0,0,1,0
0,1,1,21.0,0.1,88.35,10000.0,5,0,0,1,0
1,0,1,21.0,0.1,88.35,10000.0,5,0,0,1,0
0,1,2,20.1,0.0,90.75,6000.0,5,0,1,0,0
1,1,2,20.1,0.0,90.75,6000.0,5,0,1,0,0
0,1,1,21.0,0.0,82.99,10000.0,5,0,1,0,0
1,1,1,21.0,0.0,82.99,10000.0,5,0,1,0,0
0,0,1,21.0,0.0,82.99,10000.0,5,0,0,0,0
1,0,1,21.0,0.0,82.99,10000.0,5,0,0,0,0
0,0,1,20.6,0.0,85.49,10000.0,5,0,0,0,0
1,0,1,20.6,0.0,85.49,10000.0,5,0,0,0,0
0,0,1,22.0,0.2,100.0,6000.0,4,0,0,1,0
1,0,1,22.0,0.2,100.0,6000.0,4,0,0,1,0
0,0,3,22.2,0.7,93.4,4700.0,4,0,1,1,1
1,0,3,22.2,0.7,93.4,4700.0,4,0,1,1,1
0,0,3,22.2,0.7,93.4,4700.0,4,0,1,1,1
1,0,3,22.2,0.7,93.4,4700.0,4,0,1,1,1
0,0,3,22.0,0.7,94.24,8100.0,4,0,0,1,0
1,0,3,22.0,0.7,94.24,8100.0,4,0,0,1,0
0,0,3,22.0,0.6,94.06,10000.0,4,0,0,1,0
1,0,3,22.0,0.6,94.06,10000.0,4,0,0,1,0
0,0,3,21.0,0.6,94.02,5000.0,4,0,0,1,0
1,0,3,21.0,0.6,94.02,5000.0,4,0,0,1,0
0,1,2,21.4,0.0,95.9,4400.0,4,0,1,0,0
1,0,2,21.4,0.0,95.9,4400.0,4,0,1,0,0
0,1,1,21.0,0.1,100.0,10000.0,4,0,1,1,1
1,1,1,21.0,0.1,100.0,10000.0,4,0,1,1,1
0,0,3,21.0,0.7,100.0,5000.0,4,0,0,1,0
1,0,3,21.0,0.7,100.0,5000.0,4,0,0,1,0
0,0,3,21.8,1.4,94.05,10000.0,4,0,0,1,0
1,0,3,21.8,1.4,94.05,10000.0,4,0,0,1,0
0,0,3,22.0,0.6,94.06,6000.0,3,0,0,1,0
1,0,3,22.0,0.6,94.06,6000.0,3,0,0,1,0
0,0,1,22.6,0.0,91.47,4900.0,3,0,1,0,0
1,0,1,22.6,0.0,91.47,4900.0,3,0,1,0,0
0,1,1,22.6,0.0,91.47,4900.0,3,0,1,0,0
1,1,1,22.6,0.0,91.47,4900.0,3,0,1,0,0
0,0,3,22.7,0.3,92.5,3700.0,3,0,0,1,0
1,0,3,22.7,0.3,92.5,3700.0,3,0,0,1,0
0,0,3,23.0,1.2,94.11,6000.0,3,0,0,1,0
1,0,3,23.0,1.2,94.11,6000.0,3,0,0,1,0
0,0,1,23.0,0.2,94.11,5000.0,3,0,0,1,0
1,0,1,23.0,0.2,94.11,5000.0,3,0,0,1,0
0,0,2,23.4,0.2,92.66,9900.0,3,0,1,1,1
1,0,2,23.4,0.2,92.66,9900.0,3,0,1,1,1
0,1,1,23.0,0.1,94.11,10000.0,3,0,1,1,1
1,1,1,23.0,0.1,94.11,10000.0,3,0,1,1,1
0,0,3,24.0,0.4,88.6,10000.0,3,0,0,1,0
1,0,3,24.0,0.4,88.6,10000.0,3,0,0,1,0
0,0,3,23.0,0.4,93.4,8300.0,3,0,0,1,0
1,0,3,23.0,0.4,93.4,8300.0,3,0,0,1,0
0,0,0,24.0,0.0,69.16,10000.0,2,0,0,0,0
1,0,0,24.0,0.0,69.16,10000.0,2,0,0,0,0
0,0,2,23.7,0.0,69.77,10200.0,2,0,1,0,0
1,1,2,23.7,0.0,69.77,10200.0,2,0,1,0,0
0,1,2,23.7,0.0,69.77,10200.0,2,0,1,0,0
1,1,2,23.7,0.0,69.77,10200.0,2,0,1,0,0
0,0,2,26.1,0.0,57.73,10000.0,2,0,0,0,0
1,0,2,26.1,0.0,57.73,10000.0,2,0,0,0,0
0,0,0,27.0,0.0,54.33,10000.0,2,0,0,0,0
1,0,0,27.0,0.0,54.33,10000.0,2,0,0,0,0
0,0,0,27.0,0.0,57.87,10000.0,2,0,0,0,0
1,0,0,27.0,0.0,57.87,10000.0,2,0,0,0,0
0,0,2,27.8,0.0,52.46,10000.0,2,0,1,0,0
1,0,2,27.8,0.0,52.46,10000.0,2,0,1,0,0
0,1,1,27.0,0.0,57.87,10000.0,2,0,1,0,0
1,1,1,27.0,0.0,57.87,10000.0,2,0,1,0,0
0,0,1,25.0,0.0,73.8,10000.0,2,0,0,0,0
1,0,1,25.0,0.0,73.8,10000.0,2,0,0,0,0
0,0,1,25.0,0.0,72.73,10000.0,2,0,0,0,0
1,0,1,25.0,0.0,72.73,10000.0,2,0,0,0,0
0,0,0,24.0,0.0,69.16,10000.0,1,0,0,0,0
1,0,0,24.0,0.0,69.16,10000.0,1,0,0,0,0
0,0,2,24.1,0.0,67.33,10900.0,1,0,1,0,0
1,1,2,24.1,0.0,67.33,10900.0,1,0,1,0,0
0,1,2,24.1,0.0,67.33,10900.0,1,0,1,0,0
1,1,2,24.1,0.0,67.33,10900.0,1,0,1,0,0
0,0,2,26.1,0.0,56.44,10200.0,1,0,0,0,0
1,0,2,26.1,0.0,56.44,10200.0,1,0,0,0,0
0,0,0,27.0,0.0,54.33,10000.0,1,0,0,0,0
1,0,0,27.0,0.0,54.33,10000.0,1,0,0,0,0
0,0,0,28.0,0.0,51.25,10000.0,1,0,0,0,0
1,0,0,28.0,0.0,51.25,10000.0,1,0,0,0,0
0,1,2,27.9,0.0,52.71,10200.0,1,0,1,0,0
1,0,2,27.9,0.0,52.71,10200.0,1,0,1,0,0
0,1,0,27.0,0.0,54.33,10000.0,1,0,1,0,0
1,0,0,27.0,0.0,54.33,10000.0,1,0,1,0,0
0,0,0,26.0,0.0,61.39,10000.0,1,0,0,0,0
1,0,0,26.0,0.0,61.39,10000.0,1,0,0,0,0
0,0,2,25.1,0.0,70.04,10000.0,1,0,0,0,0
1,0,2,25.1,0.0,70.04,10000.0,1,0,0,0,0
0,0,0,24.0,0.0,64.93,10000.0,0,0,0,0,0
1,0,0,24.0,0.0,64.93,10000.0,0,0,0,0,0
0,1,2,23.9,0.0,67.37,10200.0,0,0,1,0,0
1,1,2,23.9,0.0,67.37,10200.0,0,0,1,0,0
0,1,2,23.9,0.0,67.37,10200.0,0,0,1,0,0
1,1,2,23.9,0.0,67.37,10200.0,0,0,1,0,0
0,0,2,26.0,0.0,59.71,10200.0,0,0,0,0,0
1,0,2,26.0,0.0,59.71,10200.0,0,0,0,0,0
0,0,0,26.0,0.0,57.63,10000.0,0,0,0,0,0
1,0,0,26.0,0.0,57.63,10000.0,0,0,0,0,0
0,0,0,27.0,0.0,54.33,10000.0,0,0,0,0,0
1,0,0,27.0,0.0,54.33,10000.0,0,0,0,0,0
0,0,2,27.6,0.0,54.44,10200.0,0,0,1,0,0
1,0,2,27.6,0.0,54.44,10200.0,0,0,1,0,0
0,1,0,26.0,0.0,61.39,10000.0,0,0,1,0,0
1,1,0,26.0,0.0,61.39,10000.0,0,0,1,0,0
0,0,0,25.0,0.0,73.8,10000.0,0,0,0,0,0
1,0,0,25.0,0.0,73.8,10000.0,0,0,0,0,0
0,0,2,24.6,0.0,74.67,10000.0,0,0,0,0,0
1,0,2,24.6,0.0,74.67,10000.0,0,0,0,0,0
0,0,0,21.0,0.0,94.02,6000.0,6,0,0,0,0
1,0,0,21.0,0.0,94.02,6000.0,6,0,0,0,0
0,0,2,22.4,0.0,84.81,10200.0,6,0,1,0,0
1,0,2,22.4,0.0,84.81,10200.0,6,0,1,0,0
0,0,2,22.4,0.0,84.81,10200.0,6,0,1,0,0
1,0,2,22.4,0.0,84.81,10200.0,6,0,1,0,0
0,0,2,26.2,0.0,57.37,10200.0,6,0,0,0,0
1,0,2,26.2,0.0,57.37,10200.0,6,0,0,0,0
0,0,0,28.0,0.0,54.58,10000.0,6,0,0,0,0
1,0,0,28.0,0.0,54.58,10000.0,6,0,0,0,0
0,0,2,28.0,0.0,54.58,10000.0,6,0,0,0,0
1,0,2,28.0,0.0,54.58,10000.0,6,0,0,0,0
0,1,2,28.2,0.0,54.66,10200.0,6,0,1,0,0
1,0,2,28.2,0.0,54.66,10200.0,6,0,1,0,0
0,1,2,27.0,0.0,65.56,10000.0,6,0,1,0,0
1,1,2,27.0,0.0,65.56,10000.0,6,0,1,0,0
0,0,0,25.0,0.0,65.15,10000.0,6,0,0,0,0
1,0,0,25.0,0.0,65.15,10000.0,6,0,0,0,0
0,0,2,25.2,0.0,63.28,10000.0,6,0,0,0,0
1,0,2,25.2,0.0,63.28,10000.0,6,0,0,0,0
0,0,1,21.0,0.0,82.99,10000.0,5,0,0,0,0
1,0,1,21.0,0.0,82.99,10000.0,5,0,0,0,0
0,0,2,20.9,0.0,85.45,10200.0,5,0,1,0,0
1,0,2,20.9,0.0,85.45,10200.0,5,0,1,0,0
0,0,2,20.9,0.0,85.45,10200.0,5,0,1,0,0
1,0,2,20.9,0.0,85.45,10200.0,5,0,1,0,0
0,1,1,23.5,0.0,64.1,10000.0,5,0,0,0,0
1,0,1,23.5,0.0,64.1,10000.0,5,0,0,0,0
0,1,0,25.0,0.0,57.39,10000.0,5,0,0,0,0
1,0,0,25.0,0.0,57.39,10000.0,5,0,0,0,0
0,1,2,25.0,0.0,69.36,10000.0,5,0,0,0,0
1,0,2,25.0,0.0,69.36,10000.0,5,0,0,0,0
0,1,2,25.2,0.0,66.34,10200.0,5,0,1,0,0
1,1,2,25.2,0.0,66.34,10200.0,5,0,1,0,0
0,1,0,24.0,0.0,73.63,10000.0,5,0,1,0,0
1,1,0,24.0,0.0,73.63,10000.0,5,0,1,0,0
0,0,0,22.0,0.0,83.11,8000.0,5,0,0,0,0
1,0,0,22.0,0.0,83.11,8000.0,5,0,0,0,0
0,0,2,21.7,0.0,89.32,9400.0,5,0,0,0,0
1,0,2,21.7,0.0,89.32,9400.0,5,0,0,0,0
0,0,1,20.0,0.1,82.87,10000.0,4,0,0,1,0
1,0,1,20.0,0.1,82.87,10000.0,4,0,0,1,0
0,0,2,20.2,0.0,80.44,10200.0,4,0,1,0,0
1,0,2,20.2,0.0,80.44,10200.0,4,0,1,0,0
0,0,2,20.2,0.0,80.44,10200.0,4,0,1,0,0
1,0,2,20.2,0.0,80.44,10200.0,4,0,1,0,0
0,0,2,21.8,0.0,67.2,10000.0,4,0,0,0,0
1,0,2,21.8,0.0,67.2,10000.0,4,0,0,0,0
0,0,1,22.0,0.0,64.5,10000.0,4,0,0,0,0
1,0,1,22.0,0.0,64.5,10000.0,4,0,0,0,0
0,0,1,22.0,0.0,68.77,10000.0,4,0,0,0,0
1,0,1,22.0,0.0,68.77,10000.0,4,0,0,0,0
0,1,2,21.8,0.0,69.25,10000.0,4,0,1,0,0
1,0,2,21.8,0.0,69.25,10000.0,4,0,1,0,0
0,1,2,21.0,0.0,77.92,10000.0,4,0,1,0,0
1,1,2,21.0,0.0,77.92,10000.0,4,0,1,0,0
0,0,1,21.0,0.0,77.92,10000.0,4,0,0,0,0
1,0,1,21.0,0.0,77.92,10000.0,4,0,0,0,0
0,0,1,20.4,0.0,90.98,10000.0,4,0,0,0,0
1,0,1,20.4,0.0,90.98,10000.0,4,0,0,0,0
0,0,0,20.0,0.0,72.94,10000.0,3,0,0,0,0
1,0,0,20.0,0.0,72.94,10000.0,3,0,0,0,0
0,0,1,18.7,0.0,86.54,10000.0,3,0,1,0,0
1,0,1,18.7,0.0,86.54,10000.0,3,0,1,0,0
0,1,1,18.7,0.0,86.54,10000.0,3,0,1,0,0
1,1,1,18.7,0.0,86.54,10000.0,3,0,1,0,0
0,0,1,19.6,0.0,80.97,10000.0,3,0,0,0,0
1,0,1,19.6,0.0,80.97,10000.0,3,0,0,0,0
0,0,2,21.0,0.2,73.11,10000.0,3,0,0,1,0
1,0,2,21.0,0.2,73.11,10000.0,3,0,0,1,0
0,0,0,21.0,0.0,73.11,10000.0,3,0,0,0,0
1,0,0,21.0,0.0,73.11,10000.0,3,0,0,0,0
0,0,2,21.2,0.0,72.32,10000.0,3,0,1,0,0
1,0,2,21.2,0.0,72.32,10000.0,3,0,1,0,0
0,1,1,20.0,0.0,77.77,10000.0,3,0,1,0,0
1,1,1,20.0,0.0,77.77,10000.0,3,0,1,0,0
0,0,1,20.0,0.2,77.77,10000.0,3,0,0,1,0
1,0,1,20.0,0.2,77.77,10000.0,3,0,0,1,0
0,0,1,20.1,0.0,79.27,10000.0,3,0,0,0,0
1,0,1,20.1,0.0,79.27,10000.0,3,0,0,0,0
0,0,0,22.0,0.0,68.77,10000.0,2,0,0,0,0
1,0,0,22.0,0.0,68.77,10000.0,2,0,0,0,0
0,0,2,22.3,0.0,59.75,10900.0,2,0,1,0,0
1,1,2,22.3,0.0,59.75,10900.0,2,0,1,0,0
0,1,2,22.3,0.0,59.75,10900.0,2,0,1,0,0
1,1,2,22.3,0.0,59.75,10900.0,2,0,1,0,0
0,0,2,24.0,0.0,52.65,10000.0,2,0,0,0,0
1,0,2,24.0,0.0,52.65,10000.0,2,0,0,0,0
0,0,2,26.0,0.0,50.73,10000.0,2,0,0,0,0
1,0,2,26.0,0.0,50.73,10000.0,2,0,0,0,0
0,0,2,26.0,0.0,57.63,10000.0,2,0,0,0,0
1,0,2,26.0,0.0,57.63,10000.0,2,0,0,0,0
0,0,2,25.1,0.0,56.75,10000.0,2,0,1,0,0
1,0,2,25.1,0.0,56.75,10000.0,2,0,1,0,0
0,1,0,24.0,0.0,64.93,10000.0,2,0,1,0,0
1,1,0,24.0,0.0,64.93,10000.0,2,0,1,0,0
0,0,0,23.0,0.0,64.72,10000.0,2,0,0,0,0
1,0,0,23.0,0.0,64.72,10000.0,2,0,0,0,0
0,0,2,23.1,0.0,62.65,10000.0,2,0,0,0,0
1,0,2,23.1,0.0,62.65,10000.0,2,0,0,0,0
0,0,0,24.0,0.0,69.16,10000.0,1,0,0,0,0
1,0,0,24.0,0.0,69.16,10000.0,1,0,0,0,0
0,0,2,24.4,0.0,67.6,17600.0,1,0,1,0,0
1,1,2,24.4,0.0,67.6,17600.0,1,0,1,0,0
0,1,2,24.4,0.0,67.6,17600.0,1,0,1,0,0
1,1,2,24.4,0.0,67.6,17600.0,1,0,1,0,0
0,0,0,27.6,0.0,56.26,16900.0,1,0,0,0,0
1,0,0,27.6,0.0,56.26,16900.0,1,0,0,0,0
0,0,1,28.0,0.0,58.11,10000.0,1,0,0,0,0
1,0,1,28.0,0.0,58.11,10000.0,1,0,0,0,0
0,0,0,28.0,0.0,54.58,10000.0,1,0,0,0,0
1,0,0,28.0,0.0,54.58,10000.0,1,0,0,0,0
0,1,2,27.7,0.0,54.66,10000.0,1,0,1,0,0
1,0,2,27.7,0.0,54.66,10000.0,1,0,1,0,0
0,1,1,26.0,0.0,61.39,10000.0,1,0,1,0,0
1,0,1,26.0,0.0,61.39,10000.0,1,0,1,0,0
0,0,0,25.0,0.0,61.16,10000.0,1,0,0,0,0
1,0,0,25.0,0.0,61.16,10000.0,1,0,0,0,0
0,0,2,24.7,0.0,61.11,10000.0,1,0,0,0,0
1,0,2,24.7,0.0,61.11,10000.0,1,0,0,0,0
0,0,0,26.0,0.0,78.64,10000.0,0,0,0,0,0
1,0,0,26.0,0.0,78.64,10000.0,0,0,0,0,0
0,1,2,25.4,0.0,78.69,10400.0,0,0,1,0,0
1,1,2,25.4,0.0,78.69,10400.0,0,0,1,0,0
0,1,2,25.4,0.0,78.69,10400.0,0,0,1,0,0
1,1,2,25.4,0.0,78.69,10400.0,0,0,1,0,0
0,0,2,29.2,0.0,59.66,16900.0,0,0,0,0,0
1,0,2,29.2,0.0,59.66,16900.0,0,0,0,0,0
0,0,1,30.0,0.0,58.58,10000.0,0,0,0,0,0
1,0,1,30.0,0.0,58.58,10000.0,0,0,0,0,0
0,0,2,30.0,0.0,58.58,10000.0,0,0,0,0,0
1,0,2,30.0,0.0,58.58,10000.0,0,0,0,0,0
0,0,2,29.9,0.0,56.82,16900.0,0,0,1,0,0
1,0,2,29.9,0.0,56.82,16900.0,0,0,1,0,0
0,1,0,28.0,0.0,65.77,10000.0,0,0,1,0,0
1,1,0,28.0,0.0,65.77,10000.0,0,0,1,0,0
0,0,0,26.0,0.0,69.55,10000.0,0,0,0,0,0
1,0,0,26.0,0.0,69.55,10000.0,0,0,0,0,0
0,0,0,25.7,0.0,65.71,16700.0,0,0,0,0,0
1,0,0,25.7,0.0,65.71,16700.0,0,0,0,0,0
0,0,0,25.0,0.0,94.19,8000.0,6,0,0,0,0
1,0,0,25.0,0.0,94.19,8000.0,6,0,0,0,0
0,0,0,26.0,0.0,89.88,9200.0,6,0,1,0,0
1,0,0,26.0,0.0,89.88,9200.0,6,0,1,0,0
0,0,0,26.0,0.0,89.88,9200.0,6,0,1,0,0
1,0,0,26.0,0.0,89.88,9200.0,6,0,1,0,0
0,0,3,29.9,0.6,75.49,10200.0,6,0,0,1,0
1,0,3,29.9,0.6,75.49,10200.0,6,0,0,1,0
0,0,2,32.0,0.1,62.71,10000.0,6,0,0,1,0
1,0,2,32.0,0.1,62.71,10000.0,6,0,0,1,0
0,0,3,25.0,0.9,88.68,10000.0,6,0,0,1,0
1,0,3,25.0,0.9,88.68,10000.0,6,0,0,1,0
0,1,2,26.8,0.1,85.02,10000.0,6,0,1,1,1
1,0,2,26.8,0.1,85.02,10000.0,6,0,1,1,1
0,1,2,27.0,0.0,83.68,10000.0,6,0,1,0,0
1,1,2,27.0,0.0,83.68,10000.0,6,0,1,0,0
0,0,2,26.0,0.1,94.23,9000.0,6,0,0,1,0
1,0,2,26.0,0.1,94.23,9000.0,6,0,0,1,0
0,0,2,26.0,0.0,89.22,9400.0,6,0,0,0,0
1,0,2,26.0,0.0,89.22,9400.0,6,0,0,0,0
0,0,0,25.0,0.0,88.68,9000.0,5,0,0,0,0
1,0,0,25.0,0.0,88.68,9000.0,5,0,0,0,0
0,0,2,25.4,0.0,89.7,9800.0,5,0,1,0,0
1,0,2,25.4,0.0,89.7,9800.0,5,0,1,0,0
0,0,2,25.4,0.0,89.7,9800.0,5,0,1,0,0
1,0,2,25.4,0.0,89.7,9800.0,5,0,1,0,0
0,1,2,30.2,0.1,68.48,10200.0,5,0,0,1,0
1,0,2,30.2,0.1,68.48,10200.0,5,0,0,1,0
0,1,2,32.0,0.0,55.56,10000.0,5,0,0,0,0
1,0,2,32.0,0.0,55.56,10000.0,5,0,0,0,0
0,1,2,33.0,0.0,55.81,10000.0,5,0,0,0,0
1,0,2,33.0,0.0,55.81,10000.0,5,0,0,0,0
0,1,2,32.9,0.0,53.6,10200.0,5,0,1,0,0
1,1,2,32.9,0.0,53.6,10200.0,5,0,1,0,0
0,1,0,32.0,0.0,55.56,10000.0,5,0,1,0,0
1,1,0,32.0,0.0,55.56,10000.0,5,0,1,0,0
0,0,2,28.0,0.0,78.92,10000.0,5,0,0,0,0
1,0,2,28.0,0.0,78.92,10000.0,5,0,0,0,0
0,0,2,27.4,0.0,85.05,10000.0,5,0,0,0,0
1,0,2,27.4,0.0,85.05,10000.0,5,0,0,0,0
0,0,0,24.0,0.0,94.15,8000.0,4,0,0,0,0
1,0,0,24.0,0.0,94.15,8000.0,4,0,0,0,0
0,0,2,24.8,0.0,95.85,5700.0,4,0,1,0,0
1,0,2,24.8,0.0,95.85,5700.0,4,0,1,0,0
0,0,2,24.8,0.0,95.85,5700.0,4,0,1,0,0
1,0,2,24.8,0.0,95.85,5700.0,4,0,1,0,0
0,0,2,30.1,0.2,70.47,10300.0,4,0,0,1,0
1,0,2,30.1,0.2,70.47,10300.0,4,0,0,1,0
0,0,2,32.0,0.1,55.56,10000.0,4,0,0,1,0
1,0,2,32.0,0.1,55.56,10000.0,4,0,0,1,0
0,0,0,33.0,0.0,55.81,10000.0,4,0,0,0,0
1,0,0,33.0,0.0,55.81,10000.0,4,0,0,0,0
0,1,2,31.9,0.1,56.65,16900.0,4,0,1,1,1
1,0,2,31.9,0.1,56.65,16900.0,4,0,1,1,1
0,1,0,31.0,0.1,62.5,10000.0,4,0,1,1,1
1,1,0,31.0,0.1,62.5,10000.0,4,0,1,1,1
0,0,0,28.0,0.0,83.79,10000.0,4,0,0,0,0
1,0,0,28.0,0.0,83.79,10000.0,4,0,0,0,0
0,0,0,27.2,0.0,84.51,10000.0,4,0,0,0,0
1,0,0,27.2,0.0,84.51,10000.0,4,0,0,0,0
0,0,3,25.0,0.4,94.19,9000.0,3,0,0,1,0
1,0,3,25.0,0.4,94.19,9000.0,3,0,0,1,0
0,0,2,23.1,0.0,96.21,10300.0,3,0,1,0,0
1,0,2,23.1,0.0,96.21,10300.0,3,0,1,0,0
0,1,2,23.1,0.0,96.21,10300.0,3,0,1,0,0
1,1,2,23.1,0.0,96.21,10300.0,3,0,1,0,0
0,0,2,28.1,0.0,77.29,10000.0,3,0,0,0,0
1,0,2,28.1,0.0,77.29,10000.0,3,0,0,0,0
0,0,1,31.0,0.0,66.38,10000.0,3,0,0,0,0
1,0,1,31.0,0.0,66.38,10000.0,3,0,0,0,0
0,0,3,32.0,0.3,62.71,10000.0,3,0,0,1,0
1,0,3,32.0,0.3,62.71,10000.0,3,0,0,1,0
0,0,2,29.5,0.2,71.89,10200.0,3,0,1,1,1
1,0,2,29.5,0.2,71.89,10200.0,3,0,1,1,1
0,1,0,26.0,0.0,83.57,10000.0,3,0,1,0,0
1,1,0,26.0,0.0,83.57,10000.0,3,0,1,0,0
0,0,0,26.0,0.0,88.76,10000.0,3,0,0,0,0
1,0,0,26.0,0.0,88.76,10000.0,3,0,0,0,0
0,0,0,26.1,0.0,89.2,10000.0,3,0,0,0,0
1,0,0,26.1,0.0,89.2,10000.0,3,0,0,0,0
0,0,3,25.0,0.8,94.19,8000.0,2,0,0,1,0
1,0,3,25.0,0.8,94.19,8000.0,2,0,0,1,0
0,0,3,25.4,0.4,94.24,9500.0,2,0,1,1,1
1,1,3,25.4,0.4,94.24,9500.0,2,0,1,1,1
0,1,3,25.4,0.4,94.24,9500.0,2,0,1,1,1
1,1,3,25.4,0.4,94.24,9500.0,2,0,1,1,1
0,0,3,29.4,0.3,78.23,10200.0,2,0,0,1,0
1,0,3,29.4,0.3,78.23,10200.0,2,0,0,1,0
0,0,2,31.0,0.1,70.48,10000.0,2,0,0,1,0
1,0,2,31.0,0.1,70.48,10000.0,2,0,0,1,0
0,0,2,31.0,0.1,70.48,10000.0,2,0,0,1,0
1,0,2,31.0,0.1,70.48,10000.0,2,0,0,1,0
0,0,2,28.4,0.1,77.42,10200.0,2,0,1,1,1
1,0,2,28.4,0.1,77.42,10200.0,2,0,1,1,1
0,1,2,28.0,0.0,74.3,10000.0,2,0,1,0,0
1,1,2,28.0,0.0,74.3,10000.0,2,0,1,0,0
0,0,2,26.0,0.0,88.76,10000.0,2,0,0,0,0
1,0,2,26.0,0.0,88.76,10000.0,2,0,0,0,0
0,0,2,26.4,0.1,90.84,10000.0,2,0,0,1,0
1,0,2,26.4,0.1,90.84,10000.0,2,0,0,1,0
0,0,3,25.0,1.2,94.19,10000.0,1,0,0,1,0
1,0,3,25.0,1.2,94.19,10000.0,1,0,0,1,0
0,0,3,25.1,2.5,95.64,5000.0,1,0,1,1,1
1,1,3,25.1,2.5,95.64,5000.0,1,0,1,1,1
0,1,3,25.1,2.5,95.64,5000.0,1,0,1,1,1
1,1,3,25.1,2.5,95.64,5000.0,1,0,1,1,1
0,0,3,25.4,0.8,96.33,9100.0,1,0,0,1,0
1,0,3,25.4,0.8,96.33,9100.0,1,0,0,1,0
0,0,3,27.0,0.7,88.84,10000.0,1,0,0,1,0
1,0,3,27.0,0.7,88.84,10000.0,1,0,0,1,0
0,0,3,27.4,0.3,86.77,10000.0,1,0,0,1,0
1,0,3,27.4,0.3,86.77,10000.0,1,0,0,1,0
0,1,1,27.5,0.1,86.93,10000.0,1,0,1,1,1
1,0,1,27.5,0.1,86.93,10000.0,1,0,1,1,1
0,1,2,27.0,0.1,83.68,10000.0,1,0,1,1,1
1,0,2,27.0,0.1,83.68,10000.0,1,0,1,1,1
0,0,0,26.0,0.1,88.76,10000.0,1,0,0,1,0
1,0,0,26.0,0.1,88.76,10000.0,1,0,0,1,0
0,0,3,25.8,0.6,93.27,10000.0,1,0,0,1,0
1,0,3,25.8,0.6,93.27,10000.0,1,0,0,1,0
0,0,0,26.0,0.0,94.23,10000.0,0,0,0,0,0
1,0,0,26.0,0.0,94.23,10000.0,0,0,0,0,0
0,1,0,26.7,0.1,92.57,8600.0,0,0,1,1,1
1,1,0,26.7,0.1,92.57,8600.0,0,0,1,1,1
0,1,0,26.7,0.1,92.57,8600.0,0,0,1,1,1
1,1,0,26.7,0.1,92.57,8600.0,0,0,1,1,1
0,0,2,29.7,0.0,76.88,10000.0,0,0,0,0,0
1,0,2,29.7,0.0,76.88,10000.0,0,0,0,0,0
0,0,3,32.0,1.1,66.58,10000.0,0,0,0,1,0
1,0,3,32.0,1.1,66.58,10000.0,0,0,0,1,0
0,0,1,28.0,0.1,78.92,10000.0,0,0,0,1,0
1,0,1,28.0,0.1,78.92,10000.0,0,0,0,1,0
0,0,2,26.1,0.2,90.64,9800.0,0,0,1,1,1
1,0,2,26.1,0.2,90.64,9800.0,0,0,1,1,1
0,1,0,25.0,0.1,94.19,6000.0,0,0,1,1,1
1,1,0,25.0,0.1,94.19,6000.0,0,0,1,1,1
0,0,0,26.0,0.1,94.23,10000.0,0,0,0,1,0
1,0,0,26.0,0.1,94.23,10000.0,0,0,0,1,0
0,0,3,25.7,1.7,95.06,10000.0,0,0,0,1,0
1,0,3,25.7,1.7,95.06,10000.0,0,0,0,1,0
0,0,0,26.0,0.0,94.23,5000.0,6,0,0,0,0
1,0,0,26.0,0.0,94.23,5000.0,6,0,0,0,0
0,0,2,25.7,0.0,95.68,4700.0,6,0,1,0,0
1,0,2,25.7,0.0,95.68,4700.0,6,0,1,0,0
0,0,2,25.7,0.0,95.68,4700.0,6,0,1,0,0
1,0,2,25.7,0.0,95.68,4700.0,6,0,1,0,0
0,0,2,30.1,0.0,72.47,10200.0,6,0,0,0,0
1,0,2,30.1,0.0,72.47,10200.0,6,0,0,0,0
0,0,1,31.0,0.0,70.48,10000.0,6,0,0,0,0
1,0,1,31.0,0.0,70.48,10000.0,6,0,0,0,0
0,0,2,33.0,0.1,59.27,10000.0,6,0,0,1,0
1,0,2,33.0,0.1,59.27,10000.0,6,0,0,1,0
0,1,2,32.0,0.2,63.74,10000.0,6,0,1,1,1
1,0,2,32.0,0.2,63.74,10000.0,6,0,1,1,1
0,1,2,32.0,0.0,62.71,10000.0,6,0,1,0,0
1,1,2,32.0,0.0,62.71,10000.0,6,0,1,0,0
0,0,0,29.0,0.0,74.47,10000.0,6,0,0,0,0
1,0,0,29.0,0.0,74.47,10000.0,6,0,0,0,0
0,0,0,28.1,0.0,83.9,10000.0,6,0,0,0,0
1,0,0,28.1,0.0,83.9,10000.0,6,0,0,0,0
0,0,2,26.0,0.0,94.23,7000.0,5,0,0,0,0
1,0,2,26.0,0.0,94.23,7000.0,5,0,0,0,0
0,0,2,25.1,0.1,94.93,8900.0,5,0,1,1,1
1,0,2,25.1,0.1,94.93,8900.0,5,0,1,1,1
0,0,2,25.1,0.1,94.93,8900.0,5,0,1,1,1
1,0,2,25.1,0.1,94.93,8900.0,5,0,1,1,1
0,1,2,25.8,0.0,92.28,8800.0,5,0,0,0,0
1,0,2,25.8,0.0,92.28,8800.0,5,0,0,0,0
0,1,2,29.0,0.1,79.06,6000.0,5,0,0,1,0
1,0,2,29.0,0.1,79.06,6000.0,5,0,0,1,0
0,1,3,29.0,1.1,79.06,7000.0,5,0,0,1,0
1,0,3,29.0,1.1,79.06,7000.0,5,0,0,1,0
0,1,3,29.7,1.3,74.62,9000.0,5,0,1,1,1
1,0,3,29.7,1.3,74.62,9000.0,5,0,1,1,1
0,1,0,29.0,0.0,79.06,7000.0,5,0,1,0,0
1,1,0,29.0,0.0,79.06,7000.0,5,0,1,0,0
0,0,2,28.0,0.0,83.79,9000.0,5,0,0,0,0
1,0,2,28.0,0.0,83.79,9000.0,5,0,0,0,0
0,0,2,27.7,0.0,89.06,9400.0,5,0,0,0,0
1,0,2,27.7,0.0,89.06,9400.0,5,0,0,0,0
0,0,0,26.0,0.0,94.23,5000.0,4,0,0,0,0
1,0,0,26.0,0.0,94.23,5000.0,4,0,0,0,0
0,0,2,25.7,0.0,92.55,4600.0,4,0,1,0,0
1,0,2,25.7,0.0,92.55,4600.0,4,0,1,0,0
0,0,2,25.7,0.0,92.55,4600.0,4,0,1,0,0
1,0,2,25.7,0.0,92.55,4600.0,4,0,1,0,0
0,0,2,29.4,0.0,71.74,10200.0,4,0,0,0,0
1,0,2,29.4,0.0,71.74,10200.0,4,0,0,0,0
0,0,2,32.0,0.0,59.04,10000.0,4,0,0,0,0
1,0,2,32.0,0.0,59.04,10000.0,4,0,0,0,0
0,0,2,32.0,0.0,59.04,10000.0,4,0,0,0,0
1,0,2,32.0,0.0,59.04,10000.0,4,0,0,0,0
0,1,2,32.7,0.0,56.28,10200.0,4,0,1,0,0
1,0,2,32.7,0.0,56.28,10200.0,4,0,1,0,0
0,1,0,32.0,0.0,59.04,10000.0,4,0,1,0,0
1,1,0,32.0,0.0,59.04,10000.0,4,0,1,0,0
0,0,0,28.0,0.0,78.92,10000.0,4,0,0,0,0
1,0,0,28.0,0.0,78.92,10000.0,4,0,0,0,0
0,0,2,31.2,0.0,62.66,9900.0,4,0,0,0,0
1,0,2,31.2,0.0,62.66,9900.0,4,0,0,0,0
0,0,0,24.0,0.0,94.15,10000.0,3,0,0,0,0
1,0,0,24.0,0.0,94.15,10000.0,3,0,0,0,0
0,0,2,24.7,0.0,96.09,4800.0,3,0,1,0,0
1,0,2,24.7,0.0,96.09,4800.0,3,0,1,0,0
0,1,2,24.7,0.0,96.09,4800.0,3,0,1,0,0
1,1,2,24.7,0.0,96.09,4800.0,3,0,1,0,0
0,0,2,29.4,0.0,76.15,10200.0,3,0,0,0,0
1,0,2,29.4,0.0,76.15,10200.0,3,0,0,0,0
0,0,2,32.0,0.1,62.71,10000.0,3,0,0,1,0
1,0,2,32.0,0.1,62.71,10000.0,3,0,0,1,0
0,0,2,32.0,0.1,59.04,10000.0,3,0,0,1,0
1,0,2,32.0,0.1,59.04,10000.0,3,0,0,1,0
0,0,2,31.7,0.1,59.17,10200.0,3,0,1,1,1
1,0,2,31.7,0.1,59.17,10200.0,3,0,1,1,1
0,1,0,32.0,0.0,59.04,10000.0,3,0,1,0,0
1,1,0,32.0,0.0,59.04,10000.0,3,0,1,0,0
0,0,0,28.0,0.0,83.79,10000.0,3,0,0,0,0
1,0,0,28.0,0.0,83.79,10000.0,3,0,0,0,0
0,0,0,27.3,0.0,85.02,10000.0,3,0,0,0,0
1,0,0,27.3,0.0,85.02,10000.0,3,0,0,0,0
0,0,3,24.0,0.5,100.0,6000.0,2,0,0,1,0
1,0,3,24.0,0.5,100.0,6000.0,2,0,0,1,0
0,0,2,24.7,0.0,96.41,10100.0,2,0,1,0,0
1,1,2,24.7,0.0,96.41,10100.0,2,0,1,0,0
0,1,2,24.7,0.0,96.41,10100.0,2,0,1,0,0
1,1,2,24.7,0.0,96.41,10100.0,2,0,1,0,0
0,0,1,27.7,0.0,79.84,10200.0,2,0,0,0,0
1,0,1,27.7,0.0,79.84,10200.0,2,0,0,0,0
0,0,1,29.0,0.0,79.06,10000.0,2,0,0,0,0
1,0,1,29.0,0.0,79.06,10000.0,2,0,0,0,0
0,0,0,31.0,0.1,66.38,10000.0,2,0,0,1,0
1,0,0,31.0,0.1,66.38,10000.0,2,0,0,1,0
0,0,2,30.4,0.0,69.25,10200.0,2,0,1,0,0
1,0,2,30.4,0.0,69.25,10200.0,2,0,1,0,0
0,1,0,30.0,0.0,66.18,10000.0,2,0,1,0,0
1,1,0,30.0,0.0,66.18,10000.0,2,0,1,0,0
0,0,0,26.0,0.0,94.23,10000.0,2,0,0,0,0
1,0,0,26.0,0.0,94.23,10000.0,2,0,0,0,0
0,0,0,25.1,0.1,93.72,10000.0,2,0,0,1,0
1,0,0,25.1,0.1,93.72,10000.0,2,0,0,1,0
0,0,3,25.0,1.8,100.0,8000.0,1,0,0,1,0
1,0,3,25.0,1.8,100.0,8000.0,1,0,0,1,0
0,0,3,24.5,0.7,94.15,3100.0,1,0,1,1,1
1,1,3,24.5,0.7,94.15,3100.0,1,0,1,1,1
0,1,3,24.5,0.7,94.15,3100.0,1,0,1,1,1
1,1,3,24.5,0.7,94.15,3100.0,1,0,1,1,1
0,0,3,26.4,2.0,96.89,9400.0,1,0,0,1,0
1,0,3,26.4,2.0,96.89,9400.0,1,0,0,1,0
0,0,3,26.0,1.3,88.76,7000.0,1,0,0,1,0
1,0,3,26.0,1.3,88.76,7000.0,1,0,0,1,0
0,0,3,24.0,0.3,94.15,10000.0,1,0,0,1,0
1,0,3,24.0,0.3,94.15,10000.0,1,0,0,1,0
0,1,1,25.9,0.1,93.54,10000.0,1,0,1,1,1
1,0,1,25.9,0.1,93.54,10000.0,1,0,1,1,1
0,1,1,24.0,0.1,94.15,10000.0,1,0,1,1,1
1,0,1,24.0,0.1,94.15,10000.0,1,0,1,1,1
0,0,2,25.0,0.0,88.68,10000.0,1,0,0,0,0
1,0,2,25.0,0.0,88.68,10000.0,1,0,0,0,0
0,0,1,24.5,0.2,97.88,10000.0,1,0,0,1,0
1,0,1,24.5,0.2,97.88,10000.0,1,0,0,1,0
0,0,3,28.0,0.4,88.92,10000.0,0,0,0,1,0
1,0,3,28.0,0.4,88.92,10000.0,0,0,0,1,0
0,1,3,28.7,1.5,86.22,9200.0,0,0,1,1,1
1,1,3,28.7,1.5,86.22,9200.0,0,0,1,1,1
0,1,3,28.7,1.5,86.22,9200.0,0,0,1,1,1
1,1,3,28.7,1.5,86.22,9200.0,0,0,1,1,1
0,0,3,29.1,2.3,78.15,9100.0,0,0,0,1,0
1,0,3,29.1,2.3,78.15,9100.0,0,0,0,1,0
0,0,3,25.0,1.7,94.19,3000.0,0,0,0,1,0
1,0,3,25.0,1.7,94.19,3000.0,0,0,0,1,0
0,0,3,25.0,1.1,94.19,10000.0,0,0,0,1,0
1,0,3,25.0,1.1,94.19,10000.0,0,0,0,1,0
0,0,3,25.5,1.1,92.21,10000.0,0,0,1,1,1
1,0,3,25.5,1.1,92.21,10000.0,0,0,1,1,1
0,1,3,25.0,1.3,94.19,10000.0,0,0,1,1,1
1,1,3,25.0,1.3,94.19,10000.0,0,0,1,1,1
0,0,3,25.0,4.0,94.19,10000.0,0,0,0,1,0
1,0,3,25.0,4.0,94.19,10000.0,0,0,0,1,0
0,0,3,25.4,1.7,92.25,10000.0,0,0,0,1,0
1,0,3,25.4,1.7,92.25,10000.0,0,0,0,1,0
0,0,0,26.0,0.0,94.23,6000.0,6,0,0,0,0
1,0,0,26.0,0.0,94.23,6000.0,6,0,0,0,0
0,0,2,26.8,0.0,94.96,9100.0,6,0,1,0,0
1,0,2,26.8,0.0,94.96,9100.0,6,0,1,0,0
0,0,2,26.8,0.0,94.96,9100.0,6,0,1,0,0
1,0,2,26.8,0.0,94.96,9100.0,6,0,1,0,0
0,0,2,31.7,0.0,71.35,10200.0,6,0,0,0,0
1,0,2,31.7,0.0,71.35,10200.0,6,0,0,0,0
0,0,1,34.1,0.0,60.95,10000.0,6,0,0,0,0
1,0,1,34.1,0.0,60.95,10000.0,6,0,0,0,0
0,0,0,35.0,0.0,56.28,10000.0,6,0,0,0,0
1,0,0,35.0,0.0,56.28,10000.0,6,0,0,0,0
0,1,2,34.4,0.0,58.46,10200.0,6,0,1,0,0
1,0,2,34.4,0.0,58.46,10200.0,6,0,1,0,0
0,1,0,33.0,0.0,66.78,10000.0,6,0,1,0,0
1,1,0,33.0,0.0,66.78,10000.0,6,0,1,0,0
0,0,0,31.0,0.0,79.33,8000.0,6,0,0,0,0
1,0,0,31.0,0.0,79.33,8000.0,6,0,0,0,0
0,0,0,29.4,0.0,84.18,9100.0,6,0,0,0,0
1,0,0,29.4,0.0,84.18,9100.0,6,0,0,0,0
0,0,1,26.0,0.0,94.23,7000.0,5,0,0,0,0
1,0,1,26.0,0.0,94.23,7000.0,5,0,0,0,0
0,0,2,26.8,0.0,91.48,9800.0,5,0,1,0,0
1,0,2,26.8,0.0,91.48,9800.0,5,0,1,0,0
0,0,2,26.8,0.0,91.48,9800.0,5,0,1,0,0
1,0,2,26.8,0.0,91.48,9800.0,5,0,1,0,0
0,1,2,30.8,0.0,68.93,10200.0,5,0,0,0,0
1,0,2,30.8,0.0,68.93,10200.0,5,0,0,0,0
0,1,0,32.0,0.0,66.58,10000.0,5,0,0,0,0
1,0,0,32.0,0.0,66.58,10000.0,5,0,0,0,0
0,1,2,32.0,0.0,66.58,10000.0,5,0,0,0,0
1,0,2,32.0,0.0,66.58,10000.0,5,0,0,0,0
0,1,2,33.0,0.0,56.56,10200.0,5,0,1,0,0
1,1,2,33.0,0.0,56.56,10200.0,5,0,1,0,0
0,1,0,32.0,0.0,62.71,10000.0,5,0,1,0,0
1,1,0,32.0,0.0,62.71,10000.0,5,0,1,0,0
0,0,0,29.0,0.0,79.06,10000.0,5,0,0,0,0
1,0,0,29.0,0.0,79.06,10000.0,5,0,0,0,0
0,0,2,28.0,0.0,87.5,9700.0,5,0,0,0,0
1,0,2,28.0,0.0,87.5,9700.0,5,0,0,0,0
0,0,0,25.0,0.0,94.19,8000.0,4,0,0,0,0
1,0,0,25.0,0.0,94.19,8000.0,4,0,0,0,0
0,0,0,26.1,0.0,93.77,15500.0,4,0,1,0,0
1,0,0,26.1,0.0,93.77,15500.0,4,0,1,0,0
0,0,0,26.1,0.0,93.77,15500.0,4,0,1,0,0
1,0,0,26.1,0.0,93.77,15500.0,4,0,1,0,0
0,0,2,30.4,0.0,69.19,16900.0,4,0,0,0,0
1,0,2,30.4,0.0,69.19,16900.0,4,0,0,0,0
0,0,2,32.0,0.0,62.71,10000.0,4,0,0,0,0
1,0,2,32.0,0.0,62.71,10000.0,4,0,0,0,0
0,0,2,33.0,0.0,55.81,10000.0,4,0,0,0,0
1,0,2,33.0,0.0,55.81,10000.0,4,0,0,0,0
0,1,2,33.3,0.0,56.21,10000.0,4,0,1,0,0
1,0,2,33.3,0.0,56.21,10000.0,4,0,1,0,0
0,1,0,32.0,0.0,59.04,10000.0,4,0,1,0,0
1,1,0,32.0,0.0,59.04,10000.0,4,0,1,0,0
0,0,0,29.0,0.0,79.06,10000.0,4,0,0,0,0
1,0,0,29.0,0.0,79.06,10000.0,4,0,0,0,0
0,0,0,28.0,0.0,84.19,10000.0,4,0,0,0,0
1,0,0,28.0,0.0,84.19,10000.0,4,0,0,0,0
0,0,0,25.0,0.0,100.0,5000.0,3,0,0,0,0
1,0,0,25.0,0.0,100.0,5000.0,3,0,0,0,0
0,0,2,25.8,0.0,95.02,8600.0,3,0,1,0,0
1,0,2,25.8,0.0,95.02,8600.0,3,0,1,0,0
0,1,2,25.8,0.0,95.02,8600.0,3,0,1,0,0
1,1,2,25.8,0.0,95.02,8600.0,3,0,1,0,0
0,0,2,30.1,0.0,73.07,16900.0,3,0,0,0,0
1,0,2,30.1,0.0,73.07,16900.0,3,0,0,0,0
1,0,2,32.0,0.1,59.04,10000.0,3,0,0,1,0
0,0,2,33.0,0.0,59.27,10000.0,3,0,0,0,0
1,0,2,33.0,0.0,59.27,10000.0,3,0,0,0,0
0,0,2,32.7,0.0,59.75,16900.0,3,0,1,0,0
1,0,2,32.7,0.0,59.75,16900.0,3,0,1,0,0
0,1,2,32.0,0.0,66.58,10000.0,3,0,1,0,0
1,1,2,32.0,0.0,66.58,10000.0,3,0,1,0,0
0,0,0,29.0,0.0,79.06,10000.0,3,0,0,0,0
1,0,0,29.0,0.0,79.06,10000.0,3,0,0,0,0
0,0,0,28.0,0.0,84.83,10000.0,3,0,0,0,0
1,0,0,28.0,0.0,84.83,10000.0,3,0,0,0,0
0,0,3,24.0,2.1,100.0,5000.0,2,0,0,1,0
1,0,3,24.0,2.1,100.0,5000.0,2,0,0,1,0
0,0,3,26.1,0.3,95.2,8300.0,2,0,1,1,1
1,1,3,26.1,0.3,95.2,8300.0,2,0,1,1,1
0,1,3,26.1,0.3,95.2,8300.0,2,0,1,1,1
1,1,3,26.1,0.3,95.2,8300.0,2,0,1,1,1
0,0,2,28.8,0.1,82.91,5800.0,2,0,0,1,0
1,0,2,28.8,0.1,82.91,5800.0,2,0,0,1,0
0,0,2,27.0,0.1,100.0,6000.0,2,0,0,1,0
1,0,2,27.0,0.1,100.0,6000.0,2,0,0,1,0
0,0,0,29.0,0.1,79.06,10000.0,2,0,0,1,0
1,0,0,29.0,0.1,79.06,10000.0,2,0,0,1,0
0,0,2,29.1,0.0,79.55,10200.0,2,0,1,0,0
1,0,2,29.1,0.0,79.55,10200.0,2,0,1,0,0
0,1,0,29.0,0.2,79.06,10000.0,2,0,1,1,1
1,1,0,29.0,0.2,79.06,10000.0,2,0,1,1,1
0,0,2,27.0,0.0,94.27,10000.0,2,0,0,0,0
1,0,2,27.0,0.0,94.27,10000.0,2,0,0,0,0
0,0,2,26.8,0.2,94.22,9400.0,2,0,0,1,0
1,0,2,26.8,0.2,94.22,9400.0,2,0,0,1,0
0,0,3,27.0,9.9,94.27,10000.0,1,0,0,2,0
1,0,3,27.0,9.9,94.27,10000.0,1,0,0,2,0
0,0,3,24.8,7.8,95.9,4000.0,1,0,1,2,2
1,1,3,24.8,7.8,95.9,4000.0,1,0,1,2,2
0,1,3,24.8,7.8,95.9,4000.0,1,0,1,2,2
1,1,3,24.8,7.8,95.9,4000.0,1,0,1,2,2
0,0,3,25.2,1.6,97.96,7800.0,1,0,0,1,0
1,0,3,25.2,1.6,97.96,7800.0,1,0,0,1,0
0,0,3,24.0,0.4,100.0,4000.0,1,0,0,1,0
1,0,3,24.0,0.4,100.0,4000.0,1,0,0,1,0
0,0,2,32.0,0.1,59.04,10000.0,3,0,0,1,0
0,0,3,27.5,1.6,88.87,10000.0,1,0,0,1,0
1,0,3,27.5,1.6,88.87,10000.0,1,0,0,1,0
0,1,3,24.2,0.4,97.62,4700.0,1,0,1,1,1
1,0,3,24.2,0.4,97.62,4700.0,1,0,1,1,1
1,0,3,24.0,2.6,94.15,5000.0,1,0,1,1,1
0,0,3,24.0,1.3,100.0,10000.0,1,0,0,1,0
1,0,3,24.0,1.3,100.0,10000.0,1,0,0,1,0
0,0,1,24.8,0.2,97.52,10000.0,1,0,0,1,0
1,0,1,24.8,0.2,97.52,10000.0,1,0,0,1,0
0,0,3,26.0,2.5,83.57,10000.0,0,0,0,1,0
1,0,3,26.0,2.5,83.57,10000.0,0,0,0,1,0
0,1,3,25.4,3.2,89.84,6300.0,0,0,1,1,1
1,1,3,25.4,3.2,89.84,6300.0,0,0,1,1,1
0,1,3,25.4,3.2,89.84,6300.0,0,0,1,1,1
1,1,3,25.4,3.2,89.84,6300.0,0,0,1,1,1
0,0,3,25.8,2.7,92.45,9400.0,0,0,0,1,0
1,0,3,25.8,2.7,92.45,9400.0,0,0,0,1,0
0,0,3,25.0,7.9,100.0,3000.0,0,0,0,2,0
1,0,3,25.0,7.9,100.0,3000.0,0,0,0,2,0
0,0,3,26.5,6.7,91.49,10000.0,0,0,0,1,0
1,0,3,26.5,6.7,91.49,10000.0,0,0,0,1,0
0,0,3,27.1,6.1,91.36,10000.0,0,0,1,1,1
1,0,3,27.1,6.1,91.36,10000.0,0,0,1,1,1
0,1,3,27.0,6.4,88.84,10000.0,0,0,1,1,1
1,1,3,27.0,6.4,88.84,10000.0,0,0,1,1,1
0,0,3,27.0,2.3,88.84,10000.0,0,0,0,1,0
1,0,3,27.0,2.3,88.84,10000.0,0,0,0,1,0
0,0,3,26.7,5.3,96.38,10000.0,0,0,0,1,0
1,0,3,26.7,5.3,96.38,10000.0,0,0,0,1,0
0,0,1,27.0,0.1,88.84,10000.0,6,0,0,1,0
1,0,1,27.0,0.1,88.84,10000.0,6,0,0,1,0
0,0,2,26.7,0.0,92.59,9300.0,6,0,1,0,0
1,0,2,26.7,0.0,92.59,9300.0,6,0,1,0,0
0,0,2,26.7,0.0,92.59,9300.0,6,0,1,0,0
1,0,2,26.7,0.0,92.59,9300.0,6,0,1,0,0
0,0,3,30.7,0.8,73.74,10000.0,6,0,0,1,0
1,0,3,30.7,0.8,73.74,10000.0,6,0,0,1,0
0,0,3,32.0,0.7,66.58,10000.0,6,0,0,1,0
1,0,3,32.0,0.7,66.58,10000.0,6,0,0,1,0
0,0,3,26.0,1.3,88.76,10000.0,6,0,0,1,0
1,0,3,26.0,1.3,88.76,10000.0,6,0,0,1,0
0,1,3,28.0,1.0,80.01,10000.0,6,0,1,1,1
1,0,3,28.0,1.0,80.01,10000.0,6,0,1,1,1
0,1,3,27.0,0.8,83.68,10000.0,6,0,1,1,1
1,1,3,27.0,0.8,83.68,10000.0,6,0,1,1,1
0,0,3,25.0,2.4,94.19,10000.0,6,0,0,1,0
1,0,3,25.0,2.4,94.19,10000.0,6,0,0,1,0
0,0,3,25.4,2.4,91.36,10000.0,6,0,0,1,0
1,0,3,25.4,2.4,91.36,10000.0,6,0,0,1,0
0,0,3,25.0,1.2,100.0,10000.0,5,0,0,1,0
1,0,3,25.0,1.2,100.0,10000.0,5,0,0,1,0
0,0,3,26.1,0.4,91.53,10200.0,5,0,1,1,1
1,0,3,26.1,0.4,91.53,10200.0,5,0,1,1,1
0,0,3,26.1,0.4,91.53,10200.0,5,0,1,1,1
1,0,3,26.1,0.4,91.53,10200.0,5,0,1,1,1
0,1,3,30.4,0.5,74.96,10000.0,5,0,0,1,0
1,0,3,30.4,0.5,74.96,10000.0,5,0,0,1,0
0,1,2,33.0,0.2,59.27,10000.0,5,0,0,1,0
1,0,2,33.0,0.2,59.27,10000.0,5,0,0,1,0
0,1,3,35.0,4.5,53.01,10000.0,5,0,0,1,0
1,0,3,35.0,4.5,53.01,10000.0,5,0,0,1,0
0,1,3,33.7,0.3,54.33,10200.0,5,0,1,1,1
1,1,3,33.7,0.3,54.33,10200.0,5,0,1,1,1
0,1,0,32.0,0.0,62.71,10000.0,5,0,1,0,0
1,1,0,32.0,0.0,62.71,10000.0,5,0,1,0,0
0,0,2,29.0,0.0,79.06,10000.0,5,0,0,0,0
1,0,2,29.0,0.0,79.06,10000.0,5,0,0,0,0
0,0,2,26.7,0.1,88.98,10000.0,5,0,0,1,0
1,0,2,26.7,0.1,88.98,10000.0,5,0,0,1,0
0,0,1,24.0,0.0,94.15,10000.0,4,0,0,0,0
1,0,1,24.0,0.0,94.15,10000.0,4,0,0,0,0
0,0,3,24.8,0.5,93.16,10100.0,4,0,1,1,1
1,0,3,24.8,0.5,93.16,10100.0,4,0,1,1,1
0,0,3,24.8,0.5,93.16,10100.0,4,0,1,1,1
1,0,3,24.8,0.5,93.16,10100.0,4,0,1,1,1
0,0,3,26.4,2.4,87.97,10000.0,4,0,0,1,0
1,0,3,26.4,2.4,87.97,10000.0,4,0,0,1,0
0,0,3,27.0,1.7,83.68,10000.0,4,0,0,1,0
1,0,3,27.0,1.7,83.68,10000.0,4,0,0,1,0
0,0,3,28.0,5.0,83.79,10000.0,4,0,0,1,0
1,0,3,28.0,5.0,83.79,10000.0,4,0,0,1,0
0,1,3,27.4,0.7,84.54,10000.0,4,0,1,1,1
1,0,3,27.4,0.7,84.54,10000.0,4,0,1,1,1
0,1,3,26.0,0.3,94.23,7000.0,4,0,1,1,1
1,1,3,26.0,0.3,94.23,7000.0,4,0,1,1,1
0,0,1,26.0,0.1,94.23,10000.0,4,0,0,1,0
1,0,1,26.0,0.1,94.23,10000.0,4,0,0,1,0
0,0,3,26.0,3.4,94.64,9400.0,4,0,0,1,0
1,0,3,26.0,3.4,94.64,9400.0,4,0,0,1,0
0,0,0,28.0,0.0,69.92,10000.0,3,0,0,0,0
1,0,0,28.0,0.0,69.92,10000.0,3,0,0,0,0
0,0,3,28.0,0.9,73.39,10100.0,3,0,1,1,1
1,0,3,28.0,0.9,73.39,10100.0,3,0,1,1,1
0,1,3,28.0,0.9,73.39,10100.0,3,0,1,1,1
1,1,3,28.0,0.9,73.39,10100.0,3,0,1,1,1
0,0,3,26.1,5.7,89.5,10000.0,3,0,0,1,0
1,0,3,26.1,5.7,89.5,10000.0,3,0,0,1,0
0,0,3,25.0,1.3,94.19,6000.0,3,0,0,1,0
1,0,3,25.0,1.3,94.19,6000.0,3,0,0,1,0
0,0,1,26.0,0.1,83.57,10000.0,3,0,0,1,0
1,0,1,26.0,0.1,83.57,10000.0,3,0,0,1,0
0,0,1,25.8,0.0,88.22,10000.0,3,0,1,0,0
1,0,1,25.8,0.0,88.22,10000.0,3,0,1,0,0
0,1,2,25.0,0.0,94.19,10000.0,3,0,1,0,0
1,1,2,25.0,0.0,94.19,10000.0,3,0,1,0,0
0,0,1,25.0,0.1,88.68,10000.0,3,0,0,1,0
1,0,1,25.0,0.1,88.68,10000.0,3,0,0,1,0
0,0,2,25.1,0.0,92.0,10000.0,3,0,0,0,0
1,0,2,25.1,0.0,92.0,10000.0,3,0,0,0,0
0,0,0,27.0,0.1,88.84,9000.0,2,0,0,1,0
1,0,0,27.0,0.1,88.84,9000.0,2,0,0,1,0
0,0,2,27.1,0.0,88.5,10400.0,2,0,1,0,0
1,1,2,27.1,0.0,88.5,10400.0,2,0,1,0,0
0,1,2,27.1,0.0,88.5,10400.0,2,0,1,0,0
1,1,2,27.1,0.0,88.5,10400.0,2,0,1,0,0
0,0,2,30.8,0.0,72.07,10200.0,2,0,0,0,0
1,0,2,30.8,0.0,72.07,10200.0,2,0,0,0,0
0,0,0,34.0,0.0,46.71,10000.0,2,0,0,0,0
1,0,0,34.0,0.0,46.71,10000.0,2,0,0,0,0
0,0,0,35.0,0.0,49.91,10000.0,2,0,0,0,0
1,0,0,35.0,0.0,49.91,10000.0,2,0,0,0,0
0,0,2,33.4,0.0,49.37,10200.0,2,0,1,0,0
1,0,2,33.4,0.0,49.37,10200.0,2,0,1,0,0
0,1,0,33.0,0.0,55.81,10000.0,2,0,1,0,0
1,1,0,33.0,0.0,55.81,10000.0,2,0,1,0,0
0,0,0,30.0,0.0,62.28,10000.0,2,0,0,0,0
1,0,0,30.0,0.0,62.28,10000.0,2,0,0,0,0
0,0,2,29.1,0.0,73.57,10000.0,2,0,0,0,0
1,0,2,29.1,0.0,73.57,10000.0,2,0,0,0,0
0,0,2,27.0,0.0,88.84,10000.0,1,0,0,0,0
1,0,2,27.0,0.0,88.84,10000.0,1,0,0,0,0
0,0,2,27.1,0.0,82.36,10100.0,1,0,1,0,0
1,1,2,27.1,0.0,82.36,10100.0,1,0,1,0,0
0,1,2,27.1,0.0,82.36,10100.0,1,0,1,0,0
1,1,2,27.1,0.0,82.36,10100.0,1,0,1,0,0
0,0,2,30.1,0.0,68.13,10200.0,1,0,0,0,0
1,0,2,30.1,0.0,68.13,10200.0,1,0,0,0,0
0,0,2,31.0,0.1,70.48,10000.0,1,0,0,1,0
1,0,2,31.0,0.1,70.48,10000.0,1,0,0,1,0
0,0,2,33.0,0.2,59.27,10000.0,1,0,0,1,0
1,0,2,33.0,0.2,59.27,10000.0,1,0,0,1,0
0,1,3,33.4,0.6,56.99,10200.0,1,0,1,1,1
1,0,3,33.4,0.6,56.99,10200.0,1,0,1,1,1
0,1,2,33.0,0.1,59.27,10000.0,1,0,1,1,1
1,0,2,33.0,0.1,59.27,10000.0,1,0,1,1,1
0,0,0,30.0,0.0,74.63,10000.0,1,0,0,0,0
1,0,0,30.0,0.0,74.63,10000.0,1,0,0,0,0
0,0,0,27.8,0.0,83.66,10000.0,1,0,0,0,0
1,0,0,27.8,0.0,83.66,10000.0,1,0,0,0,0
0,0,1,27.0,0.2,88.84,7000.0,0,0,0,1,0
1,0,1,27.0,0.2,88.84,7000.0,0,0,0,1,0
0,1,2,25.8,0.0,94.21,9200.0,0,0,1,0,0
1,1,2,25.8,0.0,94.21,9200.0,0,0,1,0,0
0,1,2,25.8,0.0,94.21,9200.0,0,0,1,0,0
1,1,2,25.8,0.0,94.21,9200.0,0,0,1,0,0
0,0,2,29.1,0.0,80.85,10000.0,0,0,0,0,0
1,0,2,29.1,0.0,80.85,10000.0,0,0,0,0,0
0,0,2,28.0,0.1,83.79,10000.0,0,0,0,1,0
1,0,2,28.0,0.1,83.79,10000.0,0,0,0,1,0
0,0,2,30.0,0.2,74.63,10000.0,0,0,0,1,0
1,0,2,30.0,0.2,74.63,10000.0,0,0,0,1,0
0,0,2,30.7,0.1,69.45,10000.0,0,0,1,1,1
1,0,2,30.7,0.1,69.45,10000.0,0,0,1,1,1
0,1,0,29.0,0.2,74.47,10000.0,0,0,1,1,1
1,1,0,29.0,0.2,74.47,10000.0,0,0,1,1,1
0,0,0,28.0,0.0,83.79,10000.0,0,0,0,0,0
1,0,0,28.0,0.0,83.79,10000.0,0,0,0,0,0
0,0,2,28.0,0.0,84.85,10000.0,0,0,0,0,0
1,0,2,28.0,0.0,84.85,10000.0,0,0,0,0,0
0,0,0,28.0,0.0,88.92,7000.0,6,0,0,0,0
1,0,0,28.0,0.0,88.92,7000.0,6,0,0,0,0
0,0,0,27.7,0.0,91.75,8900.0,6,0,1,0,0
1,0,0,27.7,0.0,91.75,8900.0,6,0,1,0,0
0,0,0,27.7,0.0,91.75,8900.0,6,0,1,0,0
1,0,0,27.7,0.0,91.75,8900.0,6,0,1,0,0
0,0,2,32.4,0.1,72.44,9600.0,6,0,0,1,0
1,0,2,32.4,0.1,72.44,9600.0,6,0,0,1,0
0,0,2,33.0,0.0,70.84,10000.0,6,0,0,0,0
1,0,2,33.0,0.0,70.84,10000.0,6,0,0,0,0
0,0,3,32.0,1.6,59.04,10000.0,6,0,0,1,0
1,0,3,32.0,1.6,59.04,10000.0,6,0,0,1,0
0,1,3,29.2,0.3,74.05,10200.0,6,0,1,1,1
1,0,3,29.2,0.3,74.05,10200.0,6,0,1,1,1
0,1,2,27.0,0.1,88.84,10000.0,6,0,1,1,1
1,1,2,27.0,0.1,88.84,10000.0,6,0,1,1,1
0,0,0,27.0,0.0,88.84,9000.0,6,0,0,0,0
1,0,0,27.0,0.0,88.84,9000.0,6,0,0,0,0
0,0,3,27.4,1.0,90.65,9400.0,6,0,0,1,0
1,0,3,27.4,1.0,90.65,9400.0,6,0,0,1,0
0,0,0,27.0,0.0,88.84,10000.0,5,0,0,0,0
1,0,0,27.0,0.0,88.84,10000.0,5,0,0,0,0
0,0,0,26.8,0.0,92.54,10400.0,5,0,1,0,0
1,0,0,26.8,0.0,92.54,10400.0,5,0,1,0,0
0,0,0,26.8,0.0,92.54,10400.0,5,0,1,0,0
1,0,0,26.8,0.0,92.54,10400.0,5,0,1,0,0
0,1,2,31.7,0.0,70.56,10200.0,5,0,0,0,0
1,0,2,31.7,0.0,70.56,10200.0,5,0,0,0,0
0,1,2,34.0,0.0,56.05,10000.0,5,0,0,0,0
1,0,2,34.0,0.0,56.05,10000.0,5,0,0,0,0
0,1,0,35.0,0.0,56.28,10000.0,5,0,0,0,0
1,0,0,35.0,0.0,56.28,10000.0,5,0,0,0,0
0,1,2,35.0,0.0,53.64,10200.0,5,0,1,0,0
1,1,2,35.0,0.0,53.64,10200.0,5,0,1,0,0
0,1,0,34.0,0.0,56.05,10000.0,5,0,1,0,0
1,1,0,34.0,0.0,56.05,10000.0,5,0,1,0,0
0,0,0,32.0,0.0,66.58,10000.0,5,0,0,0,0
1,0,0,32.0,0.0,66.58,10000.0,5,0,0,0,0
0,0,0,30.4,0.0,77.69,10000.0,5,0,0,0,0
1,0,0,30.4,0.0,77.69,10000.0,5,0,0,0,0
0,0,2,26.0,0.1,88.76,10000.0,4,0,0,1,0
1,0,2,26.0,0.1,88.76,10000.0,4,0,0,1,0
0,0,0,27.1,0.0,91.48,10400.0,4,0,1,0,0
1,0,0,27.1,0.0,91.48,10400.0,4,0,1,0,0
0,0,0,27.1,0.0,91.48,10400.0,4,0,1,0,0
1,0,0,27.1,0.0,91.48,10400.0,4,0,1,0,0
0,0,2,31.7,0.1,68.1,10200.0,4,0,0,1,0
1,0,2,31.7,0.1,68.1,10200.0,4,0,0,1,0
1,0,2,34.0,0.1,56.05,10000.0,4,0,0,1,0
0,0,2,33.0,0.1,59.27,10000.0,4,0,0,1,0
1,0,2,33.0,0.1,59.27,10000.0,4,0,0,1,0
0,1,2,31.7,0.1,66.84,10200.0,4,0,1,1,1
1,0,2,31.7,0.1,66.84,10200.0,4,0,1,1,1
0,1,1,32.0,0.0,66.58,10000.0,4,0,1,0,0
1,1,1,32.0,0.0,66.58,10000.0,4,0,1,0,0
0,0,0,30.0,0.0,74.63,10000.0,4,0,0,0,0
1,0,0,30.0,0.0,74.63,10000.0,4,0,0,0,0
0,0,2,28.1,0.0,86.42,10000.0,4,0,0,0,0
0,0,1,25.0,0.1,100.0,10000.0,3,0,0,1,0
1,0,1,25.0,0.1,100.0,10000.0,3,0,0,1,0
0,0,3,26.3,0.3,94.28,10200.0,3,0,1,1,1
1,0,3,26.3,0.3,94.28,10200.0,3,0,1,1,1
0,1,3,26.3,0.3,94.28,10200.0,3,0,1,1,1
1,1,3,26.3,0.3,94.28,10200.0,3,0,1,1,1
0,0,2,29.7,0.1,77.77,10000.0,3,0,0,1,0
1,0,2,29.7,0.1,77.77,10000.0,3,0,0,1,0
0,0,3,32.0,0.3,66.58,10000.0,3,0,0,1,0
1,0,3,32.0,0.3,66.58,10000.0,3,0,0,1,0
0,0,3,34.0,0.8,56.05,10000.0,3,0,0,1,0
1,0,3,34.0,0.8,56.05,10000.0,3,0,0,1,0
0,0,3,32.7,1.8,63.69,10000.0,3,0,1,1,1
1,0,3,32.7,1.8,63.69,10000.0,3,0,1,1,1
0,1,1,28.0,0.2,78.92,10000.0,3,0,1,1,1
1,1,1,28.0,0.2,78.92,10000.0,3,0,1,1,1
0,0,0,27.0,0.0,94.27,10000.0,3,0,0,0,0
1,0,0,27.0,0.0,94.27,10000.0,3,0,0,0,0
0,0,2,26.8,0.0,91.37,10000.0,3,0,0,0,0
1,0,2,26.8,0.0,91.37,10000.0,3,0,0,0,0
0,0,3,26.0,1.2,94.23,10000.0,2,0,0,1,0
1,0,3,26.0,1.2,94.23,10000.0,2,0,0,1,0
0,0,2,27.3,0.1,87.48,16100.000000000002,2,0,1,1,1
1,1,2,27.3,0.1,87.48,16100.000000000002,2,0,1,1,1
0,1,2,27.3,0.1,87.48,16100.000000000002,2,0,1,1,1
1,1,2,27.3,0.1,87.48,16100.000000000002,2,0,1,1,1
0,0,2,30.7,0.1,67.68,10200.0,2,0,0,1,0
1,0,2,30.7,0.1,67.68,10200.0,2,0,0,1,0
0,0,2,32.0,0.2,66.58,10000.0,2,0,0,1,0
1,0,2,32.0,0.2,66.58,10000.0,2,0,0,1,0
0,0,3,26.0,1.5,94.23,10000.0,2,0,0,1,0
1,0,3,26.0,1.5,94.23,10000.0,2,0,0,1,0
0,0,2,26.1,0.0,93.97,10200.0,2,0,1,0,0
1,0,2,26.1,0.0,93.97,10200.0,2,0,1,0,0
0,1,2,27.0,0.1,88.84,10000.0,2,0,1,1,1
1,1,2,27.0,0.1,88.84,10000.0,2,0,1,1,1
0,0,2,26.0,0.0,94.23,10000.0,2,0,0,0,0
1,0,2,26.0,0.0,94.23,10000.0,2,0,0,0,0
0,0,2,25.8,0.0,94.92,10000.0,2,0,0,0,0
1,0,2,25.8,0.0,94.92,10000.0,2,0,0,0,0
0,0,3,26.0,1.6,94.23,10000.0,1,0,0,1,0
1,0,3,26.0,1.6,94.23,10000.0,1,0,0,1,0
0,0,2,27.3,0.0,89.07,10200.0,1,0,1,0,0
1,1,2,27.3,0.0,89.07,10200.0,1,0,1,0,0
0,1,2,27.3,0.0,89.07,10200.0,1,0,1,0,0
1,1,2,27.3,0.0,89.07,10200.0,1,0,1,0,0
0,0,2,30.7,0.1,65.66,16900.0,1,0,0,1,0
1,0,2,30.7,0.1,65.66,16900.0,1,0,0,1,0
0,0,2,33.0,0.1,62.93,10000.0,1,0,0,1,0
1,0,2,33.0,0.1,62.93,10000.0,1,0,0,1,0
0,0,0,35.0,0.0,53.01,10000.0,1,0,0,0,0
1,0,0,35.0,0.0,53.01,10000.0,1,0,0,0,0
0,1,3,34.0,0.4,58.01,10200.0,1,0,1,1,1
1,0,3,34.0,0.4,58.01,10200.0,1,0,1,1,1
0,1,0,34.0,0.0,56.05,10000.0,1,0,1,0,0
1,0,0,34.0,0.0,56.05,10000.0,1,0,1,0,0
0,0,0,29.0,0.0,79.06,10000.0,1,0,0,0,0
1,0,0,29.0,0.0,79.06,10000.0,1,0,0,0,0
0,0,2,28.4,0.2,81.63,16700.0,1,0,0,1,0
1,0,2,28.4,0.2,81.63,16700.0,1,0,0,1,0
0,0,2,28.0,0.0,88.92,10000.0,0,0,0,0,0
1,0,2,28.0,0.0,88.92,10000.0,0,0,0,0,0
0,1,2,28.1,0.0,91.4,9300.0,0,0,1,0,0
1,1,2,28.1,0.0,91.4,9300.0,0,0,1,0,0
0,1,2,28.1,0.0,91.4,9300.0,0,0,1,0,0
1,1,2,28.1,0.0,91.4,9300.0,0,0,1,0,0
0,0,2,31.7,0.1,72.71,10000.0,0,0,0,1,0
1,0,2,31.7,0.1,72.71,10000.0,0,0,0,1,0
0,0,3,30.0,0.8,79.2,10000.0,0,0,0,1,0
1,0,3,30.0,0.8,79.2,10000.0,0,0,0,1,0
0,0,0,31.0,0.0,74.79,10000.0,0,0,0,0,0
1,0,0,31.0,0.0,74.79,10000.0,0,0,0,0,0
0,0,3,29.8,0.8,74.52,10200.0,0,0,1,1,1
1,0,3,29.8,0.8,74.52,10200.0,0,0,1,1,1
0,1,2,30.0,0.1,79.2,10000.0,0,0,1,1,1
1,1,2,30.0,0.1,79.2,10000.0,0,0,1,1,1
0,0,0,28.0,0.0,83.79,10000.0,0,0,0,0,0
1,0,0,28.0,0.0,83.79,10000.0,0,0,0,0,0
0,0,3,27.1,0.6,88.75,10000.0,0,0,0,1,0
1,0,3,27.1,0.6,88.75,10000.0,0,0,0,1,0
0,0,0,28.0,0.0,83.79,10000.0,6,0,0,0,0
1,0,0,28.0,0.0,83.79,10000.0,6,0,0,0,0
0,0,2,27.5,0.0,92.98,8600.0,6,0,1,0,0
1,0,2,27.5,0.0,92.98,8600.0,6,0,1,0,0
0,0,2,27.5,0.0,92.98,8600.0,6,0,1,0,0
1,0,2,27.5,0.0,92.98,8600.0,6,0,1,0,0
0,0,2,31.4,0.1,72.28,10000.0,6,0,0,1,0
1,0,2,31.4,0.1,72.28,10000.0,6,0,0,1,0
0,0,2,32.0,0.2,70.66,10000.0,6,0,0,1,0
1,0,2,32.0,0.2,70.66,10000.0,6,0,0,1,0
0,0,3,33.0,0.8,62.93,10000.0,6,0,0,1,0
1,0,3,33.0,0.8,62.93,10000.0,6,0,0,1,0
0,1,3,33.7,0.8,59.48,10000.0,6,0,1,1,1
1,0,3,33.7,0.8,59.48,10000.0,6,0,1,1,1
0,1,0,33.0,0.2,66.78,10000.0,6,0,1,1,1
1,1,0,33.0,0.2,66.78,10000.0,6,0,1,1,1
0,0,0,31.0,0.0,70.48,10000.0,6,0,0,0,0
1,0,0,31.0,0.0,70.48,10000.0,6,0,0,0,0
0,0,0,29.0,0.0,82.74,10000.0,6,0,0,0,0
1,0,0,29.0,0.0,82.74,10000.0,6,0,0,0,0
0,0,2,27.0,0.2,94.27,9000.0,5,0,0,1,0
1,0,2,27.0,0.2,94.27,9000.0,5,0,0,1,0
0,0,2,27.4,0.0,88.06,9500.0,5,0,1,0,0
1,0,2,27.4,0.0,88.06,9500.0,5,0,1,0,0
0,0,2,27.4,0.0,88.06,9500.0,5,0,1,0,0
1,0,2,27.4,0.0,88.06,9500.0,5,0,1,0,0
0,1,2,31.5,0.0,69.68,16900.0,5,0,0,0,0
1,0,2,31.5,0.0,69.68,16900.0,5,0,0,0,0
0,1,2,34.0,0.1,56.05,10000.0,5,0,0,1,0
1,0,2,34.0,0.1,56.05,10000.0,5,0,0,1,0
0,1,2,33.0,0.1,62.93,10000.0,5,0,0,1,0
1,0,2,33.0,0.1,62.93,10000.0,5,0,0,1,0
0,1,2,33.4,0.2,61.85,10200.0,5,0,1,1,1
1,1,2,33.4,0.2,61.85,10200.0,5,0,1,1,1
0,1,2,32.0,0.2,66.58,10000.0,5,0,1,1,1
1,1,2,32.0,0.2,66.58,10000.0,5,0,1,1,1
0,0,0,30.0,0.0,79.2,10000.0,5,0,0,0,0
1,0,0,30.0,0.0,79.2,10000.0,5,0,0,0,0
0,0,2,29.0,0.0,82.38,10000.0,5,0,0,0,0
1,0,2,29.0,0.0,82.38,10000.0,5,0,0,0,0
0,0,2,27.0,0.0,94.27,10000.0,4,0,0,0,0
1,0,2,27.0,0.0,94.27,10000.0,4,0,0,0,0
0,0,2,26.7,0.0,87.5,10200.0,4,0,1,0,0
1,0,2,26.7,0.0,87.5,10200.0,4,0,1,0,0
0,0,2,26.7,0.0,87.5,10200.0,4,0,1,0,0
1,0,2,26.7,0.0,87.5,10200.0,4,0,1,0,0
0,0,2,31.1,0.1,76.03,16700.0,4,0,0,1,0
1,0,2,31.1,0.1,76.03,16700.0,4,0,0,1,0
0,0,3,33.0,0.3,66.78,10000.0,4,0,0,1,0
1,0,3,33.0,0.3,66.78,10000.0,4,0,0,1,0
0,0,3,32.0,5.8,70.66,10000.0,4,0,0,1,0
1,0,3,32.0,5.8,70.66,10000.0,4,0,0,1,0
0,1,3,32.0,2.0,68.21,16900.0,4,0,1,1,1
1,0,3,32.0,2.0,68.21,16900.0,4,0,1,1,1
0,1,2,31.0,0.0,74.79,10000.0,4,0,1,0,0
1,1,2,31.0,0.0,74.79,10000.0,4,0,1,0,0
0,0,2,29.6,0.0,81.51,10000.0,4,0,0,0,0
1,0,2,29.6,0.0,81.51,10000.0,4,0,0,0,0
0,0,0,28.4,0.0,85.52,16700.0,4,0,0,0,0
1,0,0,28.4,0.0,85.52,16700.0,4,0,0,0,0
0,0,3,28.0,1.5,88.92,10000.0,3,0,0,1,0
1,0,3,28.0,1.5,88.92,10000.0,3,0,0,1,0
0,0,2,26.7,0.2,91.74,10000.0,3,0,1,1,1
1,0,2,26.7,0.2,91.74,10000.0,3,0,1,1,1
0,1,2,26.7,0.2,91.74,10000.0,3,0,1,1,1
1,1,2,26.7,0.2,91.74,10000.0,3,0,1,1,1
0,0,2,29.1,0.2,80.02,10200.0,3,0,0,1,0
1,0,2,29.1,0.2,80.02,10200.0,3,0,0,1,0
0,0,2,30.0,0.2,84.01,10000.0,3,0,0,1,0
1,0,2,30.0,0.2,84.01,10000.0,3,0,0,1,0
0,0,3,31.0,1.8,79.33,10000.0,3,0,0,1,0
1,0,3,31.0,1.8,79.33,10000.0,3,0,0,1,0
0,0,3,29.8,0.9,77.34,10000.0,3,0,1,1,1
1,0,3,29.8,0.9,77.34,10000.0,3,0,1,1,1
0,1,3,30.0,0.9,79.2,10000.0,3,0,1,1,1
1,1,3,30.0,0.9,79.2,10000.0,3,0,1,1,1
0,0,2,28.0,0.0,83.79,10000.0,3,0,0,0,0
1,0,2,28.0,0.0,83.79,10000.0,3,0,0,0,0
0,0,3,27.8,0.7,87.81,10000.0,3,0,0,1,0
1,0,3,27.8,0.7,87.81,10000.0,3,0,0,1,0
0,0,2,26.0,0.0,88.76,10000.0,2,0,0,0,0
1,0,2,26.0,0.0,88.76,10000.0,2,0,0,0,0
0,0,1,26.4,0.0,89.93,8700.0,2,0,1,0,0
1,1,1,26.4,0.0,89.93,8700.0,2,0,1,0,0
0,1,1,26.4,0.0,89.93,8700.0,2,0,1,0,0
1,1,1,26.4,0.0,89.93,8700.0,2,0,1,0,0
0,0,2,30.1,0.1,80.78,10000.0,2,0,0,1,0
1,0,2,30.1,0.1,80.78,10000.0,2,0,0,1,0
0,0,2,32.0,0.2,70.66,10000.0,2,0,0,1,0
1,0,2,32.0,0.2,70.66,10000.0,2,0,0,1,0
0,0,3,32.0,0.9,70.66,10000.0,2,0,0,1,0
1,0,3,32.0,0.9,70.66,10000.0,2,0,0,1,0
0,0,3,31.1,4.6,71.82,10000.0,2,0,1,1,1
1,0,3,31.1,4.6,71.82,10000.0,2,0,1,1,1
0,1,2,31.0,0.1,70.48,10000.0,2,0,1,1,1
1,1,2,31.0,0.1,70.48,10000.0,2,0,1,1,1
0,0,3,30.0,0.4,79.2,10000.0,2,0,0,1,0
1,0,3,30.0,0.4,79.2,10000.0,2,0,0,1,0
0,0,2,28.8,0.0,88.0,10000.0,2,0,0,0,0
1,0,2,28.8,0.0,88.0,10000.0,2,0,0,0,0
0,0,1,28.0,0.0,94.31,10000.0,1,0,0,0,0
1,0,1,28.0,0.0,94.31,10000.0,1,0,0,0,0
0,0,1,29.2,0.0,89.94,10200.0,1,0,1,0,0
1,1,1,29.2,0.0,89.94,10200.0,1,0,1,0,0
0,1,1,29.2,0.0,89.94,10200.0,1,0,1,0,0
1,1,1,29.2,0.0,89.94,10200.0,1,0,1,0,0
0,0,2,32.0,0.1,76.2,10000.0,1,0,0,1,0
1,0,2,32.0,0.1,76.2,10000.0,1,0,0,1,0
0,0,2,24.0,0.1,100.0,10000.0,1,0,0,1,0
1,0,2,24.0,0.1,100.0,10000.0,1,0,0,1,0
0,0,3,27.0,0.3,88.84,10000.0,1,0,0,1,0
1,0,3,27.0,0.3,88.84,10000.0,1,0,0,1,0
0,1,1,26.4,0.1,92.74,9700.0,1,0,1,1,1
1,0,1,26.4,0.1,92.74,9700.0,1,0,1,1,1
0,1,3,27.0,0.4,88.84,9000.0,1,0,1,1,1
1,0,3,27.0,0.4,88.84,9000.0,1,0,1,1,1
0,0,0,26.0,0.0,94.23,6000.0,1,0,0,0,0
1,0,0,26.0,0.0,94.23,6000.0,1,0,0,0,0
0,0,2,25.7,0.0,92.67,10000.0,1,0,0,0,0
1,0,2,25.7,0.0,92.67,10000.0,1,0,0,0,0
0,0,0,28.0,0.0,88.92,10000.0,0,0,0,0,0
1,0,0,28.0,0.0,88.92,10000.0,0,0,0,0,0
0,1,2,28.4,0.0,89.02,10100.0,0,0,1,0,0
1,1,2,28.4,0.0,89.02,10100.0,0,0,1,0,0
0,1,2,28.4,0.0,89.02,10100.0,0,0,1,0,0
1,1,2,28.4,0.0,89.02,10100.0,0,0,1,0,0
0,0,0,32.4,0.0,74.05,9300.0,0,0,0,0,0
1,0,0,32.4,0.0,74.05,9300.0,0,0,0,0,0
0,0,2,34.0,0.0,66.98,10000.0,0,0,0,0,0
1,0,2,34.0,0.0,66.98,10000.0,0,0,0,0,0
0,0,2,36.0,0.0,56.52,10000.0,0,0,0,0,0
1,0,2,36.0,0.0,56.52,10000.0,0,0,0,0,0
0,0,2,36.4,0.0,50.47,10200.0,0,0,1,0,0
1,0,2,36.4,0.0,50.47,10200.0,0,0,1,0,0
0,1,0,33.0,0.0,66.78,10000.0,0,0,1,0,0
1,0,0,33.0,0.0,66.78,10000.0,0,0,1,0,0
0,0,0,31.0,0.0,79.33,6000.0,0,0,0,0,0
1,0,0,31.0,0.0,79.33,6000.0,0,0,0,0,0
0,0,2,30.5,0.0,78.96,9100.0,0,0,0,0,0
1,0,2,30.5,0.0,78.96,9100.0,0,0,0,0,0
0,0,0,28.0,0.0,88.92,10000.0,6,0,0,0,0
1,0,0,28.0,0.0,88.92,10000.0,6,0,0,0,0
0,0,2,28.7,0.0,89.89,10100.0,6,0,1,0,0
1,0,2,28.7,0.0,89.89,10100.0,6,0,1,0,0
0,0,2,28.7,0.0,89.89,10100.0,6,0,1,0,0
1,0,2,28.7,0.0,89.89,10100.0,6,0,1,0,0
0,0,2,32.4,0.0,62.45,16900.0,6,0,0,0,0
1,0,2,32.4,0.0,62.45,16900.0,6,0,0,0,0
0,0,0,34.0,0.0,56.05,10000.0,6,0,0,0,0
1,0,0,34.0,0.0,56.05,10000.0,6,0,0,0,0
0,0,0,34.0,0.0,56.05,10000.0,6,0,0,0,0
1,0,0,34.0,0.0,56.05,10000.0,6,0,0,0,0
0,1,2,34.8,0.1,51.88,10200.0,6,0,1,1,1
1,0,2,34.8,0.1,51.88,10200.0,6,0,1,1,1
0,1,0,35.0,0.0,53.01,10000.0,6,0,1,0,0
1,1,0,35.0,0.0,53.01,10000.0,6,0,1,0,0
0,0,0,31.0,0.0,70.48,10000.0,6,0,0,0,0
1,0,0,31.0,0.0,70.48,10000.0,6,0,0,0,0
0,0,0,29.7,0.0,74.88,9700.0,6,0,0,0,0
1,0,0,29.7,0.0,74.88,9700.0,6,0,0,0,0
0,0,0,28.0,0.0,88.92,10000.0,5,0,0,0,0
1,0,0,28.0,0.0,88.92,10000.0,5,0,0,0,0
0,0,2,28.7,0.0,90.0,9500.0,5,0,1,0,0
1,0,2,28.7,0.0,90.0,9500.0,5,0,1,0,0
0,0,2,28.7,0.0,90.0,9500.0,5,0,1,0,0
1,0,2,28.7,0.0,90.0,9500.0,5,0,1,0,0
0,1,2,32.7,0.0,67.87,10200.0,5,0,0,0,0
1,0,2,32.7,0.0,67.87,10200.0,5,0,0,0,0
0,1,2,33.0,0.0,66.78,10000.0,5,0,0,0,0
1,0,2,33.0,0.0,66.78,10000.0,5,0,0,0,0
0,1,0,35.0,0.0,53.01,10000.0,5,0,0,0,0
1,0,0,35.0,0.0,53.01,10000.0,5,0,0,0,0
0,1,2,34.8,0.1,56.23,10200.0,5,0,1,1,1
1,0,2,34.8,0.1,56.23,10200.0,5,0,1,1,1
0,1,0,34.0,0.1,59.5,10000.0,5,0,1,1,1
1,1,0,34.0,0.1,59.5,10000.0,5,0,1,1,1
0,0,0,31.0,0.0,79.33,10000.0,5,0,0,0,0
1,0,0,31.0,0.0,79.33,10000.0,5,0,0,0,0
0,0,0,29.7,0.0,82.76,10000.0,5,0,0,0,0
1,0,0,29.7,0.0,82.76,10000.0,5,0,0,0,0
0,0,0,27.0,0.0,94.27,10000.0,4,0,0,0,0
1,0,0,27.0,0.0,94.27,10000.0,4,0,0,0,0
0,0,2,28.4,0.0,90.4,16000.0,4,0,1,0,0
1,0,2,28.4,0.0,90.4,16000.0,4,0,1,0,0
0,0,2,28.4,0.0,90.4,16000.0,4,0,1,0,0
1,0,2,28.4,0.0,90.4,16000.0,4,0,1,0,0
0,0,2,33.1,0.0,61.89,16900.0,4,0,0,0,0
1,0,2,33.1,0.0,61.89,16900.0,4,0,0,0,0
0,0,2,34.0,0.0,63.14,10000.0,4,0,0,0,0
1,0,2,34.0,0.0,63.14,10000.0,4,0,0,0,0
0,0,2,34.0,0.0,59.5,10000.0,4,0,0,0,0
1,0,2,34.0,0.0,59.5,10000.0,4,0,0,0,0
0,1,2,34.4,0.0,55.53,10200.0,4,0,1,0,0
1,0,2,34.4,0.0,55.53,10200.0,4,0,1,0,0
0,1,0,33.0,0.0,66.78,10000.0,4,0,1,0,0
1,1,0,33.0,0.0,66.78,10000.0,4,0,1,0,0
0,0,0,31.0,0.0,79.33,10000.0,4,0,0,0,0
1,0,0,31.0,0.0,79.33,10000.0,4,0,0,0,0
0,0,0,30.1,0.0,82.44,10000.0,4,0,0,0,0
1,0,0,30.1,0.0,82.44,10000.0,4,0,0,0,0
0,0,0,27.0,0.0,88.84,10000.0,3,0,0,0,0
1,0,0,27.0,0.0,88.84,10000.0,3,0,0,0,0
0,0,0,27.7,0.0,89.95,10400.0,3,0,1,0,0
1,0,0,27.7,0.0,89.95,10400.0,3,0,1,0,0
0,1,0,27.7,0.0,89.95,10400.0,3,0,1,0,0
1,1,0,27.7,0.0,89.95,10400.0,3,0,1,0,0
0,0,2,32.4,0.0,63.95,16900.0,3,0,0,0,0
1,0,2,32.4,0.0,63.95,16900.0,3,0,0,0,0
0,0,1,34.0,0.1,59.5,10000.0,3,0,0,1,0
1,0,1,34.0,0.1,59.5,10000.0,3,0,0,1,0
0,0,2,35.0,0.0,59.73,10000.0,3,0,0,0,0
1,0,2,35.0,0.0,59.73,10000.0,3,0,0,0,0
0,0,0,34.4,0.0,55.15,16900.0,3,0,1,0,0
1,0,0,34.4,0.0,55.15,16900.0,3,0,1,0,0
0,1,0,34.0,0.0,59.5,10000.0,3,0,1,0,0
1,1,0,34.0,0.0,59.5,10000.0,3,0,1,0,0
0,0,0,31.0,0.0,74.79,10000.0,3,0,0,0,0
1,0,0,31.0,0.0,74.79,10000.0,3,0,0,0,0
0,0,0,29.7,0.0,82.34,16700.0,3,0,0,0,0
1,0,0,29.7,0.0,82.34,16700.0,3,0,0,0,0
0,0,0,27.0,0.0,94.27,8000.0,2,0,0,0,0
1,0,0,27.0,0.0,94.27,8000.0,2,0,0,0,0
0,0,2,27.4,0.0,93.85,8600.0,2,0,1,0,0
1,1,2,27.4,0.0,93.85,8600.0,2,0,1,0,0
0,1,2,27.4,0.0,93.85,8600.0,2,0,1,0,0
1,1,2,27.4,0.0,93.85,8600.0,2,0,1,0,0
0,0,2,31.0,0.1,72.25,10200.0,2,0,0,1,0
1,0,2,31.0,0.1,72.25,10200.0,2,0,0,1,0
0,0,2,33.0,0.1,66.78,10000.0,2,0,0,1,0
1,0,2,33.0,0.1,66.78,10000.0,2,0,0,1,0
0,0,0,34.0,0.1,56.05,10000.0,2,0,0,1,0
1,0,0,34.0,0.1,56.05,10000.0,2,0,0,1,0
0,0,0,34.1,0.0,58.51,10200.0,2,0,1,0,0
1,0,0,34.1,0.0,58.51,10200.0,2,0,1,0,0
0,1,0,34.0,0.0,59.5,10000.0,2,0,1,0,0
1,1,0,34.0,0.0,59.5,10000.0,2,0,1,0,0
0,0,0,30.0,0.0,79.2,10000.0,2,0,0,0,0
1,0,0,30.0,0.0,79.2,10000.0,2,0,0,0,0
0,0,0,29.0,0.0,83.98,10000.0,2,0,0,0,0
1,0,0,29.0,0.0,83.98,10000.0,2,0,0,0,0
0,0,2,26.0,0.2,100.0,5000.0,1,1,0,1,0
1,0,2,26.0,0.2,100.0,5000.0,1,1,0,1,0
0,0,2,26.3,0.0,94.27,9200.0,1,1,1,0,0
1,1,2,26.3,0.0,94.27,9200.0,1,1,1,0,0
0,1,2,26.3,0.0,94.27,9200.0,1,1,1,0,0
1,1,2,26.3,0.0,94.27,9200.0,1,1,1,0,0
0,0,2,28.4,0.1,86.28,10200.0,1,1,0,1,0
1,0,2,28.4,0.1,86.28,10200.0,1,1,0,1,0
0,0,2,31.0,0.2,70.47,10000.0,1,1,0,1,0
1,0,2,31.0,0.2,70.47,10000.0,1,1,0,1,0
0,0,3,33.0,0.4,62.92,10000.0,1,1,0,1,0
1,0,3,33.0,0.4,62.92,10000.0,1,1,0,1,0
0,1,3,32.8,0.5,78.86,10000.0,1,1,1,1,1
1,0,3,32.8,0.5,78.86,10000.0,1,1,1,1,1
0,1,1,29.7,0.2,80.57,10000.0,1,1,1,1,1
1,0,1,29.7,0.2,80.57,10000.0,1,1,1,1,1
0,0,2,29.0,0.0,83.89,10000.0,1,1,0,0,0
1,0,2,29.0,0.0,83.89,10000.0,1,1,0,0,0
0,0,0,28.0,0.0,88.21,10000.0,1,1,0,0,0
1,0,0,28.0,0.0,88.21,10000.0,1,1,0,0,0
0,0,2,26.0,0.0,94.23,9000.0,0,1,0,0,0
1,0,2,26.0,0.0,94.23,9000.0,0,1,0,0,0
0,1,2,27.0,0.0,94.27,8000.0,0,1,1,0,0
1,1,2,27.0,0.0,94.27,8000.0,0,1,1,0,0
0,1,2,27.0,0.0,94.27,8000.0,0,1,1,0,0
1,1,2,27.0,0.0,94.27,8000.0,0,1,1,0,0
0,0,2,30.0,0.0,79.19,10000.0,0,1,0,0,0
1,0,2,30.0,0.0,79.19,10000.0,0,1,0,0,0
0,0,2,31.0,0.1,70.47,10000.0,0,1,0,1,0
1,0,2,31.0,0.1,70.47,10000.0,0,1,0,1,0
0,0,3,30.5,0.4,74.7,10000.0,0,1,0,1,0
1,0,3,30.5,0.4,74.7,10000.0,0,1,0,1,0
0,0,2,30.1,0.1,75.93,10300.0,0,1,1,1,1
1,0,2,30.1,0.1,75.93,10300.0,0,1,1,1,1
0,1,2,29.0,0.1,83.89,10000.0,0,1,1,1,1
1,1,2,29.0,0.1,83.89,10000.0,0,1,1,1,1
0,0,1,26.0,0.0,100.0,10000.0,0,1,0,0,0
1,0,1,26.0,0.0,100.0,10000.0,0,1,0,0,0
0,0,2,26.7,0.1,94.28,10000.0,0,1,0,1,0
1,0,2,26.7,0.1,94.28,10000.0,0,1,0,1,0
0,0,3,25.0,2.2,94.19,10000.0,6,0,0,1,0
1,0,3,25.0,2.2,94.19,10000.0,6,0,0,1,0
0,0,3,26.0,0.7,94.23,10000.0,6,0,1,1,1
1,0,3,26.0,0.7,94.23,10000.0,6,0,1,1,1
0,0,3,26.0,0.7,94.23,10000.0,6,0,1,1,1
1,0,3,26.0,0.7,94.23,10000.0,6,0,1,1,1
0,0,1,30.0,0.0,79.19,10000.0,6,0,0,0,0
1,0,1,30.0,0.0,79.19,10000.0,6,0,0,0,0
0,0,2,31.0,0.1,74.78,10000.0,6,0,0,1,0
1,0,2,31.0,0.1,74.78,10000.0,6,0,0,1,0
0,0,3,33.0,1.6,62.92,10000.0,6,0,0,1,0
1,0,3,33.0,1.6,62.92,10000.0,6,0,0,1,0
0,1,3,31.0,0.4,70.47,10000.0,6,0,1,1,1
1,0,3,31.0,0.4,70.47,10000.0,6,0,1,1,1
0,1,3,30.0,0.5,74.62,10000.0,6,0,1,1,1
1,1,3,30.0,0.5,74.62,10000.0,6,0,1,1,1
0,0,1,27.0,0.0,88.83,10000.0,6,0,0,0,0
1,0,1,27.0,0.0,88.83,10000.0,6,0,0,0,0
0,0,3,27.0,0.3,88.83,10000.0,6,0,0,1,0
1,0,3,27.0,0.3,88.83,10000.0,6,0,0,1,0
0,0,3,25.0,2.5,100.0,10000.0,5,0,0,1,0
1,0,3,25.0,2.5,100.0,10000.0,5,0,0,1,0
0,0,3,26.0,0.5,88.75,10000.0,5,0,1,1,1
1,0,3,26.0,0.5,88.75,10000.0,5,0,1,1,1
0,0,3,26.0,0.5,88.75,10000.0,5,0,1,1,1
1,0,3,26.0,0.5,88.75,10000.0,5,0,1,1,1
0,1,2,31.0,0.2,70.47,10000.0,5,0,0,1,0
1,0,2,31.0,0.2,70.47,10000.0,5,0,0,1,0
0,1,3,31.0,0.9,70.47,10000.0,5,0,0,1,0
1,0,3,31.0,0.9,70.47,10000.0,5,0,0,1,0
0,1,3,32.0,2.2,74.94,10000.0,5,0,0,1,0
1,0,3,32.0,2.2,74.94,10000.0,5,0,0,1,0
0,1,3,27.0,0.4,94.27,10000.0,5,0,1,1,1
1,1,3,27.0,0.4,94.27,10000.0,5,0,1,1,1
0,1,1,28.0,0.1,88.91,10000.0,5,0,1,1,1
1,1,1,28.0,0.1,88.91,10000.0,5,0,1,1,1
0,0,3,26.0,0.4,88.75,10000.0,5,0,0,1,0
1,0,3,26.0,0.4,88.75,10000.0,5,0,0,1,0
0,0,1,26.0,0.1,88.75,10000.0,5,0,0,1,0
1,0,1,26.0,0.1,88.75,10000.0,5,0,0,1,0
0,0,0,26.0,0.1,94.23,10000.0,4,0,0,1,0
1,0,0,26.0,0.1,94.23,10000.0,4,0,0,1,0
0,0,3,25.8,1.5,94.1,8900.0,4,0,1,1,1
1,0,3,25.8,1.5,94.1,8900.0,4,0,1,1,1
0,0,3,25.8,1.5,94.1,8900.0,4,0,1,1,1
1,0,3,25.8,1.5,94.1,8900.0,4,0,1,1,1
0,0,3,29.8,0.4,80.59,10000.0,4,0,0,1,0
1,0,3,29.8,0.4,80.59,10000.0,4,0,0,1,0
0,0,2,32.0,0.1,66.58,10000.0,4,0,0,1,0
1,0,2,32.0,0.1,66.58,10000.0,4,0,0,1,0
0,0,3,26.0,1.6,94.23,10000.0,4,0,0,1,0
1,0,3,26.0,1.6,94.23,10000.0,4,0,0,1,0
0,1,3,28.4,0.3,82.96,10000.0,4,0,1,1,1
1,0,3,28.4,0.3,82.96,10000.0,4,0,1,1,1
0,1,3,27.0,0.4,88.84,10000.0,4,0,1,1,1
1,1,3,27.0,0.4,88.84,10000.0,4,0,1,1,1
0,0,3,27.0,0.4,88.84,10000.0,4,0,0,1,0
1,0,3,27.0,0.4,88.84,10000.0,4,0,0,1,0
0,0,3,26.1,0.5,93.84,10000.0,4,0,0,1,0
1,0,3,26.1,0.5,93.84,10000.0,4,0,0,1,0
0,0,3,25.0,4.4,100.0,10000.0,3,0,0,1,0
1,0,3,25.0,4.4,100.0,10000.0,3,0,0,1,0
0,0,2,25.7,0.0,94.62,5200.0,3,0,1,0,0
1,0,2,25.7,0.0,94.62,5200.0,3,0,1,0,0
0,1,2,25.7,0.0,94.62,5200.0,3,0,1,0,0
1,1,2,25.7,0.0,94.62,5200.0,3,0,1,0,0
0,0,1,30.0,0.2,75.58,10200.0,3,0,0,1,0
1,0,1,30.0,0.2,75.58,10200.0,3,0,0,1,0
0,0,2,32.0,0.2,66.58,10000.0,3,0,0,1,0
1,0,2,32.0,0.2,66.58,10000.0,3,0,0,1,0
0,0,3,33.0,4.1,59.27,10000.0,3,0,0,1,0
1,0,3,33.0,4.1,59.27,10000.0,3,0,0,1,0
0,0,3,32.0,1.4,66.77,10200.0,3,0,1,1,1
1,0,3,32.0,1.4,66.77,10200.0,3,0,1,1,1
0,1,2,32.0,0.1,62.71,10000.0,3,0,1,1,1
1,1,2,32.0,0.1,62.71,10000.0,3,0,1,1,1
0,0,2,28.0,0.0,74.3,10000.0,3,0,0,0,0
1,0,2,28.0,0.0,74.3,10000.0,3,0,0,0,0
0,0,2,27.0,0.0,90.7,10000.0,3,0,0,0,0
1,0,2,27.0,0.0,90.7,10000.0,3,0,0,0,0
0,0,3,25.0,0.3,94.19,10000.0,2,0,0,1,0
1,0,3,25.0,0.3,94.19,10000.0,2,0,0,1,0
0,0,3,24.8,1.4,96.83,8900.0,2,0,1,1,1
1,1,3,24.8,1.4,96.83,8900.0,2,0,1,1,1
0,1,3,24.8,1.4,96.83,8900.0,2,0,1,1,1
1,1,3,24.8,1.4,96.83,8900.0,2,0,1,1,1
0,0,3,25.4,1.2,96.19,10000.0,2,0,0,1,0
1,0,3,25.4,1.2,96.19,10000.0,2,0,0,1,0
0,0,3,27.0,1.5,88.84,10000.0,2,0,0,1,0
1,0,3,27.0,1.5,88.84,10000.0,2,0,0,1,0
0,0,3,28.0,0.8,83.79,10000.0,2,0,0,1,0
1,0,3,28.0,0.8,83.79,10000.0,2,0,0,1,0
0,0,3,28.7,0.7,79.52,10000.0,2,0,1,1,1
1,0,3,28.7,0.7,79.52,10000.0,2,0,1,1,1
0,1,3,29.0,0.7,79.06,10000.0,2,0,1,1,1
1,1,3,29.0,0.7,79.06,10000.0,2,0,1,1,1
0,0,0,27.0,0.0,88.84,10000.0,2,0,0,0,0
1,0,0,27.0,0.0,88.84,10000.0,2,0,0,0,0
0,0,2,25.8,0.0,94.28,10000.0,2,0,0,0,0
1,0,2,25.8,0.0,94.28,10000.0,2,0,0,0,0
0,0,3,25.0,3.2,94.19,10000.0,1,0,0,1,0
1,0,3,25.0,3.2,94.19,10000.0,1,0,0,1,0
0,0,3,25.1,4.6,97.1,8000.0,1,0,1,1,1
1,1,3,25.1,4.6,97.1,8000.0,1,0,1,1,1
0,1,3,25.1,4.6,97.1,8000.0,1,0,1,1,1
1,1,3,25.1,4.6,97.1,8000.0,1,0,1,1,1
0,0,3,26.1,1.4,94.63,5900.0,1,0,0,1,0
1,0,3,26.1,1.4,94.63,5900.0,1,0,0,1,0
0,0,3,25.0,1.6,100.0,10000.0,1,0,0,1,0
1,0,3,25.0,1.6,100.0,10000.0,1,0,0,1,0
0,0,3,26.0,2.2,94.23,10000.0,1,0,0,1,0
1,0,3,26.0,2.2,94.23,10000.0,1,0,0,1,0
0,1,3,26.8,0.4,96.07,10000.0,1,0,1,1,1
1,0,3,26.8,0.4,96.07,10000.0,1,0,1,1,1
0,1,2,27.0,0.2,94.27,9000.0,1,0,1,1,1
1,0,2,27.0,0.2,94.27,9000.0,1,0,1,1,1
0,0,3,26.0,0.6,94.23,5000.0,1,0,0,1,0
1,0,3,26.0,0.6,94.23,5000.0,1,0,0,1,0
0,0,3,25.5,0.3,97.59,10000.0,1,0,0,1,0
1,0,3,25.5,0.3,97.59,10000.0,1,0,0,1,0
0,0,3,24.0,2.0,94.15,9000.0,0,0,0,1,0
1,0,3,24.0,2.0,94.15,9000.0,0,0,0,1,0
0,1,3,26.3,0.5,85.22,10200.0,0,0,1,1,1
1,1,3,26.3,0.5,85.22,10200.0,0,0,1,1,1
0,1,3,26.3,0.5,85.22,10200.0,0,0,1,1,1
1,1,3,26.3,0.5,85.22,10200.0,0,0,1,1,1
0,0,3,26.9,0.6,89.88,10000.0,0,0,0,1,0
1,0,3,26.9,0.6,89.88,10000.0,0,0,0,1,0
0,0,3,29.0,0.8,74.47,10000.0,0,0,0,1,0
1,0,3,29.0,0.8,74.47,10000.0,0,0,0,1,0
0,0,3,26.0,1.3,94.23,6000.0,0,0,0,1,0
1,0,3,26.0,1.3,94.23,6000.0,0,0,0,1,0
0,0,3,25.7,1.8,92.73,6000.0,0,0,1,1,1
1,0,3,25.7,1.8,92.73,6000.0,0,0,1,1,1
0,1,3,25.0,2.5,94.19,8000.0,0,0,1,1,1
1,1,3,25.0,2.5,94.19,8000.0,0,0,1,1,1
0,0,3,26.0,2.3,88.76,10000.0,0,0,0,1,0
1,0,3,26.0,2.3,88.76,10000.0,0,0,0,1,0
0,0,3,25.4,2.1,92.04,6000.0,0,0,0,1,0
1,0,3,25.4,2.1,92.04,6000.0,0,0,0,1,0
0,0,0,26.0,0.0,94.23,10000.0,6,0,0,0,0
1,0,0,26.0,0.0,94.23,10000.0,6,0,0,0,0
0,0,2,26.8,0.0,92.24,9300.0,6,0,1,0,0
1,0,2,26.8,0.0,92.24,9300.0,6,0,1,0,0
0,0,2,26.8,0.0,92.24,9300.0,6,0,1,0,0
1,0,2,26.8,0.0,92.24,9300.0,6,0,1,0,0
0,0,0,31.0,0.0,74.79,10000.0,6,0,0,0,0
1,0,0,31.0,0.0,74.79,10000.0,6,0,0,0,0
0,0,2,34.0,0.0,63.15,10000.0,6,0,0,0,0
1,0,2,34.0,0.0,63.15,10000.0,6,0,0,0,0
0,0,2,25.0,0.0,94.19,10000.0,6,0,0,0,0
1,0,2,25.0,0.0,94.19,10000.0,6,0,0,0,0
0,1,2,26.4,0.0,88.06,10000.0,6,0,1,0,0
1,0,2,26.4,0.0,88.06,10000.0,6,0,1,0,0
0,1,1,25.0,0.0,94.19,10000.0,6,0,1,0,0
1,1,1,25.0,0.0,94.19,10000.0,6,0,1,0,0
0,0,2,25.0,0.0,94.19,10000.0,6,0,0,0,0
1,0,2,25.0,0.0,94.19,10000.0,6,0,0,0,0
0,0,1,25.1,0.0,90.11,10000.0,6,0,0,0,0
1,0,1,25.1,0.0,90.11,10000.0,6,0,0,0,0
0,0,2,27.0,0.0,94.28,7000.0,5,0,0,0,0
1,0,2,27.0,0.0,94.28,7000.0,5,0,0,0,0
0,0,2,27.4,0.0,94.26,9500.0,5,0,1,0,0
1,0,2,27.4,0.0,94.26,9500.0,5,0,1,0,0
0,0,2,27.4,0.0,94.26,9500.0,5,0,1,0,0
1,0,2,27.4,0.0,94.26,9500.0,5,0,1,0,0
0,1,2,31.5,0.0,70.87,10000.0,5,0,0,0,0
1,0,2,31.5,0.0,70.87,10000.0,5,0,0,0,0
0,1,1,28.0,0.0,83.79,10000.0,5,0,0,0,0
1,0,1,28.0,0.0,83.79,10000.0,5,0,0,0,0
0,1,2,32.0,0.0,66.59,10000.0,5,0,0,0,0
1,0,2,32.0,0.0,66.59,10000.0,5,0,0,0,0
0,1,2,31.7,0.0,69.04,10100.0,5,0,1,0,0
1,1,2,31.7,0.0,69.04,10100.0,5,0,1,0,0
0,1,2,32.0,0.0,66.59,10000.0,5,0,1,0,0
1,1,2,32.0,0.0,66.59,10000.0,5,0,1,0,0
0,0,0,29.0,0.0,79.06,10000.0,5,0,0,0,0
1,0,0,29.0,0.0,79.06,10000.0,5,0,0,0,0
0,0,2,28.4,0.0,86.31,10000.0,5,0,0,0,0
1,0,2,28.4,0.0,86.31,10000.0,5,0,0,0,0
0,0,0,27.0,0.0,94.28,10000.0,4,0,0,0,0
1,0,0,27.0,0.0,94.28,10000.0,4,0,0,0,0
0,0,2,27.5,0.0,95.09,9000.0,4,0,1,0,0
1,0,2,27.5,0.0,95.09,9000.0,4,0,1,0,0
0,0,2,27.5,0.0,95.09,9000.0,4,0,1,0,0
1,0,2,27.5,0.0,95.09,9000.0,4,0,1,0,0
0,0,2,30.4,0.0,80.27,10100.0,4,0,0,0,0
1,0,2,30.4,0.0,80.27,10100.0,4,0,0,0,0
0,0,3,33.0,0.3,66.78,10000.0,4,0,0,1,0
1,0,3,33.0,0.3,66.78,10000.0,4,0,0,1,0
0,0,2,33.0,0.2,62.93,10000.0,4,0,0,1,0
1,0,2,33.0,0.2,62.93,10000.0,4,0,0,1,0
0,1,2,32.8,0.0,66.94,10100.0,4,0,1,0,0
1,0,2,32.8,0.0,66.94,10100.0,4,0,1,0,0
0,1,2,32.0,0.1,62.72,10000.0,4,0,1,1,1
1,1,2,32.0,0.1,62.72,10000.0,4,0,1,1,1
0,0,2,29.0,0.0,83.9,10000.0,4,0,0,0,0
1,0,2,29.0,0.0,83.9,10000.0,4,0,0,0,0
0,0,2,28.4,0.0,87.45,10000.0,4,0,0,0,0
1,0,2,28.4,0.0,87.45,10000.0,4,0,0,0,0
0,0,2,28.0,0.0,94.32,7000.0,3,0,0,0,0
1,0,2,28.0,0.0,94.32,7000.0,3,0,0,0,0
0,0,3,28.0,0.3,94.75,9500.0,3,0,1,1,1
1,0,3,28.0,0.3,94.75,9500.0,3,0,1,1,1
0,1,3,28.0,0.3,94.75,9500.0,3,0,1,1,1
1,1,3,28.0,0.3,94.75,9500.0,3,0,1,1,1
0,0,2,28.5,0.0,90.34,10000.0,3,0,0,0,0
1,0,2,28.5,0.0,90.34,10000.0,3,0,0,0,0
0,0,1,26.0,0.0,94.23,10000.0,3,0,0,0,0
1,0,1,26.0,0.0,94.23,10000.0,3,0,0,0,0
0,0,2,28.0,0.0,83.79,10000.0,3,0,0,0,0
1,0,2,28.0,0.0,83.79,10000.0,3,0,0,0,0
0,0,2,29.5,0.0,83.92,10000.0,3,0,1,0,0
1,0,2,29.5,0.0,83.92,10000.0,3,0,1,0,0
0,1,2,27.0,0.0,88.84,10000.0,3,0,1,0,0
1,1,2,27.0,0.0,88.84,10000.0,3,0,1,0,0
0,0,1,27.0,0.0,94.28,10000.0,3,0,0,0,0
1,0,1,27.0,0.0,94.28,10000.0,3,0,0,0,0
0,0,0,27.9,0.0,92.28,10000.0,3,0,0,0,0
1,0,0,27.9,0.0,92.28,10000.0,3,0,0,0,0
0,0,1,27.0,0.0,94.28,9000.0,2,0,0,0,0
1,0,1,27.0,0.0,94.28,9000.0,2,0,0,0,0
0,0,2,27.4,0.0,92.71,9000.0,2,0,1,0,0
1,1,2,27.4,0.0,92.71,9000.0,2,0,1,0,0
0,1,2,27.4,0.0,92.71,9000.0,2,0,1,0,0
1,1,2,27.4,0.0,92.71,9000.0,2,0,1,0,0
0,0,2,31.7,0.0,75.9,10100.0,2,0,0,0,0
1,0,2,31.7,0.0,75.9,10100.0,2,0,0,0,0
0,0,2,32.0,0.0,70.66,10000.0,2,0,0,0,0
1,0,2,32.0,0.0,70.66,10000.0,2,0,0,0,0
0,0,2,33.0,0.0,66.78,10000.0,2,0,0,0,0
1,0,2,33.0,0.0,66.78,10000.0,2,0,0,0,0
0,0,1,31.5,0.0,72.8,10100.0,2,0,1,0,0
1,0,1,31.5,0.0,72.8,10100.0,2,0,1,0,0
0,1,2,29.0,0.0,88.99,10000.0,2,0,1,0,0
1,1,2,29.0,0.0,88.99,10000.0,2,0,1,0,0
0,0,2,28.0,0.0,94.32,10000.0,2,0,0,0,0
1,0,2,28.0,0.0,94.32,10000.0,2,0,0,0,0
0,0,1,27.3,0.0,94.23,10000.0,2,0,0,0,0
1,0,1,27.3,0.0,94.23,10000.0,2,0,0,0,0
0,0,1,26.0,0.0,94.23,7000.0,1,0,0,0,0
1,0,1,26.0,0.0,94.23,7000.0,1,0,0,0,0
0,0,1,25.7,0.18,95.51,8500.0,1,0,1,1,1
1,1,1,25.7,0.18,95.51,8500.0,1,0,1,1,1
0,1,1,25.7,0.18,95.51,8500.0,1,0,1,1,1
1,1,1,25.7,0.18,95.51,8500.0,1,0,1,1,1
0,0,1,26.4,0.0,92.6,9200.0,1,0,0,0,0
1,0,1,26.4,0.0,92.6,9200.0,1,0,0,0,0
0,0,2,27.0,0.0,94.28,10000.0,1,0,0,0,0
1,0,2,27.0,0.0,94.28,10000.0,1,0,0,0,0
0,0,0,30.0,0.0,74.63,10000.0,1,0,0,0,0
1,0,0,30.0,0.0,74.63,10000.0,1,0,0,0,0
0,1,2,29.1,0.0,82.33,10100.0,1,0,1,0,0
1,0,2,29.1,0.0,82.33,10100.0,1,0,1,0,0
0,1,2,29.0,0.0,79.06,10000.0,1,0,1,0,0
1,0,2,29.0,0.0,79.06,10000.0,1,0,1,0,0
0,0,0,28.0,0.0,88.92,10000.0,1,0,0,0,0
1,0,0,28.0,0.0,88.92,10000.0,1,0,0,0,0
0,0,2,27.1,0.0,91.05,10000.0,1,0,0,0,0
1,0,2,27.1,0.0,91.05,10000.0,1,0,0,0,0
0,0,0,25.0,0.0,94.19,10000.0,0,0,0,0,0
1,0,0,25.0,0.0,94.19,10000.0,0,0,0,0,0
0,1,2,25.7,0.0,92.77,10000.0,0,0,1,0,0
1,1,2,25.7,0.0,92.77,10000.0,0,0,1,0,0
0,1,2,25.7,0.0,92.77,10000.0,0,0,1,0,0
1,1,2,25.7,0.0,92.77,10000.0,0,0,1,0,0
0,0,2,30.1,0.0,75.86,10000.0,0,0,0,0,0
1,0,2,30.1,0.0,75.86,10000.0,0,0,0,0,0
0,0,1,30.0,0.0,70.3,10000.0,0,0,0,0,0
1,0,1,30.0,0.0,70.3,10000.0,0,0,0,0,0
0,0,0,31.0,0.0,70.48,10000.0,0,0,0,0,0
1,0,0,31.0,0.0,70.48,10000.0,0,0,0,0,0
0,0,1,29.3,0.0,75.4,7900.0,0,0,1,0,0
1,0,1,29.3,0.0,75.4,7900.0,0,0,1,0,0
0,1,1,26.0,0.0,100.0,10000.0,0,0,1,0,0
1,1,1,26.0,0.0,100.0,10000.0,0,0,1,0,0
0,0,0,26.0,0.0,94.23,10000.0,0,0,0,0,0
1,0,0,26.0,0.0,94.23,10000.0,0,0,0,0,0
0,0,2,25.7,0.0,95.08,9700.0,0,0,0,0,0
1,0,2,25.7,0.0,95.08,9700.0,0,0,0,0,0
0,0,0,25.0,0.0,94.19,10000.0,6,0,0,0,0
1,0,0,25.0,0.0,94.19,10000.0,6,0,0,0,0
0,0,1,25.8,0.18,94.64,10000.0,6,0,1,1,1
1,0,1,25.8,0.18,94.64,10000.0,6,0,1,1,1
0,0,1,25.8,0.18,94.64,10000.0,6,0,1,1,1
1,0,1,25.8,0.18,94.64,10000.0,6,0,1,1,1
0,0,2,28.3,0.0,85.37,10000.0,6,0,0,0,0
1,0,2,28.3,0.0,85.37,10000.0,6,0,0,0,0
0,0,0,31.0,0.0,70.48,10000.0,6,0,0,0,0
1,0,0,31.0,0.0,70.48,10000.0,6,0,0,0,0
0,0,0,32.0,0.0,70.66,10000.0,6,0,0,0,0
1,0,0,32.0,0.0,70.66,10000.0,6,0,0,0,0
0,1,2,31.1,0.0,80.9,4100.0,6,0,1,0,0
1,0,2,31.1,0.0,80.9,4100.0,6,0,1,0,0
0,1,2,30.0,0.0,74.63,10000.0,6,0,1,0,0
1,1,2,30.0,0.0,74.63,10000.0,6,0,1,0,0
0,0,0,27.0,0.0,83.68,10000.0,6,0,0,0,0
1,0,0,27.0,0.0,83.68,10000.0,6,0,0,0,0
0,0,2,25.9,0.0,93.21,10000.0,6,0,0,0,0
1,0,2,25.9,0.0,93.21,10000.0,6,0,0,0,0
0,0,0,26.0,0.0,88.76,10000.0,5,0,0,0,0
1,0,0,26.0,0.0,88.76,10000.0,5,0,0,0,0
0,0,2,25.0,0.18,95.87,3600.0,5,0,1,1,1
1,0,2,25.0,0.18,95.87,3600.0,5,0,1,1,1
0,0,2,25.0,0.18,95.87,3600.0,5,0,1,1,1
1,0,2,25.0,0.18,95.87,3600.0,5,0,1,1,1
0,1,1,26.5,0.0,92.86,9900.0,5,0,0,0,0
1,0,1,26.5,0.0,92.86,9900.0,5,0,0,0,0
0,1,2,27.0,0.0,94.28,4000.0,5,0,0,0,0
1,0,2,27.0,0.0,94.28,4000.0,5,0,0,0,0
0,1,2,30.0,0.0,74.63,10000.0,5,0,0,0,0
1,0,2,30.0,0.0,74.63,10000.0,5,0,0,0,0
0,1,1,28.6,0.0,83.59,10000.0,5,0,1,0,0
1,1,1,28.6,0.0,83.59,10000.0,5,0,1,0,0
0,1,2,27.0,0.0,88.84,10000.0,5,0,1,0,0
1,1,2,27.0,0.0,88.84,10000.0,5,0,1,0,0
0,0,0,26.0,0.0,88.76,10000.0,5,0,0,0,0
1,0,0,26.0,0.0,88.76,10000.0,5,0,0,0,0
0,0,2,25.7,0.0,93.61,10000.0,5,0,0,0,0
1,0,2,25.7,0.0,93.61,10000.0,5,0,0,0,0
0,0,1,25.0,0.0,94.19,5000.0,4,0,0,0,0
1,0,1,25.0,0.0,94.19,5000.0,4,0,0,0,0
0,0,1,25.1,0.09,95.87,9900.0,4,0,1,1,1
1,0,1,25.1,0.09,95.87,9900.0,4,0,1,1,1
0,0,1,25.1,0.09,95.87,9900.0,4,0,1,1,1
1,0,1,25.1,0.09,95.87,9900.0,4,0,1,1,1
0,0,1,27.4,0.0,88.92,10000.0,4,0,0,0,0
1,0,1,27.4,0.0,88.92,10000.0,4,0,0,0,0
0,0,1,27.0,0.0,88.84,2000.0,4,0,0,0,0
1,0,1,27.0,0.0,88.84,2000.0,4,0,0,0,0
0,0,2,29.0,0.0,79.06,10000.0,4,0,0,0,0
1,0,2,29.0,0.0,79.06,10000.0,4,0,0,0,0
0,1,2,30.1,0.0,76.03,10000.0,4,0,1,0,0
1,0,2,30.1,0.0,76.03,10000.0,4,0,1,0,0
0,1,2,30.0,0.0,74.63,10000.0,4,0,1,0,0
1,1,2,30.0,0.0,74.63,10000.0,4,0,1,0,0
0,0,2,27.0,0.0,88.84,10000.0,4,0,0,0,0
1,0,2,27.0,0.0,88.84,10000.0,4,0,0,0,0
0,0,2,27.0,0.0,88.61,10000.0,4,0,0,0,0
1,0,2,27.0,0.0,88.61,10000.0,4,0,0,0,0
0,0,0,29.0,0.0,88.99,8000.0,3,0,0,0,0
1,0,0,29.0,0.0,88.99,8000.0,3,0,0,0,0
0,0,1,28.7,0.0,94.3,4200.0,3,0,1,0,0
1,0,1,28.7,0.0,94.3,4200.0,3,0,1,0,0
0,1,1,28.7,0.0,94.3,4200.0,3,0,1,0,0
1,1,1,28.7,0.0,94.3,4200.0,3,0,1,0,0
0,0,2,32.0,0.0,80.52,8800.0,3,0,0,0,0
1,0,2,32.0,0.0,80.52,8800.0,3,0,0,0,0
0,0,2,35.0,0.0,67.18,10000.0,3,0,0,0,0
1,0,2,35.0,0.0,67.18,10000.0,3,0,0,0,0
0,0,0,29.0,0.0,74.47,10000.0,3,0,0,0,0
1,0,0,29.0,0.0,74.47,10000.0,3,0,0,0,0
0,0,2,31.3,0.0,71.96,10100.0,3,0,1,0,0
1,0,2,31.3,0.0,71.96,10100.0,3,0,1,0,0
0,1,0,30.0,0.0,74.63,10000.0,3,0,1,0,0
1,1,0,30.0,0.0,74.63,10000.0,3,0,1,0,0
0,0,2,29.0,0.0,83.9,6000.0,3,0,0,0,0
1,0,2,29.0,0.0,83.9,6000.0,3,0,0,0,0
0,0,2,29.1,0.0,87.57,8700.0,3,0,0,0,0
1,0,2,29.1,0.0,87.57,8700.0,3,0,0,0,0
0,0,0,28.0,0.0,94.32,10000.0,2,0,0,0,0
1,0,0,28.0,0.0,94.32,10000.0,2,0,0,0,0
0,0,2,29.7,0.0,92.51,8700.0,2,0,1,0,0
1,1,2,29.7,0.0,92.51,8700.0,2,0,1,0,0
0,1,2,29.7,0.0,92.51,8700.0,2,0,1,0,0
1,1,2,29.7,0.0,92.51,8700.0,2,0,1,0,0
0,0,2,31.3,0.0,79.0,10000.0,2,0,0,0,0
1,0,2,31.3,0.0,79.0,10000.0,2,0,0,0,0
0,0,2,30.0,0.0,79.2,10000.0,2,0,0,0,0
1,0,2,30.0,0.0,79.2,10000.0,2,0,0,0,0
0,0,0,34.0,0.0,66.98,10000.0,2,0,0,0,0
1,0,0,34.0,0.0,66.98,10000.0,2,0,0,0,0
0,0,2,31.4,0.0,74.04,10100.0,2,0,1,0,0
1,0,2,31.4,0.0,74.04,10100.0,2,0,1,0,0
0,1,0,34.0,0.0,59.51,10000.0,2,0,1,0,0
1,1,0,34.0,0.0,59.51,10000.0,2,0,1,0,0
0,0,0,31.0,0.0,79.33,10000.0,2,0,0,0,0
1,0,0,31.0,0.0,79.33,10000.0,2,0,0,0,0
0,0,2,29.6,0.0,88.22,10000.0,2,0,0,0,0
1,0,2,29.6,0.0,88.22,10000.0,2,0,0,0,0
0,0,2,29.0,0.0,88.99,10000.0,1,0,0,0,0
1,0,2,29.0,0.0,88.99,10000.0,1,0,0,0,0
0,0,2,29.4,0.06,93.43,9100.0,1,0,1,1,1
1,1,2,29.4,0.06,93.43,9100.0,1,0,1,1,1
0,1,2,29.4,0.06,93.43,9100.0,1,0,1,1,1
1,1,2,29.4,0.06,93.43,9100.0,1,0,1,1,1
0,0,2,33.0,0.0,69.19,10100.0,1,0,0,0,0
1,0,2,33.0,0.0,69.19,10100.0,1,0,0,0,0
0,0,2,34.0,0.0,63.15,10000.0,1,0,0,0,0
1,0,2,34.0,0.0,63.15,10000.0,1,0,0,0,0
0,0,0,34.0,0.0,66.98,10000.0,1,0,0,0,0
1,0,0,34.0,0.0,66.98,10000.0,1,0,0,0,0
0,1,2,33.3,0.0,63.59,17400.0,1,0,1,0,0
1,0,2,33.3,0.0,63.59,17400.0,1,0,1,0,0
0,1,0,32.0,0.0,70.66,10000.0,1,0,1,0,0
1,0,0,32.0,0.0,70.66,10000.0,1,0,1,0,0
0,0,0,30.0,0.0,74.63,10000.0,1,0,0,0,0
1,0,0,30.0,0.0,74.63,10000.0,1,0,0,0,0
0,0,0,30.1,0.0,85.47,10000.0,1,0,0,0,0
1,0,0,30.1,0.0,85.47,10000.0,1,0,0,0,0
0,0,1,27.0,0.0,94.28,9000.0,0,0,0,0,0
1,0,1,27.0,0.0,94.28,9000.0,0,0,0,0,0
0,1,2,28.4,0.0,92.77,9300.0,0,0,1,0,0
1,1,2,28.4,0.0,92.77,9300.0,0,0,1,0,0
0,1,2,28.4,0.0,92.77,9300.0,0,0,1,0,0
1,1,2,28.4,0.0,92.77,9300.0,0,0,1,0,0
0,0,2,31.8,0.0,77.64,10100.0,0,0,0,0,0
1,0,2,31.8,0.0,77.64,10100.0,0,0,0,0,0
0,0,2,33.0,0.0,75.11,10000.0,0,0,0,0,0
1,0,2,33.0,0.0,75.11,10000.0,0,0,0,0,0
0,0,1,35.0,0.0,63.36,10000.0,0,0,0,0,0
1,0,1,35.0,0.0,63.36,10000.0,0,0,0,0,0
0,0,2,34.2,0.0,67.21,10100.0,0,0,1,0,0
1,0,2,34.2,0.0,67.21,10100.0,0,0,1,0,0
0,1,0,33.0,0.0,70.84,10000.0,0,0,1,0,0
1,1,0,33.0,0.0,70.84,10000.0,0,0,1,0,0
0,0,2,31.0,0.0,79.33,10000.0,0,0,0,0,0
1,0,2,31.0,0.0,79.33,10000.0,0,0,0,0,0
0,0,2,30.1,0.0,87.73,10000.0,0,0,0,0,0
1,0,2,30.1,0.0,87.73,10000.0,0,0,0,0,0
0,0,1,29.0,0.0,94.36,10000.0,6,0,0,0,0
1,0,1,29.0,0.0,94.36,10000.0,6,0,0,0,0
0,0,1,30.1,0.003,91.75,10000.0,6,0,1,1,1
1,0,1,30.1,0.003,91.75,10000.0,6,0,1,1,1
0,0,1,30.1,0.003,91.75,10000.0,6,0,1,1,1
1,0,1,30.1,0.003,91.75,10000.0,6,0,1,1,1
0,0,2,32.5,0.0,76.1,17400.0,6,0,0,0,0
1,0,2,32.5,0.0,76.1,17400.0,6,0,0,0,0
0,0,1,28.0,0.0,94.32,10000.0,6,0,0,0,0
1,0,1,28.0,0.0,94.32,10000.0,6,0,0,0,0
0,0,2,27.0,0.0,88.84,10000.0,6,0,0,0,0
1,0,2,27.0,0.0,88.84,10000.0,6,0,0,0,0
0,1,2,27.1,0.0,85.05,10000.0,6,0,1,0,0
1,0,2,27.1,0.0,85.05,10000.0,6,0,1,0,0
0,1,0,28.0,0.0,83.79,10000.0,6,0,1,0,0
1,1,0,28.0,0.0,83.79,10000.0,6,0,1,0,0
0,0,2,27.0,0.0,88.84,10000.0,6,0,0,0,0
1,0,2,27.0,0.0,88.84,10000.0,6,0,0,0,0
0,0,2,27.5,0.0,91.0,10000.0,6,0,0,0,0
1,0,2,27.5,0.0,91.0,10000.0,6,0,0,0,0
0,0,0,29.0,0.0,83.9,10000.0,5,0,0,0,0
1,0,0,29.0,0.0,83.9,10000.0,5,0,0,0,0
0,0,2,29.5,0.0,89.82,17400.0,5,0,1,0,0
1,0,2,29.5,0.0,89.82,17400.0,5,0,1,0,0
0,0,2,29.5,0.0,89.82,17400.0,5,0,1,0,0
1,0,2,29.5,0.0,89.82,17400.0,5,0,1,0,0
0,1,2,34.1,0.0,60.55,17400.0,5,0,0,0,0
1,0,2,34.1,0.0,60.55,17400.0,5,0,0,0,0
0,1,2,34.0,0.0,59.51,10000.0,5,0,0,0,0
1,0,2,34.0,0.0,59.51,10000.0,5,0,0,0,0
0,1,0,36.0,0.0,53.26,10000.0,5,0,0,0,0
1,0,0,36.0,0.0,53.26,10000.0,5,0,0,0,0
0,1,2,36.2,0.0,52.34,10100.0,5,0,1,0,0
1,1,2,36.2,0.0,52.34,10100.0,5,0,1,0,0
0,1,0,36.0,0.0,56.52,10000.0,5,0,1,0,0
1,1,0,36.0,0.0,56.52,10000.0,5,0,1,0,0
0,0,0,32.0,0.0,74.95,10000.0,5,0,0,0,0
1,0,0,32.0,0.0,74.95,10000.0,5,0,0,0,0
0,0,0,31.0,0.0,82.13,10000.0,5,0,0,0,0
1,0,0,31.0,0.0,82.13,10000.0,5,0,0,0,0
0,0,0,27.0,0.0,94.28,5000.0,4,0,0,0,0
1,0,0,27.0,0.0,94.28,5000.0,4,0,0,0,0
0,0,2,28.5,0.0,95.31,8200.0,4,0,1,0,0
1,0,2,28.5,0.0,95.31,8200.0,4,0,1,0,0
0,0,2,28.5,0.0,95.31,8200.0,4,0,1,0,0
1,0,2,28.5,0.0,95.31,8200.0,4,0,1,0,0
0,0,2,32.1,0.0,73.95,10100.0,4,0,0,0,0
1,0,2,32.1,0.0,73.95,10100.0,4,0,0,0,0
0,0,2,34.0,0.0,66.98,10000.0,4,0,0,0,0
1,0,2,34.0,0.0,66.98,10000.0,4,0,0,0,0
0,0,2,35.3,0.0,58.73,10000.0,4,0,0,0,0
1,0,2,35.3,0.0,58.73,10000.0,4,0,0,0,0
0,1,2,36.4,0.0,52.58,17400.0,4,0,1,0,0
1,0,2,36.4,0.0,52.58,17400.0,4,0,1,0,0
0,1,0,36.0,0.0,50.17,10000.0,4,0,1,0,0
1,1,0,36.0,0.0,50.17,10000.0,4,0,1,0,0
0,0,0,32.0,0.0,74.95,10000.0,4,0,0,0,0
1,0,0,32.0,0.0,74.95,10000.0,4,0,0,0,0
0,0,0,30.7,0.0,80.53,17300.0,4,0,0,0,0
1,0,0,30.7,0.0,80.53,17300.0,4,0,0,0,0
0,0,2,24.0,0.0,100.0,10000.0,3,0,0,0,0
1,0,2,24.0,0.0,100.0,10000.0,3,0,0,0,0
0,0,2,25.4,0.0,93.29,10000.0,3,0,1,0,0
1,0,2,25.4,0.0,93.29,10000.0,3,0,1,0,0
0,1,2,25.4,0.0,93.29,10000.0,3,0,1,0,0
1,1,2,25.4,0.0,93.29,10000.0,3,0,1,0,0
0,0,2,27.8,0.0,86.16,10000.0,3,0,0,0,0
1,0,2,27.8,0.0,86.16,10000.0,3,0,0,0,0
0,0,2,29.0,0.0,79.06,10000.0,3,0,0,0,0
1,0,2,29.0,0.0,79.06,10000.0,3,0,0,0,0
0,0,0,30.0,0.0,84.01,10000.0,3,0,0,0,0
1,0,0,30.0,0.0,84.01,10000.0,3,0,0,0,0
0,0,2,31.1,0.0,76.26,10100.0,3,0,1,0,0
1,0,2,31.1,0.0,76.26,10100.0,3,0,1,0,0
0,1,0,30.0,0.0,84.01,10000.0,3,0,1,0,0
1,1,0,30.0,0.0,84.01,10000.0,3,0,1,0,0
0,0,0,29.0,0.0,88.99,8000.0,3,0,0,0,0
1,0,0,29.0,0.0,88.99,8000.0,3,0,0,0,0
0,0,2,29.1,0.0,87.27,10000.0,3,0,0,0,0
1,0,2,29.1,0.0,87.27,10000.0,3,0,0,0,0
0,0,2,25.0,0.0,100.0,9000.0,2,0,0,0,0
1,0,2,25.0,0.0,100.0,9000.0,2,0,0,0,0
0,0,1,26.8,0.0,94.62,8700.0,2,0,1,0,0
1,1,1,26.8,0.0,94.62,8700.0,2,0,1,0,0
0,1,1,26.8,0.0,94.62,8700.0,2,0,1,0,0
1,1,1,26.8,0.0,94.62,8700.0,2,0,1,0,0
0,0,1,27.9,0.0,91.73,8200.0,2,0,0,0,0
1,0,1,27.9,0.0,91.73,8200.0,2,0,0,0,0
0,0,1,27.0,0.0,94.28,4000.0,2,0,0,0,0
1,0,1,27.0,0.0,94.28,4000.0,2,0,0,0,0
0,0,2,29.0,0.0,88.99,8000.0,2,0,0,0,0
1,0,2,29.0,0.0,88.99,8000.0,2,0,0,0,0
0,0,2,30.0,0.0,84.01,10000.0,2,0,1,0,0
1,0,2,30.0,0.0,84.01,10000.0,2,0,1,0,0
0,1,2,29.0,0.0,88.99,10000.0,2,0,1,0,0
1,1,2,29.0,0.0,88.99,10000.0,2,0,1,0,0
0,0,2,28.0,0.0,94.32,9000.0,2,0,0,0,0
1,0,2,28.0,0.0,94.32,9000.0,2,0,0,0,0
0,0,2,29.2,0.0,87.27,9700.0,2,0,0,0,0
1,0,2,29.2,0.0,87.27,9700.0,2,0,0,0,0
0,0,0,31.0,0.0,84.11,10000.0,1,0,0,0,0
1,0,0,31.0,0.0,84.11,10000.0,1,0,0,0,0
0,0,2,30.7,0.0,82.88,17400.0,1,0,1,0,0
1,1,2,30.7,0.0,82.88,17400.0,1,0,1,0,0
0,1,2,30.7,0.0,82.88,17400.0,1,0,1,0,0
1,1,2,30.7,0.0,82.88,17400.0,1,0,1,0,0
0,0,2,34.5,0.0,62.76,10100.0,1,0,0,0,0
1,0,2,34.5,0.0,62.76,10100.0,1,0,0,0,0
0,0,2,33.0,0.0,75.11,10000.0,1,0,0,0,0
1,0,2,33.0,0.0,75.11,10000.0,1,0,0,0,0
0,0,0,34.0,0.0,63.15,10000.0,1,0,0,0,0
1,0,0,34.0,0.0,63.15,10000.0,1,0,0,0,0
0,1,2,35.5,0.0,59.4,10100.0,1,0,1,0,0
1,0,2,35.5,0.0,59.4,10100.0,1,0,1,0,0
0,1,0,34.0,0.0,63.15,10000.0,1,0,1,0,0
1,0,0,34.0,0.0,63.15,10000.0,1,0,1,0,0
0,0,1,26.0,0.0,94.23,2000.0,1,0,0,0,0
1,0,1,26.0,0.0,94.23,2000.0,1,0,0,0,0
0,0,2,26.2,0.0,94.44,10000.0,1,0,0,0,0
1,0,2,26.2,0.0,94.44,10000.0,1,0,0,0,0
0,0,0,32.0,0.0,62.72,10000.0,0,0,0,0,0
1,0,0,32.0,0.0,62.72,10000.0,0,0,0,0,0
0,1,2,31.4,0.0,71.29,10100.0,0,0,1,0,0
1,1,2,31.4,0.0,71.29,10100.0,0,0,1,0,0
0,1,2,31.4,0.0,71.29,10100.0,0,0,1,0,0
1,1,2,31.4,0.0,71.29,10100.0,0,0,1,0,0
0,0,2,35.8,0.0,54.23,17400.0,0,0,0,0,0
1,0,2,35.8,0.0,54.23,17400.0,0,0,0,0,0
0,0,0,37.0,0.0,53.51,10000.0,0,0,0,0,0
1,0,0,37.0,0.0,53.51,10000.0,0,0,0,0,0
0,0,0,38.0,0.0,50.67,10000.0,0,0,0,0,0
1,0,0,38.0,0.0,50.67,10000.0,0,0,0,0,0
0,0,2,38.5,0.0,45.79,17400.0,0,0,1,0,0
1,0,2,38.5,0.0,45.79,17400.0,0,0,1,0,0
0,1,0,38.0,0.0,44.98,10000.0,0,0,1,0,0
1,1,0,38.0,0.0,44.98,10000.0,0,0,1,0,0
0,0,2,36.0,0.0,53.26,10000.0,0,0,0,0,0
1,0,2,36.0,0.0,53.26,10000.0,0,0,0,0,0
0,0,2,33.5,0.0,60.51,17300.0,0,0,0,0,0
1,0,2,33.5,0.0,60.51,17300.0,0,0,0,0,0
0,0,0,29.0,0.0,88.99,10000.0,6,0,0,0,0
1,0,0,29.0,0.0,88.99,10000.0,6,0,0,0,0
0,0,2,30.5,0.0,86.7,9900.0,6,0,1,0,0
1,0,2,30.5,0.0,86.7,9900.0,6,0,1,0,0
0,0,2,30.5,0.0,86.7,9900.0,6,0,1,0,0
1,0,2,30.5,0.0,86.7,9900.0,6,0,1,0,0
0,0,2,34.5,0.0,62.75,10100.0,6,0,0,0,0
1,0,2,34.5,0.0,62.75,10100.0,6,0,0,0,0
0,0,0,36.0,0.0,56.52,10000.0,6,0,0,0,0
1,0,0,36.0,0.0,56.52,10000.0,6,0,0,0,0
0,0,0,38.0,0.0,50.67,10000.0,6,0,0,0,0
1,0,0,38.0,0.0,50.67,10000.0,6,0,0,0,0
0,1,2,38.5,0.0,48.43,10100.0,6,0,1,0,0
1,0,2,38.5,0.0,48.43,10100.0,6,0,1,0,0
0,1,0,37.0,0.0,50.42,10000.0,6,0,1,0,0
1,1,0,37.0,0.0,50.42,10000.0,6,0,1,0,0
0,0,0,36.0,0.0,53.26,10000.0,6,0,0,0,0
1,0,0,36.0,0.0,53.26,10000.0,6,0,0,0,0
0,0,0,34.0,0.0,59.07,10000.0,6,0,0,0,0
1,0,0,34.0,0.0,59.07,10000.0,6,0,0,0,0
0,0,0,28.0,0.0,83.79,10000.0,5,0,0,0,0
1,0,0,28.0,0.0,83.79,10000.0,5,0,0,0,0
0,0,0,28.7,0.0,87.64,10100.0,5,0,1,0,0
1,0,0,28.7,0.0,87.64,10100.0,5,0,1,0,0
0,0,0,28.7,0.0,87.64,10100.0,5,0,1,0,0
1,0,0,28.7,0.0,87.64,10100.0,5,0,1,0,0
0,1,2,32.8,0.0,69.28,10100.0,5,0,0,0,0
1,0,2,32.8,0.0,69.28,10100.0,5,0,0,0,0
0,1,2,34.0,0.0,66.98,10000.0,5,0,0,0,0
1,0,2,34.0,0.0,66.98,10000.0,5,0,0,0,0
0,1,2,36.0,0.0,56.52,10000.0,5,0,0,0,0
1,0,2,36.0,0.0,56.52,10000.0,5,0,0,0,0
0,1,2,36.4,0.0,55.83,10100.0,5,0,1,0,0
1,1,2,36.4,0.0,55.83,10100.0,5,0,1,0,0
0,1,2,35.0,0.2,59.73,10000.0,5,0,1,1,1
1,1,2,35.0,0.2,59.73,10000.0,5,0,1,1,1
0,0,0,34.0,0.0,66.98,10000.0,5,0,0,0,0
1,0,0,34.0,0.0,66.98,10000.0,5,0,0,0,0
0,0,0,32.1,0.0,75.05,10000.0,5,0,0,0,0
1,0,0,32.1,0.0,75.05,10000.0,5,0,0,0,0
0,0,2,25.0,0.0,100.0,10000.0,4,0,0,0,0
1,0,2,25.0,0.0,100.0,10000.0,4,0,0,0,0
0,0,2,25.8,0.0,94.98,10100.0,4,0,1,0,0
1,0,2,25.8,0.0,94.98,10100.0,4,0,1,0,0
0,0,2,25.8,0.0,94.98,10100.0,4,0,1,0,0
1,0,2,25.8,0.0,94.98,10100.0,4,0,1,0,0
0,0,2,29.5,0.0,77.4,10000.0,4,0,0,0,0
1,0,2,29.5,0.0,77.4,10000.0,4,0,0,0,0
0,0,2,31.0,0.0,74.79,10000.0,4,0,0,0,0
1,0,2,31.0,0.0,74.79,10000.0,4,0,0,0,0
0,0,0,33.0,0.0,66.78,10000.0,4,0,0,0,0
1,0,0,33.0,0.0,66.78,10000.0,4,0,0,0,0
0,1,2,34.1,0.0,60.19,17400.0,4,0,1,0,0
1,0,2,34.1,0.0,60.19,17400.0,4,0,1,0,0
0,1,2,34.0,0.0,59.51,10000.0,4,0,1,0,0
1,1,2,34.0,0.0,59.51,10000.0,4,0,1,0,0
0,0,0,31.0,0.0,74.79,10000.0,4,0,0,0,0
1,0,0,31.0,0.0,74.79,10000.0,4,0,0,0,0
0,0,2,29.5,0.0,84.7,10000.0,4,0,0,0,0
1,0,2,29.5,0.0,84.7,10000.0,4,0,0,0,0
0,0,2,26.0,0.0,100.0,8000.0,3,0,0,0,0
1,0,2,26.0,0.0,100.0,8000.0,3,0,0,0,0
0,0,1,27.4,0.0,92.63,9900.0,3,0,1,0,0
1,0,1,27.4,0.0,92.63,9900.0,3,0,1,0,0
0,1,1,27.4,0.0,92.63,9900.0,3,0,1,0,0
1,1,1,27.4,0.0,92.63,9900.0,3,0,1,0,0
0,0,2,30.1,0.0,78.22,10100.0,3,0,0,0,0
1,0,2,30.1,0.0,78.22,10100.0,3,0,0,0,0
0,0,0,32.0,0.0,70.66,10000.0,3,0,0,0,0
1,0,0,32.0,0.0,70.66,10000.0,3,0,0,0,0
0,0,0,35.0,0.0,59.73,10000.0,3,0,0,0,0
1,0,0,35.0,0.0,59.73,10000.0,3,0,0,0,0
0,0,2,34.7,0.0,62.91,10100.0,3,0,1,0,0
1,0,2,34.7,0.0,62.91,10100.0,3,0,1,0,0
0,1,0,35.0,0.0,59.73,10000.0,3,0,1,0,0
1,1,0,35.0,0.0,59.73,10000.0,3,0,1,0,0
0,0,0,33.0,0.0,70.84,10000.0,3,0,0,0,0
1,0,0,33.0,0.0,70.84,10000.0,3,0,0,0,0
0,0,2,30.7,0.0,78.1,10000.0,3,0,0,0,0
1,0,2,30.7,0.0,78.1,10000.0,3,0,0,0,0
0,0,0,30.0,0.0,89.07,8000.0,2,0,0,0,0
1,0,0,30.0,0.0,89.07,8000.0,2,0,0,0,0
0,0,2,30.5,0.0,89.08,9100.0,2,0,1,0,0
1,1,2,30.5,0.0,89.08,9100.0,2,0,1,0,0
0,1,2,30.5,0.0,89.08,9100.0,2,0,1,0,0
1,1,2,30.5,0.0,89.08,9100.0,2,0,1,0,0
0,0,2,34.2,0.0,73.83,9900.0,2,0,0,0,0
1,0,2,34.2,0.0,73.83,9900.0,2,0,0,0,0
0,0,2,35.0,0.0,71.19,10000.0,2,0,0,0,0
1,0,2,35.0,0.0,71.19,10000.0,2,0,0,0,0
0,0,2,36.0,0.0,63.57,10000.0,2,0,0,0,0
1,0,2,36.0,0.0,63.57,10000.0,2,0,0,0,0
0,0,2,36.9,0.0,58.59,10100.0,2,0,1,0,0
1,0,2,36.9,0.0,58.59,10100.0,2,0,1,0,0
0,1,0,35.0,0.0,67.18,10000.0,2,0,1,0,0
1,1,0,35.0,0.0,67.18,10000.0,2,0,1,0,0
0,0,2,26.0,0.0,94.23,10000.0,2,0,0,0,0
1,0,2,26.0,0.0,94.23,10000.0,2,0,0,0,0
0,0,2,26.7,0.0,91.42,9900.0,2,0,0,0,0
1,0,2,26.7,0.0,91.42,9900.0,2,0,0,0,0
0,0,0,28.0,0.0,88.92,5000.0,1,0,0,0,0
1,0,0,28.0,0.0,88.92,5000.0,1,0,0,0,0
0,0,0,29.6,0.0,93.71,9500.0,1,0,1,0,0
1,1,0,29.6,0.0,93.71,9500.0,1,0,1,0,0
0,1,0,29.6,0.0,93.71,9500.0,1,0,1,0,0
1,1,0,29.6,0.0,93.71,9500.0,1,0,1,0,0
0,0,2,33.5,0.0,73.66,9600.0,1,0,0,0,0
1,0,2,33.5,0.0,73.66,9600.0,1,0,0,0,0
0,0,2,35.0,0.0,67.18,9000.0,1,0,0,0,0
1,0,2,35.0,0.0,67.18,9000.0,1,0,0,0,0
0,0,2,37.0,0.0,56.76,10000.0,1,0,0,0,0
1,0,2,37.0,0.0,56.76,10000.0,1,0,0,0,0
0,1,2,37.1,0.0,52.03,17400.0,1,0,1,0,0
1,0,2,37.1,0.0,52.03,17400.0,1,0,1,0,0
0,1,0,37.0,0.0,53.51,10000.0,1,0,1,0,0
1,0,0,37.0,0.0,53.51,10000.0,1,0,1,0,0
0,0,0,34.0,0.0,63.15,10000.0,1,0,0,0,0
1,0,0,34.0,0.0,63.15,10000.0,1,0,0,0,0
0,0,2,32.7,0.0,76.91,10000.0,1,0,0,0,0
1,0,2,32.7,0.0,76.91,10000.0,1,0,0,0,0
0,0,0,28.0,0.0,88.92,10000.0,0,0,0,0,0
1,0,0,28.0,0.0,88.92,10000.0,0,0,0,0,0
0,1,0,27.7,0.0,92.87,8800.0,0,0,1,0,0
1,1,0,27.7,0.0,92.87,8800.0,0,0,1,0,0
0,1,0,27.7,0.0,92.87,8800.0,0,0,1,0,0
1,1,0,27.7,0.0,92.87,8800.0,0,0,1,0,0
0,0,2,32.1,0.0,71.25,9100.0,0,0,0,0,0
1,0,2,32.1,0.0,71.25,9100.0,0,0,0,0,0
0,0,2,33.0,0.0,70.84,9000.0,0,0,0,0,0
1,0,2,33.0,0.0,70.84,9000.0,0,0,0,0,0
0,0,2,35.0,0.1,63.36,10000.0,0,0,0,1,0
1,0,2,35.0,0.1,63.36,10000.0,0,0,0,1,0
0,0,2,36.1,0.0,51.72,17400.0,0,0,1,0,0
1,0,2,36.1,0.0,51.72,17400.0,0,0,1,0,0
0,1,0,36.0,0.1,53.26,10000.0,0,0,1,1,1
1,1,0,36.0,0.1,53.26,10000.0,0,0,1,1,1
0,0,0,31.0,0.0,70.48,9000.0,0,0,0,0,0
1,0,0,31.0,0.0,70.48,9000.0,0,0,0,0,0
0,0,0,30.8,0.0,84.11,16300.0,0,0,0,0,0
1,0,0,30.8,0.0,84.11,16300.0,0,0,0,0,0
0,0,0,26.0,0.0,94.23,10000.0,6,0,0,0,0
1,0,0,26.0,0.0,94.23,10000.0,6,0,0,0,0
0,0,2,26.7,0.0,92.05,9000.0,6,0,1,0,0
1,0,2,26.7,0.0,92.05,9000.0,6,0,1,0,0
0,0,2,26.7,0.0,92.05,9000.0,6,0,1,0,0
1,0,2,26.7,0.0,92.05,9000.0,6,0,1,0,0
0,0,2,30.4,0.0,76.29,10100.0,6,0,0,0,0
1,0,2,30.4,0.0,76.29,10100.0,6,0,0,0,0
0,0,2,32.0,0.0,74.95,10000.0,6,0,0,0,0
1,0,2,32.0,0.0,74.95,10000.0,6,0,0,0,0
0,0,2,35.0,0.0,56.29,10000.0,6,0,0,0,0
1,0,2,35.0,0.0,56.29,10000.0,6,0,0,0,0
0,1,2,34.7,0.0,58.13,10100.0,6,0,1,0,0
1,0,2,34.7,0.0,58.13,10100.0,6,0,1,0,0
0,1,0,35.0,0.0,56.29,10000.0,6,0,1,0,0
1,1,0,35.0,0.0,56.29,10000.0,6,0,1,0,0
0,0,2,30.0,0.0,70.3,10000.0,6,0,0,0,0
1,0,2,30.0,0.0,70.3,10000.0,6,0,0,0,0
0,0,2,29.0,0.0,85.28,10000.0,6,0,0,0,0
1,0,2,29.0,0.0,85.28,10000.0,6,0,0,0,0
0,0,0,26.0,0.0,88.76,10000.0,5,0,0,0,0
1,0,0,26.0,0.0,88.76,10000.0,5,0,0,0,0
0,0,2,27.5,0.0,88.97,10000.0,5,0,1,0,0
1,0,2,27.5,0.0,88.97,10000.0,5,0,1,0,0
0,0,2,27.5,0.0,88.97,10000.0,5,0,1,0,0
1,0,2,27.5,0.0,88.97,10000.0,5,0,1,0,0
0,1,2,30.4,0.0,78.11,10000.0,5,0,0,0,0
1,0,2,30.4,0.0,78.11,10000.0,5,0,0,0,0
0,1,2,32.0,0.0,70.66,10000.0,5,0,0,0,0
1,0,2,32.0,0.0,70.66,10000.0,5,0,0,0,0
0,1,0,34.0,0.0,59.51,10000.0,5,0,0,0,0
1,0,0,34.0,0.0,59.51,10000.0,5,0,0,0,0
0,1,2,33.3,0.0,64.15,10000.0,5,0,1,0,0
1,1,2,33.3,0.0,64.15,10000.0,5,0,1,0,0
0,1,2,33.0,0.0,66.78,10000.0,5,0,1,0,0
1,1,2,33.0,0.0,66.78,10000.0,5,0,1,0,0
0,0,0,27.0,0.0,88.84,10000.0,5,0,0,0,0
1,0,0,27.0,0.0,88.84,10000.0,5,0,0,0,0
0,0,2,26.4,0.0,93.64,10000.0,5,0,0,0,0
1,0,2,26.4,0.0,93.64,10000.0,5,0,0,0,0
0,0,2,27.0,0.0,94.28,8000.0,4,0,0,0,0
1,0,2,27.0,0.0,94.28,8000.0,4,0,0,0,0
0,0,2,26.8,0.0,95.05,9500.0,4,0,1,0,0
1,0,2,26.8,0.0,95.05,9500.0,4,0,1,0,0
0,0,2,26.8,0.0,95.05,9500.0,4,0,1,0,0
1,0,2,26.8,0.0,95.05,9500.0,4,0,1,0,0
0,0,2,30.7,0.0,76.02,10000.0,4,0,0,0,0
1,0,2,30.7,0.0,76.02,10000.0,4,0,0,0,0
0,0,1,31.0,0.0,74.79,10000.0,4,0,0,0,0
1,0,1,31.0,0.0,74.79,10000.0,4,0,0,0,0
0,0,0,31.0,0.0,74.79,10000.0,4,0,0,0,0
1,0,0,31.0,0.0,74.79,10000.0,4,0,0,0,0
0,1,2,30.7,0.0,82.75,10000.0,4,0,1,0,0
1,0,2,30.7,0.0,82.75,10000.0,4,0,1,0,0
0,1,2,30.0,0.0,84.01,8000.0,4,0,1,0,0
1,1,2,30.0,0.0,84.01,8000.0,4,0,1,0,0
0,0,2,25.0,0.0,94.19,10000.0,4,0,0,0,0
1,0,2,25.0,0.0,94.19,10000.0,4,0,0,0,0
0,0,2,26.5,0.0,93.65,10000.0,4,0,0,0,0
1,0,2,26.5,0.0,93.65,10000.0,4,0,0,0,0
0,0,1,27.0,0.0,88.84,10000.0,3,0,0,0,0
1,0,1,27.0,0.0,88.84,10000.0,3,0,0,0,0
0,0,1,27.7,0.0,87.03,10000.0,3,0,1,0,0
1,0,1,27.7,0.0,87.03,10000.0,3,0,1,0,0
0,1,1,27.7,0.0,87.03,10000.0,3,0,1,0,0
1,1,1,27.7,0.0,87.03,10000.0,3,0,1,0,0
0,0,2,27.8,0.0,89.52,10000.0,3,0,0,0,0
1,0,2,27.8,0.0,89.52,10000.0,3,0,0,0,0
0,0,1,28.0,0.0,88.92,10000.0,3,0,0,0,0
1,0,1,28.0,0.0,88.92,10000.0,3,0,0,0,0
0,0,1,30.0,0.0,79.2,10000.0,3,0,0,0,0
1,0,1,30.0,0.0,79.2,10000.0,3,0,0,0,0
0,0,2,30.7,0.0,76.84,10000.0,3,0,1,0,0
1,0,2,30.7,0.0,76.84,10000.0,3,0,1,0,0
0,1,2,29.0,0.0,88.99,10000.0,3,0,1,0,0
1,1,2,29.0,0.0,88.99,10000.0,3,0,1,0,0
0,0,2,28.0,0.0,88.92,10000.0,3,0,0,0,0
1,0,2,28.0,0.0,88.92,10000.0,3,0,0,0,0
0,0,1,27.9,0.0,91.09,10000.0,3,0,0,0,0
1,0,1,27.9,0.0,91.09,10000.0,3,0,0,0,0
0,0,2,26.0,0.0,94.23,10000.0,2,0,0,0,0
1,0,2,26.0,0.0,94.23,10000.0,2,0,0,0,0
0,0,2,26.5,0.0,93.01,10000.0,2,0,1,0,0
1,1,2,26.5,0.0,93.01,10000.0,2,0,1,0,0
0,1,2,26.5,0.0,93.01,10000.0,2,0,1,0,0
1,1,2,26.5,0.0,93.01,10000.0,2,0,1,0,0
0,0,1,28.8,0.0,81.42,10100.0,2,0,0,0,0
1,0,1,28.8,0.0,81.42,10100.0,2,0,0,0,0
0,0,2,28.0,0.0,83.79,10000.0,2,0,0,0,0
1,0,2,28.0,0.0,83.79,10000.0,2,0,0,0,0
0,0,1,27.0,0.0,94.28,10000.0,2,0,0,0,0
1,0,1,27.0,0.0,94.28,10000.0,2,0,0,0,0
0,0,2,29.4,0.0,83.34,10100.0,2,0,1,0,0
1,0,2,29.4,0.0,83.34,10100.0,2,0,1,0,0
0,1,2,28.0,0.0,88.92,10000.0,2,0,1,0,0
1,1,2,28.0,0.0,88.92,10000.0,2,0,1,0,0
0,0,0,27.0,0.0,94.28,10000.0,2,0,0,0,0
1,0,0,27.0,0.0,94.28,10000.0,2,0,0,0,0
0,0,1,27.9,0.0,90.24,10000.0,2,0,0,0,0
1,0,1,27.9,0.0,90.24,10000.0,2,0,0,0,0
0,0,1,29.0,0.0,79.06,10000.0,1,0,0,0,0
1,0,1,29.0,0.0,79.06,10000.0,1,0,0,0,0
0,0,3,28.0,0.841,85.19,10000.0,1,0,1,1,1
1,1,3,28.0,0.841,85.19,10000.0,1,0,1,1,1
0,1,3,28.0,0.841,85.19,10000.0,1,0,1,1,1
1,1,3,28.0,0.841,85.19,10000.0,1,0,1,1,1
0,0,1,28.3,0.06,85.01,10000.0,1,0,0,1,0
1,0,1,28.3,0.06,85.01,10000.0,1,0,0,1,0
0,0,1,30.0,0.0,79.2,10000.0,1,0,0,0,0
1,0,1,30.0,0.0,79.2,10000.0,1,0,0,0,0
0,0,1,27.0,0.0,94.28,5000.0,1,0,0,0,0
1,0,1,27.0,0.0,94.28,5000.0,1,0,0,0,0
0,1,1,27.4,0.0,89.65,10000.0,1,0,1,0,0
1,0,1,27.4,0.0,89.65,10000.0,1,0,1,0,0
0,1,1,28.0,0.0,83.79,10000.0,1,0,1,0,0
1,0,1,28.0,0.0,83.79,10000.0,1,0,1,0,0
0,0,1,25.0,0.0,94.19,7000.0,1,0,0,0,0
1,0,1,25.0,0.0,94.19,7000.0,1,0,0,0,0
0,0,3,25.4,0.27,94.89,9500.0,1,0,0,1,0
1,0,3,25.4,0.27,94.89,9500.0,1,0,0,1,0
0,0,0,29.0,0.0,88.99,8000.0,0,0,0,0,0
1,0,0,29.0,0.0,88.99,8000.0,0,0,0,0,0
0,1,2,28.5,0.0,89.59,10000.0,0,0,1,0,0
1,1,2,28.5,0.0,89.59,10000.0,0,0,1,0,0
0,1,2,28.5,0.0,89.59,10000.0,0,0,1,0,0
1,1,2,28.5,0.0,89.59,10000.0,0,0,1,0,0
0,0,2,28.7,0.0,89.22,10000.0,0,0,0,0,0
1,0,2,28.7,0.0,89.22,10000.0,0,0,0,0,0
0,0,2,29.0,0.0,83.9,10000.0,0,0,0,0,0
1,0,2,29.0,0.0,83.9,10000.0,0,0,0,0,0
0,0,1,27.0,0.0,88.84,9000.0,0,0,0,0,0
1,0,1,27.0,0.0,88.84,9000.0,0,0,0,0,0
0,0,1,26.7,0.18,94.68,9400.0,0,0,1,1,1
1,0,1,26.7,0.18,94.68,9400.0,0,0,1,1,1
0,1,1,27.0,0.0,94.28,6000.0,0,0,1,0,0
1,1,1,27.0,0.0,94.28,6000.0,0,0,1,0,0
0,0,1,26.0,0.0,100.0,7000.0,0,0,0,0,0
1,0,1,26.0,0.0,100.0,7000.0,0,0,0,0,0
0,0,3,26.4,0.781,95.1,8900.0,0,0,0,1,0
1,0,3,26.4,0.781,95.1,8900.0,0,0,0,1,0
0,0,2,25.0,0.0,94.19,10000.0,6,0,0,0,0
1,0,2,25.0,0.0,94.19,10000.0,6,0,0,0,0
0,0,2,26.5,0.0,90.17,10100.0,6,0,1,0,0
1,0,2,26.5,0.0,90.17,10100.0,6,0,1,0,0
0,0,2,26.5,0.0,90.17,10100.0,6,0,1,0,0
1,0,2,26.5,0.0,90.17,10100.0,6,0,1,0,0
0,0,2,29.1,0.0,78.11,10000.0,6,0,0,0,0
1,0,2,29.1,0.0,78.11,10000.0,6,0,0,0,0
0,0,0,32.0,0.0,70.66,10000.0,6,0,0,0,0
1,0,0,32.0,0.0,70.66,10000.0,6,0,0,0,0
0,0,0,33.0,0.0,70.84,10000.0,6,0,0,0,0
1,0,0,33.0,0.0,70.84,10000.0,6,0,0,0,0
0,1,2,32.4,0.0,75.19,10000.0,6,0,1,0,0
1,0,2,32.4,0.0,75.19,10000.0,6,0,1,0,0
0,1,2,32.0,0.0,79.47,10000.0,6,0,1,0,0
1,1,2,32.0,0.0,79.47,10000.0,6,0,1,0,0
0,0,0,28.0,0.0,88.92,10000.0,6,0,0,0,0
1,0,0,28.0,0.0,88.92,10000.0,6,0,0,0,0
0,0,2,28.4,0.0,94.74,10000.0,6,0,0,0,0
1,0,2,28.4,0.0,94.74,10000.0,6,0,0,0,0
0,0,0,30.0,0.0,89.07,7000.0,5,0,0,0,0
1,0,0,30.0,0.0,89.07,7000.0,5,0,0,0,0
0,0,2,30.9,0.0,80.02,16000.0,5,0,1,0,0
1,0,2,30.9,0.0,80.02,16000.0,5,0,1,0,0
0,0,2,30.9,0.0,80.02,16000.0,5,0,1,0,0
1,0,2,30.9,0.0,80.02,16000.0,5,0,1,0,0
0,1,2,34.4,0.0,66.97,9600.0,5,0,0,0,0
1,0,2,34.4,0.0,66.97,9600.0,5,0,0,0,0
0,1,0,35.0,0.0,67.18,10000.0,5,0,0,0,0
1,0,0,35.0,0.0,67.18,10000.0,5,0,0,0,0
0,1,2,37.0,0.0,60.18,10000.0,5,0,0,0,0
1,0,2,37.0,0.0,60.18,10000.0,5,0,0,0,0
0,1,1,34.7,0.0,59.4,10100.0,5,0,1,0,0
1,1,1,34.7,0.0,59.4,10100.0,5,0,1,0,0
0,1,1,24.0,0.0,100.0,10000.0,5,0,1,0,0
1,1,1,24.0,0.0,100.0,10000.0,5,0,1,0,0
0,0,2,25.0,0.0,94.19,10000.0,5,0,0,0,0
1,0,2,25.0,0.0,94.19,10000.0,5,0,0,0,0
0,0,2,26.0,0.0,88.04,10000.0,5,0,0,0,0
1,0,2,26.0,0.0,88.04,10000.0,5,0,0,0,0
0,0,0,29.0,0.0,88.99,10000.0,4,0,0,0,0
1,0,0,29.0,0.0,88.99,10000.0,4,0,0,0,0
0,0,2,30.1,0.0,84.74,9900.0,4,0,1,0,0
1,0,2,30.1,0.0,84.74,9900.0,4,0,1,0,0
0,0,2,30.1,0.0,84.74,9900.0,4,0,1,0,0
1,0,2,30.1,0.0,84.74,9900.0,4,0,1,0,0
0,0,2,33.8,0.0,65.9,10100.0,4,0,0,0,0
1,0,2,33.8,0.0,65.9,10100.0,4,0,0,0,0
0,0,2,35.0,0.0,67.18,10000.0,4,0,0,0,0
1,0,2,35.0,0.0,67.18,10000.0,4,0,0,0,0
0,0,2,36.0,0.0,59.96,10000.0,4,0,0,0,0
1,0,2,36.0,0.0,59.96,10000.0,4,0,0,0,0
0,1,2,37.1,0.0,53.08,10100.0,4,0,1,0,0
1,0,2,37.1,0.0,53.08,10100.0,4,0,1,0,0
0,1,0,35.0,0.0,59.73,10000.0,4,0,1,0,0
1,1,0,35.0,0.0,59.73,10000.0,4,0,1,0,0
0,0,0,33.0,0.0,70.84,7000.0,4,0,0,0,0
1,0,0,33.0,0.0,70.84,7000.0,4,0,0,0,0
0,0,2,33.0,0.0,69.33,10000.0,4,0,0,0,0
1,0,2,33.0,0.0,69.33,10000.0,4,0,0,0,0
0,0,2,28.0,0.0,94.32,4000.0,3,0,0,0,0
1,0,2,28.0,0.0,94.32,4000.0,3,0,0,0,0
0,0,2,28.8,0.0,90.74,17400.0,3,0,1,0,0
1,0,2,28.8,0.0,90.74,17400.0,3,0,1,0,0
0,1,2,28.8,0.0,90.74,17400.0,3,0,1,0,0
1,1,2,28.8,0.0,90.74,17400.0,3,0,1,0,0
0,0,2,33.1,0.0,67.84,10100.0,3,0,0,0,0
1,0,2,33.1,0.0,67.84,10100.0,3,0,0,0,0
0,0,0,35.0,0.1,63.36,10000.0,3,0,0,1,0
1,0,0,35.0,0.1,63.36,10000.0,3,0,0,1,0
0,0,0,36.0,0.0,53.26,10000.0,3,0,0,0,0
1,0,0,36.0,0.0,53.26,10000.0,3,0,0,0,0
0,0,2,35.7,0.0,53.71,17400.0,3,0,1,0,0
1,0,2,35.7,0.0,53.71,17400.0,3,0,1,0,0
0,1,0,36.0,0.0,53.26,10000.0,3,0,1,0,0
1,1,0,36.0,0.0,53.26,10000.0,3,0,1,0,0
0,0,0,34.0,0.0,63.15,10000.0,3,0,0,0,0
1,0,0,34.0,0.0,63.15,10000.0,3,0,0,0,0
0,0,2,31.7,0.0,73.8,10000.0,3,0,0,0,0
1,0,2,31.7,0.0,73.8,10000.0,3,0,0,0,0
0,0,1,28.0,0.0,100.0,9000.0,2,0,0,0,0
1,0,1,28.0,0.0,100.0,9000.0,2,0,0,0,0
0,0,2,29.0,0.06,92.71,10100.0,2,0,1,1,1
1,1,2,29.0,0.06,92.71,10100.0,2,0,1,1,1
0,1,2,29.0,0.06,92.71,10100.0,2,0,1,1,1
1,1,2,29.0,0.06,92.71,10100.0,2,0,1,1,1
0,0,2,30.5,0.0,83.29,10100.0,2,0,0,0,0
1,0,2,30.5,0.0,83.29,10100.0,2,0,0,0,0
0,0,2,33.0,0.0,75.11,10000.0,2,0,0,0,0
1,0,2,33.0,0.0,75.11,10000.0,2,0,0,0,0
0,0,2,34.0,0.0,71.02,10000.0,2,0,0,0,0
1,0,2,34.0,0.0,71.02,10000.0,2,0,0,0,0
0,0,2,34.2,0.0,60.46,16100.000000000002,2,0,1,0,0
1,0,2,34.2,0.0,60.46,16100.000000000002,2,0,1,0,0
0,1,2,32.0,0.0,79.47,10000.0,2,0,1,0,0
1,1,2,32.0,0.0,79.47,10000.0,2,0,1,0,0
0,0,1,30.8,0.0,79.77,10000.0,2,0,0,0,0
1,0,1,30.8,0.0,79.77,10000.0,2,0,0,0,0
0,0,2,29.8,0.0,83.6,10000.0,2,0,0,0,0
1,0,2,29.8,0.0,83.6,10000.0,2,0,0,0,0
0,0,2,28.0,0.0,88.92,7000.0,1,0,0,0,0
1,0,2,28.0,0.0,88.92,7000.0,1,0,0,0,0
0,0,2,27.8,0.03,92.49,8700.0,1,0,1,1,1
1,1,2,27.8,0.03,92.49,8700.0,1,0,1,1,1
0,1,2,27.8,0.03,92.49,8700.0,1,0,1,1,1
1,1,2,27.8,0.03,92.49,8700.0,1,0,1,1,1
0,0,1,30.1,0.0,81.16,8500.0,1,0,0,0,0
1,0,1,30.1,0.0,81.16,8500.0,1,0,0,0,0
0,0,2,31.0,0.0,79.33,5000.0,1,0,0,0,0
1,0,2,31.0,0.0,79.33,5000.0,1,0,0,0,0
0,0,1,32.0,0.0,74.95,5000.0,1,0,0,0,0
1,0,1,32.0,0.0,74.95,5000.0,1,0,0,0,0
0,1,2,33.5,0.0,64.06,8800.0,1,0,1,0,0
1,0,2,33.5,0.0,64.06,8800.0,1,0,1,0,0
0,1,2,32.0,0.0,74.95,6000.0,1,0,1,0,0
1,0,2,32.0,0.0,74.95,6000.0,1,0,1,0,0
0,0,0,31.0,0.0,79.33,8000.0,1,0,0,0,0
1,0,0,31.0,0.0,79.33,8000.0,1,0,0,0,0
0,0,2,30.4,0.0,85.73,10000.0,1,0,0,0,0
1,0,2,30.4,0.0,85.73,10000.0,1,0,0,0,0
0,0,0,28.0,0.0,94.32,6000.0,0,0,0,0,0
1,0,0,28.0,0.0,94.32,6000.0,0,0,0,0,0
0,1,2,29.0,0.0,88.99,2000.0,0,0,1,0,0
1,1,2,29.0,0.0,88.99,2000.0,0,0,1,0,0
0,1,2,29.0,0.0,88.99,2000.0,0,0,1,0,0
1,1,2,29.0,0.0,88.99,2000.0,0,0,1,0,0
0,0,2,31.3,0.0,76.92,8300.0,0,0,0,0,0
1,0,2,31.3,0.0,76.92,8300.0,0,0,0,0,0
0,0,2,32.0,0.0,74.95,5000.0,0,0,0,0,0
1,0,2,32.0,0.0,74.95,5000.0,0,0,0,0,0
0,0,2,30.0,0.0,84.01,6000.0,0,0,0,0,0
1,0,2,30.0,0.0,84.01,6000.0,0,0,0,0,0
0,0,2,28.7,0.0,83.74,9500.0,0,0,1,0,0
1,0,2,28.7,0.0,83.74,9500.0,0,0,1,0,0
0,1,1,29.0,0.0,88.99,5000.0,0,0,1,0,0
1,1,1,29.0,0.0,88.99,5000.0,0,0,1,0,0
0,0,2,29.0,0.0,83.9,10000.0,0,0,0,0,0
1,0,2,29.0,0.0,83.9,10000.0,0,0,0,0,0
0,0,2,27.7,0.0,90.63,9500.0,0,0,0,0,0
1,0,2,27.7,0.0,90.63,9500.0,0,0,0,0,0
0,0,1,26.0,0.0,94.23,4000.0,6,0,0,0,0
1,0,1,26.0,0.0,94.23,4000.0,6,0,0,0,0
0,0,2,26.5,0.0,95.26,8800.0,6,0,1,0,0
1,0,2,26.5,0.0,95.26,8800.0,6,0,1,0,0
0,0,2,26.5,0.0,95.26,8800.0,6,0,1,0,0
1,0,2,26.5,0.0,95.26,8800.0,6,0,1,0,0
0,0,2,30.8,0.0,76.24,10100.0,6,0,0,0,0
1,0,2,30.8,0.0,76.24,10100.0,6,0,0,0,0
0,0,2,32.0,0.0,70.66,10000.0,6,0,0,0,0
1,0,2,32.0,0.0,70.66,10000.0,6,0,0,0,0
0,0,2,34.0,0.0,63.15,10000.0,6,0,0,0,0
1,0,2,34.0,0.0,63.15,10000.0,6,0,0,0,0
0,1,2,33.4,0.0,66.48,10000.0,6,0,1,0,0
1,0,2,33.4,0.0,66.48,10000.0,6,0,1,0,0
0,1,2,34.0,0.0,63.15,10000.0,6,0,1,0,0
1,1,2,34.0,0.0,63.15,10000.0,6,0,1,0,0
0,0,2,30.0,0.0,79.2,10000.0,6,0,0,0,0
1,0,2,30.0,0.0,79.2,10000.0,6,0,0,0,0
0,0,2,30.0,0.0,83.92,10000.0,6,0,0,0,0
1,0,2,30.0,0.0,83.92,10000.0,6,0,0,0,0
0,0,1,26.0,0.0,94.23,10000.0,5,0,0,0,0
1,0,1,26.0,0.0,94.23,10000.0,5,0,0,0,0
0,0,2,26.5,0.0,91.79,9600.0,5,0,1,0,0
1,0,2,26.5,0.0,91.79,9600.0,5,0,1,0,0
0,0,2,26.5,0.0,91.79,9600.0,5,0,1,0,0
1,0,2,26.5,0.0,91.79,9600.0,5,0,1,0,0
0,1,1,29.8,0.0,77.32,10000.0,5,0,0,0,0
1,0,1,29.8,0.0,77.32,10000.0,5,0,0,0,0
0,1,2,31.0,0.0,74.79,10000.0,5,0,0,0,0
1,0,2,31.0,0.0,74.79,10000.0,5,0,0,0,0
0,1,2,34.0,0.0,63.15,10000.0,5,0,0,0,0
1,0,2,34.0,0.0,63.15,10000.0,5,0,0,0,0
0,1,2,33.1,0.0,66.08,17400.0,5,0,1,0,0
1,1,2,33.1,0.0,66.08,17400.0,5,0,1,0,0
0,1,1,26.0,0.0,94.23,2000.0,5,0,1,0,0
1,1,1,26.0,0.0,94.23,2000.0,5,0,1,0,0
0,0,1,26.0,0.0,94.23,8000.0,5,0,0,0,0
1,0,1,26.0,0.0,94.23,8000.0,5,0,0,0,0
0,0,1,26.4,0.0,93.45,8700.0,5,0,0,0,0
1,0,1,26.4,0.0,93.45,8700.0,5,0,0,0,0
0,0,2,26.0,0.0,94.23,10000.0,4,0,0,0,0
1,0,2,26.0,0.0,94.23,10000.0,4,0,0,0,0
0,0,1,26.4,0.0,92.62,9500.0,4,0,1,0,0
1,0,1,26.4,0.0,92.62,9500.0,4,0,1,0,0
0,0,1,26.4,0.0,92.62,9500.0,4,0,1,0,0
1,0,1,26.4,0.0,92.62,9500.0,4,0,1,0,0
0,0,1,28.5,0.0,86.8,9900.0,4,0,0,0,0
1,0,1,28.5,0.0,86.8,9900.0,4,0,0,0,0
0,0,2,27.0,0.0,94.28,9000.0,4,0,0,0,0
1,0,2,27.0,0.0,94.28,9000.0,4,0,0,0,0
0,0,1,31.8,0.0,75.35,10000.0,4,0,0,0,0
1,0,1,31.8,0.0,75.35,10000.0,4,0,0,0,0
0,1,2,29.9,0.0,74.95,10000.0,4,0,1,0,0
1,0,2,29.9,0.0,74.95,10000.0,4,0,1,0,0
0,1,0,30.0,0.0,79.2,10000.0,4,0,1,0,0
1,1,0,30.0,0.0,79.2,10000.0,4,0,1,0,0
0,0,2,28.0,0.0,88.92,10000.0,4,0,0,0,0
1,0,2,28.0,0.0,88.92,10000.0,4,0,0,0,0
0,0,1,27.3,0.0,84.54,10000.0,4,0,0,0,0
1,0,1,27.3,0.0,84.54,10000.0,4,0,0,0,0
0,0,1,26.0,0.0,94.23,10000.0,3,0,0,0,0
1,0,1,26.0,0.0,94.23,10000.0,3,0,0,0,0
0,0,2,26.8,0.0,90.73,10000.0,3,0,1,0,0
1,0,2,26.8,0.0,90.73,10000.0,3,0,1,0,0
0,1,2,26.8,0.0,90.73,10000.0,3,0,1,0,0
1,1,2,26.8,0.0,90.73,10000.0,3,0,1,0,0
0,0,2,29.1,0.0,79.06,10000.0,3,0,0,0,0
1,0,2,29.1,0.0,79.06,10000.0,3,0,0,0,0
0,0,0,32.0,0.0,66.59,10000.0,3,0,0,0,0
1,0,0,32.0,0.0,66.59,10000.0,3,0,0,0,0
0,0,0,34.0,0.0,63.15,10000.0,3,0,0,0,0
1,0,0,34.0,0.0,63.15,10000.0,3,0,0,0,0
0,0,2,34.5,0.0,57.18,10100.0,3,0,1,0,0
1,0,2,34.5,0.0,57.18,10100.0,3,0,1,0,0
0,1,0,34.0,0.0,59.51,10000.0,3,0,1,0,0
1,1,0,34.0,0.0,59.51,10000.0,3,0,1,0,0
0,0,1,31.2,0.0,76.15,10000.0,3,0,0,0,0
1,0,1,31.2,0.0,76.15,10000.0,3,0,0,0,0
0,0,2,29.8,0.0,80.92,10000.0,3,0,0,0,0
1,0,2,29.8,0.0,80.92,10000.0,3,0,0,0,0
0,0,0,29.0,0.0,94.36,10000.0,2,0,0,0,0
1,0,0,29.0,0.0,94.36,10000.0,2,0,0,0,0
0,0,2,31.0,0.0,87.64,17400.0,2,0,1,0,0
1,1,2,31.0,0.0,87.64,17400.0,2,0,1,0,0
0,1,2,31.0,0.0,87.64,17400.0,2,0,1,0,0
1,1,2,31.0,0.0,87.64,17400.0,2,0,1,0,0
0,0,2,34.5,0.0,64.55,10100.0,2,0,0,0,0
1,0,2,34.5,0.0,64.55,10100.0,2,0,0,0,0
0,0,0,35.0,0.0,63.36,10000.0,2,0,0,0,0
1,0,0,35.0,0.0,63.36,10000.0,2,0,0,0,0
0,0,0,38.0,0.0,47.75,10000.0,2,0,0,0,0
1,0,0,38.0,0.0,47.75,10000.0,2,0,0,0,0
0,0,2,37.4,0.0,51.5,10000.0,2,0,1,0,0
1,0,2,37.4,0.0,51.5,10000.0,2,0,1,0,0
0,1,2,36.0,0.0,50.17,10000.0,2,0,1,0,0
1,1,2,36.0,0.0,50.17,10000.0,2,0,1,0,0
0,0,2,31.0,0.1,84.11,9000.0,2,0,0,1,0
1,0,2,31.0,0.1,84.11,9000.0,2,0,0,1,0
0,0,2,31.2,0.0,80.02,10000.0,2,0,0,0,0
1,0,2,31.2,0.0,80.02,10000.0,2,0,0,0,0
0,0,0,28.0,0.0,88.92,10000.0,1,0,0,0,0
1,0,0,28.0,0.0,88.92,10000.0,1,0,0,0,0
0,0,2,29.1,0.0,89.75,16400.0,1,0,1,0,0
1,1,2,29.1,0.0,89.75,16400.0,1,0,1,0,0
0,1,2,29.1,0.0,89.75,16400.0,1,0,1,0,0
1,1,2,29.1,0.0,89.75,16400.0,1,0,1,0,0
0,0,2,33.2,0.0,62.69,17400.0,1,0,0,0,0
1,0,2,33.2,0.0,62.69,17400.0,1,0,0,0,0
0,0,0,34.0,0.1,66.98,10000.0,1,0,0,1,0
1,0,0,34.0,0.1,66.98,10000.0,1,0,0,1,0
0,0,0,32.0,0.0,74.95,10000.0,1,0,0,0,0
1,0,0,32.0,0.0,74.95,10000.0,1,0,0,0,0
0,1,2,36.1,0.0,55.89,17400.0,1,0,1,0,0
1,0,2,36.1,0.0,55.89,17400.0,1,0,1,0,0
0,1,0,35.0,0.0,63.36,10000.0,1,0,1,0,0
1,0,0,35.0,0.0,63.36,10000.0,1,0,1,0,0
0,0,0,33.0,0.0,70.84,8000.0,1,0,0,0,0
1,0,0,33.0,0.0,70.84,8000.0,1,0,0,0,0
0,0,0,31.5,0.0,82.31,10000.0,1,0,0,0,0
1,0,0,31.5,0.0,82.31,10000.0,1,0,0,0,0
0,0,0,27.0,0.0,88.84,10000.0,0,0,0,0,0
1,0,0,27.0,0.0,88.84,10000.0,0,0,0,0,0
0,1,2,28.0,0.0,89.14,8500.0,0,0,1,0,0
1,1,2,28.0,0.0,89.14,8500.0,0,0,1,0,0
0,1,2,28.0,0.0,89.14,8500.0,0,0,1,0,0
1,1,2,28.0,0.0,89.14,8500.0,0,0,1,0,0
0,0,2,30.8,0.0,74.57,16400.0,0,0,0,0,0
1,0,2,30.8,0.0,74.57,16400.0,0,0,0,0,0
0,0,2,32.0,0.1,70.66,8000.0,0,0,0,1,0
1,0,2,32.0,0.1,70.66,8000.0,0,0,0,1,0
0,0,2,34.0,0.0,59.51,10000.0,0,0,0,0,0
1,0,2,34.0,0.0,59.51,10000.0,0,0,0,0,0
0,0,2,34.5,0.0,59.82,17400.0,0,0,1,0,0
1,0,2,34.5,0.0,59.82,17400.0,0,0,1,0,0
0,1,3,34.0,0.7,59.51,10000.0,0,0,1,1,1
1,1,3,34.0,0.7,59.51,10000.0,0,0,1,1,1
0,0,2,31.0,0.0,74.79,10000.0,0,0,0,0,0
1,0,2,31.0,0.0,74.79,10000.0,0,0,0,0,0
0,0,2,29.9,0.0,79.02,17300.0,0,0,0,0,0
1,0,2,29.9,0.0,79.02,17300.0,0,0,0,0,0
0,0,0,27.0,0.0,94.28,10000.0,6,0,0,0,0
1,0,0,27.0,0.0,94.28,10000.0,6,0,0,0,0
0,0,2,28.3,0.0,93.5,9200.0,6,0,1,0,0
1,0,2,28.3,0.0,93.5,9200.0,6,0,1,0,0
0,0,2,28.3,0.0,93.5,9200.0,6,0,1,0,0
1,0,2,28.3,0.0,93.5,9200.0,6,0,1,0,0
0,0,2,32.2,0.0,72.42,10000.0,6,0,0,0,0
1,0,2,32.2,0.0,72.42,10000.0,6,0,0,0,0
0,0,2,32.0,0.0,66.59,10000.0,6,0,0,0,0
1,0,2,32.0,0.0,66.59,10000.0,6,0,0,0,0
0,0,3,31.0,1.5,70.48,10000.0,6,0,0,1,0
1,0,3,31.0,1.5,70.48,10000.0,6,0,0,1,0
0,1,2,33.0,0.0,62.43,10100.0,6,0,1,0,0
1,0,2,33.0,0.0,62.43,10100.0,6,0,1,0,0
0,1,3,33.0,0.7,59.28,10000.0,6,0,1,1,1
1,1,3,33.0,0.7,59.28,10000.0,6,0,1,1,1
0,0,0,30.0,0.0,74.63,10000.0,6,0,0,0,0
1,0,0,30.0,0.0,74.63,10000.0,6,0,0,0,0
0,0,2,28.1,0.0,82.01,10000.0,6,0,0,0,0
1,0,2,28.1,0.0,82.01,10000.0,6,0,0,0,0
0,0,0,27.0,0.0,94.28,10000.0,5,0,0,0,0
1,0,0,27.0,0.0,94.28,10000.0,5,0,0,0,0
0,0,2,28.3,0.0,88.89,9100.0,5,0,1,0,0
1,0,2,28.3,0.0,88.89,9100.0,5,0,1,0,0
0,0,2,28.3,0.0,88.89,9100.0,5,0,1,0,0
1,0,2,28.3,0.0,88.89,9100.0,5,0,1,0,0
0,1,2,32.0,0.0,64.55,17400.0,5,0,0,0,0
1,0,2,32.0,0.0,64.55,17400.0,5,0,0,0,0
0,1,0,33.0,0.0,62.93,10000.0,5,0,0,0,0
1,0,0,33.0,0.0,62.93,10000.0,5,0,0,0,0
0,1,0,34.0,0.0,59.51,10000.0,5,0,0,0,0
1,0,0,34.0,0.0,59.51,10000.0,5,0,0,0,0
0,1,2,34.4,0.0,58.32,10100.0,5,0,1,0,0
1,1,2,34.4,0.0,58.32,10100.0,5,0,1,0,0
0,1,3,35.0,2.0,53.02,10000.0,5,0,1,1,1
1,1,3,35.0,2.0,53.02,10000.0,5,0,1,1,1
0,0,3,31.0,0.5,74.79,10000.0,5,0,0,1,0
1,0,3,31.0,0.5,74.79,10000.0,5,0,0,1,0
0,0,2,29.9,0.0,79.74,10000.0,5,0,0,0,0
1,0,2,29.9,0.0,79.74,10000.0,5,0,0,0,0
0,0,0,26.0,0.1,94.23,7000.0,4,0,0,1,0
1,0,0,26.0,0.1,94.23,7000.0,4,0,0,1,0
0,0,2,26.4,0.0,93.66,10100.0,4,0,1,0,0
1,0,2,26.4,0.0,93.66,10100.0,4,0,1,0,0
0,0,2,26.4,0.0,93.66,10100.0,4,0,1,0,0
1,0,2,26.4,0.0,93.66,10100.0,4,0,1,0,0
0,0,2,30.1,0.0,74.71,10100.0,4,0,0,0,0
1,0,2,30.1,0.0,74.71,10100.0,4,0,0,0,0
0,0,2,32.0,0.1,66.59,10000.0,4,0,0,1,0
1,0,2,32.0,0.1,66.59,10000.0,4,0,0,1,0
0,0,2,34.0,0.1,59.51,10000.0,4,0,0,1,0
1,0,2,34.0,0.1,59.51,10000.0,4,0,0,1,0
0,1,2,33.0,0.0,61.88,10100.0,4,0,1,0,0
1,0,2,33.0,0.0,61.88,10100.0,4,0,1,0,0
0,1,2,33.0,0.0,62.93,10000.0,4,0,1,0,0
1,1,2,33.0,0.0,62.93,10000.0,4,0,1,0,0
0,0,3,30.0,0.4,74.63,10000.0,4,0,0,1,0
1,0,3,30.0,0.4,74.63,10000.0,4,0,0,1,0
0,0,2,28.7,0.0,83.7,10000.0,4,0,0,0,0
1,0,2,28.7,0.0,83.7,10000.0,4,0,0,0,0
0,0,0,26.0,0.0,94.23,9000.0,3,0,0,0,0
1,0,0,26.0,0.0,94.23,9000.0,3,0,0,0,0
0,0,2,27.5,0.021,90.32,9700.0,3,0,1,1,1
1,0,2,27.5,0.021,90.32,9700.0,3,0,1,1,1
0,1,2,27.5,0.021,90.32,9700.0,3,0,1,1,1
1,1,2,27.5,0.021,90.32,9700.0,3,0,1,1,1
0,0,2,27.6,0.0,87.98,4100.0,3,0,0,0,0
1,0,2,27.6,0.0,87.98,4100.0,3,0,0,0,0
0,0,1,25.0,0.0,100.0,9000.0,3,0,0,0,0
1,0,1,25.0,0.0,100.0,9000.0,3,0,0,0,0
0,0,2,29.0,0.0,83.9,10000.0,3,0,0,0,0
1,0,2,29.0,0.0,83.9,10000.0,3,0,0,0,0
0,0,2,28.6,0.0,84.63,10100.0,3,0,1,0,0
1,0,2,28.6,0.0,84.63,10100.0,3,0,1,0,0
0,1,2,30.0,0.0,79.2,10000.0,3,0,1,0,0
1,1,2,30.0,0.0,79.2,10000.0,3,0,1,0,0
0,0,1,27.9,0.0,87.86,10000.0,3,0,0,0,0
1,0,1,27.9,0.0,87.86,10000.0,3,0,0,0,0
0,0,1,26.3,0.0,94.24,10000.0,3,0,0,0,0
1,0,1,26.3,0.0,94.24,10000.0,3,0,0,0,0
0,0,1,26.0,0.0,94.23,2000.0,2,0,0,0,0
1,0,1,26.0,0.0,94.23,2000.0,2,0,0,0,0
0,0,3,25.1,28.279,96.53,8700.0,2,0,1,2,2
1,1,3,25.1,28.279,96.53,8700.0,2,0,1,2,2
0,1,3,25.1,28.279,96.53,8700.0,2,0,1,2,2
1,1,3,25.1,28.279,96.53,8700.0,2,0,1,2,2
0,0,2,27.9,0.0,87.82,10000.0,2,0,0,0,0
1,0,2,27.9,0.0,87.82,10000.0,2,0,0,0,0
0,0,1,29.0,0.0,88.99,10000.0,2,0,0,0,0
1,0,1,29.0,0.0,88.99,10000.0,2,0,0,0,0
0,0,2,30.0,0.0,79.2,10000.0,2,0,0,0,0
1,0,2,30.0,0.0,79.2,10000.0,2,0,0,0,0
0,0,2,30.4,0.0,76.39,10000.0,2,0,1,0,0
1,0,2,30.4,0.0,76.39,10000.0,2,0,1,0,0
0,1,2,30.0,0.0,79.2,10000.0,2,0,1,0,0
1,1,2,30.0,0.0,79.2,10000.0,2,0,1,0,0
0,0,0,28.0,0.0,83.79,10000.0,2,0,0,0,0
1,0,0,28.0,0.0,83.79,10000.0,2,0,0,0,0
0,0,2,27.5,0.0,89.71,10000.0,2,0,0,0,0
1,0,2,27.5,0.0,89.71,10000.0,2,0,0,0,0
0,0,1,24.0,0.0,100.0,8000.0,1,0,0,0,0
1,0,1,24.0,0.0,100.0,8000.0,1,0,0,0,0
0,0,3,25.1,3.721,95.08,9900.0,1,0,1,1,1
1,1,3,25.1,3.721,95.08,9900.0,1,0,1,1,1
0,1,3,25.1,3.721,95.08,9900.0,1,0,1,1,1
1,1,3,25.1,3.721,95.08,9900.0,1,0,1,1,1
0,0,1,26.1,0.0,94.27,9700.0,1,0,0,0,0
1,0,1,26.1,0.0,94.27,9700.0,1,0,0,0,0
0,0,1,28.0,0.0,83.79,10000.0,1,0,0,0,0
1,0,1,28.0,0.0,83.79,10000.0,1,0,0,0,0
0,0,1,29.0,0.0,79.06,10000.0,1,0,0,0,0
1,0,1,29.0,0.0,79.06,10000.0,1,0,0,0,0
0,1,2,29.5,0.0,79.02,10000.0,1,0,1,0,0
1,0,2,29.5,0.0,79.02,10000.0,1,0,1,0,0
0,1,2,29.0,0.0,79.06,10000.0,1,0,1,0,0
1,0,2,29.0,0.0,79.06,10000.0,1,0,1,0,0
0,0,2,28.0,0.0,83.79,10000.0,1,0,0,0,0
1,0,2,28.0,0.0,83.79,10000.0,1,0,0,0,0
0,0,1,27.1,0.0,90.45,10000.0,1,0,0,0,0
1,0,1,27.1,0.0,90.45,10000.0,1,0,0,0,0
0,0,1,27.0,0.0,94.28,10000.0,0,0,0,0,0
1,0,1,27.0,0.0,94.28,10000.0,0,0,0,0,0
0,1,1,27.9,0.0,94.31,10000.0,0,0,1,0,0
1,1,1,27.9,0.0,94.31,10000.0,0,0,1,0,0
0,1,1,27.9,0.0,94.31,10000.0,0,0,1,0,0
1,1,1,27.9,0.0,94.31,10000.0,0,0,1,0,0
0,0,2,31.3,0.0,78.68,10000.0,0,0,0,0,0
1,0,2,31.3,0.0,78.68,10000.0,0,0,0,0,0
0,0,2,32.0,0.0,74.95,10000.0,0,0,0,0,0
1,0,2,32.0,0.0,74.95,10000.0,0,0,0,0,0
0,0,1,31.2,0.0,74.81,10000.0,0,0,0,0,0
1,0,1,31.2,0.0,74.81,10000.0,0,0,0,0,0
0,0,1,29.6,0.0,79.33,5600.0,0,0,1,0,0
1,0,1,29.6,0.0,79.33,5600.0,0,0,1,0,0
0,1,1,26.0,0.0,94.23,3000.0,0,0,1,0,0
1,1,1,26.0,0.0,94.23,3000.0,0,0,1,0,0
0,0,2,25.0,0.0,100.0,10000.0,0,0,0,0,0
1,0,2,25.0,0.0,100.0,10000.0,0,0,0,0,0
0,0,2,25.9,0.0,96.55,10000.0,0,0,0,0,0
1,0,2,25.9,0.0,96.55,10000.0,0,0,0,0,0
0,0,3,27.0,8.0,94.28,9000.0,6,0,0,2,0
1,0,3,27.0,8.0,94.28,9000.0,6,0,0,2,0
0,0,1,27.2,0.0,93.46,9000.0,6,0,1,0,0
1,0,1,27.2,0.0,93.46,9000.0,6,0,1,0,0
0,0,1,27.2,0.0,93.46,9000.0,6,0,1,0,0
1,0,1,27.2,0.0,93.46,9000.0,6,0,1,0,0
0,0,1,29.0,0.0,89.38,10000.0,6,0,0,0,0
1,0,1,29.0,0.0,89.38,10000.0,6,0,0,0,0
0,0,3,29.0,1.0,88.99,10000.0,6,0,0,1,0
1,0,3,29.0,1.0,88.99,10000.0,6,0,0,1,0
0,0,1,31.0,0.1,79.33,10000.0,6,0,0,1,0
1,0,1,31.0,0.1,79.33,10000.0,6,0,0,1,0
0,1,2,31.0,0.0,75.29,10000.0,6,0,1,0,0
1,0,2,31.0,0.0,75.29,10000.0,6,0,1,0,0
0,1,2,30.0,0.0,84.01,10000.0,6,0,1,0,0
1,1,2,30.0,0.0,84.01,10000.0,6,0,1,0,0
0,0,2,28.0,0.0,83.79,10000.0,6,0,0,0,0
1,0,2,28.0,0.0,83.79,10000.0,6,0,0,0,0
0,0,1,27.9,0.0,78.92,10000.0,6,0,0,0,0
1,0,1,27.9,0.0,78.92,10000.0,6,0,0,0,0
0,0,2,27.0,0.0,94.28,8000.0,5,0,0,0,0
1,0,2,27.0,0.0,94.28,8000.0,5,0,0,0,0
0,0,3,26.2,3.7,95.08,10000.0,5,0,1,1,1
1,0,3,26.2,3.7,95.08,10000.0,5,0,1,1,1
0,0,3,26.2,3.7,95.08,10000.0,5,0,1,1,1
1,0,3,26.2,3.7,95.08,10000.0,5,0,1,1,1
0,1,1,27.6,0.0,93.89,10000.0,5,0,0,0,0
1,0,1,27.6,0.0,93.89,10000.0,5,0,0,0,0
0,1,2,29.0,0.0,83.9,10000.0,5,0,0,0,0
1,0,2,29.0,0.0,83.9,10000.0,5,0,0,0,0
0,1,2,30.0,0.0,74.63,10000.0,5,0,0,0,0
1,0,2,30.0,0.0,74.63,10000.0,5,0,0,0,0
0,1,2,29.6,0.0,76.92,10000.0,5,0,1,0,0
1,1,2,29.6,0.0,76.92,10000.0,5,0,1,0,0
0,1,2,29.0,0.0,83.9,10000.0,5,0,1,0,0
1,1,2,29.0,0.0,83.9,10000.0,5,0,1,0,0
0,0,1,28.0,0.0,88.92,10000.0,5,0,0,0,0
1,0,1,28.0,0.0,88.92,10000.0,5,0,0,0,0
0,0,2,27.7,0.0,88.9,9500.0,5,0,0,0,0
1,0,2,27.7,0.0,88.9,9500.0,5,0,0,0,0
0,0,0,26.0,0.0,94.23,10000.0,4,0,0,0,0
1,0,0,26.0,0.0,94.23,10000.0,4,0,0,0,0
0,0,2,27.4,0.0,90.65,9200.0,4,0,1,0,0
1,0,2,27.4,0.0,90.65,9200.0,4,0,1,0,0
0,0,2,27.4,0.0,90.65,9200.0,4,0,1,0,0
1,0,2,27.4,0.0,90.65,9200.0,4,0,1,0,0
0,0,1,27.9,0.0,87.94,8400.0,4,0,0,0,0
1,0,1,27.9,0.0,87.94,8400.0,4,0,0,0,0
0,0,1,27.0,0.0,94.28,4000.0,4,0,0,0,0
1,0,1,27.0,0.0,94.28,4000.0,4,0,0,0,0
0,0,1,28.0,0.0,88.92,10000.0,4,0,0,0,0
1,0,1,28.0,0.0,88.92,10000.0,4,0,0,0,0
0,1,1,28.5,0.0,81.3,10000.0,4,0,1,0,0
1,0,1,28.5,0.0,81.3,10000.0,4,0,1,0,0
0,1,2,28.0,0.0,88.92,10000.0,4,0,1,0,0
1,1,2,28.0,0.0,88.92,10000.0,4,0,1,0,0
0,0,2,27.0,0.0,88.84,10000.0,4,0,0,0,0
1,0,2,27.0,0.0,88.84,10000.0,4,0,0,0,0
0,0,2,28.0,0.0,90.29,10000.0,4,0,0,0,0
1,0,2,28.0,0.0,90.29,10000.0,4,0,0,0,0
0,0,2,27.0,0.0,94.28,10000.0,3,0,0,0,0
1,0,2,27.0,0.0,94.28,10000.0,3,0,0,0,0
0,0,2,28.9,0.0,90.15,10000.0,3,0,1,0,0
1,0,2,28.9,0.0,90.15,10000.0,3,0,1,0,0
0,1,2,28.9,0.0,90.15,10000.0,3,0,1,0,0
1,1,2,28.9,0.0,90.15,10000.0,3,0,1,0,0
0,0,2,31.5,0.0,73.09,10000.0,3,0,0,0,0
1,0,2,31.5,0.0,73.09,10000.0,3,0,0,0,0
0,0,2,33.0,0.1,66.78,10000.0,3,0,0,1,0
1,0,2,33.0,0.1,66.78,10000.0,3,0,0,1,0
0,0,3,34.0,0.3,63.15,10000.0,3,0,0,1,0
1,0,3,34.0,0.3,63.15,10000.0,3,0,0,1,0
0,0,2,34.5,0.0,56.79,10000.0,3,0,1,0,0
1,0,2,34.5,0.0,56.79,10000.0,3,0,1,0,0
0,1,3,33.0,0.5,66.78,10000.0,3,0,1,1,1
1,1,3,33.0,0.5,66.78,10000.0,3,0,1,1,1
0,0,3,26.0,2.4,94.23,1000.0,3,0,0,1,0
1,0,3,26.0,2.4,94.23,1000.0,3,0,0,1,0
0,0,2,26.9,0.0,89.82,10000.0,3,0,0,0,0
1,0,2,26.9,0.0,89.82,10000.0,3,0,0,0,0
0,0,1,28.0,0.0,94.32,10000.0,2,0,0,0,0
1,0,1,28.0,0.0,94.32,10000.0,2,0,0,0,0
0,0,1,28.9,0.0,87.83,10000.0,2,0,1,0,0
1,1,1,28.9,0.0,87.83,10000.0,2,0,1,0,0
0,1,1,28.9,0.0,87.83,10000.0,2,0,1,0,0
1,1,1,28.9,0.0,87.83,10000.0,2,0,1,0,0
0,0,2,26.6,0.0,89.39,10000.0,2,0,0,0,0
1,0,2,26.6,0.0,89.39,10000.0,2,0,0,0,0
0,0,0,32.0,0.0,66.59,10000.0,2,0,0,0,0
1,0,0,32.0,0.0,66.59,10000.0,2,0,0,0,0
0,0,2,35.0,0.0,59.73,10000.0,2,0,0,0,0
1,0,2,35.0,0.0,59.73,10000.0,2,0,0,0,0
0,0,2,32.7,0.0,69.26,17400.0,2,0,1,0,0
1,0,2,32.7,0.0,69.26,17400.0,2,0,1,0,0
0,1,0,33.0,0.0,62.93,10000.0,2,0,1,0,0
1,1,0,33.0,0.0,62.93,10000.0,2,0,1,0,0
0,0,2,31.0,0.0,79.33,10000.0,2,0,0,0,0
1,0,2,31.0,0.0,79.33,10000.0,2,0,0,0,0
0,0,0,29.4,0.0,84.31,10000.0,2,0,0,0,0
1,0,0,29.4,0.0,84.31,10000.0,2,0,0,0,0
0,0,1,28.0,0.0,94.32,10000.0,1,0,0,0,0
1,0,1,28.0,0.0,94.32,10000.0,1,0,0,0,0
0,0,1,29.0,0.0,89.38,10000.0,1,0,1,0,0
1,1,1,29.0,0.0,89.38,10000.0,1,0,1,0,0
0,1,1,29.0,0.0,89.38,10000.0,1,0,1,0,0
1,1,1,29.0,0.0,89.38,10000.0,1,0,1,0,0
0,0,2,32.0,0.0,77.6,10000.0,1,0,0,0,0
1,0,2,32.0,0.0,77.6,10000.0,1,0,0,0,0
0,0,1,34.0,0.1,66.98,10000.0,1,0,0,1,0
1,0,1,34.0,0.1,66.98,10000.0,1,0,0,1,0
0,0,3,31.0,0.8,74.79,8000.0,1,0,0,1,0
1,0,3,31.0,0.8,74.79,8000.0,1,0,0,1,0
0,1,2,31.1,0.0,70.82,10000.0,1,0,1,0,0
1,0,2,31.1,0.0,70.82,10000.0,1,0,1,0,0
0,1,2,29.0,0.0,94.36,10000.0,1,0,1,0,0
1,0,2,29.0,0.0,94.36,10000.0,1,0,1,0,0
0,0,3,29.0,0.4,88.99,10000.0,1,0,0,1,0
1,0,3,29.0,0.4,88.99,10000.0,1,0,0,1,0
0,0,2,29.5,0.0,85.99,10000.0,1,0,0,0,0
1,0,2,29.5,0.0,85.99,10000.0,1,0,0,0,0
0,0,2,25.0,0.0,100.0,10000.0,0,0,0,0,0
1,0,2,25.0,0.0,100.0,10000.0,0,0,0,0,0
0,1,2,28.0,0.0,90.29,9700.0,0,0,1,0,0
1,1,2,28.0,0.0,90.29,9700.0,0,0,1,0,0
0,1,2,28.0,0.0,90.29,9700.0,0,0,1,0,0
1,1,2,28.0,0.0,90.29,9700.0,0,0,1,0,0
0,0,2,31.7,0.0,77.23,17400.0,0,0,0,0,0
1,0,2,31.7,0.0,77.23,17400.0,0,0,0,0,0
0,0,0,33.0,0.1,75.11,10000.0,0,0,0,1,0
1,0,0,33.0,0.1,75.11,10000.0,0,0,0,1,0
0,0,3,33.0,0.7,70.84,10000.0,0,0,0,1,0
1,0,3,33.0,0.7,70.84,10000.0,0,0,0,1,0
0,0,2,31.9,0.0,68.95,17400.0,0,0,1,0,0
1,0,2,31.9,0.0,68.95,17400.0,0,0,1,0,0
0,1,3,32.0,1.4,74.95,10000.0,0,0,1,1,1
1,1,3,32.0,1.4,74.95,10000.0,0,0,1,1,1
0,0,2,30.0,0.0,84.01,10000.0,0,0,0,0,0
1,0,2,30.0,0.0,84.01,10000.0,0,0,0,0,0
0,0,2,29.3,0.0,85.22,17400.0,0,0,0,0,0
1,0,2,29.3,0.0,85.22,17400.0,0,0,0,0,0
0,0,1,25.0,0.0,100.0,4000.0,6,0,0,0,0
1,0,1,25.0,0.0,100.0,4000.0,6,0,0,0,0
0,0,3,25.5,13.0,95.69,10000.0,6,0,1,2,2
1,0,3,25.5,13.0,95.69,10000.0,6,0,1,2,2
0,0,3,25.5,13.0,95.69,10000.0,6,0,1,2,2
1,0,3,25.5,13.0,95.69,10000.0,6,0,1,2,2
0,0,1,27.5,0.0,91.46,10000.0,6,0,0,0,0
1,0,1,27.5,0.0,91.46,10000.0,6,0,0,0,0
0,0,2,29.0,0.0,83.9,9000.0,6,0,0,0,0
1,0,2,29.0,0.0,83.9,9000.0,6,0,0,0,0
0,0,2,29.0,0.0,83.9,10000.0,6,0,0,0,0
1,0,2,29.0,0.0,83.9,10000.0,6,0,0,0,0
0,1,2,30.5,0.0,79.96,10000.0,6,0,1,0,0
1,0,2,30.5,0.0,79.96,10000.0,6,0,1,0,0
0,1,2,30.0,0.0,84.01,10000.0,6,0,1,0,0
1,1,2,30.0,0.0,84.01,10000.0,6,0,1,0,0
0,0,1,28.0,0.0,88.92,10000.0,6,0,0,0,0
1,0,1,28.0,0.0,88.92,10000.0,6,0,0,0,0
0,0,2,28.1,0.0,93.1,9700.0,6,0,0,0,0
1,0,2,28.1,0.0,93.1,9700.0,6,0,0,0,0
0,0,1,29.0,0.0,88.99,10000.0,5,0,0,0,0
1,0,1,29.0,0.0,88.99,10000.0,5,0,0,0,0
0,0,3,27.4,19.0,94.7,10000.0,5,0,1,2,2
1,0,3,27.4,19.0,94.7,10000.0,5,0,1,2,2
0,0,3,27.4,19.0,94.7,10000.0,5,0,1,2,2
1,0,3,27.4,19.0,94.7,10000.0,5,0,1,2,2
0,1,1,29.8,0.0,89.64,10000.0,5,0,0,0,0
1,0,1,29.8,0.0,89.64,10000.0,5,0,0,0,0
0,1,0,31.0,0.0,79.33,10000.0,5,0,0,0,0
1,0,0,31.0,0.0,79.33,10000.0,5,0,0,0,0
0,1,2,27.0,0.0,94.28,10000.0,5,0,0,0,0
1,0,2,27.0,0.0,94.28,10000.0,5,0,0,0,0
0,1,2,28.1,0.0,87.58,9200.0,5,0,1,0,0
1,1,2,28.1,0.0,87.58,9200.0,5,0,1,0,0
0,1,2,26.0,0.0,94.23,7000.0,5,0,1,0,0
1,1,2,26.0,0.0,94.23,7000.0,5,0,1,0,0
0,0,1,25.0,0.0,94.19,8000.0,5,0,0,0,0
1,0,1,25.0,0.0,94.19,8000.0,5,0,0,0,0
0,0,1,25.3,0.0,95.46,4100.0,5,0,0,0,0
1,0,1,25.3,0.0,95.46,4100.0,5,0,0,0,0
0,0,1,29.0,0.1,88.99,10000.0,4,0,0,1,0
1,0,1,29.0,0.1,88.99,10000.0,4,0,0,1,0
0,0,1,29.3,0.0,92.35,10000.0,4,0,1,0,0
1,0,1,29.3,0.0,92.35,10000.0,4,0,1,0,0
0,0,1,29.3,0.0,92.35,10000.0,4,0,1,0,0
1,0,1,29.3,0.0,92.35,10000.0,4,0,1,0,0
0,0,2,31.0,0.0,77.63,10000.0,4,0,0,0,0
1,0,2,31.0,0.0,77.63,10000.0,4,0,0,0,0
0,0,2,33.0,0.0,70.84,10000.0,4,0,0,0,0
1,0,2,33.0,0.0,70.84,10000.0,4,0,0,0,0
0,0,2,34.0,0.1,56.05,10000.0,4,0,0,1,0
1,0,2,34.0,0.1,56.05,10000.0,4,0,0,1,0
0,1,2,32.5,0.0,66.84,10000.0,4,0,1,0,0
1,0,2,32.5,0.0,66.84,10000.0,4,0,1,0,0
0,1,0,29.0,0.0,83.9,10000.0,4,0,1,0,0
1,1,0,29.0,0.0,83.9,10000.0,4,0,1,0,0
0,0,2,28.0,0.0,88.92,10000.0,4,0,0,0,0
1,0,2,28.0,0.0,88.92,10000.0,4,0,0,0,0
0,0,2,29.6,0.0,84.52,9700.0,4,0,0,0,0
1,0,2,29.6,0.0,84.52,9700.0,4,0,0,0,0
0,0,2,29.0,0.0,88.99,10000.0,3,0,0,0,0
1,0,2,29.0,0.0,88.99,10000.0,3,0,0,0,0
0,0,2,29.1,0.0,90.95,10000.0,3,0,1,0,0
1,0,2,29.1,0.0,90.95,10000.0,3,0,1,0,0
0,1,2,29.1,0.0,90.95,10000.0,3,0,1,0,0
1,1,2,29.1,0.0,90.95,10000.0,3,0,1,0,0
0,0,2,31.9,0.0,77.24,10000.0,3,0,0,0,0
1,0,2,31.9,0.0,77.24,10000.0,3,0,0,0,0
0,0,2,34.0,0.0,63.15,10000.0,3,0,0,0,0
1,0,2,34.0,0.0,63.15,10000.0,3,0,0,0,0
0,0,2,35.0,0.0,53.02,10000.0,3,0,0,0,0
1,0,2,35.0,0.0,53.02,10000.0,3,0,0,0,0
0,0,2,34.0,0.0,59.38,10000.0,3,0,1,0,0
1,0,2,34.0,0.0,59.38,10000.0,3,0,1,0,0
0,1,0,34.0,0.1,56.05,10000.0,3,0,1,1,1
1,1,0,34.0,0.1,56.05,10000.0,3,0,1,1,1
0,0,2,29.0,0.0,88.99,5000.0,3,0,0,0,0
1,0,2,29.0,0.0,88.99,5000.0,3,0,0,0,0
0,0,2,29.8,0.0,80.39,9200.0,3,0,0,0,0
1,0,2,29.8,0.0,80.39,9200.0,3,0,0,0,0
0,0,0,27.0,0.0,88.84,10000.0,2,0,0,0,0
1,0,0,27.0,0.0,88.84,10000.0,2,0,0,0,0
0,0,2,28.5,0.0,85.7,10000.0,2,0,1,0,0
1,1,2,28.5,0.0,85.7,10000.0,2,0,1,0,0
0,1,2,28.5,0.0,85.7,10000.0,2,0,1,0,0
1,1,2,28.5,0.0,85.7,10000.0,2,0,1,0,0
0,0,2,32.0,0.0,70.19,10000.0,2,0,0,0,0
1,0,2,32.0,0.0,70.19,10000.0,2,0,0,0,0
0,0,0,35.0,0.0,56.29,10000.0,2,0,0,0,0
1,0,0,35.0,0.0,56.29,10000.0,2,0,0,0,0
0,0,2,35.0,0.0,53.02,10000.0,2,0,0,0,0
1,0,2,35.0,0.0,53.02,10000.0,2,0,0,0,0
0,0,2,34.9,0.0,56.26,10000.0,2,0,1,0,0
1,0,2,34.9,0.0,56.26,10000.0,2,0,1,0,0
0,1,0,35.0,0.0,56.29,10000.0,2,0,1,0,0
1,1,0,35.0,0.0,56.29,10000.0,2,0,1,0,0
0,0,0,32.0,0.2,74.95,8000.0,2,0,0,1,0
1,0,0,32.0,0.2,74.95,8000.0,2,0,0,1,0
0,0,2,30.1,0.0,87.36,10000.0,2,0,0,0,0
1,0,2,30.1,0.0,87.36,10000.0,2,0,0,0,0
0,0,1,26.0,0.0,94.23,10000.0,1,0,0,0,0
1,0,1,26.0,0.0,94.23,10000.0,1,0,0,0,0
0,0,1,27.3,0.0,95.74,8200.0,1,0,1,0,0
1,1,1,27.3,0.0,95.74,8200.0,1,0,1,0,0
0,1,1,27.3,0.0,95.74,8200.0,1,0,1,0,0
1,1,1,27.3,0.0,95.74,8200.0,1,0,1,0,0
0,0,1,28.8,0.0,90.29,9200.0,1,0,0,0,0
1,0,1,28.8,0.0,90.29,9200.0,1,0,0,0,0
0,0,0,30.0,0.0,84.01,4000.0,1,0,0,0,0
1,0,0,30.0,0.0,84.01,4000.0,1,0,0,0,0
0,0,2,33.0,0.0,66.78,10000.0,1,0,0,0,0
1,0,2,33.0,0.0,66.78,10000.0,1,0,0,0,0
0,1,2,34.0,0.0,65.4,10000.0,1,0,1,0,0
1,0,2,34.0,0.0,65.4,10000.0,1,0,1,0,0
0,1,2,33.0,0.0,62.93,10000.0,1,0,1,0,0
1,0,2,33.0,0.0,62.93,10000.0,1,0,1,0,0
0,0,2,32.0,0.0,70.66,10000.0,1,0,0,0,0
1,0,2,32.0,0.0,70.66,10000.0,1,0,0,0,0
0,0,2,28.3,0.0,83.08,10000.0,1,0,0,0,0
1,0,2,28.3,0.0,83.08,10000.0,1,0,0,0,0
0,0,1,25.0,0.0,94.19,10000.0,0,0,0,0,0
1,0,1,25.0,0.0,94.19,10000.0,0,0,0,0,0
0,1,1,26.6,0.0,88.81,10000.0,0,0,1,0,0
1,1,1,26.6,0.0,88.81,10000.0,0,0,1,0,0
0,1,1,26.6,0.0,88.81,10000.0,0,0,1,0,0
1,1,1,26.6,0.0,88.81,10000.0,0,0,1,0,0
0,0,1,28.0,0.0,84.91,8200.0,0,0,0,0,0
1,0,1,28.0,0.0,84.91,8200.0,0,0,0,0,0
0,0,2,26.0,0.0,94.23,10000.0,0,0,0,0,0
1,0,2,26.0,0.0,94.23,10000.0,0,0,0,0,0
0,0,2,27.0,0.0,94.28,10000.0,0,0,0,0,0
1,0,2,27.0,0.0,94.28,10000.0,0,0,0,0,0
0,0,2,30.0,0.0,78.68,10000.0,0,0,1,0,0
1,0,2,30.0,0.0,78.68,10000.0,0,0,1,0,0
0,1,2,29.0,0.0,83.9,10000.0,0,0,1,0,0
1,1,2,29.0,0.0,83.9,10000.0,0,0,1,0,0
0,0,2,26.0,0.0,94.23,10000.0,0,0,0,0,0
1,0,2,26.0,0.0,94.23,10000.0,0,0,0,0,0
0,0,2,26.2,0.0,96.13,10000.0,0,0,0,0,0
1,0,2,26.2,0.0,96.13,10000.0,0,0,0,0,0
0,0,2,28.0,0.0,94.32,10000.0,6,0,0,0,0
1,0,2,28.0,0.0,94.32,10000.0,6,0,0,0,0
0,0,2,29.7,0.0,88.47,10000.0,6,0,1,0,0
1,0,2,29.7,0.0,88.47,10000.0,6,0,1,0,0
0,0,2,29.7,0.0,88.47,10000.0,6,0,1,0,0
1,0,2,29.7,0.0,88.47,10000.0,6,0,1,0,0
0,0,2,33.1,0.0,71.48,10000.0,6,0,0,0,0
1,0,2,33.1,0.0,71.48,10000.0,6,0,0,0,0
0,0,2,35.0,0.0,63.36,10000.0,6,0,0,0,0
1,0,2,35.0,0.0,63.36,10000.0,6,0,0,0,0
0,0,0,35.0,0.0,56.29,10000.0,6,0,0,0,0
1,0,0,35.0,0.0,56.29,10000.0,6,0,0,0,0
0,1,2,37.0,0.0,55.17,17400.0,6,0,1,0,0
1,0,2,37.0,0.0,55.17,17400.0,6,0,1,0,0
0,1,0,35.0,0.0,63.36,10000.0,6,0,1,0,0
1,1,0,35.0,0.0,63.36,10000.0,6,0,1,0,0
0,0,2,24.0,0.0,100.0,10000.0,6,0,0,0,0
1,0,2,24.0,0.0,100.0,10000.0,6,0,0,0,0
0,0,2,25.6,0.0,94.22,10000.0,6,0,0,0,0
1,0,2,25.6,0.0,94.22,10000.0,6,0,0,0,0
0,0,0,30.0,0.0,66.18,10000.0,5,0,0,0,0
1,0,0,30.0,0.0,66.18,10000.0,5,0,0,0,0
0,0,2,29.8,0.0,77.26,10000.0,5,0,1,0,0
1,0,2,29.8,0.0,77.26,10000.0,5,0,1,0,0
0,0,2,29.8,0.0,77.26,10000.0,5,0,1,0,0
1,0,2,29.8,0.0,77.26,10000.0,5,0,1,0,0
0,1,2,33.4,0.0,60.3,10000.0,5,0,0,0,0
1,0,2,33.4,0.0,60.3,10000.0,5,0,0,0,0
0,1,0,34.0,0.0,59.51,10000.0,5,0,0,0,0
1,0,0,34.0,0.0,59.51,10000.0,5,0,0,0,0
0,1,0,35.0,0.0,56.29,10000.0,5,0,0,0,0
1,0,0,35.0,0.0,56.29,10000.0,5,0,0,0,0
0,1,2,35.9,0.0,52.88,10000.0,5,0,1,0,0
1,1,2,35.9,0.0,52.88,10000.0,5,0,1,0,0
0,1,0,36.0,0.0,53.26,10000.0,5,0,1,0,0
1,1,0,36.0,0.0,53.26,10000.0,5,0,1,0,0
0,0,0,33.0,0.0,66.78,10000.0,5,0,0,0,0
1,0,0,33.0,0.0,66.78,10000.0,5,0,0,0,0
0,0,2,30.7,0.0,74.57,9000.0,5,0,0,0,0
1,0,2,30.7,0.0,74.57,9000.0,5,0,0,0,0
0,0,2,27.0,0.0,94.28,10000.0,4,0,0,0,0
1,0,2,27.0,0.0,94.28,10000.0,4,0,0,0,0
0,0,2,27.3,0.0,90.63,10000.0,4,0,1,0,0
1,0,2,27.3,0.0,90.63,10000.0,4,0,1,0,0
0,0,2,27.3,0.0,90.63,10000.0,4,0,1,0,0
1,0,2,27.3,0.0,90.63,10000.0,4,0,1,0,0
0,0,2,30.7,0.0,74.25,17400.0,4,0,0,0,0
1,0,2,30.7,0.0,74.25,17400.0,4,0,0,0,0
0,0,2,33.0,0.0,66.78,10000.0,4,0,0,0,0
1,0,2,33.0,0.0,66.78,10000.0,4,0,0,0,0
0,0,2,33.0,0.0,62.93,10000.0,4,0,0,0,0
1,0,2,33.0,0.0,62.93,10000.0,4,0,0,0,0
0,1,2,33.5,0.0,60.05,10000.0,4,0,1,0,0
1,0,2,33.5,0.0,60.05,10000.0,4,0,1,0,0
0,1,2,33.0,0.0,62.93,10000.0,4,0,1,0,0
1,1,2,33.0,0.0,62.93,10000.0,4,0,1,0,0
0,0,0,30.0,0.0,70.3,10000.0,4,0,0,0,0
1,0,0,30.0,0.0,70.3,10000.0,4,0,0,0,0
0,0,2,30.3,0.0,72.4,10000.0,4,0,0,0,0
1,0,2,30.3,0.0,72.4,10000.0,4,0,0,0,0
0,0,0,26.0,0.0,94.23,9000.0,3,0,0,0,0
1,0,0,26.0,0.0,94.23,9000.0,3,0,0,0,0
0,0,1,27.0,0.0,88.83,8000.0,3,0,1,0,0
1,0,1,27.0,0.0,88.83,8000.0,3,0,1,0,0
0,1,1,27.0,0.0,88.83,8000.0,3,0,1,0,0
1,1,1,27.0,0.0,88.83,8000.0,3,0,1,0,0
0,0,2,31.9,0.0,64.81,10000.0,3,0,0,0,0
1,0,2,31.9,0.0,64.81,10000.0,3,0,0,0,0
0,0,2,33.0,0.0,59.28,10000.0,3,0,0,0,0
1,0,2,33.0,0.0,59.28,10000.0,3,0,0,0,0
0,0,1,33.0,0.0,62.93,10000.0,3,0,0,0,0
1,0,1,33.0,0.0,62.93,10000.0,3,0,0,0,0
0,0,2,29.8,0.0,81.25,10000.0,3,0,1,0,0
1,0,2,29.8,0.0,81.25,10000.0,3,0,1,0,0
0,1,0,32.0,0.0,70.66,10000.0,3,0,1,0,0
1,1,0,32.0,0.0,70.66,10000.0,3,0,1,0,0
0,0,0,31.0,0.0,66.39,10000.0,3,0,0,0,0
1,0,0,31.0,0.0,66.39,10000.0,3,0,0,0,0
0,0,2,28.4,0.0,90.1,10000.0,3,0,0,0,0
1,0,2,28.4,0.0,90.1,10000.0,3,0,0,0,0
0,0,0,26.0,0.0,88.76,10000.0,2,0,0,0,0
1,0,0,26.0,0.0,88.76,10000.0,2,0,0,0,0
0,0,2,26.9,0.0,81.28,10000.0,2,0,1,0,0
1,1,2,26.9,0.0,81.28,10000.0,2,0,1,0,0
0,1,2,26.9,0.0,81.28,10000.0,2,0,1,0,0
1,1,2,26.9,0.0,81.28,10000.0,2,0,1,0,0
0,0,2,30.0,0.0,70.78,10000.0,2,0,0,0,0
1,0,2,30.0,0.0,70.78,10000.0,2,0,0,0,0
0,0,2,32.0,0.0,66.59,10000.0,2,0,0,0,0
1,0,2,32.0,0.0,66.59,10000.0,2,0,0,0,0
0,0,0,33.0,0.0,66.78,10000.0,2,0,0,0,0
1,0,0,33.0,0.0,66.78,10000.0,2,0,0,0,0
0,0,2,33.5,0.0,61.54,10000.0,2,0,1,0,0
1,0,2,33.5,0.0,61.54,10000.0,2,0,1,0,0
0,1,3,32.0,2.2,70.66,10000.0,2,0,1,1,1
1,1,3,32.0,2.2,70.66,10000.0,2,0,1,1,1
0,0,2,26.0,0.0,88.76,10000.0,2,0,0,0,0
1,0,2,26.0,0.0,88.76,10000.0,2,0,0,0,0
0,0,2,26.8,0.0,86.88,10000.0,2,0,0,0,0
1,0,2,26.8,0.0,86.88,10000.0,2,0,0,0,0
0,0,3,27.0,1.0,83.68,10000.0,1,0,0,1,0
1,0,3,27.0,1.0,83.68,10000.0,1,0,0,1,0
0,0,1,26.4,0.0,92.6,8700.0,1,0,1,0,0
1,1,1,26.4,0.0,92.6,8700.0,1,0,1,0,0
0,1,1,26.4,0.0,92.6,8700.0,1,0,1,0,0
1,1,1,26.4,0.0,92.6,8700.0,1,0,1,0,0
0,0,1,27.6,0.0,84.5,8400.0,1,0,0,0,0
1,0,1,27.6,0.0,84.5,8400.0,1,0,0,0,0
0,0,3,28.0,0.5,88.92,10000.0,1,0,0,1,0
1,0,3,28.0,0.5,88.92,10000.0,1,0,0,1,0
0,0,3,28.0,2.5,83.79,10000.0,1,0,0,1,0
1,0,3,28.0,2.5,83.79,10000.0,1,0,0,1,0
0,1,2,28.7,0.0,76.95,17400.0,1,0,1,0,0
1,0,2,28.7,0.0,76.95,17400.0,1,0,1,0,0
0,1,3,29.0,0.3,79.06,10000.0,1,0,1,1,1
1,0,3,29.0,0.3,79.06,10000.0,1,0,1,1,1
0,0,0,28.0,0.0,78.92,10000.0,1,0,0,0,0
1,0,0,28.0,0.0,78.92,10000.0,1,0,0,0,0
0,0,2,27.5,0.0,75.57,10000.0,1,0,0,0,0
1,0,2,27.5,0.0,75.57,10000.0,1,0,0,0,0
0,0,0,26.0,0.0,88.76,10000.0,0,0,0,0,0
1,0,0,26.0,0.0,88.76,10000.0,0,0,0,0,0
0,1,2,26.1,0.0,94.24,10000.0,0,0,1,0,0
1,1,2,26.1,0.0,94.24,10000.0,0,0,1,0,0
0,1,2,26.1,0.0,94.24,10000.0,0,0,1,0,0
1,1,2,26.1,0.0,94.24,10000.0,0,0,1,0,0
0,0,2,29.5,0.0,75.13,10000.0,0,0,0,0,0
1,0,2,29.5,0.0,75.13,10000.0,0,0,0,0,0
0,0,0,31.0,0.0,70.48,10000.0,0,0,0,0,0
1,0,0,31.0,0.0,70.48,10000.0,0,0,0,0,0
0,0,2,33.0,0.0,66.78,10000.0,0,0,0,0,0
1,0,2,33.0,0.0,66.78,10000.0,0,0,0,0,0
0,0,2,32.7,0.0,62.87,10000.0,0,0,1,0,0
1,0,2,32.7,0.0,62.87,10000.0,0,0,1,0,0
0,1,2,33.0,0.0,62.93,10000.0,0,0,1,0,0
1,1,2,33.0,0.0,62.93,10000.0,0,0,1,0,0
0,0,2,31.0,0.0,70.48,10000.0,0,0,0,0,0
1,0,2,31.0,0.0,70.48,10000.0,0,0,0,0,0
0,0,2,29.4,0.0,79.46,10000.0,0,0,0,0,0
1,0,2,29.4,0.0,79.46,10000.0,0,0,0,0,0
0,0,1,28.0,0.0,94.32,5000.0,6,0,0,0,0
1,0,1,28.0,0.0,94.32,5000.0,6,0,0,0,0
0,0,2,29.0,0.0,91.34,10000.0,6,0,1,0,0
1,0,2,29.0,0.0,91.34,10000.0,6,0,1,0,0
0,0,2,29.0,0.0,91.34,10000.0,6,0,1,0,0
1,0,2,29.0,0.0,91.34,10000.0,6,0,1,0,0
0,0,2,32.5,0.0,78.51,10000.0,6,0,0,0,0
1,0,2,32.5,0.0,78.51,10000.0,6,0,0,0,0
0,0,2,34.0,0.0,71.02,10000.0,6,0,0,0,0
1,0,2,34.0,0.0,71.02,10000.0,6,0,0,0,0
0,0,2,27.0,0.0,88.84,10000.0,6,0,0,0,0
1,0,2,27.0,0.0,88.84,10000.0,6,0,0,0,0
0,1,2,29.0,0.0,81.37,10000.0,6,0,1,0,0
1,0,2,29.0,0.0,81.37,10000.0,6,0,1,0,0
0,1,0,26.0,0.0,94.23,10000.0,6,0,1,0,0
1,1,0,26.0,0.0,94.23,10000.0,6,0,1,0,0
0,0,2,26.0,0.0,94.23,10000.0,6,0,0,0,0
1,0,2,26.0,0.0,94.23,10000.0,6,0,0,0,0
0,0,2,27.2,0.0,88.27,10000.0,6,0,0,0,0
1,0,2,27.2,0.0,88.27,10000.0,6,0,0,0,0
0,0,1,28.0,0.0,94.32,10000.0,5,0,0,0,0
1,0,1,28.0,0.0,94.32,10000.0,5,0,0,0,0
0,0,2,29.4,0.0,89.41,10000.0,5,0,1,0,0
1,0,2,29.4,0.0,89.41,10000.0,5,0,1,0,0
0,0,2,29.4,0.0,89.41,10000.0,5,0,1,0,0
1,0,2,29.4,0.0,89.41,10000.0,5,0,1,0,0
0,1,2,31.9,0.0,77.41,10000.0,5,0,0,0,0
1,0,2,31.9,0.0,77.41,10000.0,5,0,0,0,0
0,1,2,33.0,0.0,75.11,10000.0,5,0,0,0,0
1,0,2,33.0,0.0,75.11,10000.0,5,0,0,0,0
0,1,1,33.0,0.0,75.11,10000.0,5,0,0,0,0
1,0,1,33.0,0.0,75.11,10000.0,5,0,0,0,0
0,1,1,32.9,0.0,72.54,9500.0,5,0,1,0,0
1,1,1,32.9,0.0,72.54,9500.0,5,0,1,0,0
0,1,1,29.0,0.0,88.99,10000.0,5,0,1,0,0
1,1,1,29.0,0.0,88.99,10000.0,5,0,1,0,0
0,0,0,28.0,0.0,83.79,10000.0,5,0,0,0,0
1,0,0,28.0,0.0,83.79,10000.0,5,0,0,0,0
0,0,2,27.7,0.0,86.56,10000.0,5,0,0,0,0
1,0,2,27.7,0.0,86.56,10000.0,5,0,0,0,0
0,0,2,28.0,0.0,88.92,10000.0,4,0,0,0,0
1,0,2,28.0,0.0,88.92,10000.0,4,0,0,0,0
0,0,2,28.5,0.0,92.31,9700.0,4,0,1,0,0
1,0,2,28.5,0.0,92.31,9700.0,4,0,1,0,0
0,0,2,28.5,0.0,92.31,9700.0,4,0,1,0,0
1,0,2,28.5,0.0,92.31,9700.0,4,0,1,0,0
0,0,2,30.9,0.0,78.8,10000.0,4,0,0,0,0
1,0,2,30.9,0.0,78.8,10000.0,4,0,0,0,0
0,0,3,32.0,0.5,74.95,10000.0,4,0,0,1,0
1,0,3,32.0,0.5,74.95,10000.0,4,0,0,1,0
0,0,0,34.0,0.1,71.02,10000.0,4,0,0,1,0
1,0,0,34.0,0.1,71.02,10000.0,4,0,0,1,0
0,1,2,34.6,0.0,62.05,10000.0,4,0,1,0,0
1,0,2,34.6,0.0,62.05,10000.0,4,0,1,0,0
0,1,3,33.0,0.3,70.84,10000.0,4,0,1,1,1
1,1,3,33.0,0.3,70.84,10000.0,4,0,1,1,1
0,0,0,30.0,0.0,84.01,10000.0,4,0,0,0,0
1,0,0,30.0,0.0,84.01,10000.0,4,0,0,0,0
0,0,2,29.5,0.0,85.25,10000.0,4,0,0,0,0
1,0,2,29.5,0.0,85.25,10000.0,4,0,0,0,0
0,0,3,26.0,0.3,94.23,10000.0,3,0,0,1,0
1,0,3,26.0,0.3,94.23,10000.0,3,0,0,1,0
0,0,1,27.1,0.0,89.63,9500.0,3,0,1,0,0
1,0,1,27.1,0.0,89.63,9500.0,3,0,1,0,0
0,1,1,27.1,0.0,89.63,9500.0,3,0,1,0,0
1,1,1,27.1,0.0,89.63,9500.0,3,0,1,0,0
0,0,2,31.5,0.0,76.01,10000.0,3,0,0,0,0
1,0,2,31.5,0.0,76.01,10000.0,3,0,0,0,0
0,0,1,32.0,0.0,70.66,9000.0,3,0,0,0,0
1,0,1,32.0,0.0,70.66,9000.0,3,0,0,0,0
0,0,3,33.0,1.7,70.84,10000.0,3,0,0,1,0
1,0,3,33.0,1.7,70.84,10000.0,3,0,0,1,0
0,0,2,34.2,0.0,66.0,10000.0,3,0,1,0,0
1,0,2,34.2,0.0,66.0,10000.0,3,0,1,0,0
0,1,3,33.0,1.0,66.78,10000.0,3,0,1,1,1
1,1,3,33.0,1.0,66.78,10000.0,3,0,1,1,1
0,0,0,30.0,0.0,79.2,10000.0,3,0,0,0,0
1,0,0,30.0,0.0,79.2,10000.0,3,0,0,0,0
0,0,2,29.0,0.0,87.46,10000.0,3,0,0,0,0
1,0,2,29.0,0.0,87.46,10000.0,3,0,0,0,0
0,0,1,27.0,0.0,94.28,5000.0,2,0,0,0,0
1,0,1,27.0,0.0,94.28,5000.0,2,0,0,0,0
0,0,1,26.4,0.0,91.39,10000.0,2,0,1,0,0
1,1,1,26.4,0.0,91.39,10000.0,2,0,1,0,0
0,1,1,26.4,0.0,91.39,10000.0,2,0,1,0,0
1,1,1,26.4,0.0,91.39,10000.0,2,0,1,0,0
0,0,1,29.0,0.0,77.86,10000.0,2,0,0,0,0
1,0,1,29.0,0.0,77.86,10000.0,2,0,0,0,0
0,0,2,29.0,0.0,79.06,10000.0,2,0,0,0,0
1,0,2,29.0,0.0,79.06,10000.0,2,0,0,0,0
0,0,0,32.0,0.0,62.72,10000.0,2,0,0,0,0
1,0,0,32.0,0.0,62.72,10000.0,2,0,0,0,0
0,0,2,31.8,0.0,67.88,10000.0,2,0,1,0,0
1,0,2,31.8,0.0,67.88,10000.0,2,0,1,0,0
0,1,0,31.0,0.0,70.48,10000.0,2,0,1,0,0
1,1,0,31.0,0.0,70.48,10000.0,2,0,1,0,0
0,0,0,29.0,0.0,79.06,10000.0,2,0,0,0,0
1,0,0,29.0,0.0,79.06,10000.0,2,0,0,0,0
0,0,2,29.1,0.0,78.21,10000.0,2,0,0,0,0
1,0,2,29.1,0.0,78.21,10000.0,2,0,0,0,0
0,0,0,29.0,0.0,83.9,10000.0,1,0,0,0,0
1,0,0,29.0,0.0,83.9,10000.0,1,0,0,0,0
0,0,1,29.2,0.0,78.05,10000.0,1,0,1,0,0
1,1,1,29.2,0.0,78.05,10000.0,1,0,1,0,0
0,1,1,29.2,0.0,78.05,10000.0,1,0,1,0,0
1,1,1,29.2,0.0,78.05,10000.0,1,0,1,0,0
0,0,2,31.5,0.0,67.97,10000.0,1,0,0,0,0
1,0,2,31.5,0.0,67.97,10000.0,1,0,0,0,0
0,0,0,32.0,0.0,62.72,10000.0,1,0,0,0,0
1,0,0,32.0,0.0,62.72,10000.0,1,0,0,0,0
0,0,2,33.0,0.0,62.93,10000.0,1,0,0,0,0
1,0,2,33.0,0.0,62.93,10000.0,1,0,0,0,0
0,1,1,33.2,0.0,66.23,10000.0,1,0,1,0,0
1,0,1,33.2,0.0,66.23,10000.0,1,0,1,0,0
0,1,0,32.0,0.0,62.72,10000.0,1,0,1,0,0
1,0,0,32.0,0.0,62.72,10000.0,1,0,1,0,0
0,0,2,30.0,0.0,79.2,10000.0,1,0,0,0,0
1,0,2,30.0,0.0,79.2,10000.0,1,0,0,0,0
0,0,2,27.9,0.0,86.2,10000.0,1,0,0,0,0
1,0,2,27.9,0.0,86.2,10000.0,1,0,0,0,0
0,0,0,32.0,0.0,62.72,10000.0,0,0,0,0,0
1,0,0,32.0,0.0,62.72,10000.0,0,0,0,0,0
0,1,2,31.7,0.0,67.72,17400.0,0,0,1,0,0
1,1,2,31.7,0.0,67.72,17400.0,0,0,1,0,0
0,1,2,31.7,0.0,67.72,17400.0,0,0,1,0,0
1,1,2,31.7,0.0,67.72,17400.0,0,0,1,0,0
0,0,2,36.1,0.0,53.41,17400.0,0,0,0,0,0
1,0,2,36.1,0.0,53.41,17400.0,0,0,0,0,0
0,0,0,37.0,0.0,50.42,10000.0,0,0,0,0,0
1,0,0,37.0,0.0,50.42,10000.0,0,0,0,0,0
0,0,0,38.0,0.0,50.67,10000.0,0,0,0,0,0
1,0,0,38.0,0.0,50.67,10000.0,0,0,0,0,0
0,0,2,38.7,0.0,44.57,10000.0,0,0,1,0,0
1,0,2,38.7,0.0,44.57,10000.0,0,0,1,0,0
0,1,0,39.0,0.0,45.24,10000.0,0,0,1,0,0
1,1,0,39.0,0.0,45.24,10000.0,0,0,1,0,0
0,0,0,37.0,0.0,47.49,10000.0,0,0,0,0,0
1,0,0,37.0,0.0,47.49,10000.0,0,0,0,0,0
0,0,2,32.9,0.0,69.28,10000.0,0,0,0,0,0
1,0,2,32.9,0.0,69.28,10000.0,0,0,0,0,0
0,0,0,27.0,0.0,94.28,5000.0,6,0,0,0,0
1,0,0,27.0,0.0,94.28,5000.0,6,0,0,0,0
0,0,2,29.5,0.0,88.46,16600.0,6,0,1,0,0
1,0,2,29.5,0.0,88.46,16600.0,6,0,1,0,0
0,0,2,29.5,0.0,88.46,16600.0,6,0,1,0,0
1,0,2,29.5,0.0,88.46,16600.0,6,0,1,0,0
0,0,2,35.2,0.0,53.89,17400.0,6,0,0,0,0
1,0,2,35.2,0.0,53.89,17400.0,6,0,0,0,0
0,0,0,36.0,0.0,56.52,10000.0,6,0,0,0,0
1,0,0,36.0,0.0,56.52,10000.0,6,0,0,0,0
0,0,0,39.0,0.0,42.61,10000.0,6,0,0,0,0
1,0,0,39.0,0.0,42.61,10000.0,6,0,0,0,0
0,1,2,39.5,0.0,40.24,17400.0,6,0,1,0,0
1,0,2,39.5,0.0,40.24,17400.0,6,0,1,0,0
0,1,0,38.0,0.0,44.98,10000.0,6,0,1,0,0
1,1,0,38.0,0.0,44.98,10000.0,6,0,1,0,0
0,0,0,35.0,0.0,53.02,10000.0,6,0,0,0,0
1,0,0,35.0,0.0,53.02,10000.0,6,0,0,0,0
0,0,0,32.9,0.0,62.35,17400.0,6,0,0,0,0
1,0,0,32.9,0.0,62.35,17400.0,6,0,0,0,0
0,0,1,26.0,0.0,94.23,4000.0,5,0,0,0,0
1,0,1,26.0,0.0,94.23,4000.0,5,0,0,0,0
0,0,1,27.1,0.0,91.62,8400.0,5,0,1,0,0
1,0,1,27.1,0.0,91.62,8400.0,5,0,1,0,0
0,0,1,27.1,0.0,91.62,8400.0,5,0,1,0,0
1,0,1,27.1,0.0,91.62,8400.0,5,0,1,0,0
0,1,2,30.5,0.0,78.92,17400.0,5,0,0,0,0
1,0,2,30.5,0.0,78.92,17400.0,5,0,0,0,0
0,1,2,33.0,0.0,66.78,10000.0,5,0,0,0,0
1,0,2,33.0,0.0,66.78,10000.0,5,0,0,0,0
0,1,2,34.0,0.0,66.98,10000.0,5,0,0,0,0
1,0,2,34.0,0.0,66.98,10000.0,5,0,0,0,0
0,1,2,34.1,0.0,67.0,17400.0,5,0,1,0,0
1,1,2,34.1,0.0,67.0,17400.0,5,0,1,0,0
0,1,1,33.0,0.0,70.84,10000.0,5,0,1,0,0
1,1,1,33.0,0.0,70.84,10000.0,5,0,1,0,0
0,0,2,30.0,0.0,84.01,10000.0,5,0,0,0,0
1,0,2,30.0,0.0,84.01,10000.0,5,0,0,0,0
0,0,2,29.0,0.0,88.23,17400.0,5,0,0,0,0
1,0,2,29.0,0.0,88.23,17400.0,5,0,0,0,0
0,0,1,23.0,0.0,100.0,10000.0,4,0,0,0,0
1,0,1,23.0,0.0,100.0,10000.0,4,0,0,0,0
0,0,1,24.1,0.0,93.73,10000.0,4,0,1,0,0
1,0,1,24.1,0.0,93.73,10000.0,4,0,1,0,0
0,0,1,24.1,0.0,93.73,10000.0,4,0,1,0,0
1,0,1,24.1,0.0,93.73,10000.0,4,0,1,0,0
0,0,2,27.2,0.0,79.7,10000.0,4,0,0,0,0
1,0,2,27.2,0.0,79.7,10000.0,4,0,0,0,0
0,0,1,29.0,0.0,74.47,10000.0,4,0,0,0,0
1,0,1,29.0,0.0,74.47,10000.0,4,0,0,0,0
0,0,1,29.0,0.0,79.06,10000.0,4,0,0,0,0
1,0,1,29.0,0.0,79.06,10000.0,4,0,0,0,0
0,1,2,30.8,0.0,73.45,10000.0,4,0,1,0,0
1,0,2,30.8,0.0,73.45,10000.0,4,0,1,0,0
0,1,2,30.0,0.0,74.63,10000.0,4,0,1,0,0
1,1,2,30.0,0.0,74.63,10000.0,4,0,1,0,0
0,0,1,28.0,0.0,83.79,10000.0,4,0,0,0,0
1,0,1,28.0,0.0,83.79,10000.0,4,0,0,0,0
0,0,2,27.1,0.0,89.63,10000.0,4,0,0,0,0
1,0,2,27.1,0.0,89.63,10000.0,4,0,0,0,0
0,0,1,26.0,0.0,94.23,8000.0,3,0,0,0,0
1,0,1,26.0,0.0,94.23,8000.0,3,0,0,0,0
0,0,1,26.4,0.0,95.72,8200.0,3,0,1,0,0
1,0,1,26.4,0.0,95.72,8200.0,3,0,1,0,0
0,1,1,26.4,0.0,95.72,8200.0,3,0,1,0,0
1,1,1,26.4,0.0,95.72,8200.0,3,0,1,0,0
0,0,1,28.5,0.0,87.8,9000.0,3,0,0,0,0
1,0,1,28.5,0.0,87.8,9000.0,3,0,0,0,0
0,0,1,28.0,0.0,88.92,10000.0,3,0,0,0,0
1,0,1,28.0,0.0,88.92,10000.0,3,0,0,0,0
0,0,2,27.0,0.0,83.68,10000.0,3,0,0,0,0
1,0,2,27.0,0.0,83.68,10000.0,3,0,0,0,0
0,0,2,28.0,0.0,78.4,10000.0,3,0,1,0,0
1,0,2,28.0,0.0,78.4,10000.0,3,0,1,0,0
0,1,2,26.0,0.0,83.57,10000.0,3,0,1,0,0
1,1,2,26.0,0.0,83.57,10000.0,3,0,1,0,0
0,0,1,26.0,0.0,78.64,10000.0,3,0,0,0,0
1,0,1,26.0,0.0,78.64,10000.0,3,0,0,0,0
0,0,1,24.7,0.0,88.06,5600.0,3,0,0,0,0
1,0,1,24.7,0.0,88.06,5600.0,3,0,0,0,0
0,0,1,23.0,0.0,100.0,3000.0,2,0,0,0,0
1,0,1,23.0,0.0,100.0,3000.0,2,0,0,0,0
0,0,1,24.0,0.0,94.57,7900.0,2,0,1,0,0
1,1,1,24.0,0.0,94.57,7900.0,2,0,1,0,0
0,1,1,24.0,0.0,94.57,7900.0,2,0,1,0,0
1,1,1,24.0,0.0,94.57,7900.0,2,0,1,0,0
0,0,1,26.7,0.0,87.06,8200.0,2,0,0,0,0
1,0,1,26.7,0.0,87.06,8200.0,2,0,0,0,0
0,0,2,29.0,0.0,74.47,7000.0,2,0,0,0,0
1,0,2,29.0,0.0,74.47,7000.0,2,0,0,0,0
0,0,1,31.0,0.0,66.39,10000.0,2,0,0,0,0
1,0,1,31.0,0.0,66.39,10000.0,2,0,0,0,0
0,0,2,31.7,0.0,62.66,17400.0,2,0,1,0,0
1,0,2,31.7,0.0,62.66,17400.0,2,0,1,0,0
0,1,2,32.0,0.0,62.72,10000.0,2,0,1,0,0
1,1,2,32.0,0.0,62.72,10000.0,2,0,1,0,0
0,0,1,29.0,0.0,79.06,10000.0,2,0,0,0,0
1,0,1,29.0,0.0,79.06,10000.0,2,0,0,0,0
0,0,2,27.7,0.0,88.31,10000.0,2,0,0,0,0
1,0,2,27.7,0.0,88.31,10000.0,2,0,0,0,0
0,0,2,24.0,0.0,78.36,10000.0,1,0,0,0,0
1,0,2,24.0,0.0,78.36,10000.0,1,0,0,0,0
0,0,1,23.4,0.0,89.75,10000.0,1,0,1,0,0
1,1,1,23.4,0.0,89.75,10000.0,1,0,1,0,0
0,1,1,23.4,0.0,89.75,10000.0,1,0,1,0,0
1,1,1,23.4,0.0,89.75,10000.0,1,0,1,0,0
0,0,3,25.0,0.5,78.5,9000.0,1,0,0,1,0
1,0,3,25.0,0.5,78.5,9000.0,1,0,0,1,0
0,0,3,25.0,0.5,78.5,10000.0,1,0,0,1,0
1,0,3,25.0,0.5,78.5,10000.0,1,0,0,1,0
0,0,3,26.0,0.6,78.64,10000.0,1,0,0,1,0
1,0,3,26.0,0.6,78.64,10000.0,1,0,0,1,0
0,1,1,24.7,0.0,85.59,9100.0,1,0,1,0,0
1,0,1,24.7,0.0,85.59,9100.0,1,0,1,0,0
0,1,1,25.0,0.0,83.45,5000.0,1,0,1,0,0
1,0,1,25.0,0.0,83.45,5000.0,1,0,1,0,0
0,0,1,24.0,0.1,88.6,6000.0,1,0,0,1,0
1,0,1,24.0,0.1,88.6,6000.0,1,0,0,1,0
0,0,1,23.7,0.0,94.99,8400.0,1,0,0,0,0
1,0,1,23.7,0.0,94.99,8400.0,1,0,0,0,0
0,0,0,23.0,0.0,68.97,10000.0,0,0,0,0,0
1,0,0,23.0,0.0,68.97,10000.0,0,0,0,0,0
0,1,1,23.5,0.0,69.23,10000.0,0,0,1,0,0
1,1,1,23.5,0.0,69.23,10000.0,0,0,1,0,0
0,1,1,23.5,0.0,69.23,10000.0,0,0,1,0,0
1,1,1,23.5,0.0,69.23,10000.0,0,0,1,0,0
0,0,2,25.1,0.0,63.67,10000.0,0,0,0,0,0
1,0,2,25.1,0.0,63.67,10000.0,0,0,0,0,0
0,0,0,27.0,0.0,61.62,10000.0,0,0,0,0,0
1,0,0,27.0,0.0,61.62,10000.0,0,0,0,0,0
0,0,1,27.0,0.0,65.57,10000.0,0,0,0,0,0
1,0,1,27.0,0.0,65.57,10000.0,0,0,0,0,0
0,0,1,27.1,0.0,63.81,10000.0,0,0,1,0,0
1,0,1,27.1,0.0,63.81,10000.0,0,0,1,0,0
0,1,1,26.0,0.0,65.36,10000.0,0,0,1,0,0
1,1,1,26.0,0.0,65.36,10000.0,0,0,1,0,0
0,0,1,26.0,0.0,69.55,10000.0,0,0,0,0,0
1,0,1,26.0,0.0,69.55,10000.0,0,0,0,0,0
0,0,1,24.7,0.0,82.11,10000.0,0,0,0,0,0
1,0,1,24.7,0.0,82.11,10000.0,0,0,0,0,0
0,0,1,20.0,0.0,93.98,5000.0,6,0,0,0,0
1,0,1,20.0,0.0,93.98,5000.0,6,0,0,0,0
0,0,1,22.1,0.0,92.58,10000.0,6,0,1,0,0
1,0,1,22.1,0.0,92.58,10000.0,6,0,1,0,0
0,0,1,22.1,0.0,92.58,10000.0,6,0,1,0,0
1,0,1,22.1,0.0,92.58,10000.0,6,0,1,0,0
0,0,1,23.4,0.0,83.25,10000.0,6,0,0,0,0
1,0,1,23.4,0.0,83.25,10000.0,6,0,0,0,0
0,0,1,25.0,0.0,73.81,10000.0,6,0,0,0,0
1,0,1,25.0,0.0,73.81,10000.0,6,0,0,0,0
0,0,1,25.0,0.0,69.36,10000.0,6,0,0,0,0
1,0,1,25.0,0.0,69.36,10000.0,6,0,0,0,0
0,1,2,25.5,0.0,62.87,10000.0,6,0,1,0,0
1,0,2,25.5,0.0,62.87,10000.0,6,0,1,0,0
0,1,0,26.0,0.0,65.36,10000.0,6,0,1,0,0
1,1,0,26.0,0.0,65.36,10000.0,6,0,1,0,0
0,0,0,24.0,0.0,69.17,10000.0,6,0,0,0,0
1,0,0,24.0,0.0,69.17,10000.0,6,0,0,0,0
0,0,2,23.7,0.0,68.79,10000.0,6,0,0,0,0
1,0,2,23.7,0.0,68.79,10000.0,6,0,0,0,0
0,0,2,25.0,0.0,100.0,6000.0,5,0,0,0,0
1,0,2,25.0,0.0,100.0,6000.0,5,0,0,0,0
0,0,3,24.8,32.0,93.13,4000.0,5,0,1,2,2
1,0,3,24.8,32.0,93.13,4000.0,5,0,1,2,2
0,0,3,24.8,32.0,93.13,4000.0,5,0,1,2,2
1,0,3,24.8,32.0,93.13,4000.0,5,0,1,2,2
0,1,1,24.3,0.0,90.43,10000.0,5,0,0,0,0
1,0,1,24.3,0.0,90.43,10000.0,5,0,0,0,0
0,1,1,25.0,0.0,83.45,10000.0,5,0,0,0,0
1,0,1,25.0,0.0,83.45,10000.0,5,0,0,0,0
0,1,2,24.0,0.0,83.34,10000.0,5,0,0,0,0
1,0,2,24.0,0.0,83.34,10000.0,5,0,0,0,0
0,1,2,25.1,0.0,77.27,10000.0,5,0,1,0,0
1,1,2,25.1,0.0,77.27,10000.0,5,0,1,0,0
0,1,1,25.0,0.0,73.81,10000.0,5,0,1,0,0
1,1,1,25.0,0.0,73.81,10000.0,5,0,1,0,0
0,0,1,25.0,0.0,73.81,10000.0,5,0,0,0,0
1,0,1,25.0,0.0,73.81,10000.0,5,0,0,0,0
0,0,1,22.3,0.0,92.8,9500.0,5,0,0,0,0
1,0,1,22.3,0.0,92.8,9500.0,5,0,0,0,0
0,0,1,25.0,0.0,94.19,7000.0,2,0,0,0,0
1,0,1,25.0,0.0,94.19,7000.0,2,0,0,0,0
0,0,1,26.4,0.0,92.8,9200.0,2,0,1,0,0
1,1,1,26.4,0.0,92.8,9200.0,2,0,1,0,0
0,1,1,26.4,0.0,92.8,9200.0,2,0,1,0,0
1,1,1,26.4,0.0,92.8,9200.0,2,0,1,0,0
0,0,1,27.7,0.0,80.66,10000.0,2,0,0,0,0
1,0,1,27.7,0.0,80.66,10000.0,2,0,0,0,0
0,0,1,28.0,0.2,78.92,7000.0,2,0,0,1,0
1,0,1,28.0,0.2,78.92,7000.0,2,0,0,1,0
0,0,2,30.0,0.1,74.63,10000.0,2,0,0,1,0
1,0,2,30.0,0.1,74.63,10000.0,2,0,0,1,0
0,0,2,28.5,0.0,79.51,10000.0,2,0,1,0,0
1,0,2,28.5,0.0,79.51,10000.0,2,0,1,0,0
0,1,1,30.0,0.0,74.63,10000.0,2,0,1,0,0
1,1,1,30.0,0.0,74.63,10000.0,2,0,1,0,0
0,0,2,28.0,0.0,78.92,10000.0,2,0,0,0,0
0,0,2,27.1,0.0,85.57,10000.0,2,0,0,0,0
1,0,2,27.1,0.0,85.57,10000.0,2,0,0,0,0
0,0,1,26.0,0.1,88.76,10000.0,3,0,0,1,0
1,0,1,26.0,0.1,88.76,10000.0,3,0,0,1,0
0,0,2,26.7,0.0,90.79,9200.0,3,0,1,0,0
1,0,2,26.7,0.0,90.79,9200.0,3,0,1,0,0
0,1,2,26.7,0.0,90.79,9200.0,3,0,1,0,0
1,1,2,26.7,0.0,90.79,9200.0,3,0,1,0,0
0,0,1,29.5,0.0,77.06,10000.0,3,0,0,0,0
1,0,1,29.5,0.0,77.06,10000.0,3,0,0,0,0
0,0,3,32.0,0.6,66.59,10000.0,3,0,0,1,0
1,0,3,32.0,0.6,66.59,10000.0,3,0,0,1,0
0,0,1,32.0,0.0,70.66,10000.0,3,0,0,0,0
1,0,1,32.0,0.0,70.66,10000.0,3,0,0,0,0
0,0,1,30.1,0.0,73.67,10000.0,3,0,1,0,0
1,0,1,30.1,0.0,73.67,10000.0,3,0,1,0,0
0,1,1,26.0,0.0,100.0,1000.0,3,0,1,1,1
1,1,1,26.0,0.0,100.0,1000.0,3,0,1,1,1
0,0,2,26.0,0.0,94.23,9000.0,3,0,0,0,0
1,0,2,26.0,0.0,94.23,9000.0,3,0,0,0,0
0,0,1,27.5,0.0,91.05,9700.0,3,0,0,0,0
1,0,1,27.5,0.0,91.05,9700.0,3,0,0,0,0
0,0,2,25.0,0.0,94.19,10000.0,4,0,0,0,0
1,0,2,25.0,0.0,94.19,10000.0,4,0,0,0,0
0,0,2,25.7,0.0,94.22,8700.0,4,0,1,0,0
1,0,2,25.7,0.0,94.22,8700.0,4,0,1,0,0
0,0,2,25.7,0.0,94.22,8700.0,4,0,1,0,0
1,0,2,25.7,0.0,94.22,8700.0,4,0,1,0,0
0,0,1,29.0,0.0,80.12,9700.0,4,0,0,0,0
1,0,1,29.0,0.0,80.12,9700.0,4,0,0,0,0
0,0,1,30.0,0.0,74.63,10000.0,4,0,0,0,0
1,0,1,30.0,0.0,74.63,10000.0,4,0,0,0,0
0,0,2,32.0,0.0,70.66,10000.0,4,0,0,0,0
1,0,2,32.0,0.0,70.66,10000.0,4,0,0,0,0
0,1,2,32.0,0.0,68.98,10000.0,4,0,1,0,0
1,0,2,32.0,0.0,68.98,10000.0,4,0,1,0,0
0,1,2,32.0,0.0,70.66,10000.0,4,0,1,0,0
1,1,2,32.0,0.0,70.66,10000.0,4,0,1,0,0
0,0,1,27.0,0.0,94.28,9000.0,4,0,0,0,0
1,0,1,27.0,0.0,94.28,9000.0,4,0,0,0,0
0,0,1,27.9,0.0,88.33,8700.0,4,0,0,0,0
1,0,1,27.9,0.0,88.33,8700.0,4,0,0,0,0
0,0,2,25.0,0.0,94.19,10000.0,5,0,0,0,0
1,0,2,25.0,0.0,94.19,10000.0,5,0,0,0,0
0,0,2,26.2,0.0,94.87,9500.0,5,0,1,0,0
1,0,2,26.2,0.0,94.87,9500.0,5,0,1,0,0
0,0,2,26.2,0.0,94.87,9500.0,5,0,1,0,0
1,0,2,26.2,0.0,94.87,9500.0,5,0,1,0,0
0,1,2,30.5,0.0,79.26,10000.0,5,0,0,0,0
1,0,2,30.5,0.0,79.26,10000.0,5,0,0,0,0
0,1,2,32.0,0.0,70.66,10000.0,5,0,0,0,0
1,0,2,32.0,0.0,70.66,10000.0,5,0,0,0,0
0,1,2,32.0,0.0,70.66,10000.0,5,0,0,0,0
1,0,2,32.0,0.0,70.66,10000.0,5,0,0,0,0
0,1,2,31.7,0.0,73.11,10000.0,5,0,1,0,0
1,1,2,31.7,0.0,73.11,10000.0,5,0,1,0,0
0,1,2,31.0,0.0,74.79,10000.0,5,0,1,0,0
1,1,2,31.0,0.0,74.79,10000.0,5,0,1,0,0
0,0,2,27.0,0.0,88.84,10000.0,5,0,0,0,0
1,0,2,27.0,0.0,88.84,10000.0,5,0,0,0,0
0,0,2,26.4,0.0,92.8,10000.0,5,0,0,0,0
1,0,2,26.4,0.0,92.8,10000.0,5,0,0,0,0
0,0,0,26.0,0.0,88.76,10000.0,6,0,0,0,0
1,0,0,26.0,0.0,88.76,10000.0,6,0,0,0,0
0,0,2,26.7,0.0,90.0,10000.0,6,0,1,0,0
1,0,2,26.7,0.0,90.0,10000.0,6,0,1,0,0
0,0,2,26.7,0.0,90.0,10000.0,6,0,1,0,0
1,0,2,26.7,0.0,90.0,10000.0,6,0,1,0,0
0,0,2,30.5,0.0,73.73,10000.0,6,0,0,0,0
1,0,2,30.5,0.0,73.73,10000.0,6,0,0,0,0
0,0,2,33.0,0.0,66.78,10000.0,6,0,0,0,0
1,0,2,33.0,0.0,66.78,10000.0,6,0,0,0,0
0,0,2,34.0,0.0,63.15,10000.0,6,0,0,0,0
1,0,2,34.0,0.0,63.15,10000.0,6,0,0,0,0
0,1,2,33.1,0.0,64.5,10000.0,6,0,1,0,0
0,1,2,33.0,0.0,66.78,10000.0,6,0,1,0,0
1,1,2,33.0,0.0,66.78,10000.0,6,0,1,0,0
0,0,1,26.0,0.0,94.23,10000.0,6,0,0,0,0
1,0,1,26.0,0.0,94.23,10000.0,6,0,0,0,0
0,0,1,27.2,0.0,94.28,10000.0,6,0,0,0,0
1,0,1,27.2,0.0,94.28,10000.0,6,0,0,0,0
0,0,2,24.0,0.0,94.15,10000.0,0,0,0,0,0
1,0,2,24.0,0.0,94.15,10000.0,0,0,0,0,0
0,1,2,25.2,0.0,93.58,10000.0,0,0,1,0,0
1,1,2,25.2,0.0,93.58,10000.0,0,0,1,0,0
0,1,2,25.2,0.0,93.58,10000.0,0,0,1,0,0
1,1,2,25.2,0.0,93.58,10000.0,0,0,1,0,0
0,0,1,26.9,0.0,88.43,10000.0,0,0,0,0,0
1,0,1,26.9,0.0,88.43,10000.0,0,0,0,0,0
0,0,1,29.0,0.0,79.06,9000.0,0,0,0,0,0
1,0,1,29.0,0.0,79.06,9000.0,0,0,0,0,0
0,0,1,31.0,0.0,74.79,10000.0,0,0,0,0,0
1,0,1,31.0,0.0,74.79,10000.0,0,0,0,0,0
0,0,2,31.5,0.0,70.72,17400.0,0,0,1,0,0
1,0,2,31.5,0.0,70.72,17400.0,0,0,1,0,0
0,1,2,31.0,0.0,74.79,10000.0,0,0,1,0,0
1,1,2,31.0,0.0,74.79,10000.0,0,0,1,0,0
0,0,1,29.0,0.0,83.9,10000.0,0,0,0,0,0
1,0,1,29.0,0.0,83.9,10000.0,0,0,0,0,0
0,0,2,27.4,0.0,94.29,9000.0,0,0,0,0,0
1,0,2,27.4,0.0,94.29,9000.0,0,0,0,0,0
0,0,1,27.0,0.0,94.28,5000.0,1,0,0,0,0
1,0,1,27.0,0.0,94.28,5000.0,1,0,0,0,0
0,0,1,28.0,0.0,92.69,8700.0,1,0,1,0,0
1,1,1,28.0,0.0,92.69,8700.0,1,0,1,0,0
0,1,1,28.0,0.0,92.69,8700.0,1,0,1,0,0
1,1,1,28.0,0.0,92.69,8700.0,1,0,1,0,0
0,0,2,31.7,0.0,76.55,10000.0,1,0,0,0,0
1,0,2,31.7,0.0,76.55,10000.0,1,0,0,0,0
0,0,1,32.0,0.0,70.66,10000.0,1,0,0,0,0
1,0,1,32.0,0.0,70.66,10000.0,1,0,0,0,0
0,0,2,34.0,0.0,66.98,10000.0,1,0,0,0,0
1,0,2,34.0,0.0,66.98,10000.0,1,0,0,0,0
0,1,2,28.7,0.0,85.34,10000.0,1,0,1,0,0
1,0,2,28.7,0.0,85.34,10000.0,1,0,1,0,0
0,1,0,31.0,0.0,74.79,10000.0,1,0,1,0,0
1,0,0,31.0,0.0,74.79,10000.0,1,0,1,0,0
0,0,0,28.0,0.0,88.92,10000.0,1,0,0,0,0
1,0,0,28.0,0.0,88.92,10000.0,1,0,0,0,0
0,0,2,28.1,0.0,91.09,10000.0,1,0,0,0,0
1,0,2,28.1,0.0,91.09,10000.0,1,0,0,0,0
0,0,0,27.0,0.0,94.28,10000.0,2,0,0,0,0
1,0,0,27.0,0.0,94.28,10000.0,2,0,0,0,0
0,0,1,28.0,0.0,91.28,10000.0,2,0,1,0,0
1,1,1,28.0,0.0,91.28,10000.0,2,0,1,0,0
0,1,1,28.0,0.0,91.28,10000.0,2,0,1,0,0
1,1,1,28.0,0.0,91.28,10000.0,2,0,1,0,0
0,0,2,31.0,0.0,79.34,10000.0,2,0,0,0,0
1,0,2,31.0,0.0,79.34,10000.0,2,0,0,0,0
0,0,1,33.0,0.0,70.84,10000.0,2,0,0,0,0
1,0,1,33.0,0.0,70.84,10000.0,2,0,0,0,0
0,0,0,33.0,0.0,75.11,10000.0,2,0,0,0,0
1,0,0,33.0,0.0,75.11,10000.0,2,0,0,0,0
0,0,2,30.1,0.0,77.82,4100.0,2,0,1,0,0
1,0,2,30.1,0.0,77.82,4100.0,2,0,1,0,0
0,1,2,31.0,0.0,70.48,10000.0,2,0,1,0,0
1,1,2,31.0,0.0,70.48,10000.0,2,0,1,0,0
0,0,2,29.0,0.0,88.99,10000.0,2,0,0,0,0
1,0,2,29.0,0.0,88.99,10000.0,2,0,0,0,0
0,0,2,27.0,0.0,86.9,10000.0,2,0,0,0,0
1,0,2,27.0,0.0,86.9,10000.0,2,0,0,0,0
0,0,0,27.0,0.0,83.68,10000.0,3,0,0,0,0
1,0,0,27.0,0.0,83.68,10000.0,3,0,0,0,0
0,0,2,27.7,0.0,88.9,10000.0,3,0,1,0,0
1,0,2,27.7,0.0,88.9,10000.0,3,0,1,0,0
0,1,2,27.7,0.0,88.9,10000.0,3,0,1,0,0
1,1,2,27.7,0.0,88.9,10000.0,3,0,1,0,0
0,0,2,30.6,0.0,77.57,10000.0,3,0,0,0,0
1,0,2,30.6,0.0,77.57,10000.0,3,0,0,0,0
0,0,3,31.0,1.4,79.33,10000.0,3,0,0,1,0
1,0,3,31.0,1.4,79.33,10000.0,3,0,0,1,0
0,0,1,32.0,0.0,70.66,10000.0,3,0,0,0,0
1,0,1,32.0,0.0,70.66,10000.0,3,0,0,0,0
1,0,2,33.2,0.0,67.7,10000.0,3,0,1,0,0
0,1,2,33.0,0.0,66.78,10000.0,3,0,1,0,0
1,1,2,33.0,0.0,66.78,10000.0,3,0,1,0,0
0,0,0,30.0,0.0,79.2,10000.0,3,0,0,0,0
1,0,0,30.0,0.0,79.2,10000.0,3,0,0,0,0
0,0,2,28.3,0.0,88.16,10000.0,3,0,0,0,0
1,0,2,28.3,0.0,88.16,10000.0,3,0,0,0,0
0,0,1,27.0,0.0,94.28,10000.0,4,0,0,0,0
1,0,1,27.0,0.0,94.28,10000.0,4,0,0,0,0
0,0,1,28.5,0.0,89.73,10000.0,4,0,1,0,0
1,0,1,28.5,0.0,89.73,10000.0,4,0,1,0,0
0,0,1,28.5,0.0,89.73,10000.0,4,0,1,0,0
1,0,1,28.5,0.0,89.73,10000.0,4,0,1,0,0
0,0,1,27.9,0.0,86.22,9000.0,4,0,0,0,0
1,0,1,27.9,0.0,86.22,9000.0,4,0,0,0,0
0,0,1,24.0,0.0,100.0,10000.0,4,0,0,0,0
1,0,1,24.0,0.0,100.0,10000.0,4,0,0,0,0
0,0,1,25.0,0.0,100.0,10000.0,4,0,0,0,0
1,0,1,25.0,0.0,100.0,10000.0,4,0,0,0,0
0,1,1,25.8,0.0,94.86,10000.0,4,0,1,0,0
1,0,1,25.8,0.0,94.86,10000.0,4,0,1,0,0
0,1,1,25.0,0.0,100.0,10000.0,4,0,1,0,0
1,1,1,25.0,0.0,100.0,10000.0,4,0,1,0,0
0,0,0,25.0,0.0,94.19,7000.0,4,0,0,0,0
1,0,0,25.0,0.0,94.19,7000.0,4,0,0,0,0
0,0,1,25.9,0.0,93.28,10000.0,4,0,0,0,0
1,0,1,25.9,0.0,93.28,10000.0,4,0,0,0,0
1,0,1,25.0,0.0,83.45,5000.0,1,0,1,0,0
1,0,1,27.1,0.0,63.81,10000.0,0,0,1,0,0
1,0,1,26.0,0.0,65.36,10000.0,0,0,1,0,0
1,0,1,26.0,0.0,69.55,10000.0,0,0,0,0,0
1,0,1,25.0,0.0,69.36,10000.0,6,0,0,0,0
1,0,2,25.5,0.0,62.87,10000.0,6,0,1,0,0
1,0,3,24.8,32.0,93.13,4000.0,5,0,1,2,2
1,0,1,24.3,0.0,90.43,10000.0,5,0,0,0,0
1,0,1,25.0,0.0,83.45,10000.0,5,0,0,0,0
1,0,2,24.0,0.0,83.34,10000.0,5,0,0,0,0
1,0,2,25.1,0.0,77.27,10000.0,5,0,1,0,0
1,1,1,25.0,0.0,73.81,10000.0,5,0,1,0,0
1,0,1,25.8,0.0,94.86,10000.0,4,0,1,0,0
1,1,1,25.0,0.0,100.0,10000.0,4,0,1,0,0
1,0,0,25.0,0.0,94.19,7000.0,4,0,0,0,0
0,0,2,33.2,0.0,67.7,10000.0,3,0,1,0,0
1,0,0,30.0,0.0,79.2,10000.0,3,0,0,0,0
1,0,0,31.0,0.0,74.79,10000.0,1,0,1,0,0
1,0,2,31.5,0.0,70.72,17400.0,0,0,1,0,0
1,0,2,31.0,0.0,74.79,10000.0,0,0,1,0,0
1,0,1,29.0,0.0,83.9,10000.0,0,0,0,0,0
1,0,2,34.0,0.0,63.15,10000.0,6,0,0,0,0
1,0,2,33.1,0.0,64.5,10000.0,6,0,1,0,0
1,0,2,26.2,0.0,94.87,9500.0,5,0,1,0,0
1,0,2,30.5,0.0,79.26,10000.0,5,0,0,0,0
1,0,2,32.0,0.0,70.66,10000.0,5,0,0,0,0
1,0,2,32.0,0.0,70.66,10000.0,5,0,0,0,0
1,0,2,31.7,0.0,73.11,10000.0,5,0,1,0,0
1,1,2,31.0,0.0,74.79,10000.0,5,0,1,0,0
