timestamp,route_name,direction,hour_of_day,route_delay_s,is_congested,weather,temp,rain_mm,humidity,visibility,day_of_week,is_holiday
2026-05-13 03:00:00,Vinh Tuy Bridge,Inbound,3,0,0,Partially cloudy,27.0,0.0,88.83,10000.0,2,0
2026-05-13 03:00:00,Vinh Tuy Bridge,Outbound,3,0,0,Partially cloudy,27.0,0.0,88.83,10000.0,2,0
2026-05-13 07:10:00,Vinh Tuy Bridge,Inbound,7,66,0,Overcast,27.0,0.0,88.83,10000.0,2,0
2026-05-13 07:10:00,Vinh Tuy Bridge,Outbound,7,157,1,Overcast,27.0,0.0,88.83,10000.0,2,0
2026-05-13 07:30:00,Vinh Tuy Bridge,Inbound,7,96,1,Overcast,27.0,0.0,88.83,10000.0,2,0
2026-05-13 07:30:00,Vinh Tuy Bridge,Outbound,7,200,1,Overcast,27.0,0.0,88.83,10000.0,2,0
2026-05-13 10:00:00,Vinh Tuy Bridge,Inbound,10,52,0,Clear,31.0,0.0,70.47,10000.0,2,0
2026-05-13 10:00:00,Vinh Tuy Bridge,Outbound,10,57,0,Clear,31.0,0.0,70.47,10000.0,2,0
2026-05-13 12:00:00,Vinh Tuy Bridge,Inbound,12,45,0,Overcast,33.0,0.0,66.77,10000.0,2,0
2026-05-13 12:00:00,Vinh Tuy Bridge,Outbound,12,51,0,Overcast,33.0,0.0,66.77,10000.0,2,0
2026-05-13 15:00:00,Vinh Tuy Bridge,Inbound,15,54,0,Overcast,35.9,0.0,47.22,10000.0,2,0
2026-05-13 15:00:00,Vinh Tuy Bridge,Outbound,15,68,0,Overcast,35.9,0.0,47.22,10000.0,2,0
2026-05-13 16:00:00,Vinh Tuy Bridge,Inbound,16,82,0,Partially cloudy,35.0,0.0,53.0,10000.0,2,0
2026-05-13 16:00:00,Vinh Tuy Bridge,Outbound,16,104,0,Partially cloudy,35.0,0.0,53.0,10000.0,2,0
2026-05-13 17:10:00,Vinh Tuy Bridge,Inbound,17,138,1,Partially cloudy,35.9,0.0,50.15,10000.0,2,0
2026-05-13 17:10:00,Vinh Tuy Bridge,Outbound,17,156,1,Partially cloudy,35.9,0.0,50.15,10000.0,2,0
2026-05-13 20:00:00,Vinh Tuy Bridge,Inbound,20,30,0,Partially cloudy,31.0,0.0,79.32,10000.0,2,0
2026-05-13 20:00:00,Vinh Tuy Bridge,Outbound,20,41,0,Partially cloudy,31.0,0.0,79.32,10000.0,2,0
2026-05-13 22:30:00,Vinh Tuy Bridge,Inbound,22,0,0,Partially cloudy,29.0,0.0,88.99,10000.0,2,0
2026-05-13 22:30:00,Vinh Tuy Bridge,Outbound,22,0,0,Partially cloudy,29.0,0.0,88.99,10000.0,2,0
2026-05-12 03:00:00,Vinh Tuy Bridge,Inbound,3,0,0,Partially cloudy,25.0,0.0,100.0,6000.0,1,0
2026-05-12 03:00:00,Vinh Tuy Bridge,Outbound,3,0,0,Partially cloudy,25.0,0.0,100.0,6000.0,1,0
2026-05-12 07:10:00,Vinh Tuy Bridge,Inbound,7,68,0,Partially cloudy,26.0,0.0,94.23,5000.0,1,0
2026-05-12 07:10:00,Vinh Tuy Bridge,Outbound,7,155,1,Partially cloudy,26.0,0.0,94.23,5000.0,1,0
2026-05-12 07:30:00,Vinh Tuy Bridge,Inbound,7,94,1,Partially cloudy,26.0,0.0,94.23,5000.0,1,0
2026-05-12 07:30:00,Vinh Tuy Bridge,Outbound,7,204,1,Partially cloudy,26.0,0.0,94.23,5000.0,1,0
2026-05-12 10:00:00,Vinh Tuy Bridge,Inbound,10,61,0,Partially cloudy,30.0,0.0,70.28,10000.0,1,0
2026-05-12 10:00:00,Vinh Tuy Bridge,Outbound,10,53,0,Partially cloudy,30.0,0.0,70.28,10000.0,1,0
2026-05-12 12:00:00,Vinh Tuy Bridge,Inbound,12,57,0,Partially cloudy,31.0,0.0,66.37,10000.0,1,0
2026-05-12 12:00:00,Vinh Tuy Bridge,Outbound,12,45,0,Partially cloudy,31.0,0.0,66.37,10000.0,1,0
2026-05-12 15:00:00,Vinh Tuy Bridge,Inbound,15,67,0,Partially cloudy,33.0,0.1,62.92,10000.0,1,0
2026-05-12 15:00:00,Vinh Tuy Bridge,Outbound,15,56,0,Partially cloudy,33.0,0.1,62.92,10000.0,1,0
2026-05-12 16:00:00,Vinh Tuy Bridge,Inbound,16,96,1,Partially cloudy,34.0,0.0,59.49,10000.0,1,0
2026-05-12 16:00:00,Vinh Tuy Bridge,Outbound,16,79,0,Partially cloudy,34.0,0.0,59.49,10000.0,1,0
2026-05-12 17:10:00,Vinh Tuy Bridge,Inbound,17,155,1,Partially cloudy,33.0,0.0,62.92,10000.0,1,0
2026-05-12 17:10:00,Vinh Tuy Bridge,Outbound,17,130,0,Partially cloudy,33.0,0.0,62.92,10000.0,1,0
2026-05-12 20:00:00,Vinh Tuy Bridge,Inbound,20,35,0,Overcast,29.0,0.0,79.05,10000.0,1,0
2026-05-12 20:00:00,Vinh Tuy Bridge,Outbound,20,47,0,Overcast,29.0,0.0,79.05,10000.0,1,0
2026-05-12 22:30:00,Vinh Tuy Bridge,Inbound,22,0,0,Partially cloudy,28.0,0.0,83.78,10000.0,1,0
2026-05-12 22:30:00,Vinh Tuy Bridge,Outbound,22,0,0,Partially cloudy,28.0,0.0,83.78,10000.0,1,0
2026-05-11 03:00:00,Vinh Tuy Bridge,Inbound,3,0,0,Partially cloudy,24.0,0.0,94.15,7000.0,0,0
2026-05-11 03:00:00,Vinh Tuy Bridge,Outbound,3,0,0,Partially cloudy,24.0,0.0,94.15,7000.0,0,0
2026-05-11 07:10:00,Vinh Tuy Bridge,Inbound,7,139,1,Partially cloudy,25.0,0.0,88.68,5000.0,0,0
2026-05-11 07:10:00,Vinh Tuy Bridge,Outbound,7,275,1,Partially cloudy,25.0,0.0,88.68,5000.0,0,0
2026-05-11 07:30:00,Vinh Tuy Bridge,Inbound,7,178,1,Partially cloudy,25.0,0.0,88.68,5000.0,0,0
2026-05-11 07:30:00,Vinh Tuy Bridge,Outbound,7,373,1,Partially cloudy,25.0,0.0,88.68,5000.0,0,0
2026-05-11 10:00:00,Vinh Tuy Bridge,Inbound,10,45,0,Partially cloudy,28.0,0.1,78.91,6000.0,0,0
2026-05-11 10:00:00,Vinh Tuy Bridge,Outbound,10,72,0,Partially cloudy,28.0,0.1,78.91,6000.0,0,0
2026-05-11 12:00:00,Vinh Tuy Bridge,Inbound,12,33,0,"Rain, Partially cloudy",30.0,0.5,70.28,9000.0,0,0
2026-05-11 12:00:00,Vinh Tuy Bridge,Outbound,12,56,0,"Rain, Partially cloudy",30.0,0.5,70.28,9000.0,0,0
2026-05-11 15:00:00,Vinh Tuy Bridge,Inbound,15,46,0,"Rain, Partially cloudy",33.0,1.0,55.79,10000.0,0,0
2026-05-11 15:00:00,Vinh Tuy Bridge,Outbound,15,75,0,"Rain, Partially cloudy",33.0,1.0,55.79,10000.0,0,0
2026-05-11 16:00:00,Vinh Tuy Bridge,Inbound,16,76,0,"Rain, Partially cloudy",32.0,0.5,59.03,10000.0,0,0
2026-05-11 16:00:00,Vinh Tuy Bridge,Outbound,16,108,0,"Rain, Partially cloudy",32.0,0.5,59.03,10000.0,0,0
2026-05-11 17:10:00,Vinh Tuy Bridge,Inbound,17,132,1,Partially cloudy,30.0,0.2,70.28,10000.0,0,0
2026-05-11 17:10:00,Vinh Tuy Bridge,Outbound,17,165,1,Partially cloudy,30.0,0.2,70.28,10000.0,0,0
2026-05-11 20:00:00,Vinh Tuy Bridge,Inbound,20,23,0,Clear,28.0,0.0,83.78,10000.0,0,0
2026-05-11 20:00:00,Vinh Tuy Bridge,Outbound,20,59,0,Clear,28.0,0.0,83.78,10000.0,0,0
2026-05-11 22:30:00,Vinh Tuy Bridge,Inbound,22,0,0,Clear,27.0,0.0,83.67,10000.0,0,0
2026-05-11 22:30:00,Vinh Tuy Bridge,Outbound,22,0,0,Clear,27.0,0.0,83.67,10000.0,0,0
2026-05-10 03:00:00,Vinh Tuy Bridge,Inbound,3,0,0,Overcast,24.0,0.0,83.33,10000.0,6,0
2026-05-10 03:00:00,Vinh Tuy Bridge,Outbound,3,0,0,Overcast,24.0,0.0,83.33,10000.0,6,0
2026-05-10 07:10:00,Vinh Tuy Bridge,Inbound,7,17,0,Overcast,24.0,0.0,88.6,6000.0,6,0
2026-05-10 07:10:00,Vinh Tuy Bridge,Outbound,7,20,0,Overcast,24.0,0.0,88.6,6000.0,6,0
2026-05-10 07:30:00,Vinh Tuy Bridge,Inbound,7,24,0,Overcast,24.0,0.0,88.6,6000.0,6,0
2026-05-10 07:30:00,Vinh Tuy Bridge,Outbound,7,27,0,Overcast,24.0,0.0,88.6,6000.0,6,0
2026-05-10 10:00:00,Vinh Tuy Bridge,Inbound,10,34,0,Overcast,27.0,0.0,65.55,10000.0,6,0
2026-05-10 10:00:00,Vinh Tuy Bridge,Outbound,10,44,0,Overcast,27.0,0.0,65.55,10000.0,6,0
2026-05-10 12:00:00,Vinh Tuy Bridge,Inbound,12,43,0,Overcast,27.0,0.0,65.55,10000.0,6,0
2026-05-10 12:00:00,Vinh Tuy Bridge,Outbound,12,58,0,Overcast,27.0,0.0,65.55,10000.0,6,0
2026-05-10 15:00:00,Vinh Tuy Bridge,Inbound,15,66,0,Partially cloudy,28.0,0.0,69.91,10000.0,6,0
2026-05-10 15:00:00,Vinh Tuy Bridge,Outbound,15,87,0,Partially cloudy,28.0,0.0,69.91,10000.0,6,0
2026-05-10 16:00:00,Vinh Tuy Bridge,Inbound,16,92,1,Partially cloudy,27.0,0.0,78.77,9000.0,6,0
2026-05-10 16:00:00,Vinh Tuy Bridge,Outbound,16,115,0,Partially cloudy,27.0,0.0,78.77,9000.0,6,0
2026-05-10 17:10:00,Vinh Tuy Bridge,Inbound,17,96,1,Partially cloudy,27.0,0.0,78.77,9000.0,6,0
2026-05-10 17:10:00,Vinh Tuy Bridge,Outbound,17,149,1,Partially cloudy,27.0,0.0,78.77,9000.0,6,0
2026-05-10 20:00:00,Vinh Tuy Bridge,Inbound,20,24,0,Overcast,26.0,0.0,78.63,10000.0,6,0
2026-05-10 20:00:00,Vinh Tuy Bridge,Outbound,20,62,0,Overcast,26.0,0.0,78.63,10000.0,6,0
2026-05-10 22:30:00,Vinh Tuy Bridge,Inbound,22,0,0,"Rain, Partially cloudy",25.0,0.5,88.68,10000.0,6,0
2026-05-10 22:30:00,Vinh Tuy Bridge,Outbound,22,0,0,"Rain, Partially cloudy",25.0,0.5,88.68,10000.0,6,0
2026-05-09 03:00:00,Vinh Tuy Bridge,Inbound,3,0,0,Overcast,25.0,0.1,88.68,10000.0,5,0
2026-05-09 03:00:00,Vinh Tuy Bridge,Outbound,3,0,0,Overcast,25.0,0.1,88.68,10000.0,5,0
2026-05-09 07:10:00,Vinh Tuy Bridge,Inbound,7,48,0,Partially cloudy,26.0,0.1,69.54,10000.0,5,0
2026-05-09 07:10:00,Vinh Tuy Bridge,Outbound,7,51,0,Partially cloudy,26.0,0.1,69.54,10000.0,5,0
2026-05-09 07:30:00,Vinh Tuy Bridge,Inbound,7,75,0,Partially cloudy,26.0,0.1,69.54,10000.0,5,0
2026-05-09 07:30:00,Vinh Tuy Bridge,Outbound,7,73,0,Partially cloudy,26.0,0.1,69.54,10000.0,5,0
2026-05-09 10:00:00,Vinh Tuy Bridge,Inbound,10,134,1,Partially cloudy,27.0,0.2,65.55,10000.0,5,0
2026-05-09 10:00:00,Vinh Tuy Bridge,Outbound,10,120,0,Partially cloudy,27.0,0.2,65.55,10000.0,5,0
2026-05-09 12:00:00,Vinh Tuy Bridge,Inbound,12,148,1,"Rain, Overcast",26.0,0.7,69.54,10000.0,5,0
2026-05-09 12:00:00,Vinh Tuy Bridge,Outbound,12,127,0,"Rain, Overcast",26.0,0.7,69.54,10000.0,5,0
2026-05-09 15:00:00,Vinh Tuy Bridge,Inbound,15,174,1,Overcast,27.0,0.1,74.13,10000.0,5,0
2026-05-09 15:00:00,Vinh Tuy Bridge,Outbound,15,145,0,Overcast,27.0,0.1,74.13,10000.0,5,0
2026-05-09 16:00:00,Vinh Tuy Bridge,Inbound,16,219,1,Overcast,27.0,0.0,74.13,10000.0,5,0
2026-05-09 16:00:00,Vinh Tuy Bridge,Outbound,16,193,1,Overcast,27.0,0.0,74.13,10000.0,5,0
2026-05-09 17:10:00,Vinh Tuy Bridge,Inbound,17,250,1,Overcast,26.0,0.0,78.63,10000.0,5,0
2026-05-09 17:10:00,Vinh Tuy Bridge,Outbound,17,232,1,Overcast,26.0,0.0,78.63,10000.0,5,0
2026-05-09 20:00:00,Vinh Tuy Bridge,Inbound,20,55,0,Overcast,25.0,0.0,83.45,9000.0,5,0
2026-05-09 20:00:00,Vinh Tuy Bridge,Outbound,20,68,0,Overcast,25.0,0.0,83.45,9000.0,5,0
2026-05-09 22:30:00,Vinh Tuy Bridge,Inbound,22,0,0,Partially cloudy,25.0,0.0,88.68,7000.0,5,0
2026-05-09 22:30:00,Vinh Tuy Bridge,Outbound,22,0,0,Partially cloudy,25.0,0.0,88.68,7000.0,5,0
2026-05-08 03:00:00,Vinh Tuy Bridge,Inbound,3,0,0,Partially cloudy,23.0,0.2,100.0,7000.0,4,0
2026-05-08 03:00:00,Vinh Tuy Bridge,Outbound,3,0,0,Partially cloudy,23.0,0.2,100.0,7000.0,4,0
2026-05-08 07:10:00,Vinh Tuy Bridge,Inbound,7,46,0,"Rain, Partially cloudy",24.0,7.9,94.15,3000.0,4,0
2026-05-08 07:10:00,Vinh Tuy Bridge,Outbound,7,67,0,"Rain, Partially cloudy",24.0,7.9,94.15,3000.0,4,0
2026-05-08 07:30:00,Vinh Tuy Bridge,Inbound,7,68,0,"Rain, Partially cloudy",24.0,7.9,94.15,3000.0,4,0
2026-05-08 07:30:00,Vinh Tuy Bridge,Outbound,7,94,0,"Rain, Partially cloudy",24.0,7.9,94.15,3000.0,4,0
2026-05-08 10:00:00,Vinh Tuy Bridge,Inbound,10,49,0,Partially cloudy,27.0,0.1,88.83,9000.0,4,0
2026-05-08 10:00:00,Vinh Tuy Bridge,Outbound,10,55,0,Partially cloudy,27.0,0.1,88.83,9000.0,4,0
2026-05-08 12:00:00,Vinh Tuy Bridge,Inbound,12,55,0,Overcast,27.0,0.0,88.83,7000.0,4,0
2026-05-08 12:00:00,Vinh Tuy Bridge,Outbound,12,51,0,Overcast,27.0,0.0,88.83,7000.0,4,0
2026-05-08 15:00:00,Vinh Tuy Bridge,Inbound,15,80,0,Partially cloudy,30.0,0.1,66.17,10000.0,4,0
2026-05-08 15:00:00,Vinh Tuy Bridge,Outbound,15,73,0,Partially cloudy,30.0,0.1,66.17,10000.0,4,0
2026-05-08 16:00:00,Vinh Tuy Bridge,Inbound,16,140,1,Partially cloudy,30.0,0.0,66.17,10000.0,4,0
2026-05-08 16:00:00,Vinh Tuy Bridge,Outbound,16,137,0,Partially cloudy,30.0,0.0,66.17,10000.0,4,0
2026-05-08 17:10:00,Vinh Tuy Bridge,Inbound,17,255,1,Overcast,29.0,0.0,70.1,10000.0,4,0
2026-05-08 17:10:00,Vinh Tuy Bridge,Outbound,17,273,1,Overcast,29.0,0.0,70.1,10000.0,4,0
2026-05-08 20:00:00,Vinh Tuy Bridge,Inbound,20,77,0,Overcast,27.0,0.0,78.77,10000.0,4,0
2026-05-08 20:00:00,Vinh Tuy Bridge,Outbound,20,67,0,Overcast,27.0,0.0,78.77,10000.0,4,0
2026-05-08 22:30:00,Vinh Tuy Bridge,Inbound,22,0,0,Partially cloudy,26.0,0.2,83.56,10000.0,4,0
2026-05-08 22:30:00,Vinh Tuy Bridge,Outbound,22,0,0,Partially cloudy,26.0,0.2,83.56,10000.0,4,0
2026-05-07 03:00:00,Vinh Tuy Bridge,Inbound,3,0,0,Overcast,26.0,0.0,94.23,10000.0,3,0
2026-05-07 03:00:00,Vinh Tuy Bridge,Outbound,3,0,0,Overcast,26.0,0.0,94.23,10000.0,3,0
2026-05-07 07:10:00,Vinh Tuy Bridge,Inbound,7,63,0,Overcast,27.0,0.1,88.83,9000.0,3,0
2026-05-07 07:10:00,Vinh Tuy Bridge,Outbound,7,140,0,Overcast,27.0,0.1,88.83,9000.0,3,0
2026-05-07 07:30:00,Vinh Tuy Bridge,Inbound,7,97,1,Overcast,27.0,0.1,88.83,9000.0,3,0
2026-05-07 07:30:00,Vinh Tuy Bridge,Outbound,7,180,1,Overcast,27.0,0.1,88.83,9000.0,3,0
2026-05-07 10:00:00,Vinh Tuy Bridge,Inbound,10,46,0,Partially cloudy,29.0,0.2,79.05,10000.0,3,0
2026-05-07 10:00:00,Vinh Tuy Bridge,Outbound,10,55,0,Partially cloudy,29.0,0.2,79.05,10000.0,3,0
2026-05-07 12:00:00,Vinh Tuy Bridge,Inbound,12,36,0,"Rain, Overcast",29.0,0.5,79.05,10000.0,3,0
2026-05-07 12:00:00,Vinh Tuy Bridge,Outbound,12,48,0,"Rain, Overcast",29.0,0.5,79.05,10000.0,3,0
2026-05-07 15:00:00,Vinh Tuy Bridge,Inbound,15,46,0,"Rain, Partially cloudy",32.0,0.3,66.57,10000.0,3,0
2026-05-07 15:00:00,Vinh Tuy Bridge,Outbound,15,61,0,"Rain, Partially cloudy",32.0,0.3,66.57,10000.0,3,0
2026-05-07 16:00:00,Vinh Tuy Bridge,Inbound,16,74,0,Partially cloudy,32.0,0.1,70.65,10000.0,3,0
2026-05-07 16:00:00,Vinh Tuy Bridge,Outbound,16,88,0,Partially cloudy,32.0,0.1,70.65,10000.0,3,0
2026-05-07 17:10:00,Vinh Tuy Bridge,Inbound,17,131,1,Partially cloudy,30.0,0.1,79.19,10000.0,3,0
2026-05-07 17:10:00,Vinh Tuy Bridge,Outbound,17,154,1,Partially cloudy,30.0,0.1,79.19,10000.0,3,0
2026-05-07 20:00:00,Vinh Tuy Bridge,Inbound,20,26,0,Partially cloudy,28.0,0.1,83.78,10000.0,3,0
2026-05-07 20:00:00,Vinh Tuy Bridge,Outbound,20,52,0,Partially cloudy,28.0,0.1,83.78,10000.0,3,0
2026-05-07 22:30:00,Vinh Tuy Bridge,Inbound,22,0,0,"Rain, Partially cloudy",28.0,0.6,83.78,10000.0,3,0
2026-05-07 22:30:00,Vinh Tuy Bridge,Outbound,22,0,0,"Rain, Partially cloudy",28.0,0.6,83.78,10000.0,3,0
2026-05-06 03:00:00,Vinh Tuy Bridge,Inbound,3,0,0,Partially cloudy,24.0,0.0,94.15,6000.0,2,0
2026-05-06 03:00:00,Vinh Tuy Bridge,Outbound,3,0,0,Partially cloudy,24.0,0.0,94.15,6000.0,2,0
2026-05-06 07:10:00,Vinh Tuy Bridge,Inbound,7,66,0,Overcast,25.0,0.0,94.19,6000.0,2,0
2026-05-06 07:10:00,Vinh Tuy Bridge,Outbound,7,157,1,Overcast,25.0,0.0,94.19,6000.0,2,0
2026-05-06 07:30:00,Vinh Tuy Bridge,Inbound,7,96,1,Overcast,25.0,0.0,94.19,6000.0,2,0
2026-05-06 07:30:00,Vinh Tuy Bridge,Outbound,7,200,1,Overcast,25.0,0.0,94.19,6000.0,2,0
2026-05-06 10:00:00,Vinh Tuy Bridge,Inbound,10,52,0,Overcast,28.0,0.0,74.29,10000.0,2,0
2026-05-06 10:00:00,Vinh Tuy Bridge,Outbound,10,57,0,Overcast,28.0,0.0,74.29,10000.0,2,0
2026-05-06 12:00:00,Vinh Tuy Bridge,Inbound,12,45,0,Partially cloudy,31.0,0.0,66.37,10000.0,2,0
2026-05-06 12:00:00,Vinh Tuy Bridge,Outbound,12,51,0,Partially cloudy,31.0,0.0,66.37,10000.0,2,0
2026-05-06 15:00:00,Vinh Tuy Bridge,Inbound,15,54,0,Partially cloudy,31.0,0.0,66.37,10000.0,2,0
2026-05-06 15:00:00,Vinh Tuy Bridge,Outbound,15,68,0,Partially cloudy,31.0,0.0,66.37,10000.0,2,0
2026-05-06 16:00:00,Vinh Tuy Bridge,Inbound,16,82,0,Partially cloudy,30.0,0.0,70.28,10000.0,2,0
2026-05-06 16:00:00,Vinh Tuy Bridge,Outbound,16,104,0,Partially cloudy,30.0,0.0,70.28,10000.0,2,0
2026-05-06 17:10:00,Vinh Tuy Bridge,Inbound,17,138,1,Partially cloudy,30.0,0.0,70.28,10000.0,2,0
2026-05-06 17:10:00,Vinh Tuy Bridge,Outbound,17,156,1,Partially cloudy,30.0,0.0,70.28,10000.0,2,0
2026-05-06 20:00:00,Vinh Tuy Bridge,Inbound,20,30,0,Partially cloudy,27.0,0.0,83.67,10000.0,2,0
2026-05-06 20:00:00,Vinh Tuy Bridge,Outbound,20,41,0,Partially cloudy,27.0,0.0,83.67,10000.0,2,0
2026-05-06 22:30:00,Vinh Tuy Bridge,Inbound,22,0,0,Overcast,27.0,0.0,83.67,10000.0,2,0
2026-05-06 22:30:00,Vinh Tuy Bridge,Outbound,22,0,0,Overcast,27.0,0.0,83.67,10000.0,2,0
2026-05-05 03:00:00,Vinh Tuy Bridge,Inbound,3,0,0,Partially cloudy,23.0,0.0,83.22,10000.0,1,0
2026-05-05 03:00:00,Vinh Tuy Bridge,Outbound,3,0,0,Partially cloudy,23.0,0.0,83.22,10000.0,1,0
2026-05-05 07:10:00,Vinh Tuy Bridge,Inbound,7,68,0,Overcast,24.0,0.0,78.35,6000.0,1,0
2026-05-05 07:10:00,Vinh Tuy Bridge,Outbound,7,155,1,Overcast,24.0,0.0,78.35,6000.0,1,0
2026-05-05 07:30:00,Vinh Tuy Bridge,Inbound,7,94,1,Overcast,24.0,0.0,78.35,6000.0,1,0
2026-05-05 07:30:00,Vinh Tuy Bridge,Outbound,7,204,1,Overcast,24.0,0.0,78.35,6000.0,1,0
2026-05-05 10:00:00,Vinh Tuy Bridge,Inbound,10,61,0,Partially cloudy,28.0,0.0,65.76,10000.0,1,0
2026-05-05 10:00:00,Vinh Tuy Bridge,Outbound,10,53,0,Partially cloudy,28.0,0.0,65.76,10000.0,1,0
2026-05-05 12:00:00,Vinh Tuy Bridge,Inbound,12,57,0,Partially cloudy,30.0,0.0,58.57,10000.0,1,0
2026-05-05 12:00:00,Vinh Tuy Bridge,Outbound,12,45,0,Partially cloudy,30.0,0.0,58.57,10000.0,1,0
2026-05-05 15:00:00,Vinh Tuy Bridge,Inbound,15,67,0,Partially cloudy,31.0,0.0,55.31,10000.0,1,0
2026-05-05 15:00:00,Vinh Tuy Bridge,Outbound,15,56,0,Partially cloudy,31.0,0.0,55.31,10000.0,1,0
2026-05-05 16:00:00,Vinh Tuy Bridge,Inbound,16,96,1,Partially cloudy,31.0,0.0,58.8,10000.0,1,0
2026-05-05 16:00:00,Vinh Tuy Bridge,Outbound,16,79,0,Partially cloudy,31.0,0.0,58.8,10000.0,1,0
2026-05-05 17:10:00,Vinh Tuy Bridge,Inbound,17,155,1,Partially cloudy,31.0,0.0,55.31,10000.0,1,0
2026-05-05 17:10:00,Vinh Tuy Bridge,Outbound,17,130,0,Partially cloudy,31.0,0.0,55.31,10000.0,1,0
2026-05-05 20:00:00,Vinh Tuy Bridge,Inbound,20,35,0,Partially cloudy,28.0,0.0,69.91,10000.0,1,0
2026-05-05 20:00:00,Vinh Tuy Bridge,Outbound,20,47,0,Partially cloudy,28.0,0.0,69.91,10000.0,1,0
2026-05-05 22:30:00,Vinh Tuy Bridge,Inbound,22,0,0,Partially cloudy,26.0,0.0,78.63,10000.0,1,0
2026-05-05 22:30:00,Vinh Tuy Bridge,Outbound,22,0,0,Partially cloudy,26.0,0.0,78.63,10000.0,1,0
2026-05-04 03:00:00,Vinh Tuy Bridge,Inbound,3,0,0,"Rain, Partially cloudy",19.0,2.2,93.93,5000.0,0,0
2026-05-04 03:00:00,Vinh Tuy Bridge,Outbound,3,0,0,"Rain, Partially cloudy",19.0,2.2,93.93,5000.0,0,0
2026-05-04 07:10:00,Vinh Tuy Bridge,Inbound,7,139,1,"Rain, Partially cloudy",21.0,0.4,77.91,10000.0,0,0
2026-05-04 07:10:00,Vinh Tuy Bridge,Outbound,7,275,1,"Rain, Partially cloudy",21.0,0.4,77.91,10000.0,0,0
2026-05-04 07:30:00,Vinh Tuy Bridge,Inbound,7,178,1,"Rain, Partially cloudy",21.0,0.4,77.91,10000.0,0,0
2026-05-04 07:30:00,Vinh Tuy Bridge,Outbound,7,373,1,"Rain, Partially cloudy",21.0,0.4,77.91,10000.0,0,0
2026-05-04 10:00:00,Vinh Tuy Bridge,Inbound,10,45,0,Partially cloudy,24.0,0.0,69.15,10000.0,0,0
2026-05-04 10:00:00,Vinh Tuy Bridge,Outbound,10,72,0,Partially cloudy,24.0,0.0,69.15,10000.0,0,0
2026-05-04 12:00:00,Vinh Tuy Bridge,Inbound,12,33,0,Overcast,27.0,0.0,50.97,10000.0,0,0
2026-05-04 12:00:00,Vinh Tuy Bridge,Outbound,12,56,0,Overcast,27.0,0.0,50.97,10000.0,0,0
2026-05-04 15:00:00,Vinh Tuy Bridge,Inbound,15,46,0,Overcast,29.0,0.0,51.49,10000.0,0,0
2026-05-04 15:00:00,Vinh Tuy Bridge,Outbound,15,75,0,Overcast,29.0,0.0,51.49,10000.0,0,0
2026-05-04 16:00:00,Vinh Tuy Bridge,Inbound,16,76,0,Partially cloudy,28.0,0.0,54.57,10000.0,0,0
2026-05-04 16:00:00,Vinh Tuy Bridge,Outbound,16,108,0,Partially cloudy,28.0,0.0,54.57,10000.0,0,0
2026-05-04 17:10:00,Vinh Tuy Bridge,Inbound,17,132,1,Partially cloudy,28.0,0.0,58.1,10000.0,0,0
2026-05-04 17:10:00,Vinh Tuy Bridge,Outbound,17,165,1,Partially cloudy,28.0,0.0,58.1,10000.0,0,0
2026-05-04 20:00:00,Vinh Tuy Bridge,Inbound,20,23,0,Partially cloudy,26.0,0.0,69.54,10000.0,0,0
2026-05-04 20:00:00,Vinh Tuy Bridge,Outbound,20,59,0,Partially cloudy,26.0,0.0,69.54,10000.0,0,0
2026-05-04 22:30:00,Vinh Tuy Bridge,Inbound,22,0,0,Partially cloudy,25.0,0.0,73.79,10000.0,0,0
2026-05-04 22:30:00,Vinh Tuy Bridge,Outbound,22,0,0,Partially cloudy,25.0,0.0,73.79,10000.0,0,0
2026-05-03 03:00:00,Vinh Tuy Bridge,Inbound,3,0,0,Partially cloudy,23.0,0.0,94.1,9000.0,6,0
2026-05-03 03:00:00,Vinh Tuy Bridge,Outbound,3,0,0,Partially cloudy,23.0,0.0,94.1,9000.0,6,0
2026-05-03 07:10:00,Vinh Tuy Bridge,Inbound,7,17,0,Overcast,23.0,0.0,94.1,4000.0,6,0
2026-05-03 07:10:00,Vinh Tuy Bridge,Outbound,7,20,0,Overcast,23.0,0.0,94.1,4000.0,6,0
2026-05-03 07:30:00,Vinh Tuy Bridge,Inbound,7,24,0,Overcast,23.0,0.0,94.1,4000.0,6,0
2026-05-03 07:30:00,Vinh Tuy Bridge,Outbound,7,27,0,Overcast,23.0,0.0,94.1,4000.0,6,0
2026-05-03 10:00:00,Vinh Tuy Bridge,Inbound,10,34,0,"Rain, Overcast",24.0,0.3,94.15,5000.0,6,0
2026-05-03 10:00:00,Vinh Tuy Bridge,Outbound,10,44,0,"Rain, Overcast",24.0,0.3,94.15,5000.0,6,0
2026-05-03 12:00:00,Vinh Tuy Bridge,Inbound,12,43,0,"Rain, Partially cloudy",25.0,0.7,94.19,10000.0,6,0
2026-05-03 12:00:00,Vinh Tuy Bridge,Outbound,12,58,0,"Rain, Partially cloudy",25.0,0.7,94.19,10000.0,6,0
2026-05-03 15:00:00,Vinh Tuy Bridge,Inbound,15,66,0,"Rain, Partially cloudy",28.0,3.3,74.29,10000.0,6,0
2026-05-03 15:00:00,Vinh Tuy Bridge,Outbound,15,87,0,"Rain, Partially cloudy",28.0,3.3,74.29,10000.0,6,0
2026-05-03 16:00:00,Vinh Tuy Bridge,Inbound,16,92,1,Partially cloudy,28.0,0.2,74.29,10000.0,6,0
2026-05-03 16:00:00,Vinh Tuy Bridge,Outbound,16,115,0,Partially cloudy,28.0,0.2,74.29,10000.0,6,0
2026-05-03 17:10:00,Vinh Tuy Bridge,Inbound,17,96,1,Partially cloudy,28.0,0.1,74.29,10000.0,6,0
2026-05-03 17:10:00,Vinh Tuy Bridge,Outbound,17,149,1,Partially cloudy,28.0,0.1,74.29,10000.0,6,0
2026-05-03 20:00:00,Vinh Tuy Bridge,Inbound,20,24,0,"Rain, Overcast",24.0,2.3,83.33,10000.0,6,0
2026-05-03 20:00:00,Vinh Tuy Bridge,Outbound,20,62,0,"Rain, Overcast",24.0,2.3,83.33,10000.0,6,0
2026-05-03 22:30:00,Vinh Tuy Bridge,Inbound,22,0,0,"Rain, Overcast",23.0,1.9,83.22,10000.0,6,0
2026-05-03 22:30:00,Vinh Tuy Bridge,Outbound,22,0,0,"Rain, Overcast",23.0,1.9,83.22,10000.0,6,0
2026-05-02 03:00:00,Vinh Tuy Bridge,Inbound,3,0,0,Partially cloudy,24.0,0.0,88.6,10000.0,5,0
2026-05-02 03:00:00,Vinh Tuy Bridge,Outbound,3,0,0,Partially cloudy,24.0,0.0,88.6,10000.0,5,0
2026-05-02 07:10:00,Vinh Tuy Bridge,Inbound,7,48,0,Overcast,25.0,0.0,88.68,7000.0,5,0
2026-05-02 07:10:00,Vinh Tuy Bridge,Outbound,7,51,0,Overcast,25.0,0.0,88.68,7000.0,5,0
2026-05-02 07:30:00,Vinh Tuy Bridge,Inbound,7,75,0,Overcast,25.0,0.0,88.68,7000.0,5,0
2026-05-02 07:30:00,Vinh Tuy Bridge,Outbound,7,73,0,Overcast,25.0,0.0,88.68,7000.0,5,0
2026-05-02 10:00:00,Vinh Tuy Bridge,Inbound,10,134,1,Partially cloudy,29.0,0.0,65.97,10000.0,5,0
2026-05-02 10:00:00,Vinh Tuy Bridge,Outbound,10,120,0,Partially cloudy,29.0,0.0,65.97,10000.0,5,0
2026-05-02 12:00:00,Vinh Tuy Bridge,Inbound,12,148,1,Partially cloudy,30.0,0.0,66.17,10000.0,5,0
2026-05-02 12:00:00,Vinh Tuy Bridge,Outbound,12,127,0,Partially cloudy,30.0,0.0,66.17,10000.0,5,0
2026-05-02 15:00:00,Vinh Tuy Bridge,Inbound,15,174,1,Partially cloudy,31.0,0.0,66.37,10000.0,5,0
2026-05-02 15:00:00,Vinh Tuy Bridge,Outbound,15,145,0,Partially cloudy,31.0,0.0,66.37,10000.0,5,0
2026-05-02 16:00:00,Vinh Tuy Bridge,Inbound,16,219,1,Partially cloudy,31.0,0.2,66.37,10000.0,5,0
2026-05-02 16:00:00,Vinh Tuy Bridge,Outbound,16,193,1,Partially cloudy,31.0,0.2,66.37,10000.0,5,0
2026-05-02 17:10:00,Vinh Tuy Bridge,Inbound,17,250,1,Partially cloudy,30.0,0.0,70.28,10000.0,5,0
2026-05-02 17:10:00,Vinh Tuy Bridge,Outbound,17,232,1,Partially cloudy,30.0,0.0,70.28,10000.0,5,0
2026-05-02 20:00:00,Vinh Tuy Bridge,Inbound,20,55,0,Partially cloudy,26.0,0.0,94.23,10000.0,5,0
2026-05-02 20:00:00,Vinh Tuy Bridge,Outbound,20,68,0,Partially cloudy,26.0,0.0,94.23,10000.0,5,0
2026-05-02 22:30:00,Vinh Tuy Bridge,Inbound,22,0,0,Partially cloudy,24.0,0.0,94.15,10000.0,5,0
2026-05-02 22:30:00,Vinh Tuy Bridge,Outbound,22,0,0,Partially cloudy,24.0,0.0,94.15,10000.0,5,0
2026-05-01 03:00:00,Vinh Tuy Bridge,Inbound,3,0,0,Partially cloudy,22.0,0.0,88.43,10000.0,4,1
2026-05-01 03:00:00,Vinh Tuy Bridge,Outbound,3,0,0,Partially cloudy,22.0,0.0,88.43,10000.0,4,1
2026-05-01 07:10:00,Vinh Tuy Bridge,Inbound,7,46,0,Partially cloudy,23.0,0.0,83.22,10000.0,4,1
2026-05-01 07:10:00,Vinh Tuy Bridge,Outbound,7,67,0,Partially cloudy,23.0,0.0,83.22,10000.0,4,1
2026-05-01 07:30:00,Vinh Tuy Bridge,Inbound,7,68,0,Partially cloudy,23.0,0.0,83.22,10000.0,4,1
2026-05-01 07:30:00,Vinh Tuy Bridge,Outbound,7,94,0,Partially cloudy,23.0,0.0,83.22,10000.0,4,1
2026-05-01 10:00:00,Vinh Tuy Bridge,Inbound,10,49,0,Partially cloudy,27.0,0.0,61.6,10000.0,4,1
2026-05-01 10:00:00,Vinh Tuy Bridge,Outbound,10,55,0,Partially cloudy,27.0,0.0,61.6,10000.0,4,1
2026-05-01 12:00:00,Vinh Tuy Bridge,Inbound,12,55,0,Partially cloudy,28.0,0.0,58.1,10000.0,4,1
2026-05-01 12:00:00,Vinh Tuy Bridge,Outbound,12,51,0,Partially cloudy,28.0,0.0,58.1,10000.0,4,1
2026-05-01 15:00:00,Vinh Tuy Bridge,Inbound,15,80,0,Partially cloudy,29.0,0.0,58.34,10000.0,4,1
2026-05-01 15:00:00,Vinh Tuy Bridge,Outbound,15,73,0,Partially cloudy,29.0,0.0,58.34,10000.0,4,1
2026-05-01 16:00:00,Vinh Tuy Bridge,Inbound,16,140,1,Partially cloudy,29.0,0.0,58.34,10000.0,4,1
2026-05-01 16:00:00,Vinh Tuy Bridge,Outbound,16,137,0,Partially cloudy,29.0,0.0,58.34,10000.0,4,1
2026-05-01 17:10:00,Vinh Tuy Bridge,Inbound,17,255,1,Partially cloudy,28.0,0.0,65.76,10000.0,4,1
2026-05-01 17:10:00,Vinh Tuy Bridge,Outbound,17,273,1,Partially cloudy,28.0,0.0,65.76,10000.0,4,1
2026-05-01 20:00:00,Vinh Tuy Bridge,Inbound,20,77,0,Partially cloudy,25.0,0.0,78.49,10000.0,4,1
2026-05-01 20:00:00,Vinh Tuy Bridge,Outbound,20,67,0,Partially cloudy,25.0,0.0,78.49,10000.0,4,1
2026-05-01 22:30:00,Vinh Tuy Bridge,Inbound,22,0,0,Partially cloudy,25.0,0.0,83.45,10000.0,4,1
2026-05-01 22:30:00,Vinh Tuy Bridge,Outbound,22,0,0,Partially cloudy,25.0,0.0,83.45,10000.0,4,1
2026-04-30 03:00:00,Vinh Tuy Bridge,Inbound,3,0,0,Clear,23.0,0.0,68.97,10000.0,3,1
2026-04-30 03:00:00,Vinh Tuy Bridge,Outbound,3,0,0,Clear,23.0,0.0,68.97,10000.0,3,1
2026-04-30 07:10:00,Vinh Tuy Bridge,Inbound,7,63,0,Clear,23.0,0.0,60.7,10000.0,3,1
2026-04-30 07:10:00,Vinh Tuy Bridge,Outbound,7,140,0,Clear,23.0,0.0,60.7,10000.0,3,1
2026-04-30 07:30:00,Vinh Tuy Bridge,Inbound,7,97,1,Clear,23.0,0.0,60.7,10000.0,3,1
2026-04-30 07:30:00,Vinh Tuy Bridge,Outbound,7,180,1,Clear,23.0,0.0,60.7,10000.0,3,1
2026-04-30 10:00:00,Vinh Tuy Bridge,Inbound,10,46,0,Clear,26.4,0.0,46.25,10000.0,3,1
2026-04-30 10:00:00,Vinh Tuy Bridge,Outbound,10,55,0,Clear,26.4,0.0,46.25,10000.0,3,1
2026-04-30 12:00:00,Vinh Tuy Bridge,Inbound,12,36,0,Clear,27.0,0.0,50.99,10000.0,3,1
2026-04-30 12:00:00,Vinh Tuy Bridge,Outbound,12,48,0,Clear,27.0,0.0,50.99,10000.0,3,1
2026-04-30 15:00:00,Vinh Tuy Bridge,Inbound,15,46,0,Clear,28.0,0.0,51.25,10000.0,3,1
2026-04-30 15:00:00,Vinh Tuy Bridge,Outbound,15,61,0,Clear,28.0,0.0,51.25,10000.0,3,1
2026-04-30 16:00:00,Vinh Tuy Bridge,Inbound,16,74,0,Clear,28.3,0.0,48.14,10000.0,3,1
2026-04-30 16:00:00,Vinh Tuy Bridge,Outbound,16,88,0,Clear,28.3,0.0,48.14,10000.0,3,1
2026-04-30 17:10:00,Vinh Tuy Bridge,Inbound,17,131,1,Clear,28.0,0.0,48.09,10000.0,3,1
2026-04-30 17:10:00,Vinh Tuy Bridge,Outbound,17,154,1,Clear,28.0,0.0,48.09,10000.0,3,1
2026-04-30 20:00:00,Vinh Tuy Bridge,Inbound,20,26,0,Clear,26.0,0.0,57.63,10000.0,3,1
2026-04-30 20:00:00,Vinh Tuy Bridge,Outbound,20,52,0,Clear,26.0,0.0,57.63,10000.0,3,1
2026-04-30 22:30:00,Vinh Tuy Bridge,Inbound,22,0,0,Clear,25.0,0.0,69.36,10000.0,3,1
2026-04-30 22:30:00,Vinh Tuy Bridge,Outbound,22,0,0,Clear,25.0,0.0,69.36,10000.0,3,1
2026-04-29 03:00:00,Vinh Tuy Bridge,Inbound,3,0,0,Rain,26.0,2.1,88.76,7000.0,2,0
2026-04-29 03:00:00,Vinh Tuy Bridge,Outbound,3,0,0,Rain,26.0,2.1,88.76,7000.0,2,0
2026-04-29 07:10:00,Vinh Tuy Bridge,Inbound,7,66,0,Clear,22.5,0.0,79.83,10000.0,2,0
2026-04-29 07:10:00,Vinh Tuy Bridge,Outbound,7,157,1,Clear,22.5,0.0,79.83,10000.0,2,0
2026-04-29 07:30:00,Vinh Tuy Bridge,Inbound,7,96,1,Clear,22.5,0.0,79.83,10000.0,2,0
2026-04-29 07:30:00,Vinh Tuy Bridge,Outbound,7,200,1,Clear,22.5,0.0,79.83,10000.0,2,0
2026-04-29 10:00:00,Vinh Tuy Bridge,Inbound,10,52,0,Clear,23.4,0.0,75.05,10000.0,2,0
2026-04-29 10:00:00,Vinh Tuy Bridge,Outbound,10,57,0,Clear,23.4,0.0,75.05,10000.0,2,0
2026-04-29 12:00:00,Vinh Tuy Bridge,Inbound,12,45,0,Partially cloudy,26.0,0.0,69.55,10000.0,2,0
2026-04-29 12:00:00,Vinh Tuy Bridge,Outbound,12,51,0,Partially cloudy,26.0,0.0,69.55,10000.0,2,0
2026-04-29 15:00:00,Vinh Tuy Bridge,Inbound,15,54,0,Partially cloudy,29.0,0.0,54.83,10000.0,2,0
2026-04-29 15:00:00,Vinh Tuy Bridge,Outbound,15,68,0,Partially cloudy,29.0,0.0,54.83,10000.0,2,0
2026-04-29 16:00:00,Vinh Tuy Bridge,Inbound,16,82,0,Clear,29.2,0.0,48.22,10000.0,2,0
2026-04-29 16:00:00,Vinh Tuy Bridge,Outbound,16,104,0,Clear,29.2,0.0,48.22,10000.0,2,0
2026-04-29 17:10:00,Vinh Tuy Bridge,Inbound,17,138,1,Clear,29.0,0.0,51.5,10000.0,2,0
2026-04-29 17:10:00,Vinh Tuy Bridge,Outbound,17,156,1,Clear,29.0,0.0,51.5,10000.0,2,0
2026-04-29 20:00:00,Vinh Tuy Bridge,Inbound,20,30,0,Clear,25.0,0.0,69.36,10000.0,2,0
2026-04-29 20:00:00,Vinh Tuy Bridge,Outbound,20,41,0,Clear,25.0,0.0,69.36,10000.0,2,0
2026-04-29 22:30:00,Vinh Tuy Bridge,Inbound,22,0,0,Clear,25.6,0.0,61.87,10000.0,2,0
2026-04-29 22:30:00,Vinh Tuy Bridge,Outbound,22,0,0,Clear,25.6,0.0,61.87,10000.0,2,0
2026-04-28 03:00:00,Vinh Tuy Bridge,Inbound,3,0,0,Partially cloudy,24.0,0.0,94.15,7000.0,1,0
2026-04-28 03:00:00,Vinh Tuy Bridge,Outbound,3,0,0,Partially cloudy,24.0,0.0,94.15,7000.0,1,0
2026-04-28 07:10:00,Vinh Tuy Bridge,Inbound,7,68,0,Clear,25.3,0.0,92.34,3000.0,1,0
2026-04-28 07:10:00,Vinh Tuy Bridge,Outbound,7,155,1,Clear,25.3,0.0,92.34,3000.0,1,0
2026-04-28 07:30:00,Vinh Tuy Bridge,Inbound,7,94,1,Clear,25.3,0.0,92.34,3000.0,1,0
2026-04-28 07:30:00,Vinh Tuy Bridge,Outbound,7,204,1,Clear,25.3,0.0,92.34,3000.0,1,0
2026-04-28 10:00:00,Vinh Tuy Bridge,Inbound,10,61,0,Clear,28.0,0.0,74.3,10000.0,1,0
2026-04-28 10:00:00,Vinh Tuy Bridge,Outbound,10,53,0,Clear,28.0,0.0,74.3,10000.0,1,0
2026-04-28 12:00:00,Vinh Tuy Bridge,Inbound,12,57,0,Clear,30.0,0.2,70.29,10000.0,1,0
2026-04-28 12:00:00,Vinh Tuy Bridge,Outbound,12,45,0,Clear,30.0,0.2,70.29,10000.0,1,0
2026-04-28 15:00:00,Vinh Tuy Bridge,Inbound,15,67,0,Clear,34.0,0.0,46.71,10000.0,1,0
2026-04-28 15:00:00,Vinh Tuy Bridge,Outbound,15,56,0,Clear,34.0,0.0,46.71,10000.0,1,0
2026-04-28 16:00:00,Vinh Tuy Bridge,Inbound,16,96,1,Clear,33.5,0.0,46.45,10000.0,1,0
2026-04-28 16:00:00,Vinh Tuy Bridge,Outbound,16,79,0,Clear,33.5,0.0,46.45,10000.0,1,0
2026-04-28 17:10:00,Vinh Tuy Bridge,Inbound,17,155,1,Clear,32.0,0.0,66.58,10000.0,1,0
2026-04-28 17:10:00,Vinh Tuy Bridge,Outbound,17,130,0,Clear,32.0,0.0,66.58,10000.0,1,0
2026-04-28 20:00:00,Vinh Tuy Bridge,Inbound,20,35,0,Clear,29.0,0.0,79.06,10000.0,1,0
2026-04-28 20:00:00,Vinh Tuy Bridge,Outbound,20,47,0,Clear,29.0,0.0,79.06,10000.0,1,0
2026-04-28 22:30:00,Vinh Tuy Bridge,Inbound,22,0,0,Clear,27.0,0.0,83.68,10000.0,1,0
2026-04-28 22:30:00,Vinh Tuy Bridge,Outbound,22,0,0,Clear,27.0,0.0,83.68,10000.0,1,0
2026-04-27 03:00:00,Vinh Tuy Bridge,Inbound,3,0,0,Clear,24.0,0.0,100.0,5000.0,0,1
2026-04-27 03:00:00,Vinh Tuy Bridge,Outbound,3,0,0,Clear,24.0,0.0,100.0,5000.0,0,1
2026-04-27 07:10:00,Vinh Tuy Bridge,Inbound,7,139,1,Clear,24.3,0.1,92.82,3000.0,0,1
2026-04-27 07:10:00,Vinh Tuy Bridge,Outbound,7,275,1,Clear,24.3,0.1,92.82,3000.0,0,1
2026-04-27 07:30:00,Vinh Tuy Bridge,Inbound,7,178,1,Clear,24.3,0.1,92.82,3000.0,0,1
2026-04-27 07:30:00,Vinh Tuy Bridge,Outbound,7,373,1,Clear,24.3,0.1,92.82,3000.0,0,1
2026-04-27 10:00:00,Vinh Tuy Bridge,Inbound,10,45,0,Clear,29.0,0.1,70.12,10000.0,0,1
2026-04-27 10:00:00,Vinh Tuy Bridge,Outbound,10,72,0,Clear,29.0,0.1,70.12,10000.0,0,1
2026-04-27 12:00:00,Vinh Tuy Bridge,Inbound,12,33,0,Partially cloudy,30.0,0.1,62.28,10000.0,0,1
2026-04-27 12:00:00,Vinh Tuy Bridge,Outbound,12,56,0,Partially cloudy,30.0,0.1,62.28,10000.0,0,1
2026-04-27 15:00:00,Vinh Tuy Bridge,Inbound,15,46,0,Partially cloudy,33.0,0.1,55.81,10000.0,0,1
2026-04-27 15:00:00,Vinh Tuy Bridge,Outbound,15,75,0,Partially cloudy,33.0,0.1,55.81,10000.0,0,1
2026-04-27 16:00:00,Vinh Tuy Bridge,Inbound,16,76,0,Clear,31.8,0.2,59.36,10000.0,0,1
2026-04-27 16:00:00,Vinh Tuy Bridge,Outbound,16,108,0,Clear,31.8,0.2,59.36,10000.0,0,1
2026-04-27 17:10:00,Vinh Tuy Bridge,Inbound,17,132,1,Partially cloudy,31.0,0.0,66.38,10000.0,0,1
2026-04-27 17:10:00,Vinh Tuy Bridge,Outbound,17,165,1,Partially cloudy,31.0,0.0,66.38,10000.0,0,1
2026-04-27 20:00:00,Vinh Tuy Bridge,Inbound,20,23,0,Clear,22.0,0.0,94.06,10000.0,0,1
2026-04-27 20:00:00,Vinh Tuy Bridge,Outbound,20,59,0,Clear,22.0,0.0,94.06,10000.0,0,1
2026-04-27 22:30:00,Vinh Tuy Bridge,Inbound,22,0,0,Clear,23.0,0.0,94.11,10000.0,0,1
2026-04-27 22:30:00,Vinh Tuy Bridge,Outbound,22,0,0,Clear,23.0,0.0,94.11,10000.0,0,1
2026-04-26 03:00:00,Vinh Tuy Bridge,Inbound,3,0,0,Clear,23.0,0.0,88.52,6000.0,6,1
2026-04-26 03:00:00,Vinh Tuy Bridge,Outbound,3,0,0,Clear,23.0,0.0,88.52,6000.0,6,1
2026-04-26 07:10:00,Vinh Tuy Bridge,Inbound,7,17,0,Clear,24.2,0.0,85.02,5000.0,6,1
2026-04-26 07:10:00,Vinh Tuy Bridge,Outbound,7,20,0,Clear,24.2,0.0,85.02,5000.0,6,1
2026-04-26 07:30:00,Vinh Tuy Bridge,Inbound,7,24,0,Clear,24.2,0.0,85.02,5000.0,6,1
2026-04-26 07:30:00,Vinh Tuy Bridge,Outbound,7,27,0,Clear,24.2,0.0,85.02,5000.0,6,1
2026-04-26 10:00:00,Vinh Tuy Bridge,Inbound,10,34,0,Clear,28.0,0.0,61.84,10000.0,6,1
2026-04-26 10:00:00,Vinh Tuy Bridge,Outbound,10,44,0,Clear,28.0,0.0,61.84,10000.0,6,1
2026-04-26 12:00:00,Vinh Tuy Bridge,Inbound,12,43,0,Clear,28.0,0.0,65.77,10000.0,6,1
2026-04-26 12:00:00,Vinh Tuy Bridge,Outbound,12,58,0,Clear,28.0,0.0,65.77,10000.0,6,1
2026-04-26 15:00:00,Vinh Tuy Bridge,Inbound,15,66,0,Partially cloudy,28.0,0.2,69.92,10000.0,6,1
2026-04-26 15:00:00,Vinh Tuy Bridge,Outbound,15,87,0,Partially cloudy,28.0,0.2,69.92,10000.0,6,1
2026-04-26 16:00:00,Vinh Tuy Bridge,Inbound,16,92,1,"Rain, Partially cloudy",27.0,0.5,74.14,10000.0,6,1
2026-04-26 16:00:00,Vinh Tuy Bridge,Outbound,16,115,0,"Rain, Partially cloudy",27.0,0.5,74.14,10000.0,6,1
2026-04-26 17:10:00,Vinh Tuy Bridge,Inbound,17,96,1,Partially cloudy,27.0,0.1,74.14,8000.0,6,1
2026-04-26 17:10:00,Vinh Tuy Bridge,Outbound,17,149,1,Partially cloudy,27.0,0.1,74.14,8000.0,6,1
2026-04-26 20:00:00,Vinh Tuy Bridge,Inbound,20,24,0,Partially cloudy,25.0,0.0,88.68,4000.0,6,1
2026-04-26 20:00:00,Vinh Tuy Bridge,Outbound,20,62,0,Partially cloudy,25.0,0.0,88.68,4000.0,6,1
2026-04-26 22:30:00,Vinh Tuy Bridge,Inbound,22,0,0,Clear,24.9,0.0,88.65,5000.0,6,1
2026-04-26 22:30:00,Vinh Tuy Bridge,Outbound,22,0,0,Clear,24.9,0.0,88.65,5000.0,6,1
2026-04-25 03:00:00,Vinh Tuy Bridge,Inbound,3,0,0,Clear,24.0,0.0,83.34,9000.0,5,0
2026-04-25 03:00:00,Vinh Tuy Bridge,Outbound,3,0,0,Clear,24.0,0.0,83.34,9000.0,5,0
2026-04-25 07:10:00,Vinh Tuy Bridge,Inbound,7,48,0,Clear,23.8,0.0,90.25,6000.0,5,0
2026-04-25 07:10:00,Vinh Tuy Bridge,Outbound,7,51,0,Clear,23.8,0.0,90.25,6000.0,5,0
2026-04-25 07:30:00,Vinh Tuy Bridge,Inbound,7,75,0,Clear,23.8,0.0,90.25,6000.0,5,0
2026-04-25 07:30:00,Vinh Tuy Bridge,Outbound,7,73,0,Clear,23.8,0.0,90.25,6000.0,5,0
2026-04-25 10:00:00,Vinh Tuy Bridge,Inbound,10,134,1,Clear,27.5,0.1,68.08,10000.0,5,0
2026-04-25 10:00:00,Vinh Tuy Bridge,Outbound,10,120,0,Clear,27.5,0.1,68.08,10000.0,5,0
2026-04-25 12:00:00,Vinh Tuy Bridge,Inbound,12,148,1,Clear,29.0,0.0,58.35,10000.0,5,0
2026-04-25 12:00:00,Vinh Tuy Bridge,Outbound,12,127,0,Clear,29.0,0.0,58.35,10000.0,5,0
2026-04-25 15:00:00,Vinh Tuy Bridge,Inbound,15,174,1,Clear,30.0,0.0,58.58,10000.0,5,0
2026-04-25 15:00:00,Vinh Tuy Bridge,Outbound,15,145,0,Clear,30.0,0.0,58.58,10000.0,5,0
2026-04-25 16:00:00,Vinh Tuy Bridge,Inbound,16,219,1,Clear,30.0,0.0,55.08,10000.0,5,0
2026-04-25 16:00:00,Vinh Tuy Bridge,Outbound,16,193,1,Clear,30.0,0.0,55.08,10000.0,5,0
2026-04-25 17:10:00,Vinh Tuy Bridge,Inbound,17,250,1,Partially cloudy,30.0,0.0,58.58,10000.0,5,0
2026-04-25 17:10:00,Vinh Tuy Bridge,Outbound,17,232,1,Partially cloudy,30.0,0.0,58.58,10000.0,5,0
2026-04-25 20:00:00,Vinh Tuy Bridge,Inbound,20,55,0,Clear,28.0,0.0,65.77,7000.0,5,0
2026-04-25 20:00:00,Vinh Tuy Bridge,Outbound,20,68,0,Clear,28.0,0.0,65.77,7000.0,5,0
2026-04-25 22:30:00,Vinh Tuy Bridge,Inbound,22,0,0,Clear,25.6,0.0,81.23,8000.0,5,0
2026-04-25 22:30:00,Vinh Tuy Bridge,Outbound,22,0,0,Clear,25.6,0.0,81.23,8000.0,5,0
2026-04-24 03:00:00,Vinh Tuy Bridge,Inbound,3,0,0,"Rain, Partially cloudy",22.0,2.2,94.06,3000.0,4,0
2026-04-24 03:00:00,Vinh Tuy Bridge,Outbound,3,0,0,"Rain, Partially cloudy",22.0,2.2,94.06,3000.0,4,0
2026-04-24 07:10:00,Vinh Tuy Bridge,Inbound,7,46,0,Rain,22.6,0.9,87.64,10000.0,4,0
2026-04-24 07:10:00,Vinh Tuy Bridge,Outbound,7,67,0,Rain,22.6,0.9,87.64,10000.0,4,0
2026-04-24 07:30:00,Vinh Tuy Bridge,Inbound,7,68,0,Rain,22.6,0.9,87.64,10000.0,4,0
2026-04-24 07:30:00,Vinh Tuy Bridge,Outbound,7,94,0,Rain,22.6,0.9,87.64,10000.0,4,0
2026-04-24 10:00:00,Vinh Tuy Bridge,Inbound,10,49,0,Partially cloudy,25.0,0.1,69.36,10000.0,4,0
2026-04-24 10:00:00,Vinh Tuy Bridge,Outbound,10,55,0,Partially cloudy,25.0,0.1,69.36,10000.0,4,0
2026-04-24 12:00:00,Vinh Tuy Bridge,Inbound,12,55,0,Partially cloudy,28.0,0.0,61.84,10000.0,4,0
2026-04-24 12:00:00,Vinh Tuy Bridge,Outbound,12,51,0,Partially cloudy,28.0,0.0,61.84,10000.0,4,0
2026-04-24 15:00:00,Vinh Tuy Bridge,Inbound,15,80,0,Partially cloudy,28.0,0.0,65.77,10000.0,4,0
2026-04-24 15:00:00,Vinh Tuy Bridge,Outbound,15,73,0,Partially cloudy,28.0,0.0,65.77,10000.0,4,0
2026-04-24 16:00:00,Vinh Tuy Bridge,Inbound,16,140,1,Clear,27.1,0.0,67.38,10000.0,4,0
2026-04-24 16:00:00,Vinh Tuy Bridge,Outbound,16,137,0,Clear,27.1,0.0,67.38,10000.0,4,0
2026-04-24 17:10:00,Vinh Tuy Bridge,Inbound,17,255,1,Partially cloudy,27.0,0.1,65.56,10000.0,4,0
2026-04-24 17:10:00,Vinh Tuy Bridge,Outbound,17,273,1,Partially cloudy,27.0,0.1,65.56,10000.0,4,0
2026-04-24 20:00:00,Vinh Tuy Bridge,Inbound,20,77,0,Partially cloudy,26.0,0.0,69.55,10000.0,4,0
2026-04-24 20:00:00,Vinh Tuy Bridge,Outbound,20,67,0,Partially cloudy,26.0,0.0,69.55,10000.0,4,0
2026-04-24 22:30:00,Vinh Tuy Bridge,Inbound,22,0,0,Clear,25.1,0.0,82.56,10000.0,4,0
2026-04-24 22:30:00,Vinh Tuy Bridge,Outbound,22,0,0,Clear,25.1,0.0,82.56,10000.0,4,0
2026-04-23 03:00:00,Vinh Tuy Bridge,Inbound,3,0,0,Clear,24.0,0.1,94.15,10000.0,3,0
2026-04-23 03:00:00,Vinh Tuy Bridge,Outbound,3,0,0,Clear,24.0,0.1,94.15,10000.0,3,0
2026-04-23 07:10:00,Vinh Tuy Bridge,Inbound,7,63,0,Rain,24.1,0.3,90.05,10000.0,3,0
2026-04-23 07:10:00,Vinh Tuy Bridge,Outbound,7,140,0,Rain,24.1,0.3,90.05,10000.0,3,0
2026-04-23 07:30:00,Vinh Tuy Bridge,Inbound,7,97,1,Rain,24.1,0.3,90.05,10000.0,3,0
2026-04-23 07:30:00,Vinh Tuy Bridge,Outbound,7,180,1,Rain,24.1,0.3,90.05,10000.0,3,0
2026-04-23 10:00:00,Vinh Tuy Bridge,Inbound,10,46,0,Rain,23.3,2.4,77.05,10000.0,3,0
2026-04-23 10:00:00,Vinh Tuy Bridge,Outbound,10,55,0,Rain,23.3,2.4,77.05,10000.0,3,0
2026-04-23 12:00:00,Vinh Tuy Bridge,Inbound,12,36,0,Rain,26.0,1.8,65.36,10000.0,3,0
2026-04-23 12:00:00,Vinh Tuy Bridge,Outbound,12,48,0,Rain,26.0,1.8,65.36,10000.0,3,0
2026-04-23 15:00:00,Vinh Tuy Bridge,Inbound,15,46,0,Clear,27.0,0.0,57.87,10000.0,3,0
2026-04-23 15:00:00,Vinh Tuy Bridge,Outbound,15,61,0,Clear,27.0,0.0,57.87,10000.0,3,0
2026-04-23 16:00:00,Vinh Tuy Bridge,Inbound,16,74,0,Partially cloudy,28.0,0.0,58.11,10000.0,3,0
2026-04-23 16:00:00,Vinh Tuy Bridge,Outbound,16,88,0,Partially cloudy,28.0,0.0,58.11,10000.0,3,0
2026-04-23 17:10:00,Vinh Tuy Bridge,Inbound,17,131,1,Partially cloudy,26.0,0.1,65.36,10000.0,3,0
2026-04-23 17:10:00,Vinh Tuy Bridge,Outbound,17,154,1,Partially cloudy,26.0,0.1,65.36,10000.0,3,0
2026-04-23 20:00:00,Vinh Tuy Bridge,Inbound,20,26,0,Partially cloudy,25.0,0.0,69.36,10000.0,3,0
2026-04-23 20:00:00,Vinh Tuy Bridge,Outbound,20,52,0,Partially cloudy,25.0,0.0,69.36,10000.0,3,0
2026-04-23 22:30:00,Vinh Tuy Bridge,Inbound,22,0,0,Partially cloudy,25.0,0.0,73.8,10000.0,3,0
2026-04-23 22:30:00,Vinh Tuy Bridge,Outbound,22,0,0,Partially cloudy,25.0,0.0,73.8,10000.0,3,0
2026-04-22 03:00:00,Vinh Tuy Bridge,Inbound,3,0,0,Clear,25.0,0.0,94.19,10000.0,2,0
2026-04-22 03:00:00,Vinh Tuy Bridge,Outbound,3,0,0,Clear,25.0,0.0,94.19,10000.0,2,0
2026-04-22 07:10:00,Vinh Tuy Bridge,Inbound,7,66,0,Partially cloudy,26.0,0.0,88.76,9000.0,2,0
2026-04-22 07:10:00,Vinh Tuy Bridge,Outbound,7,157,1,Partially cloudy,26.0,0.0,88.76,9000.0,2,0
2026-04-22 07:30:00,Vinh Tuy Bridge,Inbound,7,96,1,Partially cloudy,26.0,0.0,88.76,9000.0,2,0
2026-04-22 07:30:00,Vinh Tuy Bridge,Outbound,7,200,1,Partially cloudy,26.0,0.0,88.76,9000.0,2,0
2026-04-22 10:00:00,Vinh Tuy Bridge,Inbound,10,52,0,Clear,28.2,0.0,79.7,9000.0,2,0
2026-04-22 10:00:00,Vinh Tuy Bridge,Outbound,10,57,0,Clear,28.2,0.0,79.7,9000.0,2,0
2026-04-22 12:00:00,Vinh Tuy Bridge,Inbound,12,45,0,Partially cloudy,30.0,0.0,74.63,7000.0,2,0
2026-04-22 12:00:00,Vinh Tuy Bridge,Outbound,12,51,0,Partially cloudy,30.0,0.0,74.63,7000.0,2,0
2026-04-22 15:00:00,Vinh Tuy Bridge,Inbound,15,54,0,Partially cloudy,32.0,0.0,66.58,9000.0,2,0
2026-04-22 15:00:00,Vinh Tuy Bridge,Outbound,15,68,0,Partially cloudy,32.0,0.0,66.58,9000.0,2,0
2026-04-22 16:00:00,Vinh Tuy Bridge,Inbound,16,82,0,Clear,31.7,0.0,69.63,10000.0,2,0
2026-04-22 16:00:00,Vinh Tuy Bridge,Outbound,16,104,0,Clear,31.7,0.0,69.63,10000.0,2,0
2026-04-22 17:10:00,Vinh Tuy Bridge,Inbound,17,138,1,Partially cloudy,31.0,0.0,74.79,10000.0,2,0
2026-04-22 17:10:00,Vinh Tuy Bridge,Outbound,17,156,1,Partially cloudy,31.0,0.0,74.79,10000.0,2,0
2026-04-22 20:00:00,Vinh Tuy Bridge,Inbound,20,30,0,Partially cloudy,28.0,0.0,83.79,9000.0,2,0
2026-04-22 20:00:00,Vinh Tuy Bridge,Outbound,20,41,0,Partially cloudy,28.0,0.0,83.79,9000.0,2,0
2026-04-22 22:30:00,Vinh Tuy Bridge,Inbound,22,0,0,Partially cloudy,27.0,0.0,88.84,10000.0,2,0
2026-04-22 22:30:00,Vinh Tuy Bridge,Outbound,22,0,0,Partially cloudy,27.0,0.0,88.84,10000.0,2,0
2026-04-21 03:00:00,Vinh Tuy Bridge,Inbound,3,0,0,Partially cloudy,26.0,0.0,88.76,10000.0,1,0
2026-04-21 03:00:00,Vinh Tuy Bridge,Outbound,3,0,0,Partially cloudy,26.0,0.0,88.76,10000.0,1,0
2026-04-21 07:10:00,Vinh Tuy Bridge,Inbound,7,68,0,Clear,25.9,0.0,89.56,8000.0,1,0
2026-04-21 07:10:00,Vinh Tuy Bridge,Outbound,7,155,1,Clear,25.9,0.0,89.56,8000.0,1,0
2026-04-21 07:30:00,Vinh Tuy Bridge,Inbound,7,94,1,Clear,25.9,0.0,89.56,8000.0,1,0
2026-04-21 07:30:00,Vinh Tuy Bridge,Outbound,7,204,1,Clear,25.9,0.0,89.56,8000.0,1,0
2026-04-21 10:00:00,Vinh Tuy Bridge,Inbound,10,61,0,Clear,27.9,0.0,80.71,10000.0,1,0
2026-04-21 10:00:00,Vinh Tuy Bridge,Outbound,10,53,0,Clear,27.9,0.0,80.71,10000.0,1,0
2026-04-21 12:00:00,Vinh Tuy Bridge,Inbound,12,57,0,Partially cloudy,28.0,0.0,78.92,7000.0,1,0
2026-04-21 12:00:00,Vinh Tuy Bridge,Outbound,12,45,0,Partially cloudy,28.0,0.0,78.92,7000.0,1,0
2026-04-21 15:00:00,Vinh Tuy Bridge,Inbound,15,67,0,Partially cloudy,30.0,0.0,74.63,10000.0,1,0
2026-04-21 15:00:00,Vinh Tuy Bridge,Outbound,15,56,0,Partially cloudy,30.0,0.0,74.63,10000.0,1,0
2026-04-21 16:00:00,Vinh Tuy Bridge,Inbound,16,96,1,Clear,30.0,0.0,72.26,10000.0,1,0
2026-04-21 16:00:00,Vinh Tuy Bridge,Outbound,16,79,0,Clear,30.0,0.0,72.26,10000.0,1,0
2026-04-21 17:10:00,Vinh Tuy Bridge,Inbound,17,155,1,Partially cloudy,29.0,0.0,79.06,10000.0,1,0
2026-04-21 17:10:00,Vinh Tuy Bridge,Outbound,17,130,0,Partially cloudy,29.0,0.0,79.06,10000.0,1,0
2026-04-21 20:00:00,Vinh Tuy Bridge,Inbound,20,35,0,Partially cloudy,28.0,0.0,78.92,10000.0,1,0
2026-04-21 20:00:00,Vinh Tuy Bridge,Outbound,20,47,0,Partially cloudy,28.0,0.0,78.92,10000.0,1,0
2026-04-21 22:30:00,Vinh Tuy Bridge,Inbound,22,0,0,Clear,26.9,0.0,85.42,10000.0,1,0
2026-04-21 22:30:00,Vinh Tuy Bridge,Outbound,22,0,0,Clear,26.9,0.0,85.42,10000.0,1,0
2026-04-20 03:00:00,Vinh Tuy Bridge,Inbound,3,0,0,Partially cloudy,23.0,0.0,100.0,5000.0,0,0
2026-04-20 03:00:00,Vinh Tuy Bridge,Outbound,3,0,0,Partially cloudy,23.0,0.0,100.0,5000.0,0,0
2026-04-20 07:10:00,Vinh Tuy Bridge,Inbound,7,139,1,Clear,24.0,0.0,94.15,3000.0,0,0
2026-04-20 07:10:00,Vinh Tuy Bridge,Outbound,7,275,1,Clear,24.0,0.0,94.15,3000.0,0,0
2026-04-20 07:30:00,Vinh Tuy Bridge,Inbound,7,178,1,Clear,24.0,0.0,94.15,3000.0,0,0
2026-04-20 07:30:00,Vinh Tuy Bridge,Outbound,7,373,1,Clear,24.0,0.0,94.15,3000.0,0,0
2026-04-20 10:00:00,Vinh Tuy Bridge,Inbound,10,45,0,Clear,26.6,0.2,84.55,9000.0,0,0
2026-04-20 10:00:00,Vinh Tuy Bridge,Outbound,10,72,0,Clear,26.6,0.2,84.55,9000.0,0,0
2026-04-20 12:00:00,Vinh Tuy Bridge,Inbound,12,33,0,Partially cloudy,28.0,0.1,78.92,10000.0,0,0
2026-04-20 12:00:00,Vinh Tuy Bridge,Outbound,12,56,0,Partially cloudy,28.0,0.1,78.92,10000.0,0,0
2026-04-20 15:00:00,Vinh Tuy Bridge,Inbound,15,46,0,Partially cloudy,28.0,0.0,78.92,10000.0,0,0
2026-04-20 15:00:00,Vinh Tuy Bridge,Outbound,15,75,0,Partially cloudy,28.0,0.0,78.92,10000.0,0,0
2026-04-20 16:00:00,Vinh Tuy Bridge,Inbound,16,76,0,Clear,29.1,0.0,72.32,10000.0,0,0
2026-04-20 16:00:00,Vinh Tuy Bridge,Outbound,16,108,0,Clear,29.1,0.0,72.32,10000.0,0,0
2026-04-20 17:10:00,Vinh Tuy Bridge,Inbound,17,132,1,Partially cloudy,29.0,0.0,74.47,10000.0,0,0
2026-04-20 17:10:00,Vinh Tuy Bridge,Outbound,17,165,1,Partially cloudy,29.0,0.0,74.47,10000.0,0,0
2026-04-20 20:00:00,Vinh Tuy Bridge,Inbound,20,23,0,Partially cloudy,27.0,0.0,83.68,10000.0,0,0
2026-04-20 20:00:00,Vinh Tuy Bridge,Outbound,20,59,0,Partially cloudy,27.0,0.0,83.68,10000.0,0,0
2026-04-20 22:30:00,Vinh Tuy Bridge,Inbound,22,0,0,Partially cloudy,27.0,0.0,83.68,10000.0,0,0
2026-04-20 22:30:00,Vinh Tuy Bridge,Outbound,22,0,0,Partially cloudy,27.0,0.0,83.68,10000.0,0,0
2026-04-19 03:00:00,Vinh Tuy Bridge,Inbound,3,0,0,Partially cloudy,25.0,0.0,88.68,6000.0,6,0
2026-04-19 03:00:00,Vinh Tuy Bridge,Outbound,3,0,0,Partially cloudy,25.0,0.0,88.68,6000.0,6,0
2026-04-19 07:10:00,Vinh Tuy Bridge,Inbound,7,17,0,Clear,25.2,0.1,89.87,4000.0,6,0
2026-04-19 07:10:00,Vinh Tuy Bridge,Outbound,7,20,0,Clear,25.2,0.1,89.87,4000.0,6,0
2026-04-19 07:30:00,Vinh Tuy Bridge,Inbound,7,24,0,Clear,25.2,0.1,89.87,4000.0,6,0
2026-04-19 07:30:00,Vinh Tuy Bridge,Outbound,7,27,0,Clear,25.2,0.1,89.87,4000.0,6,0
2026-04-19 10:00:00,Vinh Tuy Bridge,Inbound,10,34,0,Clear,25.6,0.0,91.53,4000.0,6,0
2026-04-19 10:00:00,Vinh Tuy Bridge,Outbound,10,44,0,Clear,25.6,0.0,91.53,4000.0,6,0
2026-04-19 12:00:00,Vinh Tuy Bridge,Inbound,12,43,0,Clear,26.0,0.0,83.57,10000.0,6,0
2026-04-19 12:00:00,Vinh Tuy Bridge,Outbound,12,58,0,Clear,26.0,0.0,83.57,10000.0,6,0
2026-04-19 15:00:00,Vinh Tuy Bridge,Inbound,15,66,0,Clear,25.0,0.1,88.68,10000.0,6,0
2026-04-19 15:00:00,Vinh Tuy Bridge,Outbound,15,87,0,Clear,25.0,0.1,88.68,10000.0,6,0
2026-04-19 16:00:00,Vinh Tuy Bridge,Inbound,16,92,1,Clear,25.0,0.0,88.68,10000.0,6,0
2026-04-19 16:00:00,Vinh Tuy Bridge,Outbound,16,115,0,Clear,25.0,0.0,88.68,10000.0,6,0
2026-04-19 17:10:00,Vinh Tuy Bridge,Inbound,17,96,1,Clear,25.0,0.0,88.68,9000.0,6,0
2026-04-19 17:10:00,Vinh Tuy Bridge,Outbound,17,149,1,Clear,25.0,0.0,88.68,9000.0,6,0
2026-04-19 20:00:00,Vinh Tuy Bridge,Inbound,20,24,0,Clear,24.0,0.0,94.15,8000.0,6,0
2026-04-19 20:00:00,Vinh Tuy Bridge,Outbound,20,62,0,Clear,24.0,0.0,94.15,8000.0,6,0
2026-04-19 22:30:00,Vinh Tuy Bridge,Inbound,22,0,0,Clear,24.1,0.0,86.92,10000.0,6,0
2026-04-19 22:30:00,Vinh Tuy Bridge,Outbound,22,0,0,Clear,24.1,0.0,86.92,10000.0,6,0
2026-04-18 03:00:00,Vinh Tuy Bridge,Inbound,3,0,0,"Rain, Partially cloudy",25.0,0.9,88.68,10000.0,5,0
2026-04-18 03:00:00,Vinh Tuy Bridge,Outbound,3,0,0,"Rain, Partially cloudy",25.0,0.9,88.68,10000.0,5,0
2026-04-18 07:10:00,Vinh Tuy Bridge,Inbound,7,48,0,Clear,24.7,0.0,86.08,6000.0,5,0
2026-04-18 07:10:00,Vinh Tuy Bridge,Outbound,7,51,0,Clear,24.7,0.0,86.08,6000.0,5,0
2026-04-18 07:30:00,Vinh Tuy Bridge,Inbound,7,75,0,Clear,24.7,0.0,86.08,6000.0,5,0
2026-04-18 07:30:00,Vinh Tuy Bridge,Outbound,7,73,0,Clear,24.7,0.0,86.08,6000.0,5,0
2026-04-18 10:00:00,Vinh Tuy Bridge,Inbound,10,134,1,Clear,26.7,0.1,81.67,7000.0,5,0
2026-04-18 10:00:00,Vinh Tuy Bridge,Outbound,10,120,0,Clear,26.7,0.1,81.67,7000.0,5,0
2026-04-18 12:00:00,Vinh Tuy Bridge,Inbound,12,148,1,Partially cloudy,27.0,0.1,78.78,10000.0,5,0
2026-04-18 12:00:00,Vinh Tuy Bridge,Outbound,12,127,0,Partially cloudy,27.0,0.1,78.78,10000.0,5,0
2026-04-18 15:00:00,Vinh Tuy Bridge,Inbound,15,174,1,Partially cloudy,27.0,0.2,78.78,9000.0,5,0
2026-04-18 15:00:00,Vinh Tuy Bridge,Outbound,15,145,0,Partially cloudy,27.0,0.2,78.78,9000.0,5,0
2026-04-18 16:00:00,Vinh Tuy Bridge,Inbound,16,219,1,Clear,26.5,0.1,84.12,8000.0,5,0
2026-04-18 16:00:00,Vinh Tuy Bridge,Outbound,16,193,1,Clear,26.5,0.1,84.12,8000.0,5,0
2026-04-18 17:10:00,Vinh Tuy Bridge,Inbound,17,250,1,Partially cloudy,26.0,0.0,83.57,7000.0,5,0
2026-04-18 17:10:00,Vinh Tuy Bridge,Outbound,17,232,1,Partially cloudy,26.0,0.0,83.57,7000.0,5,0
2026-04-18 20:00:00,Vinh Tuy Bridge,Inbound,20,55,0,Partially cloudy,25.0,0.0,94.19,6000.0,5,0
2026-04-18 20:00:00,Vinh Tuy Bridge,Outbound,20,68,0,Partially cloudy,25.0,0.0,94.19,6000.0,5,0
2026-04-18 22:30:00,Vinh Tuy Bridge,Inbound,22,0,0,Clear,25.7,0.0,89.13,8000.0,5,0
2026-04-18 22:30:00,Vinh Tuy Bridge,Outbound,22,0,0,Clear,25.7,0.0,89.13,8000.0,5,0
2026-04-17 03:00:00,Vinh Tuy Bridge,Inbound,3,0,0,Partially cloudy,27.0,0.0,88.84,10000.0,4,0
2026-04-17 03:00:00,Vinh Tuy Bridge,Outbound,3,0,0,Partially cloudy,27.0,0.0,88.84,10000.0,4,0
2026-04-17 07:10:00,Vinh Tuy Bridge,Inbound,7,46,0,Clear,27.0,0.1,88.94,10000.0,4,0
2026-04-17 07:10:00,Vinh Tuy Bridge,Outbound,7,67,0,Clear,27.0,0.1,88.94,10000.0,4,0
2026-04-17 07:30:00,Vinh Tuy Bridge,Inbound,7,68,0,Clear,27.0,0.1,88.94,10000.0,4,0
2026-04-17 07:30:00,Vinh Tuy Bridge,Outbound,7,94,0,Clear,27.0,0.1,88.94,10000.0,4,0
2026-04-17 10:00:00,Vinh Tuy Bridge,Inbound,10,49,0,Rain,25.1,0.5,78.5,10000.0,4,0
2026-04-17 10:00:00,Vinh Tuy Bridge,Outbound,10,55,0,Rain,25.1,0.5,78.5,10000.0,4,0
2026-04-17 12:00:00,Vinh Tuy Bridge,Inbound,12,55,0,Clear,26.0,0.2,78.64,10000.0,4,0
2026-04-17 12:00:00,Vinh Tuy Bridge,Outbound,12,51,0,Clear,26.0,0.2,78.64,10000.0,4,0
2026-04-17 15:00:00,Vinh Tuy Bridge,Inbound,15,80,0,"Rain, Partially cloudy",26.0,0.6,83.57,7000.0,4,0
2026-04-17 15:00:00,Vinh Tuy Bridge,Outbound,15,73,0,"Rain, Partially cloudy",26.0,0.6,83.57,7000.0,4,0
2026-04-17 16:00:00,Vinh Tuy Bridge,Inbound,16,140,1,"Rain, Partially cloudy",26.0,0.7,78.64,10000.0,4,0
2026-04-17 16:00:00,Vinh Tuy Bridge,Outbound,16,137,0,"Rain, Partially cloudy",26.0,0.7,78.64,10000.0,4,0
2026-04-17 17:10:00,Vinh Tuy Bridge,Inbound,17,255,1,"Rain, Partially cloudy",25.0,3.0,83.45,10000.0,4,0
2026-04-17 17:10:00,Vinh Tuy Bridge,Outbound,17,273,1,"Rain, Partially cloudy",25.0,3.0,83.45,10000.0,4,0
2026-04-17 20:00:00,Vinh Tuy Bridge,Inbound,20,77,0,Partially cloudy,25.0,0.1,83.45,10000.0,4,0
2026-04-17 20:00:00,Vinh Tuy Bridge,Outbound,20,67,0,Partially cloudy,25.0,0.1,83.45,10000.0,4,0
2026-04-17 22:30:00,Vinh Tuy Bridge,Inbound,22,0,0,Clear,26.0,0.0,80.33,7000.0,4,0
2026-04-17 22:30:00,Vinh Tuy Bridge,Outbound,22,0,0,Clear,26.0,0.0,80.33,7000.0,4,0
2026-04-16 03:00:00,Vinh Tuy Bridge,Inbound,3,0,0,Partially cloudy,27.0,0.0,88.84,10000.0,3,0
2026-04-16 03:00:00,Vinh Tuy Bridge,Outbound,3,0,0,Partially cloudy,27.0,0.0,88.84,10000.0,3,0
2026-04-16 07:10:00,Vinh Tuy Bridge,Inbound,7,63,0,Clear,26.5,0.0,91.8,9000.0,3,0
2026-04-16 07:10:00,Vinh Tuy Bridge,Outbound,7,140,0,Clear,26.5,0.0,91.8,9000.0,3,0
2026-04-16 07:30:00,Vinh Tuy Bridge,Inbound,7,97,1,Clear,26.5,0.0,91.8,9000.0,3,0
2026-04-16 07:30:00,Vinh Tuy Bridge,Outbound,7,180,1,Clear,26.5,0.0,91.8,9000.0,3,0
2026-04-16 10:00:00,Vinh Tuy Bridge,Inbound,10,46,0,Partially cloudy,29.0,0.0,79.06,10000.0,3,0
2026-04-16 10:00:00,Vinh Tuy Bridge,Outbound,10,55,0,Partially cloudy,29.0,0.0,79.06,10000.0,3,0
2026-04-16 12:00:00,Vinh Tuy Bridge,Inbound,12,36,0,Partially cloudy,30.0,0.0,74.63,10000.0,3,0
2026-04-16 12:00:00,Vinh Tuy Bridge,Outbound,12,48,0,Partially cloudy,30.0,0.0,74.63,10000.0,3,0
2026-04-16 15:00:00,Vinh Tuy Bridge,Inbound,15,46,0,Partially cloudy,31.0,0.0,70.48,10000.0,3,0
2026-04-16 15:00:00,Vinh Tuy Bridge,Outbound,15,61,0,Partially cloudy,31.0,0.0,70.48,10000.0,3,0
2026-04-16 16:00:00,Vinh Tuy Bridge,Inbound,16,74,0,Partially cloudy,31.0,0.0,70.48,10000.0,3,0
2026-04-16 16:00:00,Vinh Tuy Bridge,Outbound,16,88,0,Partially cloudy,31.0,0.0,70.48,10000.0,3,0
2026-04-16 17:10:00,Vinh Tuy Bridge,Inbound,17,131,1,Partially cloudy,30.0,0.0,74.63,10000.0,3,0
2026-04-16 17:10:00,Vinh Tuy Bridge,Outbound,17,154,1,Partially cloudy,30.0,0.0,74.63,10000.0,3,0
2026-04-16 20:00:00,Vinh Tuy Bridge,Inbound,20,26,0,Partially cloudy,28.0,0.0,83.79,10000.0,3,0
2026-04-16 20:00:00,Vinh Tuy Bridge,Outbound,20,52,0,Partially cloudy,28.0,0.0,83.79,10000.0,3,0
2026-04-16 22:30:00,Vinh Tuy Bridge,Inbound,22,0,0,Clear,27.2,0.0,88.0,10000.0,3,0
2026-04-16 22:30:00,Vinh Tuy Bridge,Outbound,22,0,0,Clear,27.2,0.0,88.0,10000.0,3,0
2026-04-15 03:00:00,Vinh Tuy Bridge,Inbound,3,0,0,Partially cloudy,26.0,0.0,94.23,8000.0,2,0
2026-04-15 03:00:00,Vinh Tuy Bridge,Outbound,3,0,0,Partially cloudy,26.0,0.0,94.23,8000.0,2,0
2026-04-15 07:10:00,Vinh Tuy Bridge,Inbound,7,66,0,Clear,27.1,0.0,89.5,6000.0,2,0
2026-04-15 07:10:00,Vinh Tuy Bridge,Outbound,7,157,1,Clear,27.1,0.0,89.5,6000.0,2,0
2026-04-15 07:30:00,Vinh Tuy Bridge,Inbound,7,96,1,Clear,27.1,0.0,89.5,6000.0,2,0
2026-04-15 07:30:00,Vinh Tuy Bridge,Outbound,7,200,1,Clear,27.1,0.0,89.5,6000.0,2,0
2026-04-15 10:00:00,Vinh Tuy Bridge,Inbound,10,52,0,Clear,29.1,0.0,78.24,9000.0,2,0
2026-04-15 10:00:00,Vinh Tuy Bridge,Outbound,10,57,0,Clear,29.1,0.0,78.24,9000.0,2,0
2026-04-15 12:00:00,Vinh Tuy Bridge,Inbound,12,45,0,Partially cloudy,30.0,0.0,74.63,10000.0,2,0
2026-04-15 12:00:00,Vinh Tuy Bridge,Outbound,12,51,0,Partially cloudy,30.0,0.0,74.63,10000.0,2,0
2026-04-15 15:00:00,Vinh Tuy Bridge,Inbound,15,54,0,Partially cloudy,31.0,0.0,74.79,10000.0,2,0
2026-04-15 15:00:00,Vinh Tuy Bridge,Outbound,15,68,0,Partially cloudy,31.0,0.0,74.79,10000.0,2,0
2026-04-15 16:00:00,Vinh Tuy Bridge,Inbound,16,82,0,Clear,30.4,0.0,72.51,10000.0,2,0
2026-04-15 16:00:00,Vinh Tuy Bridge,Outbound,16,104,0,Clear,30.4,0.0,72.51,10000.0,2,0
2026-04-15 17:10:00,Vinh Tuy Bridge,Inbound,17,138,1,Partially cloudy,29.0,0.0,79.06,10000.0,2,0
2026-04-15 17:10:00,Vinh Tuy Bridge,Outbound,17,156,1,Partially cloudy,29.0,0.0,79.06,10000.0,2,0
2026-04-15 20:00:00,Vinh Tuy Bridge,Inbound,20,30,0,Partially cloudy,28.0,0.0,83.79,10000.0,2,0
2026-04-15 20:00:00,Vinh Tuy Bridge,Outbound,20,41,0,Partially cloudy,28.0,0.0,83.79,10000.0,2,0
2026-04-15 22:30:00,Vinh Tuy Bridge,Inbound,22,0,0,Clear,28.0,0.0,82.23,10000.0,2,0
2026-04-15 22:30:00,Vinh Tuy Bridge,Outbound,22,0,0,Clear,28.0,0.0,82.23,10000.0,2,0
2026-04-14 03:00:00,Vinh Tuy Bridge,Inbound,3,0,0,Partially cloudy,27.0,0.0,88.84,7000.0,1,0
2026-04-14 03:00:00,Vinh Tuy Bridge,Outbound,3,0,0,Partially cloudy,27.0,0.0,88.84,7000.0,1,0
2026-04-14 07:10:00,Vinh Tuy Bridge,Inbound,7,68,0,Clear,27.4,0.0,88.84,6000.0,1,0
2026-04-14 07:10:00,Vinh Tuy Bridge,Outbound,7,155,1,Clear,27.4,0.0,88.84,6000.0,1,0
2026-04-14 07:30:00,Vinh Tuy Bridge,Inbound,7,94,1,Clear,27.4,0.0,88.84,6000.0,1,0
2026-04-14 07:30:00,Vinh Tuy Bridge,Outbound,7,204,1,Clear,27.4,0.0,88.84,6000.0,1,0
2026-04-14 10:00:00,Vinh Tuy Bridge,Inbound,10,61,0,Clear,29.4,0.0,76.73,8000.0,1,0
2026-04-14 10:00:00,Vinh Tuy Bridge,Outbound,10,53,0,Clear,29.4,0.0,76.73,8000.0,1,0
2026-04-14 12:00:00,Vinh Tuy Bridge,Inbound,12,57,0,Partially cloudy,31.0,0.0,70.48,7000.0,1,0
2026-04-14 12:00:00,Vinh Tuy Bridge,Outbound,12,45,0,Partially cloudy,31.0,0.0,70.48,7000.0,1,0
2026-04-14 15:00:00,Vinh Tuy Bridge,Inbound,15,67,0,Partially cloudy,32.0,0.0,66.58,8000.0,1,0
2026-04-14 15:00:00,Vinh Tuy Bridge,Outbound,15,56,0,Partially cloudy,32.0,0.0,66.58,8000.0,1,0
2026-04-14 16:00:00,Vinh Tuy Bridge,Inbound,16,96,1,Partially cloudy,31.0,0.0,74.79,9000.0,1,0
2026-04-14 16:00:00,Vinh Tuy Bridge,Outbound,16,79,0,Partially cloudy,31.0,0.0,74.79,9000.0,1,0
2026-04-14 17:10:00,Vinh Tuy Bridge,Inbound,17,155,1,Partially cloudy,30.0,0.0,79.2,9000.0,1,0
2026-04-14 17:10:00,Vinh Tuy Bridge,Outbound,17,130,0,Partially cloudy,30.0,0.0,79.2,9000.0,1,0
2026-04-14 20:00:00,Vinh Tuy Bridge,Inbound,20,35,0,Partially cloudy,28.0,0.0,83.79,10000.0,1,0
2026-04-14 20:00:00,Vinh Tuy Bridge,Outbound,20,47,0,Partially cloudy,28.0,0.0,83.79,10000.0,1,0
2026-04-14 22:30:00,Vinh Tuy Bridge,Inbound,22,0,0,Clear,28.1,0.0,83.5,10000.0,1,0
2026-04-14 22:30:00,Vinh Tuy Bridge,Outbound,22,0,0,Clear,28.1,0.0,83.5,10000.0,1,0
2026-04-13 03:00:00,Vinh Tuy Bridge,Inbound,3,0,0,Partially cloudy,26.0,0.0,94.23,7000.0,0,0
2026-04-13 03:00:00,Vinh Tuy Bridge,Outbound,3,0,0,Partially cloudy,26.0,0.0,94.23,7000.0,0,0
2026-04-13 07:10:00,Vinh Tuy Bridge,Inbound,7,139,1,Clear,27.1,0.0,88.78,5000.0,0,0
2026-04-13 07:10:00,Vinh Tuy Bridge,Outbound,7,275,1,Clear,27.1,0.0,88.78,5000.0,0,0
2026-04-13 07:30:00,Vinh Tuy Bridge,Inbound,7,178,1,Clear,27.1,0.0,88.78,5000.0,0,0
2026-04-13 07:30:00,Vinh Tuy Bridge,Outbound,7,373,1,Clear,27.1,0.0,88.78,5000.0,0,0
2026-04-13 10:00:00,Vinh Tuy Bridge,Inbound,10,45,0,Partially cloudy,30.0,0.0,74.63,6000.0,0,0
2026-04-13 10:00:00,Vinh Tuy Bridge,Outbound,10,72,0,Partially cloudy,30.0,0.0,74.63,6000.0,0,0
2026-04-13 12:00:00,Vinh Tuy Bridge,Inbound,12,33,0,Partially cloudy,32.0,0.0,70.66,6000.0,0,0
2026-04-13 12:00:00,Vinh Tuy Bridge,Outbound,12,56,0,Partially cloudy,32.0,0.0,70.66,6000.0,0,0
2026-04-13 15:00:00,Vinh Tuy Bridge,Inbound,15,46,0,Partially cloudy,32.0,0.0,70.66,7000.0,0,0
2026-04-13 15:00:00,Vinh Tuy Bridge,Outbound,15,75,0,Partially cloudy,32.0,0.0,70.66,7000.0,0,0
2026-04-13 16:00:00,Vinh Tuy Bridge,Inbound,16,76,0,Partially cloudy,31.0,0.0,74.79,9000.0,0,0
2026-04-13 16:00:00,Vinh Tuy Bridge,Outbound,16,108,0,Partially cloudy,31.0,0.0,74.79,9000.0,0,0
2026-04-13 17:10:00,Vinh Tuy Bridge,Inbound,17,132,1,Partially cloudy,31.0,0.0,74.79,9000.0,0,0
2026-04-13 17:10:00,Vinh Tuy Bridge,Outbound,17,165,1,Partially cloudy,31.0,0.0,74.79,9000.0,0,0
2026-04-13 20:00:00,Vinh Tuy Bridge,Inbound,20,23,0,Partially cloudy,29.0,0.0,79.06,9000.0,0,0
2026-04-13 20:00:00,Vinh Tuy Bridge,Outbound,20,59,0,Partially cloudy,29.0,0.0,79.06,9000.0,0,0
2026-04-13 22:30:00,Vinh Tuy Bridge,Inbound,22,0,0,Clear,27.9,0.0,84.82,10000.0,0,0
2026-04-13 22:30:00,Vinh Tuy Bridge,Outbound,22,0,0,Clear,27.9,0.0,84.82,10000.0,0,0
2026-04-12 03:00:00,Vinh Tuy Bridge,Inbound,3,0,0,Partially cloudy,26.0,0.0,94.23,6000.0,6,0
2026-04-12 03:00:00,Vinh Tuy Bridge,Outbound,3,0,0,Partially cloudy,26.0,0.0,94.23,6000.0,6,0
2026-04-12 07:10:00,Vinh Tuy Bridge,Inbound,7,17,0,Partially cloudy,26.0,0.0,94.23,4000.0,6,0
2026-04-12 07:10:00,Vinh Tuy Bridge,Outbound,7,20,0,Partially cloudy,26.0,0.0,94.23,4000.0,6,0
2026-04-12 07:30:00,Vinh Tuy Bridge,Inbound,7,24,0,Partially cloudy,26.0,0.0,94.23,4000.0,6,0
2026-04-12 07:30:00,Vinh Tuy Bridge,Outbound,7,27,0,Partially cloudy,26.0,0.0,94.23,4000.0,6,0
2026-04-12 10:00:00,Vinh Tuy Bridge,Inbound,10,34,0,Partially cloudy,30.0,0.0,74.63,6000.0,6,0
2026-04-12 10:00:00,Vinh Tuy Bridge,Outbound,10,44,0,Partially cloudy,30.0,0.0,74.63,6000.0,6,0
2026-04-12 12:00:00,Vinh Tuy Bridge,Inbound,12,43,0,Clear,33.0,0.0,66.78,6000.0,6,0
2026-04-12 12:00:00,Vinh Tuy Bridge,Outbound,12,58,0,Clear,33.0,0.0,66.78,6000.0,6,0
2026-04-12 15:00:00,Vinh Tuy Bridge,Inbound,15,66,0,Partially cloudy,34.0,0.0,63.14,7000.0,6,0
2026-04-12 15:00:00,Vinh Tuy Bridge,Outbound,15,87,0,Partially cloudy,34.0,0.0,63.14,7000.0,6,0
2026-04-12 16:00:00,Vinh Tuy Bridge,Inbound,16,92,1,Clear,34.4,0.0,63.41,8000.0,6,0
2026-04-12 16:00:00,Vinh Tuy Bridge,Outbound,16,115,0,Clear,34.4,0.0,63.41,8000.0,6,0
2026-04-12 17:10:00,Vinh Tuy Bridge,Inbound,17,96,1,Partially cloudy,32.0,0.0,74.95,9000.0,6,0
2026-04-12 17:10:00,Vinh Tuy Bridge,Outbound,17,149,1,Partially cloudy,32.0,0.0,74.95,9000.0,6,0
2026-04-12 20:00:00,Vinh Tuy Bridge,Inbound,20,24,0,Partially cloudy,28.0,0.0,83.79,9000.0,6,0
2026-04-12 20:00:00,Vinh Tuy Bridge,Outbound,20,62,0,Partially cloudy,28.0,0.0,83.79,9000.0,6,0
2026-04-12 22:30:00,Vinh Tuy Bridge,Inbound,22,0,0,Clear,27.9,0.0,81.95,8000.0,6,0
2026-04-12 22:30:00,Vinh Tuy Bridge,Outbound,22,0,0,Clear,27.9,0.0,81.95,8000.0,6,0
2026-04-11 03:00:00,Vinh Tuy Bridge,Inbound,3,0,0,Partially cloudy,26.0,0.0,94.23,6000.0,5,0
2026-04-11 03:00:00,Vinh Tuy Bridge,Outbound,3,0,0,Partially cloudy,26.0,0.0,94.23,6000.0,5,0
2026-04-11 07:10:00,Vinh Tuy Bridge,Inbound,7,48,0,Partially cloudy,27.0,0.0,88.84,3000.0,5,0
2026-04-11 07:10:00,Vinh Tuy Bridge,Outbound,7,51,0,Partially cloudy,27.0,0.0,88.84,3000.0,5,0
2026-04-11 07:30:00,Vinh Tuy Bridge,Inbound,7,75,0,Partially cloudy,27.0,0.0,88.84,3000.0,5,0
2026-04-11 07:30:00,Vinh Tuy Bridge,Outbound,7,73,0,Partially cloudy,27.0,0.0,88.84,3000.0,5,0
2026-04-11 10:00:00,Vinh Tuy Bridge,Inbound,10,134,1,Clear,29.3,0.0,80.31,4000.0,5,0
2026-04-11 10:00:00,Vinh Tuy Bridge,Outbound,10,120,0,Clear,29.3,0.0,80.31,4000.0,5,0
2026-04-11 12:00:00,Vinh Tuy Bridge,Inbound,12,148,1,Partially cloudy,32.0,0.0,70.66,5000.0,5,0
2026-04-11 12:00:00,Vinh Tuy Bridge,Outbound,12,127,0,Partially cloudy,32.0,0.0,70.66,5000.0,5,0
2026-04-11 15:00:00,Vinh Tuy Bridge,Inbound,15,174,1,Partially cloudy,34.0,0.0,63.14,6000.0,5,0
2026-04-11 15:00:00,Vinh Tuy Bridge,Outbound,15,145,0,Partially cloudy,34.0,0.0,63.14,6000.0,5,0
2026-04-11 16:00:00,Vinh Tuy Bridge,Inbound,16,219,1,Partially cloudy,34.0,0.0,63.14,6000.0,5,0
2026-04-11 16:00:00,Vinh Tuy Bridge,Outbound,16,193,1,Partially cloudy,34.0,0.0,63.14,6000.0,5,0
2026-04-11 17:10:00,Vinh Tuy Bridge,Inbound,17,250,1,Partially cloudy,33.0,0.0,62.93,6000.0,5,0
2026-04-11 17:10:00,Vinh Tuy Bridge,Outbound,17,232,1,Partially cloudy,33.0,0.0,62.93,6000.0,5,0
2026-04-11 20:00:00,Vinh Tuy Bridge,Inbound,20,55,0,Partially cloudy,28.0,0.0,83.79,8000.0,5,0
2026-04-11 20:00:00,Vinh Tuy Bridge,Outbound,20,68,0,Partially cloudy,28.0,0.0,83.79,8000.0,5,0
2026-04-11 22:30:00,Vinh Tuy Bridge,Inbound,22,0,0,Partially cloudy,27.0,0.0,88.84,8000.0,5,0
2026-04-11 22:30:00,Vinh Tuy Bridge,Outbound,22,0,0,Partially cloudy,27.0,0.0,88.84,8000.0,5,0
2026-04-10 03:00:00,Vinh Tuy Bridge,Inbound,3,0,0,Partially cloudy,27.0,0.0,88.84,8000.0,4,0
2026-04-10 03:00:00,Vinh Tuy Bridge,Outbound,3,0,0,Partially cloudy,27.0,0.0,88.84,8000.0,4,0
2026-04-10 07:10:00,Vinh Tuy Bridge,Inbound,7,46,0,Clear,26.4,0.0,89.2,5000.0,4,0
2026-04-10 07:10:00,Vinh Tuy Bridge,Outbound,7,67,0,Clear,26.4,0.0,89.2,5000.0,4,0
2026-04-10 07:30:00,Vinh Tuy Bridge,Inbound,7,68,0,Clear,26.4,0.0,89.2,5000.0,4,0
2026-04-10 07:30:00,Vinh Tuy Bridge,Outbound,7,94,0,Clear,26.4,0.0,89.2,5000.0,4,0
2026-04-10 10:00:00,Vinh Tuy Bridge,Inbound,10,49,0,Clear,29.0,0.0,80.93,5000.0,4,0
2026-04-10 10:00:00,Vinh Tuy Bridge,Outbound,10,55,0,Clear,29.0,0.0,80.93,5000.0,4,0
2026-04-10 12:00:00,Vinh Tuy Bridge,Inbound,12,55,0,Partially cloudy,31.0,0.0,70.48,6000.0,4,0
2026-04-10 12:00:00,Vinh Tuy Bridge,Outbound,12,51,0,Partially cloudy,31.0,0.0,70.48,6000.0,4,0
2026-04-10 15:00:00,Vinh Tuy Bridge,Inbound,15,80,0,Partially cloudy,33.0,0.0,66.78,8000.0,4,0
2026-04-10 15:00:00,Vinh Tuy Bridge,Outbound,15,73,0,Partially cloudy,33.0,0.0,66.78,8000.0,4,0
2026-04-10 16:00:00,Vinh Tuy Bridge,Inbound,16,140,1,Clear,33.4,0.0,64.82,9000.0,4,0
2026-04-10 16:00:00,Vinh Tuy Bridge,Outbound,16,137,0,Clear,33.4,0.0,64.82,9000.0,4,0
2026-04-10 17:10:00,Vinh Tuy Bridge,Inbound,17,255,1,Partially cloudy,32.0,0.0,70.66,9000.0,4,0
2026-04-10 17:10:00,Vinh Tuy Bridge,Outbound,17,273,1,Partially cloudy,32.0,0.0,70.66,9000.0,4,0
2026-04-10 20:00:00,Vinh Tuy Bridge,Inbound,20,77,0,Partially cloudy,28.0,0.0,83.79,10000.0,4,0
2026-04-10 20:00:00,Vinh Tuy Bridge,Outbound,20,67,0,Partially cloudy,28.0,0.0,83.79,10000.0,4,0
2026-04-10 22:30:00,Vinh Tuy Bridge,Inbound,22,0,0,Partially cloudy,27.0,0.0,88.84,9000.0,4,0
2026-04-10 22:30:00,Vinh Tuy Bridge,Outbound,22,0,0,Partially cloudy,27.0,0.0,88.84,9000.0,4,0
2026-04-09 03:00:00,Vinh Tuy Bridge,Inbound,3,0,0,Partially cloudy,27.0,0.0,88.84,7000.0,3,0
2026-04-09 03:00:00,Vinh Tuy Bridge,Outbound,3,0,0,Partially cloudy,27.0,0.0,88.84,7000.0,3,0
2026-04-09 07:10:00,Vinh Tuy Bridge,Inbound,7,63,0,Clear,26.7,0.0,89.8,5000.0,3,0
2026-04-09 07:10:00,Vinh Tuy Bridge,Outbound,7,140,0,Clear,26.7,0.0,89.8,5000.0,3,0
2026-04-09 07:30:00,Vinh Tuy Bridge,Inbound,7,97,1,Clear,26.7,0.0,89.8,5000.0,3,0
2026-04-09 07:30:00,Vinh Tuy Bridge,Outbound,7,180,1,Clear,26.7,0.0,89.8,5000.0,3,0
2026-04-09 10:00:00,Vinh Tuy Bridge,Inbound,10,46,0,Partially cloudy,29.0,0.0,83.9,6000.0,3,0
2026-04-09 10:00:00,Vinh Tuy Bridge,Outbound,10,55,0,Partially cloudy,29.0,0.0,83.9,6000.0,3,0
2026-04-09 12:00:00,Vinh Tuy Bridge,Inbound,12,36,0,Partially cloudy,32.0,0.0,70.66,6000.0,3,0
2026-04-09 12:00:00,Vinh Tuy Bridge,Outbound,12,48,0,Partially cloudy,32.0,0.0,70.66,6000.0,3,0
2026-04-09 15:00:00,Vinh Tuy Bridge,Inbound,15,46,0,Partially cloudy,33.0,0.0,66.78,7000.0,3,0
2026-04-09 15:00:00,Vinh Tuy Bridge,Outbound,15,61,0,Partially cloudy,33.0,0.0,66.78,7000.0,3,0
2026-04-09 16:00:00,Vinh Tuy Bridge,Outbound,16,88,0,Clear,33.0,0.0,66.78,9000.0,3,0
2026-04-09 17:10:00,Vinh Tuy Bridge,Inbound,17,131,1,Partially cloudy,32.0,0.0,70.66,10000.0,3,0
2026-04-09 17:10:00,Vinh Tuy Bridge,Outbound,17,154,1,Partially cloudy,32.0,0.0,70.66,10000.0,3,0
2026-04-09 20:00:00,Vinh Tuy Bridge,Inbound,20,26,0,Clear,29.0,0.0,79.06,10000.0,3,0
2026-04-09 20:00:00,Vinh Tuy Bridge,Outbound,20,52,0,Clear,29.0,0.0,79.06,10000.0,3,0
2026-04-09 22:30:00,Vinh Tuy Bridge,Inbound,22,0,0,Partially cloudy,27.0,0.0,88.84,6000.0,3,0
2026-04-09 22:30:00,Vinh Tuy Bridge,Outbound,22,0,0,Partially cloudy,27.0,0.0,88.84,6000.0,3,0
2026-04-08 03:00:00,Vinh Tuy Bridge,Inbound,3,0,0,Partially cloudy,26.0,0.0,88.76,7000.0,2,0
2026-04-08 03:00:00,Vinh Tuy Bridge,Outbound,3,0,0,Partially cloudy,26.0,0.0,88.76,7000.0,2,0
2026-04-08 07:10:00,Vinh Tuy Bridge,Inbound,7,66,0,Clear,26.7,0.0,89.64,6000.0,2,0
2026-04-08 07:10:00,Vinh Tuy Bridge,Outbound,7,157,1,Clear,26.7,0.0,89.64,6000.0,2,0
2026-04-08 07:30:00,Vinh Tuy Bridge,Inbound,7,96,1,Clear,26.7,0.0,89.64,6000.0,2,0
2026-04-08 07:30:00,Vinh Tuy Bridge,Outbound,7,200,1,Clear,26.7,0.0,89.64,6000.0,2,0
2026-04-08 10:00:00,Vinh Tuy Bridge,Inbound,10,52,0,Partially cloudy,29.0,0.0,79.06,6000.0,2,0
2026-04-08 10:00:00,Vinh Tuy Bridge,Outbound,10,57,0,Partially cloudy,29.0,0.0,79.06,6000.0,2,0
2026-04-08 12:00:00,Vinh Tuy Bridge,Inbound,12,45,0,Partially cloudy,32.0,0.0,70.66,9000.0,2,0
2026-04-08 12:00:00,Vinh Tuy Bridge,Outbound,12,51,0,Partially cloudy,32.0,0.0,70.66,9000.0,2,0
2026-04-08 15:00:00,Vinh Tuy Bridge,Inbound,15,54,0,Partially cloudy,33.0,0.0,66.78,10000.0,2,0
2026-04-08 15:00:00,Vinh Tuy Bridge,Outbound,15,68,0,Partially cloudy,33.0,0.0,66.78,10000.0,2,0
2026-04-08 16:00:00,Vinh Tuy Bridge,Inbound,16,82,0,Clear,33.0,0.0,66.78,10000.0,2,0
2026-04-08 16:00:00,Vinh Tuy Bridge,Outbound,16,104,0,Clear,33.0,0.0,66.78,10000.0,2,0
2026-04-08 17:10:00,Vinh Tuy Bridge,Inbound,17,138,1,Clear,32.0,0.0,74.95,10000.0,2,0
2026-04-08 17:10:00,Vinh Tuy Bridge,Outbound,17,156,1,Clear,32.0,0.0,74.95,10000.0,2,0
2026-04-08 20:00:00,Vinh Tuy Bridge,Inbound,20,30,0,Clear,28.0,0.0,83.79,10000.0,2,0
2026-04-08 20:00:00,Vinh Tuy Bridge,Outbound,20,41,0,Clear,28.0,0.0,83.79,10000.0,2,0
2026-04-08 22:30:00,Vinh Tuy Bridge,Inbound,22,0,0,Clear,27.3,0.0,88.56,8000.0,2,0
2026-04-08 22:30:00,Vinh Tuy Bridge,Outbound,22,0,0,Clear,27.3,0.0,88.56,8000.0,2,0
2026-04-07 03:00:00,Vinh Tuy Bridge,Inbound,3,0,0,Partially cloudy,26.0,0.0,88.76,6000.0,1,0
2026-04-07 03:00:00,Vinh Tuy Bridge,Outbound,3,0,0,Partially cloudy,26.0,0.0,88.76,6000.0,1,0
2026-04-07 07:10:00,Vinh Tuy Bridge,Inbound,7,68,0,Clear,26.1,0.0,93.08,4000.0,1,0
2026-04-07 07:10:00,Vinh Tuy Bridge,Outbound,7,155,1,Clear,26.1,0.0,93.08,4000.0,1,0
2026-04-07 07:30:00,Vinh Tuy Bridge,Inbound,7,94,1,Clear,26.1,0.0,93.08,4000.0,1,0
2026-04-07 07:30:00,Vinh Tuy Bridge,Outbound,7,204,1,Clear,26.1,0.0,93.08,4000.0,1,0
2026-04-07 10:00:00,Vinh Tuy Bridge,Inbound,10,61,0,Clear,29.9,0.0,80.25,7000.0,1,0
2026-04-07 10:00:00,Vinh Tuy Bridge,Outbound,10,53,0,Clear,29.9,0.0,80.25,7000.0,1,0
2026-04-07 12:00:00,Vinh Tuy Bridge,Inbound,12,57,0,Partially cloudy,32.0,0.0,70.66,7000.0,1,0
2026-04-07 12:00:00,Vinh Tuy Bridge,Outbound,12,45,0,Partially cloudy,32.0,0.0,70.66,7000.0,1,0
2026-04-07 15:00:00,Vinh Tuy Bridge,Inbound,15,67,0,Partially cloudy,34.0,0.0,63.14,7000.0,1,0
2026-04-07 15:00:00,Vinh Tuy Bridge,Outbound,15,56,0,Partially cloudy,34.0,0.0,63.14,7000.0,1,0
2026-04-07 16:00:00,Vinh Tuy Bridge,Inbound,16,96,1,Clear,34.1,0.0,65.47,7000.0,1,0
2026-04-07 16:00:00,Vinh Tuy Bridge,Outbound,16,79,0,Clear,34.1,0.0,65.47,7000.0,1,0
2026-04-07 17:10:00,Vinh Tuy Bridge,Inbound,17,155,1,Partially cloudy,33.0,0.0,66.78,8000.0,1,0
2026-04-07 17:10:00,Vinh Tuy Bridge,Outbound,17,130,0,Partially cloudy,33.0,0.0,66.78,8000.0,1,0
2026-04-07 20:00:00,Vinh Tuy Bridge,Inbound,20,35,0,Partially cloudy,29.0,0.0,79.06,8000.0,1,0
2026-04-07 20:00:00,Vinh Tuy Bridge,Outbound,20,47,0,Partially cloudy,29.0,0.0,79.06,8000.0,1,0
2026-04-07 22:30:00,Vinh Tuy Bridge,Inbound,22,0,0,Clear,27.6,0.0,82.9,10000.0,1,0
2026-04-07 22:30:00,Vinh Tuy Bridge,Outbound,22,0,0,Clear,27.6,0.0,82.9,10000.0,1,0
2026-04-06 03:00:00,Vinh Tuy Bridge,Inbound,3,0,0,Partially cloudy,26.0,0.0,88.76,5000.0,0,0
2026-04-06 03:00:00,Vinh Tuy Bridge,Outbound,3,0,0,Partially cloudy,26.0,0.0,88.76,5000.0,0,0
2026-04-06 07:10:00,Vinh Tuy Bridge,Inbound,7,139,1,Clear,26.2,0.0,94.08,3000.0,0,0
2026-04-06 07:10:00,Vinh Tuy Bridge,Outbound,7,275,1,Clear,26.2,0.0,94.08,3000.0,0,0
2026-04-06 07:30:00,Vinh Tuy Bridge,Inbound,7,178,1,Clear,26.2,0.0,94.08,3000.0,0,0
2026-04-06 07:30:00,Vinh Tuy Bridge,Outbound,7,373,1,Clear,26.2,0.0,94.08,3000.0,0,0
2026-04-06 10:00:00,Vinh Tuy Bridge,Inbound,10,45,0,Clear,29.0,0.0,81.04,4000.0,0,0
2026-04-06 10:00:00,Vinh Tuy Bridge,Outbound,10,72,0,Clear,29.0,0.0,81.04,4000.0,0,0
2026-04-06 12:00:00,Vinh Tuy Bridge,Inbound,12,33,0,Partially cloudy,31.0,0.0,70.48,4000.0,0,0
2026-04-06 12:00:00,Vinh Tuy Bridge,Outbound,12,56,0,Partially cloudy,31.0,0.0,70.48,4000.0,0,0
2026-04-06 15:00:00,Vinh Tuy Bridge,Inbound,15,46,0,Partially cloudy,33.0,0.0,66.78,5000.0,0,0
2026-04-06 15:00:00,Vinh Tuy Bridge,Outbound,15,75,0,Partially cloudy,33.0,0.0,66.78,5000.0,0,0
2026-04-06 16:00:00,Vinh Tuy Bridge,Inbound,16,76,0,Clear,33.9,0.0,63.71,5000.0,0,0
2026-04-06 16:00:00,Vinh Tuy Bridge,Outbound,16,108,0,Clear,33.9,0.0,63.71,5000.0,0,0
2026-04-06 17:10:00,Vinh Tuy Bridge,Inbound,17,132,1,Partially cloudy,32.0,0.0,70.66,5000.0,0,0
2026-04-06 17:10:00,Vinh Tuy Bridge,Outbound,17,165,1,Partially cloudy,32.0,0.0,70.66,5000.0,0,0
2026-04-06 20:00:00,Vinh Tuy Bridge,Inbound,20,23,0,Partially cloudy,29.0,0.0,88.99,6000.0,0,0
2026-04-06 20:00:00,Vinh Tuy Bridge,Outbound,20,59,0,Partially cloudy,29.0,0.0,88.99,6000.0,0,0
2026-04-06 22:30:00,Vinh Tuy Bridge,Inbound,22,0,0,Clear,28.3,0.0,85.21,6000.0,0,0
2026-04-06 22:30:00,Vinh Tuy Bridge,Outbound,22,0,0,Clear,28.3,0.0,85.21,6000.0,0,0
2026-04-05 03:00:00,Vinh Tuy Bridge,Inbound,3,0,0,Partially cloudy,25.0,0.0,78.5,10000.0,6,0
2026-04-05 03:00:00,Vinh Tuy Bridge,Outbound,3,0,0,Partially cloudy,25.0,0.0,78.5,10000.0,6,0
2026-04-05 07:10:00,Vinh Tuy Bridge,Inbound,7,17,0,Clear,25.0,0.0,91.55,5000.0,6,0
2026-04-05 07:10:00,Vinh Tuy Bridge,Outbound,7,20,0,Clear,25.0,0.0,91.55,5000.0,6,0
2026-04-05 07:30:00,Vinh Tuy Bridge,Inbound,7,24,0,Clear,25.0,0.0,91.55,5000.0,6,0
2026-04-05 07:30:00,Vinh Tuy Bridge,Outbound,7,27,0,Clear,25.0,0.0,91.55,5000.0,6,0
2026-04-05 10:00:00,Vinh Tuy Bridge,Inbound,10,34,0,Clear,25.9,0.0,90.22,5000.0,6,0
2026-04-05 10:00:00,Vinh Tuy Bridge,Outbound,10,44,0,Clear,25.9,0.0,90.22,5000.0,6,0
2026-04-05 12:00:00,Vinh Tuy Bridge,Inbound,12,43,0,Partially cloudy,28.0,0.0,78.92,5000.0,6,0
2026-04-05 12:00:00,Vinh Tuy Bridge,Outbound,12,58,0,Partially cloudy,28.0,0.0,78.92,5000.0,6,0
2026-04-05 15:00:00,Vinh Tuy Bridge,Inbound,15,66,0,Partially cloudy,30.0,0.0,74.63,5000.0,6,0
2026-04-05 15:00:00,Vinh Tuy Bridge,Outbound,15,87,0,Partially cloudy,30.0,0.0,74.63,5000.0,6,0
2026-04-05 16:00:00,Vinh Tuy Bridge,Inbound,16,92,1,Clear,30.9,0.0,71.66,6000.0,6,0
2026-04-05 16:00:00,Vinh Tuy Bridge,Outbound,16,115,0,Clear,30.9,0.0,71.66,6000.0,6,0
2026-04-05 17:10:00,Vinh Tuy Bridge,Inbound,17,96,1,Partially cloudy,30.0,0.0,74.63,6000.0,6,0
2026-04-05 17:10:00,Vinh Tuy Bridge,Outbound,17,149,1,Partially cloudy,30.0,0.0,74.63,6000.0,6,0
2026-04-05 20:00:00,Vinh Tuy Bridge,Inbound,20,24,0,Partially cloudy,27.0,0.0,88.84,5000.0,6,0
2026-04-05 20:00:00,Vinh Tuy Bridge,Outbound,20,62,0,Partially cloudy,27.0,0.0,88.84,5000.0,6,0
2026-04-05 22:30:00,Vinh Tuy Bridge,Inbound,22,0,0,Clear,26.4,0.0,90.47,5000.0,6,0
2026-04-05 22:30:00,Vinh Tuy Bridge,Outbound,22,0,0,Clear,26.4,0.0,90.47,5000.0,6,0
2026-04-04 03:00:00,Vinh Tuy Bridge,Inbound,3,0,0,Partially cloudy,25.0,0.0,88.68,6000.0,5,0
2026-04-04 03:00:00,Vinh Tuy Bridge,Outbound,3,0,0,Partially cloudy,25.0,0.0,88.68,6000.0,5,0
2026-04-04 07:10:00,Vinh Tuy Bridge,Inbound,7,48,0,Partially cloudy,26.0,0.0,83.57,5000.0,5,0
2026-04-04 07:10:00,Vinh Tuy Bridge,Outbound,7,51,0,Partially cloudy,26.0,0.0,83.57,5000.0,5,0
2026-04-04 07:30:00,Vinh Tuy Bridge,Inbound,7,75,0,Partially cloudy,26.0,0.0,83.57,5000.0,5,0
2026-04-04 07:30:00,Vinh Tuy Bridge,Outbound,7,73,0,Partially cloudy,26.0,0.0,83.57,5000.0,5,0
2026-04-04 10:00:00,Vinh Tuy Bridge,Inbound,10,134,1,Clear,26.8,0.1,72.52,10000.0,5,0
2026-04-04 10:00:00,Vinh Tuy Bridge,Outbound,10,120,0,Clear,26.8,0.1,72.52,10000.0,5,0
2026-04-04 12:00:00,Vinh Tuy Bridge,Inbound,12,148,1,Clear,29.0,0.0,62.06,10000.0,5,0
2026-04-04 12:00:00,Vinh Tuy Bridge,Outbound,12,127,0,Clear,29.0,0.0,62.06,10000.0,5,0
2026-04-04 15:00:00,Vinh Tuy Bridge,Inbound,15,174,1,Partially cloudy,30.0,0.0,66.18,10000.0,5,0
2026-04-04 15:00:00,Vinh Tuy Bridge,Outbound,15,145,0,Partially cloudy,30.0,0.0,66.18,10000.0,5,0
2026-04-04 16:00:00,Vinh Tuy Bridge,Inbound,16,219,1,Clear,30.0,0.0,66.18,10000.0,5,0
2026-04-04 16:00:00,Vinh Tuy Bridge,Outbound,16,193,1,Clear,30.0,0.0,66.18,10000.0,5,0
2026-04-04 17:10:00,Vinh Tuy Bridge,Inbound,17,250,1,Partially cloudy,29.0,0.0,70.11,10000.0,5,0
2026-04-04 17:10:00,Vinh Tuy Bridge,Outbound,17,232,1,Partially cloudy,29.0,0.0,70.11,10000.0,5,0
2026-04-04 20:00:00,Vinh Tuy Bridge,Inbound,20,55,0,Partially cloudy,27.0,0.0,78.78,10000.0,5,0
2026-04-04 20:00:00,Vinh Tuy Bridge,Outbound,20,68,0,Partially cloudy,27.0,0.0,78.78,10000.0,5,0
2026-04-04 22:30:00,Vinh Tuy Bridge,Inbound,22,0,0,Clear,25.9,0.0,72.05,10000.0,5,0
2026-04-04 22:30:00,Vinh Tuy Bridge,Outbound,22,0,0,Clear,25.9,0.0,72.05,10000.0,5,0
2026-04-03 03:00:00,Vinh Tuy Bridge,Inbound,3,0,0,Partially cloudy,25.0,0.0,94.19,5000.0,4,0
2026-04-03 03:00:00,Vinh Tuy Bridge,Outbound,3,0,0,Partially cloudy,25.0,0.0,94.19,5000.0,4,0
2026-04-03 07:10:00,Vinh Tuy Bridge,Inbound,7,46,0,Clear,25.4,0.0,92.57,3000.0,4,0
2026-04-03 07:10:00,Vinh Tuy Bridge,Outbound,7,67,0,Clear,25.4,0.0,92.57,3000.0,4,0
2026-04-03 07:30:00,Vinh Tuy Bridge,Inbound,7,68,0,Clear,25.4,0.0,92.57,3000.0,4,0
2026-04-03 07:30:00,Vinh Tuy Bridge,Outbound,7,94,0,Clear,25.4,0.0,92.57,3000.0,4,0
2026-04-03 10:00:00,Vinh Tuy Bridge,Inbound,10,49,0,Clear,27.8,0.0,78.92,5000.0,4,0
2026-04-03 10:00:00,Vinh Tuy Bridge,Outbound,10,55,0,Clear,27.8,0.0,78.92,5000.0,4,0
2026-04-03 12:00:00,Vinh Tuy Bridge,Inbound,12,55,0,Partially cloudy,29.0,0.0,74.47,6000.0,4,0
2026-04-03 12:00:00,Vinh Tuy Bridge,Outbound,12,51,0,Partially cloudy,29.0,0.0,74.47,6000.0,4,0
2026-04-03 15:00:00,Vinh Tuy Bridge,Inbound,15,80,0,Partially cloudy,30.0,0.0,70.29,7000.0,4,0
2026-04-03 15:00:00,Vinh Tuy Bridge,Outbound,15,73,0,Partially cloudy,30.0,0.0,70.29,7000.0,4,0
2026-04-03 16:00:00,Vinh Tuy Bridge,Inbound,16,140,1,Partially cloudy,30.0,0.0,70.29,7000.0,4,0
2026-04-03 16:00:00,Vinh Tuy Bridge,Outbound,16,137,0,Partially cloudy,30.0,0.0,70.29,7000.0,4,0
2026-04-03 17:10:00,Vinh Tuy Bridge,Inbound,17,255,1,Partially cloudy,29.0,0.0,74.47,6000.0,4,0
2026-04-03 17:10:00,Vinh Tuy Bridge,Outbound,17,273,1,Partially cloudy,29.0,0.0,74.47,6000.0,4,0
2026-04-03 20:00:00,Vinh Tuy Bridge,Inbound,20,77,0,Partially cloudy,27.0,0.0,88.84,8000.0,4,0
2026-04-03 20:00:00,Vinh Tuy Bridge,Outbound,20,67,0,Partially cloudy,27.0,0.0,88.84,8000.0,4,0
2026-04-03 22:30:00,Vinh Tuy Bridge,Inbound,22,0,0,Clear,26.6,0.0,88.78,9000.0,4,0
2026-04-03 22:30:00,Vinh Tuy Bridge,Outbound,22,0,0,Clear,26.6,0.0,88.78,9000.0,4,0
2026-04-02 03:00:00,Vinh Tuy Bridge,Inbound,3,0,0,Partially cloudy,23.0,0.0,88.52,6000.0,3,0
2026-04-02 03:00:00,Vinh Tuy Bridge,Outbound,3,0,0,Partially cloudy,23.0,0.0,88.52,6000.0,3,0
2026-04-02 07:10:00,Vinh Tuy Bridge,Inbound,7,63,0,Clear,22.9,0.0,94.62,3000.0,3,0
2026-04-02 07:10:00,Vinh Tuy Bridge,Outbound,7,140,0,Clear,22.9,0.0,94.62,3000.0,3,0
2026-04-02 07:30:00,Vinh Tuy Bridge,Inbound,7,97,1,Clear,22.9,0.0,94.62,3000.0,3,0
2026-04-02 07:30:00,Vinh Tuy Bridge,Outbound,7,180,1,Clear,22.9,0.0,94.62,3000.0,3,0
2026-04-02 10:00:00,Vinh Tuy Bridge,Inbound,10,46,0,Clear,24.1,0.2,90.59,3000.0,3,0
2026-04-02 10:00:00,Vinh Tuy Bridge,Outbound,10,55,0,Clear,24.1,0.2,90.59,3000.0,3,0
2026-04-02 12:00:00,Vinh Tuy Bridge,Inbound,12,36,0,Partially cloudy,26.0,0.1,83.57,7000.0,3,0
2026-04-02 12:00:00,Vinh Tuy Bridge,Outbound,12,48,0,Partially cloudy,26.0,0.1,83.57,7000.0,3,0
2026-04-02 15:00:00,Vinh Tuy Bridge,Inbound,15,46,0,Partially cloudy,28.0,0.0,69.92,10000.0,3,0
2026-04-02 15:00:00,Vinh Tuy Bridge,Outbound,15,61,0,Partially cloudy,28.0,0.0,69.92,10000.0,3,0
2026-04-02 16:00:00,Vinh Tuy Bridge,Inbound,16,74,0,Clear,28.0,0.0,76.14,6000.0,3,0
2026-04-02 16:00:00,Vinh Tuy Bridge,Outbound,16,88,0,Clear,28.0,0.0,76.14,6000.0,3,0
2026-04-02 17:10:00,Vinh Tuy Bridge,Inbound,17,131,1,Partially cloudy,26.0,0.0,83.57,5000.0,3,0
2026-04-02 17:10:00,Vinh Tuy Bridge,Outbound,17,154,1,Partially cloudy,26.0,0.0,83.57,5000.0,3,0
2026-04-02 20:00:00,Vinh Tuy Bridge,Inbound,20,26,0,Partially cloudy,26.0,0.0,83.57,7000.0,3,0
2026-04-02 20:00:00,Vinh Tuy Bridge,Outbound,20,52,0,Partially cloudy,26.0,0.0,83.57,7000.0,3,0
2026-04-02 22:30:00,Vinh Tuy Bridge,Inbound,22,0,0,Clear,25.4,0.0,89.39,6000.0,3,0
2026-04-02 22:30:00,Vinh Tuy Bridge,Outbound,22,0,0,Clear,25.4,0.0,89.39,6000.0,3,0
2026-04-01 03:00:00,Vinh Tuy Bridge,Inbound,3,0,0,Partially cloudy,25.0,0.0,65.15,10000.0,2,0
2026-04-01 03:00:00,Vinh Tuy Bridge,Outbound,3,0,0,Partially cloudy,25.0,0.0,65.15,10000.0,2,0
2026-04-01 07:10:00,Vinh Tuy Bridge,Inbound,7,66,0,Partially cloudy,23.0,0.0,78.21,10000.0,2,0
2026-04-01 07:10:00,Vinh Tuy Bridge,Outbound,7,157,1,Partially cloudy,23.0,0.0,78.21,10000.0,2,0
2026-04-01 07:30:00,Vinh Tuy Bridge,Inbound,7,96,1,Partially cloudy,23.0,0.0,78.21,10000.0,2,0
2026-04-01 07:30:00,Vinh Tuy Bridge,Outbound,7,200,1,Partially cloudy,23.0,0.0,78.21,10000.0,2,0
2026-04-01 10:00:00,Vinh Tuy Bridge,Inbound,10,52,0,Clear,25.0,0.0,69.36,10000.0,2,0
2026-04-01 10:00:00,Vinh Tuy Bridge,Outbound,10,57,0,Clear,25.0,0.0,69.36,10000.0,2,0
2026-04-01 12:00:00,Vinh Tuy Bridge,Inbound,12,45,0,Clear,26.0,0.0,57.63,10000.0,2,0
2026-04-01 12:00:00,Vinh Tuy Bridge,Outbound,12,51,0,Clear,26.0,0.0,57.63,10000.0,2,0
2026-04-01 15:00:00,Vinh Tuy Bridge,Inbound,15,54,0,Clear,27.0,0.0,61.61,10000.0,2,0
2026-04-01 15:00:00,Vinh Tuy Bridge,Outbound,15,68,0,Clear,27.0,0.0,61.61,10000.0,2,0
2026-04-01 16:00:00,Vinh Tuy Bridge,Inbound,16,82,0,Partially cloudy,27.0,0.0,61.61,10000.0,2,0
2026-04-01 16:00:00,Vinh Tuy Bridge,Outbound,16,104,0,Partially cloudy,27.0,0.0,61.61,10000.0,2,0
2026-04-01 17:10:00,Vinh Tuy Bridge,Inbound,17,138,1,Partially cloudy,27.0,0.0,61.61,10000.0,2,0
2026-04-01 17:10:00,Vinh Tuy Bridge,Outbound,17,156,1,Partially cloudy,27.0,0.0,61.61,10000.0,2,0
2026-04-01 20:00:00,Vinh Tuy Bridge,Inbound,20,30,0,Partially cloudy,26.0,0.0,69.55,10000.0,2,0
2026-04-01 20:00:00,Vinh Tuy Bridge,Outbound,20,41,0,Partially cloudy,26.0,0.0,69.55,10000.0,2,0
2026-04-01 22:30:00,Vinh Tuy Bridge,Inbound,22,0,0,Partially cloudy,25.0,0.0,73.8,10000.0,2,0
2026-04-01 22:30:00,Vinh Tuy Bridge,Outbound,22,0,0,Partially cloudy,25.0,0.0,73.8,10000.0,2,0
2026-03-31 03:00:00,Vinh Tuy Bridge,Inbound,3,0,0,Partially cloudy,25.0,0.0,94.19,8000.0,1,0
2026-03-31 03:00:00,Vinh Tuy Bridge,Outbound,3,0,0,Partially cloudy,25.0,0.0,94.19,8000.0,1,0
2026-03-31 07:10:00,Vinh Tuy Bridge,Inbound,7,68,0,Partially cloudy,25.0,0.0,94.19,6000.0,1,0
2026-03-31 07:10:00,Vinh Tuy Bridge,Outbound,7,155,1,Partially cloudy,25.0,0.0,94.19,6000.0,1,0
2026-03-31 07:30:00,Vinh Tuy Bridge,Inbound,7,94,1,Partially cloudy,25.0,0.0,94.19,6000.0,1,0
2026-03-31 07:30:00,Vinh Tuy Bridge,Outbound,7,204,1,Partially cloudy,25.0,0.0,94.19,6000.0,1,0
2026-03-31 10:00:00,Vinh Tuy Bridge,Inbound,10,61,0,Partially cloudy,27.0,0.0,83.68,5000.0,1,0
2026-03-31 10:00:00,Vinh Tuy Bridge,Outbound,10,53,0,Partially cloudy,27.0,0.0,83.68,5000.0,1,0
2026-03-31 12:00:00,Vinh Tuy Bridge,Inbound,12,57,0,Partially cloudy,29.0,0.0,74.47,6000.0,1,0
2026-03-31 12:00:00,Vinh Tuy Bridge,Outbound,12,45,0,Partially cloudy,29.0,0.0,74.47,6000.0,1,0
2026-03-31 15:00:00,Vinh Tuy Bridge,Inbound,15,67,0,Partially cloudy,31.0,0.0,70.48,7000.0,1,0
2026-03-31 15:00:00,Vinh Tuy Bridge,Outbound,15,56,0,Partially cloudy,31.0,0.0,70.48,7000.0,1,0
2026-03-31 16:00:00,Vinh Tuy Bridge,Inbound,16,96,1,"Rain, Partially cloudy",31.0,1.5,66.38,8000.0,1,0
2026-03-31 16:00:00,Vinh Tuy Bridge,Outbound,16,79,0,"Rain, Partially cloudy",31.0,1.5,66.38,8000.0,1,0
2026-03-31 17:10:00,Vinh Tuy Bridge,Inbound,17,155,1,"Rain, Partially cloudy",30.0,1.6,74.63,8000.0,1,0
2026-03-31 17:10:00,Vinh Tuy Bridge,Outbound,17,130,0,"Rain, Partially cloudy",30.0,1.6,74.63,8000.0,1,0
2026-03-31 20:00:00,Vinh Tuy Bridge,Inbound,20,35,0,Partially cloudy,28.0,0.1,83.79,7000.0,1,0
2026-03-31 20:00:00,Vinh Tuy Bridge,Outbound,20,47,0,Partially cloudy,28.0,0.1,83.79,7000.0,1,0
2026-03-31 22:30:00,Vinh Tuy Bridge,Inbound,22,0,0,"Rain, Partially cloudy",27.0,0.9,83.68,8000.0,1,0
2026-03-31 22:30:00,Vinh Tuy Bridge,Outbound,22,0,0,"Rain, Partially cloudy",27.0,0.9,83.68,8000.0,1,0
2026-03-30 03:00:00,Vinh Tuy Bridge,Inbound,3,0,0,Partially cloudy,25.0,0.0,88.68,9000.0,0,0
2026-03-30 03:00:00,Vinh Tuy Bridge,Outbound,3,0,0,Partially cloudy,25.0,0.0,88.68,9000.0,0,0
2026-03-30 07:10:00,Vinh Tuy Bridge,Inbound,7,139,1,Partially cloudy,23.0,0.0,88.52,9000.0,0,0
2026-03-30 07:10:00,Vinh Tuy Bridge,Outbound,7,275,1,Partially cloudy,23.0,0.0,88.52,9000.0,0,0
2026-03-30 07:30:00,Vinh Tuy Bridge,Inbound,7,178,1,Partially cloudy,23.0,0.0,88.52,9000.0,0,0
2026-03-30 07:30:00,Vinh Tuy Bridge,Outbound,7,373,1,Partially cloudy,23.0,0.0,88.52,9000.0,0,0
2026-03-30 10:00:00,Vinh Tuy Bridge,Inbound,10,45,0,Partially cloudy,27.0,0.0,83.68,5000.0,0,0
2026-03-30 10:00:00,Vinh Tuy Bridge,Outbound,10,72,0,Partially cloudy,27.0,0.0,83.68,5000.0,0,0
2026-03-30 12:00:00,Vinh Tuy Bridge,Inbound,12,33,0,Partially cloudy,29.0,0.0,79.06,8000.0,0,0
2026-03-30 12:00:00,Vinh Tuy Bridge,Outbound,12,56,0,Partially cloudy,29.0,0.0,79.06,8000.0,0,0
2026-03-30 15:00:00,Vinh Tuy Bridge,Inbound,15,46,0,Partially cloudy,31.0,0.0,70.48,8000.0,0,0
2026-03-30 15:00:00,Vinh Tuy Bridge,Outbound,15,75,0,Partially cloudy,31.0,0.0,70.48,8000.0,0,0
2026-03-30 16:00:00,Vinh Tuy Bridge,Inbound,16,76,0,Partially cloudy,30.0,0.0,74.63,8000.0,0,0
2026-03-30 16:00:00,Vinh Tuy Bridge,Outbound,16,108,0,Partially cloudy,30.0,0.0,74.63,8000.0,0,0
2026-03-30 17:10:00,Vinh Tuy Bridge,Inbound,17,132,1,Partially cloudy,29.0,0.0,79.06,8000.0,0,0
2026-03-30 17:10:00,Vinh Tuy Bridge,Outbound,17,165,1,Partially cloudy,29.0,0.0,79.06,8000.0,0,0
2026-03-30 20:00:00,Vinh Tuy Bridge,Inbound,20,23,0,Partially cloudy,27.0,0.0,83.68,7000.0,0,0
2026-03-30 20:00:00,Vinh Tuy Bridge,Outbound,20,59,0,Partially cloudy,27.0,0.0,83.68,7000.0,0,0
2026-03-30 22:30:00,Vinh Tuy Bridge,Inbound,22,0,0,Partially cloudy,26.0,0.0,88.76,8000.0,0,0
2026-03-30 22:30:00,Vinh Tuy Bridge,Outbound,22,0,0,Partially cloudy,26.0,0.0,88.76,8000.0,0,0
2026-03-29 03:00:00,Vinh Tuy Bridge,Inbound,3,0,0,Partially cloudy,25.0,0.0,88.68,6000.0,6,0
2026-03-29 03:00:00,Vinh Tuy Bridge,Outbound,3,0,0,Partially cloudy,25.0,0.0,88.68,6000.0,6,0
2026-03-29 07:10:00,Vinh Tuy Bridge,Inbound,7,17,0,Partially cloudy,24.0,0.1,100.0,2000.0,6,0
2026-03-29 07:10:00,Vinh Tuy Bridge,Outbound,7,20,0,Partially cloudy,24.0,0.1,100.0,2000.0,6,0
2026-03-29 07:30:00,Vinh Tuy Bridge,Inbound,7,24,0,Partially cloudy,24.0,0.1,100.0,2000.0,6,0
2026-03-29 07:30:00,Vinh Tuy Bridge,Outbound,7,27,0,Partially cloudy,24.0,0.1,100.0,2000.0,6,0
2026-03-29 10:00:00,Vinh Tuy Bridge,Inbound,10,34,0,"Rain, Partially cloudy",24.0,0.4,100.0,5000.0,6,0
2026-03-29 10:00:00,Vinh Tuy Bridge,Outbound,10,44,0,"Rain, Partially cloudy",24.0,0.4,100.0,5000.0,6,0
2026-03-29 12:00:00,Vinh Tuy Bridge,Inbound,12,43,0,Clear,29.0,0.0,70.11,10000.0,6,0
2026-03-29 12:00:00,Vinh Tuy Bridge,Outbound,12,58,0,Clear,29.0,0.0,70.11,10000.0,6,0
2026-03-29 15:00:00,Vinh Tuy Bridge,Inbound,15,66,0,Partially cloudy,29.0,0.0,74.47,10000.0,6,0
2026-03-29 15:00:00,Vinh Tuy Bridge,Outbound,15,87,0,Partially cloudy,29.0,0.0,74.47,10000.0,6,0
2026-03-29 16:00:00,Vinh Tuy Bridge,Inbound,16,92,1,Partially cloudy,28.0,0.0,78.92,10000.0,6,0
2026-03-29 16:00:00,Vinh Tuy Bridge,Outbound,16,115,0,Partially cloudy,28.0,0.0,78.92,10000.0,6,0
2026-03-29 17:10:00,Vinh Tuy Bridge,Inbound,17,96,1,Partially cloudy,27.0,0.0,83.68,10000.0,6,0
2026-03-29 17:10:00,Vinh Tuy Bridge,Outbound,17,149,1,Partially cloudy,27.0,0.0,83.68,10000.0,6,0
2026-03-29 20:00:00,Vinh Tuy Bridge,Inbound,20,24,0,Partially cloudy,26.0,0.0,88.76,10000.0,6,0
2026-03-29 20:00:00,Vinh Tuy Bridge,Outbound,20,62,0,Partially cloudy,26.0,0.0,88.76,10000.0,6,0
2026-03-29 22:30:00,Vinh Tuy Bridge,Inbound,22,0,0,Partially cloudy,26.0,0.0,88.76,10000.0,6,0
2026-03-29 22:30:00,Vinh Tuy Bridge,Outbound,22,0,0,Partially cloudy,26.0,0.0,88.76,10000.0,6,0
2026-03-28 03:00:00,Vinh Tuy Bridge,Inbound,3,0,0,Partially cloudy,25.0,0.0,83.45,10000.0,5,0
2026-03-28 03:00:00,Vinh Tuy Bridge,Outbound,3,0,0,Partially cloudy,25.0,0.0,83.45,10000.0,5,0
2026-03-28 07:10:00,Vinh Tuy Bridge,Inbound,7,48,0,Partially cloudy,25.0,0.0,88.68,5000.0,5,0
2026-03-28 07:10:00,Vinh Tuy Bridge,Outbound,7,51,0,Partially cloudy,25.0,0.0,88.68,5000.0,5,0
2026-03-28 07:30:00,Vinh Tuy Bridge,Inbound,7,75,0,Partially cloudy,25.0,0.0,88.68,5000.0,5,0
2026-03-28 07:30:00,Vinh Tuy Bridge,Outbound,7,73,0,Partially cloudy,25.0,0.0,88.68,5000.0,5,0
2026-03-28 10:00:00,Vinh Tuy Bridge,Inbound,10,134,1,Partially cloudy,26.0,0.1,83.57,10000.0,5,0
2026-03-28 10:00:00,Vinh Tuy Bridge,Outbound,10,120,0,Partially cloudy,26.0,0.1,83.57,10000.0,5,0
2026-03-28 12:00:00,Vinh Tuy Bridge,Inbound,12,148,1,Partially cloudy,27.0,0.1,83.68,10000.0,5,0
2026-03-28 12:00:00,Vinh Tuy Bridge,Outbound,12,127,0,Partially cloudy,27.0,0.1,83.68,10000.0,5,0
2026-03-28 15:00:00,Vinh Tuy Bridge,Inbound,15,174,1,Partially cloudy,27.0,0.1,83.68,8000.0,5,0
2026-03-28 15:00:00,Vinh Tuy Bridge,Outbound,15,145,0,Partially cloudy,27.0,0.1,83.68,8000.0,5,0
2026-03-28 16:00:00,Vinh Tuy Bridge,Inbound,16,219,1,Partially cloudy,27.0,0.0,78.78,10000.0,5,0
2026-03-28 16:00:00,Vinh Tuy Bridge,Outbound,16,193,1,Partially cloudy,27.0,0.0,78.78,10000.0,5,0
2026-03-28 17:10:00,Vinh Tuy Bridge,Inbound,17,250,1,Partially cloudy,27.0,0.0,78.78,10000.0,5,0
2026-03-28 17:10:00,Vinh Tuy Bridge,Outbound,17,232,1,Partially cloudy,27.0,0.0,78.78,10000.0,5,0
2026-03-28 20:00:00,Vinh Tuy Bridge,Inbound,20,55,0,Partially cloudy,26.0,0.0,83.57,10000.0,5,0
2026-03-28 20:00:00,Vinh Tuy Bridge,Outbound,20,68,0,Partially cloudy,26.0,0.0,83.57,10000.0,5,0
2026-03-28 22:30:00,Vinh Tuy Bridge,Inbound,22,0,0,Partially cloudy,26.0,0.0,88.76,9000.0,5,0
2026-03-28 22:30:00,Vinh Tuy Bridge,Outbound,22,0,0,Partially cloudy,26.0,0.0,88.76,9000.0,5,0
2026-03-27 03:00:00,Vinh Tuy Bridge,Inbound,3,0,0,Overcast,24.0,0.0,94.15,3000.0,4,0
2026-03-27 03:00:00,Vinh Tuy Bridge,Outbound,3,0,0,Overcast,24.0,0.0,94.15,3000.0,4,0
2026-03-27 07:10:00,Vinh Tuy Bridge,Inbound,7,46,0,Overcast,24.0,0.1,94.15,5000.0,4,0
2026-03-27 07:10:00,Vinh Tuy Bridge,Outbound,7,67,0,Overcast,24.0,0.1,94.15,5000.0,4,0
2026-03-27 07:30:00,Vinh Tuy Bridge,Inbound,7,68,0,Overcast,24.0,0.1,94.15,5000.0,4,0
2026-03-27 07:30:00,Vinh Tuy Bridge,Outbound,7,94,0,Overcast,24.0,0.1,94.15,5000.0,4,0
2026-03-27 10:00:00,Vinh Tuy Bridge,Inbound,10,49,0,Partially cloudy,25.0,0.2,94.19,5000.0,4,0
2026-03-27 10:00:00,Vinh Tuy Bridge,Outbound,10,55,0,Partially cloudy,25.0,0.2,94.19,5000.0,4,0
2026-03-27 12:00:00,Vinh Tuy Bridge,Inbound,12,55,0,Partially cloudy,27.0,0.1,83.68,10000.0,4,0
2026-03-27 12:00:00,Vinh Tuy Bridge,Outbound,12,51,0,Partially cloudy,27.0,0.1,83.68,10000.0,4,0
2026-03-27 15:00:00,Vinh Tuy Bridge,Inbound,15,80,0,Partially cloudy,27.0,0.0,83.68,10000.0,4,0
2026-03-27 15:00:00,Vinh Tuy Bridge,Outbound,15,73,0,Partially cloudy,27.0,0.0,83.68,10000.0,4,0
2026-03-27 16:00:00,Vinh Tuy Bridge,Inbound,16,140,1,Partially cloudy,27.0,0.0,83.68,10000.0,4,0
2026-03-27 16:00:00,Vinh Tuy Bridge,Outbound,16,137,0,Partially cloudy,27.0,0.0,83.68,10000.0,4,0
2026-03-27 17:10:00,Vinh Tuy Bridge,Inbound,17,255,1,Partially cloudy,26.0,0.0,83.57,10000.0,4,0
2026-03-27 17:10:00,Vinh Tuy Bridge,Outbound,17,273,1,Partially cloudy,26.0,0.0,83.57,10000.0,4,0
2026-03-27 20:00:00,Vinh Tuy Bridge,Inbound,20,77,0,Partially cloudy,26.0,0.0,83.57,10000.0,4,0
2026-03-27 20:00:00,Vinh Tuy Bridge,Outbound,20,67,0,Partially cloudy,26.0,0.0,83.57,10000.0,4,0
2026-03-27 22:30:00,Vinh Tuy Bridge,Inbound,22,0,0,Partially cloudy,25.0,0.0,88.68,10000.0,4,0
2026-03-27 22:30:00,Vinh Tuy Bridge,Outbound,22,0,0,Partially cloudy,25.0,0.0,88.68,10000.0,4,0
2026-03-26 03:00:00,Vinh Tuy Bridge,Inbound,3,0,0,Partially cloudy,24.0,0.0,88.6,9000.0,3,0
2026-03-26 03:00:00,Vinh Tuy Bridge,Outbound,3,0,0,Partially cloudy,24.0,0.0,88.6,9000.0,3,0
2026-03-26 07:10:00,Vinh Tuy Bridge,Inbound,7,63,0,Partially cloudy,24.0,0.0,94.15,4000.0,3,0
2026-03-26 07:10:00,Vinh Tuy Bridge,Outbound,7,140,0,Partially cloudy,24.0,0.0,94.15,4000.0,3,0
2026-03-26 07:30:00,Vinh Tuy Bridge,Inbound,7,97,1,Partially cloudy,24.0,0.0,94.15,4000.0,3,0
2026-03-26 07:30:00,Vinh Tuy Bridge,Outbound,7,180,1,Partially cloudy,24.0,0.0,94.15,4000.0,3,0
2026-03-26 10:00:00,Vinh Tuy Bridge,Inbound,10,46,0,Clear,27.2,0.0,81.69,9800.0,3,0
2026-03-26 10:00:00,Vinh Tuy Bridge,Outbound,10,55,0,Clear,27.2,0.0,81.69,9800.0,3,0
2026-03-26 12:00:00,Vinh Tuy Bridge,Inbound,12,36,0,Partially cloudy,29.0,0.0,74.47,10000.0,3,0
2026-03-26 12:00:00,Vinh Tuy Bridge,Outbound,12,48,0,Partially cloudy,29.0,0.0,74.47,10000.0,3,0
2026-03-26 15:00:00,Vinh Tuy Bridge,Inbound,15,46,0,Partially cloudy,29.0,0.0,74.47,8000.0,3,0
2026-03-26 15:00:00,Vinh Tuy Bridge,Outbound,15,61,0,Partially cloudy,29.0,0.0,74.47,8000.0,3,0
2026-03-26 16:00:00,Vinh Tuy Bridge,Inbound,16,74,0,Partially cloudy,28.0,0.0,74.3,9000.0,3,0
2026-03-26 16:00:00,Vinh Tuy Bridge,Outbound,16,88,0,Partially cloudy,28.0,0.0,74.3,9000.0,3,0
2026-03-26 17:10:00,Vinh Tuy Bridge,Inbound,17,131,1,Partially cloudy,28.0,0.0,74.3,10000.0,3,0
2026-03-26 17:10:00,Vinh Tuy Bridge,Outbound,17,154,1,Partially cloudy,28.0,0.0,74.3,10000.0,3,0
2026-03-26 20:00:00,Vinh Tuy Bridge,Inbound,20,26,0,Partially cloudy,27.0,0.0,74.14,10000.0,3,0
2026-03-26 20:00:00,Vinh Tuy Bridge,Outbound,20,52,0,Partially cloudy,27.0,0.0,74.14,10000.0,3,0
2026-03-26 22:30:00,Vinh Tuy Bridge,Inbound,22,0,0,Partially cloudy,26.0,0.0,78.64,10000.0,3,0
2026-03-26 22:30:00,Vinh Tuy Bridge,Outbound,22,0,0,Partially cloudy,26.0,0.0,78.64,10000.0,3,0
2026-03-25 03:00:00,Vinh Tuy Bridge,Inbound,3,0,0,Partially cloudy,23.0,0.0,100.0,4000.0,2,0
2026-03-25 03:00:00,Vinh Tuy Bridge,Outbound,3,0,0,Partially cloudy,23.0,0.0,100.0,4000.0,2,0
2026-03-25 07:10:00,Vinh Tuy Bridge,Inbound,7,66,0,Clear,23.9,0.1,93.17,9100.0,2,0
2026-03-25 07:10:00,Vinh Tuy Bridge,Outbound,7,157,1,Clear,23.9,0.1,93.17,9100.0,2,0
2026-03-25 07:30:00,Vinh Tuy Bridge,Inbound,7,96,1,Clear,23.9,0.1,93.17,9100.0,2,0
2026-03-25 07:30:00,Vinh Tuy Bridge,Outbound,7,200,1,Clear,23.9,0.1,93.17,9100.0,2,0
2026-03-25 10:00:00,Vinh Tuy Bridge,Inbound,10,52,0,Partially cloudy,26.0,0.1,83.57,10000.0,2,0
2026-03-25 10:00:00,Vinh Tuy Bridge,Outbound,10,57,0,Partially cloudy,26.0,0.1,83.57,10000.0,2,0
2026-03-25 12:00:00,Vinh Tuy Bridge,Inbound,12,45,0,Partially cloudy,27.0,0.0,74.14,10000.0,2,0
2026-03-25 12:00:00,Vinh Tuy Bridge,Outbound,12,51,0,Partially cloudy,27.0,0.0,74.14,10000.0,2,0
2026-03-25 15:00:00,Vinh Tuy Bridge,Inbound,15,54,0,Partially cloudy,28.0,0.0,69.92,10000.0,2,0
2026-03-25 15:00:00,Vinh Tuy Bridge,Outbound,15,68,0,Partially cloudy,28.0,0.0,69.92,10000.0,2,0
2026-03-25 16:00:00,Vinh Tuy Bridge,Inbound,16,82,0,Clear,27.4,0.0,70.36,10400.0,2,0
2026-03-25 16:00:00,Vinh Tuy Bridge,Outbound,16,104,0,Clear,27.4,0.0,70.36,10400.0,2,0
2026-03-25 17:10:00,Vinh Tuy Bridge,Inbound,17,138,1,Partially cloudy,28.0,0.0,65.77,10000.0,2,0
2026-03-25 17:10:00,Vinh Tuy Bridge,Outbound,17,156,1,Partially cloudy,28.0,0.0,65.77,10000.0,2,0
2026-03-25 20:00:00,Vinh Tuy Bridge,Inbound,20,30,0,Partially cloudy,26.0,0.0,73.97,10000.0,2,0
2026-03-25 20:00:00,Vinh Tuy Bridge,Outbound,20,41,0,Partially cloudy,26.0,0.0,73.97,10000.0,2,0
2026-03-25 22:30:00,Vinh Tuy Bridge,Inbound,22,0,0,Clear,25.2,0.0,80.32,10200.0,2,0
2026-03-25 22:30:00,Vinh Tuy Bridge,Outbound,22,0,0,Clear,25.2,0.0,80.32,10200.0,2,0
2026-03-24 03:00:00,Vinh Tuy Bridge,Inbound,3,0,0,Partially cloudy,23.0,0.0,94.11,8000.0,1,0
2026-03-24 03:00:00,Vinh Tuy Bridge,Outbound,3,0,0,Partially cloudy,23.0,0.0,94.11,8000.0,1,0
2026-03-24 07:10:00,Vinh Tuy Bridge,Inbound,7,68,0,Clear,23.7,0.1,92.34,9000.0,1,0
2026-03-24 07:10:00,Vinh Tuy Bridge,Outbound,7,155,1,Clear,23.7,0.1,92.34,9000.0,1,0
2026-03-24 07:30:00,Vinh Tuy Bridge,Inbound,7,94,1,Clear,23.7,0.1,92.34,9000.0,1,0
2026-03-24 07:30:00,Vinh Tuy Bridge,Outbound,7,204,1,Clear,23.7,0.1,92.34,9000.0,1,0
2026-03-24 10:00:00,Vinh Tuy Bridge,Inbound,10,61,0,Clear,26.2,0.1,81.88,10400.0,1,0
2026-03-24 10:00:00,Vinh Tuy Bridge,Outbound,10,53,0,Clear,26.2,0.1,81.88,10400.0,1,0
2026-03-24 12:00:00,Vinh Tuy Bridge,Inbound,12,57,0,Partially cloudy,28.0,0.1,74.3,10000.0,1,0
2026-03-24 12:00:00,Vinh Tuy Bridge,Outbound,12,45,0,Partially cloudy,28.0,0.1,74.3,10000.0,1,0
2026-03-24 15:00:00,Vinh Tuy Bridge,Inbound,15,67,0,Partially cloudy,30.0,0.1,66.18,10000.0,1,0
2026-03-24 15:00:00,Vinh Tuy Bridge,Outbound,15,56,0,Partially cloudy,30.0,0.1,66.18,10000.0,1,0
2026-03-24 16:00:00,Vinh Tuy Bridge,Inbound,16,96,1,Clear,28.4,0.1,71.45,10400.0,1,0
2026-03-24 16:00:00,Vinh Tuy Bridge,Outbound,16,79,0,Clear,28.4,0.1,71.45,10400.0,1,0
2026-03-24 17:10:00,Vinh Tuy Bridge,Inbound,17,155,1,Partially cloudy,28.0,0.0,74.3,10000.0,1,0
2026-03-24 17:10:00,Vinh Tuy Bridge,Outbound,17,130,0,Partially cloudy,28.0,0.0,74.3,10000.0,1,0
2026-03-24 20:00:00,Vinh Tuy Bridge,Inbound,20,35,0,Partially cloudy,26.0,0.0,83.57,10000.0,1,0
2026-03-24 20:00:00,Vinh Tuy Bridge,Outbound,20,47,0,Partially cloudy,26.0,0.0,83.57,10000.0,1,0
2026-03-24 22:30:00,Vinh Tuy Bridge,Inbound,22,0,0,Clear,24.6,0.0,88.57,10200.0,1,0
2026-03-24 22:30:00,Vinh Tuy Bridge,Outbound,22,0,0,Clear,24.6,0.0,88.57,10200.0,1,0
2026-03-23 03:00:00,Vinh Tuy Bridge,Inbound,3,0,0,Partially cloudy,23.0,0.0,94.11,3000.0,0,0
2026-03-23 03:00:00,Vinh Tuy Bridge,Outbound,3,0,0,Partially cloudy,23.0,0.0,94.11,3000.0,0,0
2026-03-23 07:10:00,Vinh Tuy Bridge,Inbound,7,139,1,Partially cloudy,23.0,0.1,94.11,3000.0,0,0
2026-03-23 07:10:00,Vinh Tuy Bridge,Outbound,7,275,1,Partially cloudy,23.0,0.1,94.11,3000.0,0,0
2026-03-23 07:30:00,Vinh Tuy Bridge,Inbound,7,178,1,Partially cloudy,23.0,0.1,94.11,3000.0,0,0
2026-03-23 07:30:00,Vinh Tuy Bridge,Outbound,7,373,1,Partially cloudy,23.0,0.1,94.11,3000.0,0,0
2026-03-23 10:00:00,Vinh Tuy Bridge,Inbound,10,45,0,Partially cloudy,25.0,0.2,83.45,10000.0,0,0
2026-03-23 10:00:00,Vinh Tuy Bridge,Outbound,10,72,0,Partially cloudy,25.0,0.2,83.45,10000.0,0,0
2026-03-23 12:00:00,Vinh Tuy Bridge,Inbound,12,33,0,Partially cloudy,26.0,0.1,83.57,10000.0,0,0
2026-03-23 12:00:00,Vinh Tuy Bridge,Outbound,12,56,0,Partially cloudy,26.0,0.1,83.57,10000.0,0,0
2026-03-23 15:00:00,Vinh Tuy Bridge,Inbound,15,46,0,Partially cloudy,27.0,0.0,74.14,10000.0,0,0
2026-03-23 15:00:00,Vinh Tuy Bridge,Outbound,15,75,0,Partially cloudy,27.0,0.0,74.14,10000.0,0,0
2026-03-23 16:00:00,Vinh Tuy Bridge,Inbound,16,76,0,Clear,26.7,0.0,77.3,10400.0,0,0
2026-03-23 16:00:00,Vinh Tuy Bridge,Outbound,16,108,0,Clear,26.7,0.0,77.3,10400.0,0,0
2026-03-23 17:10:00,Vinh Tuy Bridge,Inbound,17,132,1,Partially cloudy,26.0,0.0,78.64,10000.0,0,0
2026-03-23 17:10:00,Vinh Tuy Bridge,Outbound,17,165,1,Partially cloudy,26.0,0.0,78.64,10000.0,0,0
2026-03-23 20:00:00,Vinh Tuy Bridge,Inbound,20,23,0,Partially cloudy,24.0,0.0,88.6,10000.0,0,0
2026-03-23 20:00:00,Vinh Tuy Bridge,Outbound,20,59,0,Partially cloudy,24.0,0.0,88.6,10000.0,0,0
2026-03-23 22:30:00,Vinh Tuy Bridge,Inbound,22,0,0,Partially cloudy,24.0,0.0,88.6,10000.0,0,0
2026-03-23 22:30:00,Vinh Tuy Bridge,Outbound,22,0,0,Partially cloudy,24.0,0.0,88.6,10000.0,0,0
2026-03-22 03:00:00,Vinh Tuy Bridge,Inbound,3,0,0,Partially cloudy,22.0,0.0,94.06,4000.0,6,0
2026-03-22 03:00:00,Vinh Tuy Bridge,Outbound,3,0,0,Partially cloudy,22.0,0.0,94.06,4000.0,6,0
2026-03-22 07:10:00,Vinh Tuy Bridge,Inbound,7,17,0,Clear,23.0,0.0,93.22,8600.0,6,0
2026-03-22 07:10:00,Vinh Tuy Bridge,Outbound,7,20,0,Clear,23.0,0.0,93.22,8600.0,6,0
2026-03-22 07:30:00,Vinh Tuy Bridge,Inbound,7,24,0,Clear,23.0,0.0,93.22,8600.0,6,0
2026-03-22 07:30:00,Vinh Tuy Bridge,Outbound,7,27,0,Clear,23.0,0.0,93.22,8600.0,6,0
2026-03-22 10:00:00,Vinh Tuy Bridge,Inbound,10,34,0,Clear,26.7,0.1,78.09,10200.0,6,0
2026-03-22 10:00:00,Vinh Tuy Bridge,Outbound,10,44,0,Clear,26.7,0.1,78.09,10200.0,6,0
2026-03-22 12:00:00,Vinh Tuy Bridge,Inbound,12,43,0,Partially cloudy,29.0,0.1,62.06,10000.0,6,0
2026-03-22 12:00:00,Vinh Tuy Bridge,Outbound,12,58,0,Partially cloudy,29.0,0.1,62.06,10000.0,6,0
2026-03-22 15:00:00,Vinh Tuy Bridge,Inbound,15,66,0,Clear,29.0,0.0,62.06,10000.0,6,0
2026-03-22 15:00:00,Vinh Tuy Bridge,Outbound,15,87,0,Clear,29.0,0.0,62.06,10000.0,6,0
2026-03-22 16:00:00,Vinh Tuy Bridge,Inbound,16,92,1,Partially cloudy,28.0,0.0,65.77,10000.0,6,0
2026-03-22 16:00:00,Vinh Tuy Bridge,Outbound,16,115,0,Partially cloudy,28.0,0.0,65.77,10000.0,6,0
2026-03-22 17:10:00,Vinh Tuy Bridge,Inbound,17,96,1,Partially cloudy,27.0,0.0,69.74,10000.0,6,0
2026-03-22 17:10:00,Vinh Tuy Bridge,Outbound,17,149,1,Partially cloudy,27.0,0.0,69.74,10000.0,6,0
2026-03-22 20:00:00,Vinh Tuy Bridge,Inbound,20,24,0,Partially cloudy,25.0,0.0,83.45,10000.0,6,0
2026-03-22 20:00:00,Vinh Tuy Bridge,Outbound,20,62,0,Partially cloudy,25.0,0.0,83.45,10000.0,6,0
2026-03-22 22:30:00,Vinh Tuy Bridge,Inbound,22,0,0,Partially cloudy,24.0,0.0,88.6,10000.0,6,0
2026-03-22 22:30:00,Vinh Tuy Bridge,Outbound,22,0,0,Partially cloudy,24.0,0.0,88.6,10000.0,6,0
2026-03-21 03:00:00,Vinh Tuy Bridge,Inbound,3,0,0,Partially cloudy,23.0,0.0,94.11,8000.0,5,0
2026-03-21 03:00:00,Vinh Tuy Bridge,Outbound,3,0,0,Partially cloudy,23.0,0.0,94.11,8000.0,5,0
2026-03-21 07:10:00,Vinh Tuy Bridge,Inbound,7,48,0,Clear,23.2,0.0,88.63,9500.0,5,0
2026-03-21 07:10:00,Vinh Tuy Bridge,Outbound,7,51,0,Clear,23.2,0.0,88.63,9500.0,5,0
2026-03-21 07:30:00,Vinh Tuy Bridge,Inbound,7,75,0,Clear,23.2,0.0,88.63,9500.0,5,0
2026-03-21 07:30:00,Vinh Tuy Bridge,Outbound,7,73,0,Clear,23.2,0.0,88.63,9500.0,5,0
2026-03-21 10:00:00,Vinh Tuy Bridge,Inbound,10,134,1,Clear,24.5,0.0,84.11,10000.0,5,0
2026-03-21 10:00:00,Vinh Tuy Bridge,Outbound,10,120,0,Clear,24.5,0.0,84.11,10000.0,5,0
2026-03-21 12:00:00,Vinh Tuy Bridge,Inbound,12,148,1,Partially cloudy,26.0,0.0,73.97,10000.0,5,0
2026-03-21 12:00:00,Vinh Tuy Bridge,Outbound,12,127,0,Partially cloudy,26.0,0.0,73.97,10000.0,5,0
2026-03-21 15:00:00,Vinh Tuy Bridge,Inbound,15,174,1,Partially cloudy,26.0,0.0,73.97,10000.0,5,0
2026-03-21 15:00:00,Vinh Tuy Bridge,Outbound,15,145,0,Partially cloudy,26.0,0.0,73.97,10000.0,5,0
2026-03-21 16:00:00,Vinh Tuy Bridge,Inbound,16,219,1,Clear,25.8,0.0,77.13,10300.0,5,0
2026-03-21 16:00:00,Vinh Tuy Bridge,Outbound,16,193,1,Clear,25.8,0.0,77.13,10300.0,5,0
2026-03-21 17:10:00,Vinh Tuy Bridge,Inbound,17,250,1,Partially cloudy,26.0,0.0,73.97,10000.0,5,0
2026-03-21 17:10:00,Vinh Tuy Bridge,Outbound,17,232,1,Partially cloudy,26.0,0.0,73.97,10000.0,5,0
2026-03-21 20:00:00,Vinh Tuy Bridge,Inbound,20,55,0,Partially cloudy,24.0,0.0,83.34,9000.0,5,0
2026-03-21 20:00:00,Vinh Tuy Bridge,Outbound,20,68,0,Partially cloudy,24.0,0.0,83.34,9000.0,5,0
2026-03-21 22:30:00,Vinh Tuy Bridge,Inbound,22,0,0,Partially cloudy,23.0,0.0,88.52,7000.0,5,0
2026-03-21 22:30:00,Vinh Tuy Bridge,Outbound,22,0,0,Partially cloudy,23.0,0.0,88.52,7000.0,5,0
2026-03-20 03:00:00,Vinh Tuy Bridge,Inbound,3,0,0,Partially cloudy,23.0,0.0,94.11,10000.0,4,0
2026-03-20 03:00:00,Vinh Tuy Bridge,Outbound,3,0,0,Partially cloudy,23.0,0.0,94.11,10000.0,4,0
2026-03-20 07:10:00,Vinh Tuy Bridge,Inbound,7,46,0,Clear,23.6,0.0,91.99,8500.0,4,0
2026-03-20 07:10:00,Vinh Tuy Bridge,Outbound,7,67,0,Clear,23.6,0.0,91.99,8500.0,4,0
2026-03-20 07:30:00,Vinh Tuy Bridge,Inbound,7,68,0,Clear,23.6,0.0,91.99,8500.0,4,0
2026-03-20 07:30:00,Vinh Tuy Bridge,Outbound,7,94,0,Clear,23.6,0.0,91.99,8500.0,4,0
2026-03-20 10:00:00,Vinh Tuy Bridge,Inbound,10,49,0,Partially cloudy,25.0,0.2,83.45,10000.0,4,0
2026-03-20 10:00:00,Vinh Tuy Bridge,Outbound,10,55,0,Partially cloudy,25.0,0.2,83.45,10000.0,4,0
2026-03-20 12:00:00,Vinh Tuy Bridge,Inbound,12,55,0,Partially cloudy,26.0,0.1,78.64,10000.0,4,0
2026-03-20 12:00:00,Vinh Tuy Bridge,Outbound,12,51,0,Partially cloudy,26.0,0.1,78.64,10000.0,4,0
2026-03-20 15:00:00,Vinh Tuy Bridge,Inbound,15,80,0,Partially cloudy,27.0,0.0,74.14,10000.0,4,0
2026-03-20 15:00:00,Vinh Tuy Bridge,Outbound,15,73,0,Partially cloudy,27.0,0.0,74.14,10000.0,4,0
2026-03-20 16:00:00,Vinh Tuy Bridge,Inbound,16,140,1,Partially cloudy,26.0,0.1,78.64,10000.0,4,0
2026-03-20 16:00:00,Vinh Tuy Bridge,Outbound,16,137,0,Partially cloudy,26.0,0.1,78.64,10000.0,4,0
2026-03-20 17:10:00,Vinh Tuy Bridge,Inbound,17,255,1,Partially cloudy,25.0,0.0,83.45,10000.0,4,0
2026-03-20 17:10:00,Vinh Tuy Bridge,Outbound,17,273,1,Partially cloudy,25.0,0.0,83.45,10000.0,4,0
2026-03-20 20:00:00,Vinh Tuy Bridge,Inbound,20,77,0,Partially cloudy,24.0,0.0,88.6,10000.0,4,0
2026-03-20 20:00:00,Vinh Tuy Bridge,Outbound,20,67,0,Partially cloudy,24.0,0.0,88.6,10000.0,4,0
2026-03-20 22:30:00,Vinh Tuy Bridge,Inbound,22,0,0,Clear,23.8,0.0,90.0,10200.0,4,0
2026-03-20 22:30:00,Vinh Tuy Bridge,Outbound,22,0,0,Clear,23.8,0.0,90.0,10200.0,4,0
2026-03-19 03:00:00,Vinh Tuy Bridge,Inbound,3,0,0,Partially cloudy,23.0,0.0,88.52,9000.0,3,0
2026-03-19 03:00:00,Vinh Tuy Bridge,Outbound,3,0,0,Partially cloudy,23.0,0.0,88.52,9000.0,3,0
2026-03-19 07:10:00,Vinh Tuy Bridge,Inbound,7,63,0,Clear,23.1,0.0,92.9,4500.0,3,0
2026-03-19 07:10:00,Vinh Tuy Bridge,Outbound,7,140,0,Clear,23.1,0.0,92.9,4500.0,3,0
2026-03-19 07:30:00,Vinh Tuy Bridge,Inbound,7,97,1,Clear,23.1,0.0,92.9,4500.0,3,0
2026-03-19 07:30:00,Vinh Tuy Bridge,Outbound,7,180,1,Clear,23.1,0.0,92.9,4500.0,3,0
2026-03-19 10:00:00,Vinh Tuy Bridge,Inbound,10,46,0,Partially cloudy,25.0,0.2,83.45,7000.0,3,0
2026-03-19 10:00:00,Vinh Tuy Bridge,Outbound,10,55,0,Partially cloudy,25.0,0.2,83.45,7000.0,3,0
2026-03-19 12:00:00,Vinh Tuy Bridge,Inbound,12,36,0,Partially cloudy,26.0,0.1,78.64,10000.0,3,0
2026-03-19 12:00:00,Vinh Tuy Bridge,Outbound,12,48,0,Partially cloudy,26.0,0.1,78.64,10000.0,3,0
2026-03-19 15:00:00,Vinh Tuy Bridge,Inbound,15,46,0,Partially cloudy,28.0,0.1,65.77,10000.0,3,0
2026-03-19 15:00:00,Vinh Tuy Bridge,Outbound,15,61,0,Partially cloudy,28.0,0.1,65.77,10000.0,3,0
2026-03-19 16:00:00,Vinh Tuy Bridge,Inbound,16,74,0,Clear,27.8,0.0,66.68,10400.0,3,0
2026-03-19 16:00:00,Vinh Tuy Bridge,Outbound,16,88,0,Clear,27.8,0.0,66.68,10400.0,3,0
2026-03-19 17:10:00,Vinh Tuy Bridge,Inbound,17,131,1,Partially cloudy,27.0,0.0,69.74,10000.0,3,0
2026-03-19 17:10:00,Vinh Tuy Bridge,Outbound,17,154,1,Partially cloudy,27.0,0.0,69.74,10000.0,3,0
2026-03-19 20:00:00,Vinh Tuy Bridge,Inbound,20,26,0,Partially cloudy,25.0,0.0,78.5,10000.0,3,0
2026-03-19 20:00:00,Vinh Tuy Bridge,Outbound,20,52,0,Partially cloudy,25.0,0.0,78.5,10000.0,3,0
2026-03-19 22:30:00,Vinh Tuy Bridge,Inbound,22,0,0,Clear,24.7,0.0,83.3,10000.0,3,0
2026-03-19 22:30:00,Vinh Tuy Bridge,Outbound,22,0,0,Clear,24.7,0.0,83.3,10000.0,3,0
2026-03-18 03:00:00,Vinh Tuy Bridge,Inbound,3,0,0,Partially cloudy,21.0,0.0,94.02,6000.0,2,0
2026-03-18 03:00:00,Vinh Tuy Bridge,Outbound,3,0,0,Partially cloudy,21.0,0.0,94.02,6000.0,2,0
2026-03-18 07:10:00,Vinh Tuy Bridge,Inbound,7,66,0,Partially cloudy,22.0,0.0,94.06,5000.0,2,0
2026-03-18 07:10:00,Vinh Tuy Bridge,Outbound,7,157,1,Partially cloudy,22.0,0.0,94.06,5000.0,2,0
2026-03-18 07:30:00,Vinh Tuy Bridge,Inbound,7,96,1,Partially cloudy,22.0,0.0,94.06,5000.0,2,0
2026-03-18 07:30:00,Vinh Tuy Bridge,Outbound,7,200,1,Partially cloudy,22.0,0.0,94.06,5000.0,2,0
2026-03-18 10:00:00,Vinh Tuy Bridge,Inbound,10,52,0,Clear,24.4,0.0,83.42,10200.0,2,0
2026-03-18 10:00:00,Vinh Tuy Bridge,Outbound,10,57,0,Clear,24.4,0.0,83.42,10200.0,2,0
2026-03-18 12:00:00,Vinh Tuy Bridge,Inbound,12,45,0,Partially cloudy,27.0,0.0,65.56,10000.0,2,0
2026-03-18 12:00:00,Vinh Tuy Bridge,Outbound,12,51,0,Partially cloudy,27.0,0.0,65.56,10000.0,2,0
2026-03-18 15:00:00,Vinh Tuy Bridge,Inbound,15,54,0,Partially cloudy,27.0,0.0,69.74,10000.0,2,0
2026-03-18 15:00:00,Vinh Tuy Bridge,Outbound,15,68,0,Partially cloudy,27.0,0.0,69.74,10000.0,2,0
2026-03-18 16:00:00,Vinh Tuy Bridge,Inbound,16,82,0,Clear,27.2,0.0,67.16,10400.0,2,0
2026-03-18 16:00:00,Vinh Tuy Bridge,Outbound,16,104,0,Clear,27.2,0.0,67.16,10400.0,2,0
2026-03-18 17:10:00,Vinh Tuy Bridge,Inbound,17,138,1,Partially cloudy,26.0,0.0,73.97,10000.0,2,0
2026-03-18 17:10:00,Vinh Tuy Bridge,Outbound,17,156,1,Partially cloudy,26.0,0.0,73.97,10000.0,2,0
2026-03-18 20:00:00,Vinh Tuy Bridge,Inbound,20,30,0,Partially cloudy,24.0,0.0,88.6,10000.0,2,0
2026-03-18 20:00:00,Vinh Tuy Bridge,Outbound,20,41,0,Partially cloudy,24.0,0.0,88.6,10000.0,2,0
2026-03-18 22:30:00,Vinh Tuy Bridge,Inbound,22,0,0,Partially cloudy,24.0,0.0,83.34,10000.0,2,0
2026-03-18 22:30:00,Vinh Tuy Bridge,Outbound,22,0,0,Partially cloudy,24.0,0.0,83.34,10000.0,2,0
2026-03-17 03:00:00,Vinh Tuy Bridge,Inbound,3,0,0,Partially cloudy,21.0,0.0,94.02,8000.0,1,0
2026-03-17 03:00:00,Vinh Tuy Bridge,Outbound,3,0,0,Partially cloudy,21.0,0.0,94.02,8000.0,1,0
2026-03-17 07:10:00,Vinh Tuy Bridge,Inbound,7,68,0,Clear,21.7,0.0,91.81,9200.0,1,0
2026-03-17 07:10:00,Vinh Tuy Bridge,Outbound,7,155,1,Clear,21.7,0.0,91.81,9200.0,1,0
2026-03-17 07:30:00,Vinh Tuy Bridge,Inbound,7,94,1,Clear,21.7,0.0,91.81,9200.0,1,0
2026-03-17 07:30:00,Vinh Tuy Bridge,Outbound,7,204,1,Clear,21.7,0.0,91.81,9200.0,1,0
2026-03-17 10:00:00,Vinh Tuy Bridge,Inbound,10,61,0,Partially cloudy,25.0,0.0,73.8,10000.0,1,0
2026-03-17 10:00:00,Vinh Tuy Bridge,Outbound,10,53,0,Partially cloudy,25.0,0.0,73.8,10000.0,1,0
2026-03-17 12:00:00,Vinh Tuy Bridge,Inbound,12,57,0,Partially cloudy,27.0,0.0,65.56,10000.0,1,0
2026-03-17 12:00:00,Vinh Tuy Bridge,Outbound,12,45,0,Partially cloudy,27.0,0.0,65.56,10000.0,1,0
2026-03-17 15:00:00,Vinh Tuy Bridge,Inbound,15,67,0,Partially cloudy,28.0,0.0,61.84,10000.0,1,0
2026-03-17 15:00:00,Vinh Tuy Bridge,Outbound,15,56,0,Partially cloudy,28.0,0.0,61.84,10000.0,1,0
2026-03-17 16:00:00,Vinh Tuy Bridge,Inbound,16,96,1,Partially cloudy,28.0,0.0,61.84,10000.0,1,0
2026-03-17 16:00:00,Vinh Tuy Bridge,Outbound,16,79,0,Partially cloudy,28.0,0.0,61.84,10000.0,1,0
2026-03-17 17:10:00,Vinh Tuy Bridge,Inbound,17,155,1,Partially cloudy,27.0,0.0,65.56,10000.0,1,0
2026-03-17 17:10:00,Vinh Tuy Bridge,Outbound,17,130,0,Partially cloudy,27.0,0.0,65.56,10000.0,1,0
2026-03-17 20:00:00,Vinh Tuy Bridge,Inbound,20,35,0,Partially cloudy,24.0,0.0,78.35,10000.0,1,0
2026-03-17 20:00:00,Vinh Tuy Bridge,Outbound,20,47,0,Partially cloudy,24.0,0.0,78.35,10000.0,1,0
2026-03-17 22:30:00,Vinh Tuy Bridge,Inbound,22,0,0,Clear,23.0,0.0,85.35,10200.0,1,0
2026-03-17 22:30:00,Vinh Tuy Bridge,Outbound,22,0,0,Clear,23.0,0.0,85.35,10200.0,1,0
2026-03-16 03:00:00,Vinh Tuy Bridge,Inbound,3,0,0,Clear,20.0,0.0,93.97,7000.0,0,0
2026-03-16 03:00:00,Vinh Tuy Bridge,Outbound,3,0,0,Clear,20.0,0.0,93.97,7000.0,0,0
2026-03-16 07:10:00,Vinh Tuy Bridge,Inbound,7,139,1,Partially cloudy,21.0,0.0,88.35,6000.0,0,0
2026-03-16 07:10:00,Vinh Tuy Bridge,Outbound,7,275,1,Partially cloudy,21.0,0.0,88.35,6000.0,0,0
2026-03-16 07:30:00,Vinh Tuy Bridge,Inbound,7,178,1,Partially cloudy,21.0,0.0,88.35,6000.0,0,0
2026-03-16 07:30:00,Vinh Tuy Bridge,Outbound,7,373,1,Partially cloudy,21.0,0.0,88.35,6000.0,0,0
2026-03-16 10:00:00,Vinh Tuy Bridge,Inbound,10,45,0,Clear,24.9,0.1,74.41,10400.0,0,0
2026-03-16 10:00:00,Vinh Tuy Bridge,Outbound,10,72,0,Clear,24.9,0.1,74.41,10400.0,0,0
2026-03-16 12:00:00,Vinh Tuy Bridge,Inbound,12,33,0,Partially cloudy,26.0,0.1,65.36,10000.0,0,0
2026-03-16 12:00:00,Vinh Tuy Bridge,Outbound,12,56,0,Partially cloudy,26.0,0.1,65.36,10000.0,0,0
2026-03-16 15:00:00,Vinh Tuy Bridge,Inbound,15,46,0,Clear,27.0,0.1,61.61,10000.0,0,0
2026-03-16 15:00:00,Vinh Tuy Bridge,Outbound,15,75,0,Clear,27.0,0.1,61.61,10000.0,0,0
2026-03-16 16:00:00,Vinh Tuy Bridge,Inbound,16,76,0,Clear,27.2,0.0,62.51,10400.0,0,0
2026-03-16 16:00:00,Vinh Tuy Bridge,Outbound,16,108,0,Clear,27.2,0.0,62.51,10400.0,0,0
2026-03-16 17:10:00,Vinh Tuy Bridge,Inbound,17,132,1,Partially cloudy,26.0,0.0,65.36,10000.0,0,0
2026-03-16 17:10:00,Vinh Tuy Bridge,Outbound,17,165,1,Partially cloudy,26.0,0.0,65.36,10000.0,0,0
2026-03-16 20:00:00,Vinh Tuy Bridge,Inbound,20,23,0,Clear,23.0,0.0,78.21,10000.0,0,0
2026-03-16 20:00:00,Vinh Tuy Bridge,Outbound,20,59,0,Clear,23.0,0.0,78.21,10000.0,0,0
2026-03-16 22:30:00,Vinh Tuy Bridge,Inbound,22,0,0,Clear,22.0,0.0,88.44,10000.0,0,0
2026-03-16 22:30:00,Vinh Tuy Bridge,Outbound,22,0,0,Clear,22.0,0.0,88.44,10000.0,0,0
2026-03-15 03:00:00,Vinh Tuy Bridge,Inbound,3,0,0,Partially cloudy,21.0,0.0,82.99,9000.0,6,0
2026-03-15 03:00:00,Vinh Tuy Bridge,Outbound,3,0,0,Partially cloudy,21.0,0.0,82.99,9000.0,6,0
2026-03-15 07:10:00,Vinh Tuy Bridge,Inbound,7,17,0,Partially cloudy,20.0,0.1,88.27,5000.0,6,0
2026-03-15 07:10:00,Vinh Tuy Bridge,Outbound,7,20,0,Partially cloudy,20.0,0.1,88.27,5000.0,6,0
2026-03-15 07:30:00,Vinh Tuy Bridge,Inbound,7,24,0,Partially cloudy,20.0,0.1,88.27,5000.0,6,0
2026-03-15 07:30:00,Vinh Tuy Bridge,Outbound,7,27,0,Partially cloudy,20.0,0.1,88.27,5000.0,6,0
2026-03-15 10:00:00,Vinh Tuy Bridge,Inbound,10,34,0,Clear,21.7,0.1,87.48,8500.0,6,0
2026-03-15 10:00:00,Vinh Tuy Bridge,Outbound,10,44,0,Clear,21.7,0.1,87.48,8500.0,6,0
2026-03-15 12:00:00,Vinh Tuy Bridge,Inbound,12,43,0,Partially cloudy,23.0,0.1,83.22,5000.0,6,0
2026-03-15 12:00:00,Vinh Tuy Bridge,Outbound,12,58,0,Partially cloudy,23.0,0.1,83.22,5000.0,6,0
2026-03-15 15:00:00,Vinh Tuy Bridge,Inbound,15,66,0,Partially cloudy,24.0,0.2,78.35,10000.0,6,0
2026-03-15 15:00:00,Vinh Tuy Bridge,Outbound,15,87,0,Partially cloudy,24.0,0.2,78.35,10000.0,6,0
2026-03-15 16:00:00,Vinh Tuy Bridge,Inbound,16,92,1,Clear,24.3,0.2,76.44,10200.0,6,0
2026-03-15 16:00:00,Vinh Tuy Bridge,Outbound,16,115,0,Clear,24.3,0.2,76.44,10200.0,6,0
2026-03-15 17:10:00,Vinh Tuy Bridge,Inbound,17,96,1,Partially cloudy,24.0,0.0,78.35,10000.0,6,0
2026-03-15 17:10:00,Vinh Tuy Bridge,Outbound,17,149,1,Partially cloudy,24.0,0.0,78.35,10000.0,6,0
2026-03-15 20:00:00,Vinh Tuy Bridge,Inbound,20,24,0,Partially cloudy,22.0,0.0,88.44,9000.0,6,0
2026-03-15 20:00:00,Vinh Tuy Bridge,Outbound,20,62,0,Partially cloudy,22.0,0.0,88.44,9000.0,6,0
2026-03-15 22:30:00,Vinh Tuy Bridge,Inbound,22,0,0,Clear,21.6,0.0,92.16,9600.0,6,0
2026-03-15 22:30:00,Vinh Tuy Bridge,Outbound,22,0,0,Clear,21.6,0.0,92.16,9600.0,6,0
2026-03-14 03:00:00,Vinh Tuy Bridge,Inbound,3,0,0,Partially cloudy,21.0,0.0,73.11,8000.0,5,0
2026-03-14 03:00:00,Vinh Tuy Bridge,Outbound,3,0,0,Partially cloudy,21.0,0.0,73.11,8000.0,5,0
2026-03-14 07:10:00,Vinh Tuy Bridge,Inbound,7,48,0,Partially cloudy,20.0,0.0,77.77,7000.0,5,0
2026-03-14 07:10:00,Vinh Tuy Bridge,Outbound,7,51,0,Partially cloudy,20.0,0.0,77.77,7000.0,5,0
2026-03-14 07:30:00,Vinh Tuy Bridge,Inbound,7,75,0,Partially cloudy,20.0,0.0,77.77,7000.0,5,0
2026-03-14 07:30:00,Vinh Tuy Bridge,Outbound,7,73,0,Partially cloudy,20.0,0.0,77.77,7000.0,5,0
2026-03-14 10:00:00,Vinh Tuy Bridge,Inbound,10,134,1,Clear,22.9,0.0,69.69,10400.0,5,0
2026-03-14 10:00:00,Vinh Tuy Bridge,Outbound,10,120,0,Clear,22.9,0.0,69.69,10400.0,5,0
2026-03-14 12:00:00,Vinh Tuy Bridge,Inbound,12,148,1,Overcast,24.0,0.0,60.92,10000.0,5,0
2026-03-14 12:00:00,Vinh Tuy Bridge,Outbound,12,127,0,Overcast,24.0,0.0,60.92,10000.0,5,0
2026-03-14 15:00:00,Vinh Tuy Bridge,Inbound,15,174,1,Partially cloudy,24.0,0.0,60.92,10000.0,5,0
2026-03-14 15:00:00,Vinh Tuy Bridge,Outbound,15,145,0,Partially cloudy,24.0,0.0,60.92,10000.0,5,0
2026-03-14 16:00:00,Vinh Tuy Bridge,Inbound,16,219,1,Partially cloudy,24.0,0.0,60.92,10000.0,5,0
2026-03-14 16:00:00,Vinh Tuy Bridge,Outbound,16,193,1,Partially cloudy,24.0,0.0,60.92,10000.0,5,0
2026-03-14 17:10:00,Vinh Tuy Bridge,Inbound,17,250,1,Partially cloudy,24.0,0.0,64.93,10000.0,5,0
2026-03-14 17:10:00,Vinh Tuy Bridge,Outbound,17,232,1,Partially cloudy,24.0,0.0,64.93,10000.0,5,0
2026-03-14 20:00:00,Vinh Tuy Bridge,Inbound,20,55,0,Clear,22.0,0.0,73.29,10000.0,5,0
2026-03-14 20:00:00,Vinh Tuy Bridge,Outbound,20,68,0,Clear,22.0,0.0,73.29,10000.0,5,0
2026-03-14 22:30:00,Vinh Tuy Bridge,Inbound,22,0,0,Clear,22.0,0.0,73.29,10000.0,5,0
2026-03-14 22:30:00,Vinh Tuy Bridge,Outbound,22,0,0,Clear,22.0,0.0,73.29,10000.0,5,0
2026-03-13 03:00:00,Vinh Tuy Bridge,Inbound,3,0,0,Partially cloudy,19.0,0.0,82.75,9000.0,4,0
2026-03-13 03:00:00,Vinh Tuy Bridge,Outbound,3,0,0,Partially cloudy,19.0,0.0,82.75,9000.0,4,0
2026-03-13 07:10:00,Vinh Tuy Bridge,Inbound,7,46,0,Clear,19.2,0.0,86.71,8400.0,4,0
2026-03-13 07:10:00,Vinh Tuy Bridge,Outbound,7,67,0,Clear,19.2,0.0,86.71,8400.0,4,0
2026-03-13 07:30:00,Vinh Tuy Bridge,Inbound,7,68,0,Clear,19.2,0.0,86.71,8400.0,4,0
2026-03-13 07:30:00,Vinh Tuy Bridge,Outbound,7,94,0,Clear,19.2,0.0,86.71,8400.0,4,0
2026-03-13 10:00:00,Vinh Tuy Bridge,Inbound,10,49,0,Clear,24.0,0.0,60.93,10000.0,4,0
2026-03-13 10:00:00,Vinh Tuy Bridge,Outbound,10,55,0,Clear,24.0,0.0,60.93,10000.0,4,0
2026-03-13 12:00:00,Vinh Tuy Bridge,Inbound,12,55,0,Clear,26.0,0.0,47.55,10000.0,4,0
2026-03-13 12:00:00,Vinh Tuy Bridge,Outbound,12,51,0,Clear,26.0,0.0,47.55,10000.0,4,0
2026-03-13 15:00:00,Vinh Tuy Bridge,Inbound,15,80,0,Clear,26.0,0.0,41.73,10000.0,4,0
2026-03-13 15:00:00,Vinh Tuy Bridge,Outbound,15,73,0,Clear,26.0,0.0,41.73,10000.0,4,0
2026-03-13 16:00:00,Vinh Tuy Bridge,Inbound,16,140,1,Clear,25.0,0.0,44.28,10000.0,4,0
2026-03-13 16:00:00,Vinh Tuy Bridge,Outbound,16,137,0,Clear,25.0,0.0,44.28,10000.0,4,0
2026-03-13 17:10:00,Vinh Tuy Bridge,Inbound,17,255,1,Clear,24.0,0.0,50.2,10000.0,4,0
2026-03-13 17:10:00,Vinh Tuy Bridge,Outbound,17,273,1,Clear,24.0,0.0,50.2,10000.0,4,0
2026-03-13 20:00:00,Vinh Tuy Bridge,Inbound,20,77,0,Partially cloudy,23.0,0.0,53.32,10000.0,4,0
2026-03-13 20:00:00,Vinh Tuy Bridge,Outbound,20,67,0,Partially cloudy,23.0,0.0,53.32,10000.0,4,0
2026-03-13 22:30:00,Vinh Tuy Bridge,Inbound,22,0,0,Clear,21.6,0.0,71.6,10200.0,4,0
2026-03-13 22:30:00,Vinh Tuy Bridge,Outbound,22,0,0,Clear,21.6,0.0,71.6,10200.0,4,0
2026-03-12 03:00:00,Vinh Tuy Bridge,Inbound,3,0,0,Clear,18.0,0.0,88.1,5000.0,3,0
2026-03-12 03:00:00,Vinh Tuy Bridge,Outbound,3,0,0,Clear,18.0,0.0,88.1,5000.0,3,0
2026-03-12 07:10:00,Vinh Tuy Bridge,Inbound,7,63,0,Clear,18.4,0.0,90.84,4200.0,3,0
2026-03-12 07:10:00,Vinh Tuy Bridge,Outbound,7,140,0,Clear,18.4,0.0,90.84,4200.0,3,0
2026-03-12 07:30:00,Vinh Tuy Bridge,Inbound,7,97,1,Clear,18.4,0.0,90.84,4200.0,3,0
2026-03-12 07:30:00,Vinh Tuy Bridge,Outbound,7,180,1,Clear,18.4,0.0,90.84,4200.0,3,0
2026-03-12 10:00:00,Vinh Tuy Bridge,Inbound,10,46,0,Clear,21.0,0.0,77.92,5000.0,3,0
2026-03-12 10:00:00,Vinh Tuy Bridge,Outbound,10,55,0,Clear,21.0,0.0,77.92,5000.0,3,0
2026-03-12 12:00:00,Vinh Tuy Bridge,Inbound,12,36,0,Clear,24.0,0.0,53.58,10000.0,3,0
2026-03-12 12:00:00,Vinh Tuy Bridge,Outbound,12,48,0,Clear,24.0,0.0,53.58,10000.0,3,0
2026-03-12 15:00:00,Vinh Tuy Bridge,Inbound,15,46,0,Partially cloudy,24.0,0.0,60.93,6000.0,3,0
2026-03-12 15:00:00,Vinh Tuy Bridge,Outbound,15,61,0,Partially cloudy,24.0,0.0,60.93,6000.0,3,0
2026-03-12 16:00:00,Vinh Tuy Bridge,Inbound,16,74,0,Clear,24.4,0.0,57.0,9500.0,3,0
2026-03-12 16:00:00,Vinh Tuy Bridge,Outbound,16,88,0,Clear,24.4,0.0,57.0,9500.0,3,0
2026-03-12 17:10:00,Vinh Tuy Bridge,Inbound,17,131,1,Clear,24.0,0.0,60.93,6000.0,3,0
2026-03-12 17:10:00,Vinh Tuy Bridge,Outbound,17,154,1,Clear,24.0,0.0,60.93,6000.0,3,0
2026-03-12 20:00:00,Vinh Tuy Bridge,Inbound,20,26,0,Clear,22.0,0.0,73.29,6000.0,3,0
2026-03-12 20:00:00,Vinh Tuy Bridge,Outbound,20,52,0,Clear,22.0,0.0,73.29,6000.0,3,0
2026-03-12 22:30:00,Vinh Tuy Bridge,Inbound,22,0,0,Partially cloudy,21.0,0.0,73.11,9000.0,3,0
2026-03-12 22:30:00,Vinh Tuy Bridge,Outbound,22,0,0,Partially cloudy,21.0,0.0,73.11,9000.0,3,0
2026-03-11 03:00:00,Vinh Tuy Bridge,Inbound,3,0,0,Partially cloudy,18.0,0.0,82.63,10000.0,2,0
2026-03-11 03:00:00,Vinh Tuy Bridge,Outbound,3,0,0,Partially cloudy,18.0,0.0,82.63,10000.0,2,0
2026-03-11 07:10:00,Vinh Tuy Bridge,Inbound,7,66,0,Clear,18.2,0.0,81.54,10200.0,2,0
2026-03-11 07:10:00,Vinh Tuy Bridge,Outbound,7,157,1,Clear,18.2,0.0,81.54,10200.0,2,0
2026-03-11 07:30:00,Vinh Tuy Bridge,Inbound,7,96,1,Clear,18.2,0.0,81.54,10200.0,2,0
2026-03-11 07:30:00,Vinh Tuy Bridge,Outbound,7,200,1,Clear,18.2,0.0,81.54,10200.0,2,0
2026-03-11 10:00:00,Vinh Tuy Bridge,Inbound,10,52,0,Clear,19.0,0.0,68.18,10000.0,2,0
2026-03-11 10:00:00,Vinh Tuy Bridge,Outbound,10,57,0,Clear,19.0,0.0,68.18,10000.0,2,0
2026-03-11 12:00:00,Vinh Tuy Bridge,Inbound,12,45,0,Clear,21.0,0.0,64.29,10000.0,2,0
2026-03-11 12:00:00,Vinh Tuy Bridge,Outbound,12,51,0,Clear,21.0,0.0,64.29,10000.0,2,0
2026-03-11 15:00:00,Vinh Tuy Bridge,Inbound,15,54,0,Partially cloudy,22.0,0.0,60.47,10000.0,2,0
2026-03-11 15:00:00,Vinh Tuy Bridge,Outbound,15,68,0,Partially cloudy,22.0,0.0,60.47,10000.0,2,0
2026-03-11 16:00:00,Vinh Tuy Bridge,Inbound,16,82,0,Clear,22.1,0.0,63.24,10200.0,2,0
2026-03-11 16:00:00,Vinh Tuy Bridge,Outbound,16,104,0,Clear,22.1,0.0,63.24,10200.0,2,0
2026-03-11 17:10:00,Vinh Tuy Bridge,Inbound,17,138,1,Clear,22.0,0.0,64.5,10000.0,2,0
2026-03-11 17:10:00,Vinh Tuy Bridge,Outbound,17,156,1,Clear,22.0,0.0,64.5,10000.0,2,0
2026-03-11 20:00:00,Vinh Tuy Bridge,Inbound,20,30,0,Clear,20.0,0.0,77.77,7000.0,2,0
2026-03-11 20:00:00,Vinh Tuy Bridge,Outbound,20,41,0,Clear,20.0,0.0,77.77,7000.0,2,0
2026-03-11 22:30:00,Vinh Tuy Bridge,Inbound,22,0,0,Clear,19.0,0.0,88.19,6000.0,2,0
2026-03-11 22:30:00,Vinh Tuy Bridge,Outbound,22,0,0,Clear,19.0,0.0,88.19,6000.0,2,0
2026-03-10 03:00:00,Vinh Tuy Bridge,Inbound,3,0,0,Clear,18.0,0.0,63.63,10000.0,1,0
2026-03-10 03:00:00,Vinh Tuy Bridge,Outbound,3,0,0,Clear,18.0,0.0,63.63,10000.0,1,0
2026-03-10 07:10:00,Vinh Tuy Bridge,Inbound,7,68,0,Clear,17.2,0.0,61.62,10200.0,1,0
2026-03-10 07:10:00,Vinh Tuy Bridge,Outbound,7,155,1,Clear,17.2,0.0,61.62,10200.0,1,0
2026-03-10 07:30:00,Vinh Tuy Bridge,Inbound,7,94,1,Clear,17.2,0.0,61.62,10200.0,1,0
2026-03-10 07:30:00,Vinh Tuy Bridge,Outbound,7,204,1,Clear,17.2,0.0,61.62,10200.0,1,0
2026-03-10 10:00:00,Vinh Tuy Bridge,Inbound,10,61,0,Clear,21.0,0.0,49.14,10400.0,1,0
2026-03-10 10:00:00,Vinh Tuy Bridge,Outbound,10,53,0,Clear,21.0,0.0,49.14,10400.0,1,0
2026-03-10 12:00:00,Vinh Tuy Bridge,Inbound,12,57,0,Clear,22.0,0.0,49.67,10000.0,1,0
2026-03-10 12:00:00,Vinh Tuy Bridge,Outbound,12,45,0,Clear,22.0,0.0,49.67,10000.0,1,0
2026-03-10 15:00:00,Vinh Tuy Bridge,Inbound,15,67,0,Clear,25.0,0.0,44.28,10000.0,1,0
2026-03-10 15:00:00,Vinh Tuy Bridge,Outbound,15,56,0,Clear,25.0,0.0,44.28,10000.0,1,0
2026-03-10 16:00:00,Vinh Tuy Bridge,Inbound,16,96,1,Clear,24.4,0.0,45.39,16900.0,1,0
2026-03-10 16:00:00,Vinh Tuy Bridge,Outbound,16,79,0,Clear,24.4,0.0,45.39,16900.0,1,0
2026-03-10 17:10:00,Vinh Tuy Bridge,Inbound,17,155,1,Clear,23.0,0.0,49.93,10000.0,1,0
2026-03-10 17:10:00,Vinh Tuy Bridge,Outbound,17,130,0,Clear,23.0,0.0,49.93,10000.0,1,0
2026-03-10 20:00:00,Vinh Tuy Bridge,Inbound,20,35,0,Clear,22.0,0.0,56.66,10000.0,1,0
2026-03-10 20:00:00,Vinh Tuy Bridge,Outbound,20,47,0,Clear,22.0,0.0,56.66,10000.0,1,0
2026-03-10 22:30:00,Vinh Tuy Bridge,Inbound,22,0,0,Clear,19.0,0.0,77.78,10200.0,1,0
2026-03-10 22:30:00,Vinh Tuy Bridge,Outbound,22,0,0,Clear,19.0,0.0,77.78,10200.0,1,0
2026-03-09 03:00:00,Vinh Tuy Bridge,Inbound,3,0,0,Partially cloudy,21.0,0.0,88.35,7000.0,0,0
2026-03-09 03:00:00,Vinh Tuy Bridge,Outbound,3,0,0,Partially cloudy,21.0,0.0,88.35,7000.0,0,0
2026-03-09 07:10:00,Vinh Tuy Bridge,Inbound,7,139,1,Clear,21.0,0.0,91.39,8800.0,0,0
2026-03-09 07:10:00,Vinh Tuy Bridge,Outbound,7,275,1,Clear,21.0,0.0,91.39,8800.0,0,0
2026-03-09 07:30:00,Vinh Tuy Bridge,Inbound,7,178,1,Clear,21.0,0.0,91.39,8800.0,0,0
2026-03-09 07:30:00,Vinh Tuy Bridge,Outbound,7,373,1,Clear,21.0,0.0,91.39,8800.0,0,0
2026-03-09 10:00:00,Vinh Tuy Bridge,Inbound,10,45,0,Clear,21.4,0.0,92.05,8300.0,0,0
2026-03-09 10:00:00,Vinh Tuy Bridge,Outbound,10,72,0,Clear,21.4,0.0,92.05,8300.0,0,0
2026-03-09 12:00:00,Vinh Tuy Bridge,Inbound,12,33,0,"Rain, Partially cloudy",21.0,0.3,88.35,6000.0,0,0
2026-03-09 12:00:00,Vinh Tuy Bridge,Outbound,12,56,0,"Rain, Partially cloudy",21.0,0.3,88.35,6000.0,0,0
2026-03-09 15:00:00,Vinh Tuy Bridge,Inbound,15,46,0,Partially cloudy,18.0,0.0,93.88,10000.0,0,0
2026-03-09 15:00:00,Vinh Tuy Bridge,Outbound,15,75,0,Partially cloudy,18.0,0.0,93.88,10000.0,0,0
2026-03-09 16:00:00,Vinh Tuy Bridge,Inbound,16,76,0,Clear,19.2,0.0,84.91,10200.0,0,0
2026-03-09 16:00:00,Vinh Tuy Bridge,Outbound,16,108,0,Clear,19.2,0.0,84.91,10200.0,0,0
2026-03-09 17:10:00,Vinh Tuy Bridge,Inbound,17,132,1,Clear,19.0,0.0,77.62,10000.0,0,0
2026-03-09 17:10:00,Vinh Tuy Bridge,Outbound,17,165,1,Clear,19.0,0.0,77.62,10000.0,0,0
2026-03-09 20:00:00,Vinh Tuy Bridge,Inbound,20,23,0,Clear,19.0,0.0,68.18,10000.0,0,0
2026-03-09 20:00:00,Vinh Tuy Bridge,Outbound,20,59,0,Clear,19.0,0.0,68.18,10000.0,0,0
2026-03-09 22:30:00,Vinh Tuy Bridge,Inbound,22,0,0,Clear,19.2,0.0,65.43,10200.0,0,0
2026-03-09 22:30:00,Vinh Tuy Bridge,Outbound,22,0,0,Clear,19.2,0.0,65.43,10200.0,0,0
2026-03-08 03:00:00,Vinh Tuy Bridge,Inbound,3,0,0,Partially cloudy,21.0,0.0,88.35,8000.0,6,0
2026-03-08 03:00:00,Vinh Tuy Bridge,Outbound,3,0,0,Partially cloudy,21.0,0.0,88.35,8000.0,6,0
2026-03-08 07:10:00,Vinh Tuy Bridge,Inbound,7,17,0,Clear,20.6,0.1,96.89,7400.0,6,0
2026-03-08 07:10:00,Vinh Tuy Bridge,Outbound,7,20,0,Clear,20.6,0.1,96.89,7400.0,6,0
2026-03-08 07:30:00,Vinh Tuy Bridge,Inbound,7,24,0,Clear,20.6,0.1,96.89,7400.0,6,0
2026-03-08 07:30:00,Vinh Tuy Bridge,Outbound,7,27,0,Clear,20.6,0.1,96.89,7400.0,6,0
2026-03-08 10:00:00,Vinh Tuy Bridge,Inbound,10,34,0,Clear,21.8,0.1,94.43,8200.0,6,0
2026-03-08 10:00:00,Vinh Tuy Bridge,Outbound,10,44,0,Clear,21.8,0.1,94.43,8200.0,6,0
2026-03-08 12:00:00,Vinh Tuy Bridge,Inbound,12,43,0,Partially cloudy,23.0,0.2,88.52,7000.0,6,0
2026-03-08 12:00:00,Vinh Tuy Bridge,Outbound,12,58,0,Partially cloudy,23.0,0.2,88.52,7000.0,6,0
2026-03-08 15:00:00,Vinh Tuy Bridge,Inbound,15,66,0,Partially cloudy,23.0,0.1,83.22,10000.0,6,0
2026-03-08 15:00:00,Vinh Tuy Bridge,Outbound,15,87,0,Partially cloudy,23.0,0.1,83.22,10000.0,6,0
2026-03-08 16:00:00,Vinh Tuy Bridge,Inbound,16,92,1,Partially cloudy,22.0,0.1,88.44,10000.0,6,0
2026-03-08 16:00:00,Vinh Tuy Bridge,Outbound,16,115,0,Partially cloudy,22.0,0.1,88.44,10000.0,6,0
2026-03-08 17:10:00,Vinh Tuy Bridge,Inbound,17,96,1,Partially cloudy,22.0,0.0,88.44,10000.0,6,0
2026-03-08 17:10:00,Vinh Tuy Bridge,Outbound,17,149,1,Partially cloudy,22.0,0.0,88.44,10000.0,6,0
2026-03-08 20:00:00,Vinh Tuy Bridge,Inbound,20,24,0,Partially cloudy,22.0,0.0,88.44,9000.0,6,0
2026-03-08 20:00:00,Vinh Tuy Bridge,Outbound,20,62,0,Partially cloudy,22.0,0.0,88.44,9000.0,6,0
2026-03-08 22:30:00,Vinh Tuy Bridge,Inbound,22,0,0,Partially cloudy,22.0,0.0,83.11,10000.0,6,0
2026-03-08 22:30:00,Vinh Tuy Bridge,Outbound,22,0,0,Partially cloudy,22.0,0.0,83.11,10000.0,6,0
2026-03-07 03:00:00,Vinh Tuy Bridge,Inbound,3,0,0,Partially cloudy,21.0,0.0,82.99,6000.0,5,0
2026-03-07 03:00:00,Vinh Tuy Bridge,Outbound,3,0,0,Partially cloudy,21.0,0.0,82.99,6000.0,5,0
2026-03-07 07:10:00,Vinh Tuy Bridge,Inbound,7,48,0,Partially cloudy,20.0,0.0,93.97,3000.0,5,0
2026-03-07 07:10:00,Vinh Tuy Bridge,Outbound,7,51,0,Partially cloudy,20.0,0.0,93.97,3000.0,5,0
2026-03-07 07:30:00,Vinh Tuy Bridge,Inbound,7,75,0,Partially cloudy,20.0,0.0,93.97,3000.0,5,0
2026-03-07 07:30:00,Vinh Tuy Bridge,Outbound,7,73,0,Partially cloudy,20.0,0.0,93.97,3000.0,5,0
2026-03-07 10:00:00,Vinh Tuy Bridge,Inbound,10,134,1,Clear,23.0,0.1,73.46,7000.0,5,0
2026-03-07 10:00:00,Vinh Tuy Bridge,Outbound,10,120,0,Clear,23.0,0.1,73.46,7000.0,5,0
2026-03-07 12:00:00,Vinh Tuy Bridge,Inbound,12,148,1,Partially cloudy,24.0,0.1,69.16,8000.0,5,0
2026-03-07 12:00:00,Vinh Tuy Bridge,Outbound,12,127,0,Partially cloudy,24.0,0.1,69.16,8000.0,5,0
2026-03-07 15:00:00,Vinh Tuy Bridge,Inbound,15,174,1,Partially cloudy,25.0,0.0,61.16,10000.0,5,0
2026-03-07 15:00:00,Vinh Tuy Bridge,Outbound,15,145,0,Partially cloudy,25.0,0.0,61.16,10000.0,5,0
2026-03-07 16:00:00,Vinh Tuy Bridge,Inbound,16,219,1,Partially cloudy,24.0,0.0,64.93,10000.0,5,0
2026-03-07 16:00:00,Vinh Tuy Bridge,Outbound,16,193,1,Partially cloudy,24.0,0.0,64.93,10000.0,5,0
2026-03-07 17:10:00,Vinh Tuy Bridge,Inbound,17,250,1,Partially cloudy,24.0,0.0,64.93,10000.0,5,0
2026-03-07 17:10:00,Vinh Tuy Bridge,Outbound,17,232,1,Partially cloudy,24.0,0.0,64.93,10000.0,5,0
2026-03-07 20:00:00,Vinh Tuy Bridge,Inbound,20,55,0,Clear,23.0,0.0,73.46,10000.0,5,0
2026-03-07 20:00:00,Vinh Tuy Bridge,Outbound,20,68,0,Clear,23.0,0.0,73.46,10000.0,5,0
2026-03-07 22:30:00,Vinh Tuy Bridge,Inbound,22,0,0,Clear,22.0,0.0,78.06,10000.0,5,0
2026-03-07 22:30:00,Vinh Tuy Bridge,Outbound,22,0,0,Clear,22.0,0.0,78.06,10000.0,5,0
2026-03-06 03:00:00,Vinh Tuy Bridge,Inbound,3,0,0,Partially cloudy,20.0,0.0,88.27,4000.0,4,0
2026-03-06 03:00:00,Vinh Tuy Bridge,Outbound,3,0,0,Partially cloudy,20.0,0.0,88.27,4000.0,4,0
2026-03-06 07:10:00,Vinh Tuy Bridge,Inbound,7,46,0,Clear,20.2,0.1,91.26,4200.0,4,0
2026-03-06 07:10:00,Vinh Tuy Bridge,Outbound,7,67,0,Clear,20.2,0.1,91.26,4200.0,4,0
2026-03-06 07:30:00,Vinh Tuy Bridge,Inbound,7,68,0,Clear,20.2,0.1,91.26,4200.0,4,0
2026-03-06 07:30:00,Vinh Tuy Bridge,Outbound,7,94,0,Clear,20.2,0.1,91.26,4200.0,4,0
2026-03-06 10:00:00,Vinh Tuy Bridge,Inbound,10,49,0,Clear,22.4,0.0,71.07,9600.0,4,0
2026-03-06 10:00:00,Vinh Tuy Bridge,Outbound,10,55,0,Clear,22.4,0.0,71.07,9600.0,4,0
2026-03-06 12:00:00,Vinh Tuy Bridge,Inbound,12,55,0,Partially cloudy,24.0,0.0,64.93,7000.0,4,0
2026-03-06 12:00:00,Vinh Tuy Bridge,Outbound,12,51,0,Partially cloudy,24.0,0.0,64.93,7000.0,4,0
2026-03-06 15:00:00,Vinh Tuy Bridge,Inbound,15,80,0,Partially cloudy,25.0,0.0,61.16,8000.0,4,0
2026-03-06 15:00:00,Vinh Tuy Bridge,Outbound,15,73,0,Partially cloudy,25.0,0.0,61.16,8000.0,4,0
2026-03-06 16:00:00,Vinh Tuy Bridge,Inbound,16,140,1,Partially cloudy,24.0,0.0,64.93,8000.0,4,0
2026-03-06 16:00:00,Vinh Tuy Bridge,Outbound,16,137,0,Partially cloudy,24.0,0.0,64.93,8000.0,4,0
2026-03-06 17:10:00,Vinh Tuy Bridge,Inbound,17,255,1,Partially cloudy,24.0,0.0,64.93,8000.0,4,0
2026-03-06 17:10:00,Vinh Tuy Bridge,Outbound,17,273,1,Partially cloudy,24.0,0.0,64.93,8000.0,4,0
2026-03-06 20:00:00,Vinh Tuy Bridge,Inbound,20,77,0,Partially cloudy,22.0,0.0,78.06,6000.0,4,0
2026-03-06 20:00:00,Vinh Tuy Bridge,Outbound,20,67,0,Partially cloudy,22.0,0.0,78.06,6000.0,4,0
2026-03-06 22:30:00,Vinh Tuy Bridge,Inbound,22,0,0,Clear,21.1,0.0,85.39,9300.0,4,0
2026-03-06 22:30:00,Vinh Tuy Bridge,Outbound,22,0,0,Clear,21.1,0.0,85.39,9300.0,4,0
2026-03-05 03:00:00,Vinh Tuy Bridge,Inbound,3,0,0,Partially cloudy,20.0,0.0,82.87,6000.0,3,0
2026-03-05 03:00:00,Vinh Tuy Bridge,Outbound,3,0,0,Partially cloudy,20.0,0.0,82.87,6000.0,3,0
2026-03-05 07:10:00,Vinh Tuy Bridge,Inbound,7,63,0,Clear,19.2,0.0,86.55,8000.0,3,0
2026-03-05 07:10:00,Vinh Tuy Bridge,Outbound,7,140,0,Clear,19.2,0.0,86.55,8000.0,3,0
2026-03-05 07:30:00,Vinh Tuy Bridge,Inbound,7,97,1,Clear,19.2,0.0,86.55,8000.0,3,0
2026-03-05 07:30:00,Vinh Tuy Bridge,Outbound,7,180,1,Clear,19.2,0.0,86.55,8000.0,3,0
2026-03-05 10:00:00,Vinh Tuy Bridge,Inbound,10,46,0,Partially cloudy,20.0,0.0,82.87,10000.0,3,0
2026-03-05 10:00:00,Vinh Tuy Bridge,Outbound,10,55,0,Partially cloudy,20.0,0.0,82.87,10000.0,3,0
2026-03-05 12:00:00,Vinh Tuy Bridge,Inbound,12,36,0,Partially cloudy,22.0,0.0,73.29,10000.0,3,0
2026-03-05 12:00:00,Vinh Tuy Bridge,Outbound,12,48,0,Partially cloudy,22.0,0.0,73.29,10000.0,3,0
2026-03-05 15:00:00,Vinh Tuy Bridge,Inbound,15,46,0,Partially cloudy,22.0,0.0,73.29,5000.0,3,0
2026-03-05 15:00:00,Vinh Tuy Bridge,Outbound,15,61,0,Partially cloudy,22.0,0.0,73.29,5000.0,3,0
2026-03-05 16:00:00,Vinh Tuy Bridge,Inbound,16,74,0,Clear,21.7,0.0,75.71,8700.0,3,0
2026-03-05 16:00:00,Vinh Tuy Bridge,Outbound,16,88,0,Clear,21.7,0.0,75.71,8700.0,3,0
2026-03-05 17:10:00,Vinh Tuy Bridge,Inbound,17,131,1,Partially cloudy,21.0,0.0,82.99,5000.0,3,0
2026-03-05 17:10:00,Vinh Tuy Bridge,Outbound,17,154,1,Partially cloudy,21.0,0.0,82.99,5000.0,3,0
2026-03-05 20:00:00,Vinh Tuy Bridge,Inbound,20,26,0,Clear,21.0,0.0,82.99,5000.0,3,0
2026-03-05 20:00:00,Vinh Tuy Bridge,Outbound,20,52,0,Clear,21.0,0.0,82.99,5000.0,3,0
2026-03-05 22:30:00,Vinh Tuy Bridge,Inbound,22,0,0,Partially cloudy,21.0,0.1,82.99,6000.0,3,0
2026-03-05 22:30:00,Vinh Tuy Bridge,Outbound,22,0,0,Partially cloudy,21.0,0.1,82.99,6000.0,3,0
2026-03-04 03:00:00,Vinh Tuy Bridge,Inbound,3,0,0,Partially cloudy,20.0,0.0,64.07,10000.0,2,0
2026-03-04 03:00:00,Vinh Tuy Bridge,Outbound,3,0,0,Partially cloudy,20.0,0.0,64.07,10000.0,2,0
2026-03-04 07:10:00,Vinh Tuy Bridge,Inbound,7,66,0,Clear,19.2,0.0,64.68,10200.0,2,0
2026-03-04 07:10:00,Vinh Tuy Bridge,Outbound,7,157,1,Clear,19.2,0.0,64.68,10200.0,2,0
2026-03-04 07:30:00,Vinh Tuy Bridge,Inbound,7,96,1,Clear,19.2,0.0,64.68,10200.0,2,0
2026-03-04 07:30:00,Vinh Tuy Bridge,Outbound,7,200,1,Clear,19.2,0.0,64.68,10200.0,2,0
2026-03-04 10:00:00,Vinh Tuy Bridge,Inbound,10,52,0,Clear,20.7,0.0,58.45,10200.0,2,0
2026-03-04 10:00:00,Vinh Tuy Bridge,Outbound,10,57,0,Clear,20.7,0.0,58.45,10200.0,2,0
2026-03-04 12:00:00,Vinh Tuy Bridge,Inbound,12,45,0,Clear,23.0,0.0,53.32,10000.0,2,0
2026-03-04 12:00:00,Vinh Tuy Bridge,Outbound,12,51,0,Clear,23.0,0.0,53.32,10000.0,2,0
2026-03-04 15:00:00,Vinh Tuy Bridge,Inbound,15,54,0,Clear,25.0,0.0,50.46,10000.0,2,0
2026-03-04 15:00:00,Vinh Tuy Bridge,Outbound,15,68,0,Clear,25.0,0.0,50.46,10000.0,2,0
2026-03-04 16:00:00,Vinh Tuy Bridge,Inbound,16,82,0,Clear,24.0,0.0,53.58,10000.0,2,0
2026-03-04 16:00:00,Vinh Tuy Bridge,Outbound,16,104,0,Clear,24.0,0.0,53.58,10000.0,2,0
2026-03-04 17:10:00,Vinh Tuy Bridge,Inbound,17,138,1,Clear,23.0,0.0,56.91,10000.0,2,0
2026-03-04 17:10:00,Vinh Tuy Bridge,Outbound,17,156,1,Clear,23.0,0.0,56.91,10000.0,2,0
2026-03-04 20:00:00,Vinh Tuy Bridge,Inbound,20,30,0,Clear,20.0,0.0,72.94,10000.0,2,0
2026-03-04 20:00:00,Vinh Tuy Bridge,Outbound,20,41,0,Clear,20.0,0.0,72.94,10000.0,2,0
2026-03-04 22:30:00,Vinh Tuy Bridge,Inbound,22,0,0,Clear,19.9,0.0,74.7,10200.0,2,0
2026-03-04 22:30:00,Vinh Tuy Bridge,Outbound,22,0,0,Clear,19.9,0.0,74.7,10200.0,2,0
2026-03-03 03:00:00,Vinh Tuy Bridge,Inbound,3,0,0,"Rain, Partially cloudy",25.0,2.7,88.68,9000.0,1,0
2026-03-03 03:00:00,Vinh Tuy Bridge,Outbound,3,0,0,"Rain, Partially cloudy",25.0,2.7,88.68,9000.0,1,0
2026-03-03 07:10:00,Vinh Tuy Bridge,Inbound,7,68,0,"Rain, Partially cloudy",21.0,1.4,88.35,10000.0,1,0
2026-03-03 07:10:00,Vinh Tuy Bridge,Outbound,7,155,1,"Rain, Partially cloudy",21.0,1.4,88.35,10000.0,1,0
2026-03-03 07:30:00,Vinh Tuy Bridge,Inbound,7,94,1,"Rain, Partially cloudy",21.0,1.4,88.35,10000.0,1,0
2026-03-03 07:30:00,Vinh Tuy Bridge,Outbound,7,204,1,"Rain, Partially cloudy",21.0,1.4,88.35,10000.0,1,0
2026-03-03 10:00:00,Vinh Tuy Bridge,Inbound,10,61,0,Clear,22.4,0.2,72.02,10200.0,1,0
2026-03-03 10:00:00,Vinh Tuy Bridge,Outbound,10,53,0,Clear,22.4,0.2,72.02,10200.0,1,0
2026-03-03 12:00:00,Vinh Tuy Bridge,Inbound,12,57,0,Partially cloudy,24.0,0.0,64.93,10000.0,1,0
2026-03-03 12:00:00,Vinh Tuy Bridge,Outbound,12,45,0,Partially cloudy,24.0,0.0,64.93,10000.0,1,0
2026-03-03 15:00:00,Vinh Tuy Bridge,Inbound,15,67,0,Partially cloudy,24.0,0.0,64.93,10000.0,1,0
2026-03-03 15:00:00,Vinh Tuy Bridge,Outbound,15,56,0,Partially cloudy,24.0,0.0,64.93,10000.0,1,0
2026-03-03 16:00:00,Vinh Tuy Bridge,Inbound,16,96,1,Clear,23.2,0.0,66.03,10100.0,1,0
2026-03-03 16:00:00,Vinh Tuy Bridge,Outbound,16,79,0,Clear,23.2,0.0,66.03,10100.0,1,0
2026-03-03 17:10:00,Vinh Tuy Bridge,Inbound,17,155,1,Partially cloudy,23.0,0.0,64.72,10000.0,1,0
2026-03-03 17:10:00,Vinh Tuy Bridge,Outbound,17,130,0,Partially cloudy,23.0,0.0,64.72,10000.0,1,0
2026-03-03 20:00:00,Vinh Tuy Bridge,Inbound,20,35,0,Partially cloudy,21.0,0.0,68.58,10000.0,1,0
2026-03-03 20:00:00,Vinh Tuy Bridge,Outbound,20,47,0,Partially cloudy,21.0,0.0,68.58,10000.0,1,0
2026-03-03 22:30:00,Vinh Tuy Bridge,Inbound,22,0,0,Clear,20.9,0.1,68.9,10200.0,1,0
2026-03-03 22:30:00,Vinh Tuy Bridge,Outbound,22,0,0,Clear,20.9,0.1,68.9,10200.0,1,0
2026-03-02 03:00:00,Vinh Tuy Bridge,Inbound,3,0,0,Partially cloudy,24.0,0.0,94.15,6000.0,0,0
2026-03-02 03:00:00,Vinh Tuy Bridge,Outbound,3,0,0,Partially cloudy,24.0,0.0,94.15,6000.0,0,0
2026-03-02 07:10:00,Vinh Tuy Bridge,Inbound,7,139,1,Partially cloudy,24.0,0.0,94.15,4000.0,0,0
2026-03-02 07:10:00,Vinh Tuy Bridge,Outbound,7,275,1,Partially cloudy,24.0,0.0,94.15,4000.0,0,0
2026-03-02 07:30:00,Vinh Tuy Bridge,Inbound,7,178,1,Partially cloudy,24.0,0.0,94.15,4000.0,0,0
2026-03-02 07:30:00,Vinh Tuy Bridge,Outbound,7,373,1,Partially cloudy,24.0,0.0,94.15,4000.0,0,0
2026-03-02 10:00:00,Vinh Tuy Bridge,Inbound,10,45,0,Partially cloudy,27.0,0.0,83.68,6000.0,0,0
2026-03-02 10:00:00,Vinh Tuy Bridge,Outbound,10,72,0,Partially cloudy,27.0,0.0,83.68,6000.0,0,0
2026-03-02 12:00:00,Vinh Tuy Bridge,Inbound,12,33,0,Partially cloudy,29.0,0.0,70.11,10000.0,0,0
2026-03-02 12:00:00,Vinh Tuy Bridge,Outbound,12,56,0,Partially cloudy,29.0,0.0,70.11,10000.0,0,0
2026-03-02 15:00:00,Vinh Tuy Bridge,Inbound,15,46,0,Partially cloudy,31.0,0.0,62.5,10000.0,0,0
2026-03-02 15:00:00,Vinh Tuy Bridge,Outbound,15,75,0,Partially cloudy,31.0,0.0,62.5,10000.0,0,0
2026-03-02 16:00:00,Vinh Tuy Bridge,Inbound,16,76,0,Partially cloudy,30.0,0.0,70.29,10000.0,0,0
2026-03-02 16:00:00,Vinh Tuy Bridge,Outbound,16,108,0,Partially cloudy,30.0,0.0,70.29,10000.0,0,0
2026-03-02 17:10:00,Vinh Tuy Bridge,Inbound,17,132,1,Partially cloudy,29.0,0.0,70.11,10000.0,0,0
2026-03-02 17:10:00,Vinh Tuy Bridge,Outbound,17,165,1,Partially cloudy,29.0,0.0,70.11,10000.0,0,0
2026-03-02 20:00:00,Vinh Tuy Bridge,Inbound,20,23,0,Partially cloudy,26.0,0.0,88.76,9000.0,0,0
2026-03-02 20:00:00,Vinh Tuy Bridge,Outbound,20,59,0,Partially cloudy,26.0,0.0,88.76,9000.0,0,0
2026-03-02 22:30:00,Vinh Tuy Bridge,Inbound,22,0,0,"Rain, Partially cloudy",26.0,0.5,88.76,10000.0,0,0
2026-03-02 22:30:00,Vinh Tuy Bridge,Outbound,22,0,0,"Rain, Partially cloudy",26.0,0.5,88.76,10000.0,0,0
2026-03-01 03:00:00,Vinh Tuy Bridge,Inbound,3,0,0,Partially cloudy,25.0,0.0,88.68,9000.0,6,0
2026-03-01 03:00:00,Vinh Tuy Bridge,Outbound,3,0,0,Partially cloudy,25.0,0.0,88.68,9000.0,6,0
2026-03-01 07:10:00,Vinh Tuy Bridge,Inbound,7,17,0,Partially cloudy,24.0,0.0,94.15,4000.0,6,0
2026-03-01 07:10:00,Vinh Tuy Bridge,Outbound,7,20,0,Partially cloudy,24.0,0.0,94.15,4000.0,6,0
2026-03-01 07:30:00,Vinh Tuy Bridge,Inbound,7,24,0,Partially cloudy,24.0,0.0,94.15,4000.0,6,0
2026-03-01 07:30:00,Vinh Tuy Bridge,Outbound,7,27,0,Partially cloudy,24.0,0.0,94.15,4000.0,6,0
2026-03-01 10:00:00,Vinh Tuy Bridge,Inbound,10,34,0,Partially cloudy,26.0,0.0,83.57,7000.0,6,0
2026-03-01 10:00:00,Vinh Tuy Bridge,Outbound,10,44,0,Partially cloudy,26.0,0.0,83.57,7000.0,6,0
2026-03-01 12:00:00,Vinh Tuy Bridge,Inbound,12,43,0,Partially cloudy,28.0,0.0,74.3,10000.0,6,0
2026-03-01 12:00:00,Vinh Tuy Bridge,Outbound,12,58,0,Partially cloudy,28.0,0.0,74.3,10000.0,6,0
2026-03-01 15:00:00,Vinh Tuy Bridge,Inbound,15,66,0,Partially cloudy,29.0,0.0,74.47,10000.0,6,0
2026-03-01 15:00:00,Vinh Tuy Bridge,Outbound,15,87,0,Partially cloudy,29.0,0.0,74.47,10000.0,6,0
2026-03-01 16:00:00,Vinh Tuy Bridge,Inbound,16,92,1,Partially cloudy,29.0,0.0,74.47,8000.0,6,0
2026-03-01 16:00:00,Vinh Tuy Bridge,Outbound,16,115,0,Partially cloudy,29.0,0.0,74.47,8000.0,6,0
2026-03-01 17:10:00,Vinh Tuy Bridge,Inbound,17,96,1,Partially cloudy,28.0,0.0,74.3,8000.0,6,0
2026-03-01 17:10:00,Vinh Tuy Bridge,Outbound,17,149,1,Partially cloudy,28.0,0.0,74.3,8000.0,6,0
2026-03-01 20:00:00,Vinh Tuy Bridge,Inbound,20,24,0,Partially cloudy,25.0,0.0,88.68,7000.0,6,0
2026-03-01 20:00:00,Vinh Tuy Bridge,Outbound,20,62,0,Partially cloudy,25.0,0.0,88.68,7000.0,6,0
2026-03-01 22:30:00,Vinh Tuy Bridge,Inbound,22,0,0,Partially cloudy,25.0,0.0,88.68,7000.0,6,0
2026-03-01 22:30:00,Vinh Tuy Bridge,Outbound,22,0,0,Partially cloudy,25.0,0.0,88.68,7000.0,6,0
2026-02-28 03:00:00,Vinh Tuy Bridge,Inbound,3,0,0,Partially cloudy,23.0,0.0,100.0,5000.0,5,0
2026-02-28 03:00:00,Vinh Tuy Bridge,Outbound,3,0,0,Partially cloudy,23.0,0.0,100.0,5000.0,5,0
2026-02-28 07:10:00,Vinh Tuy Bridge,Inbound,7,48,0,Partially cloudy,24.0,0.0,88.6,5000.0,5,0
2026-02-28 07:10:00,Vinh Tuy Bridge,Outbound,7,51,0,Partially cloudy,24.0,0.0,88.6,5000.0,5,0
2026-02-28 07:30:00,Vinh Tuy Bridge,Inbound,7,75,0,Partially cloudy,24.0,0.0,88.6,5000.0,5,0
2026-02-28 07:30:00,Vinh Tuy Bridge,Outbound,7,73,0,Partially cloudy,24.0,0.0,88.6,5000.0,5,0
2026-02-28 10:00:00,Vinh Tuy Bridge,Inbound,10,134,1,Partially cloudy,26.0,0.2,83.57,6000.0,5,0
2026-02-28 10:00:00,Vinh Tuy Bridge,Outbound,10,120,0,Partially cloudy,26.0,0.2,83.57,6000.0,5,0
2026-02-28 12:00:00,Vinh Tuy Bridge,Inbound,12,148,1,Partially cloudy,27.0,0.1,78.78,8000.0,5,0
2026-02-28 12:00:00,Vinh Tuy Bridge,Outbound,12,127,0,Partially cloudy,27.0,0.1,78.78,8000.0,5,0
2026-02-28 15:00:00,Vinh Tuy Bridge,Inbound,15,174,1,Partially cloudy,28.0,0.0,74.3,10000.0,5,0
2026-02-28 15:00:00,Vinh Tuy Bridge,Outbound,15,145,0,Partially cloudy,28.0,0.0,74.3,10000.0,5,0
2026-02-28 16:00:00,Vinh Tuy Bridge,Inbound,16,219,1,Partially cloudy,27.0,0.0,78.78,10000.0,5,0
2026-02-28 16:00:00,Vinh Tuy Bridge,Outbound,16,193,1,Partially cloudy,27.0,0.0,78.78,10000.0,5,0
2026-02-28 17:10:00,Vinh Tuy Bridge,Inbound,17,250,1,Partially cloudy,27.0,0.0,78.78,9000.0,5,0
2026-02-28 17:10:00,Vinh Tuy Bridge,Outbound,17,232,1,Partially cloudy,27.0,0.0,78.78,9000.0,5,0
2026-02-28 20:00:00,Vinh Tuy Bridge,Inbound,20,55,0,Partially cloudy,25.0,0.0,88.68,10000.0,5,0
2026-02-28 20:00:00,Vinh Tuy Bridge,Outbound,20,68,0,Partially cloudy,25.0,0.0,88.68,10000.0,5,0
2026-02-28 22:30:00,Vinh Tuy Bridge,Inbound,22,0,0,Partially cloudy,25.0,0.0,88.68,10000.0,5,0
2026-02-28 22:30:00,Vinh Tuy Bridge,Outbound,22,0,0,Partially cloudy,25.0,0.0,88.68,10000.0,5,0
2026-02-27 03:00:00,Vinh Tuy Bridge,Inbound,3,0,0,Overcast,21.0,0.0,94.02,5000.0,4,0
2026-02-27 03:00:00,Vinh Tuy Bridge,Outbound,3,0,0,Overcast,21.0,0.0,94.02,5000.0,4,0
2026-02-27 07:10:00,Vinh Tuy Bridge,Inbound,7,46,0,Partially cloudy,21.0,0.0,94.02,3000.0,4,0
2026-02-27 07:10:00,Vinh Tuy Bridge,Outbound,7,67,0,Partially cloudy,21.0,0.0,94.02,3000.0,4,0
2026-02-27 07:30:00,Vinh Tuy Bridge,Inbound,7,68,0,Partially cloudy,21.0,0.0,94.02,3000.0,4,0
2026-02-27 07:30:00,Vinh Tuy Bridge,Outbound,7,94,0,Partially cloudy,21.0,0.0,94.02,3000.0,4,0
2026-02-27 10:00:00,Vinh Tuy Bridge,Inbound,10,49,0,Partially cloudy,23.0,0.0,88.52,4000.0,4,0
2026-02-27 10:00:00,Vinh Tuy Bridge,Outbound,10,55,0,Partially cloudy,23.0,0.0,88.52,4000.0,4,0
2026-02-27 12:00:00,Vinh Tuy Bridge,Inbound,12,55,0,Partially cloudy,25.0,0.0,78.5,5000.0,4,0
2026-02-27 12:00:00,Vinh Tuy Bridge,Outbound,12,51,0,Partially cloudy,25.0,0.0,78.5,5000.0,4,0
2026-02-27 15:00:00,Vinh Tuy Bridge,Inbound,15,80,0,Partially cloudy,26.0,0.0,73.97,7000.0,4,0
2026-02-27 15:00:00,Vinh Tuy Bridge,Outbound,15,73,0,Partially cloudy,26.0,0.0,73.97,7000.0,4,0
2026-02-27 16:00:00,Vinh Tuy Bridge,Inbound,16,140,1,Partially cloudy,26.0,0.0,73.97,6000.0,4,0
2026-02-27 16:00:00,Vinh Tuy Bridge,Outbound,16,137,0,Partially cloudy,26.0,0.0,73.97,6000.0,4,0
2026-02-27 17:10:00,Vinh Tuy Bridge,Inbound,17,255,1,Partially cloudy,26.0,0.0,73.97,6000.0,4,0
2026-02-27 17:10:00,Vinh Tuy Bridge,Outbound,17,273,1,Partially cloudy,26.0,0.0,73.97,6000.0,4,0
2026-02-27 20:00:00,Vinh Tuy Bridge,Inbound,20,77,0,Partially cloudy,25.0,0.0,88.68,8000.0,4,0
2026-02-27 20:00:00,Vinh Tuy Bridge,Outbound,20,67,0,Partially cloudy,25.0,0.0,88.68,8000.0,4,0
2026-02-27 22:30:00,Vinh Tuy Bridge,Inbound,22,0,0,Partially cloudy,24.0,0.0,88.6,7000.0,4,0
2026-02-27 22:30:00,Vinh Tuy Bridge,Outbound,22,0,0,Partially cloudy,24.0,0.0,88.6,7000.0,4,0
2026-02-26 03:00:00,Vinh Tuy Bridge,Inbound,3,0,0,Overcast,21.0,0.0,100.0,5000.0,3,0
2026-02-26 03:00:00,Vinh Tuy Bridge,Outbound,3,0,0,Overcast,21.0,0.0,100.0,5000.0,3,0
2026-02-26 07:10:00,Vinh Tuy Bridge,Inbound,7,63,0,Partially cloudy,21.0,0.0,100.0,3000.0,3,0
2026-02-26 07:10:00,Vinh Tuy Bridge,Outbound,7,140,0,Partially cloudy,21.0,0.0,100.0,3000.0,3,0
2026-02-26 07:30:00,Vinh Tuy Bridge,Inbound,7,97,1,Partially cloudy,21.0,0.0,100.0,3000.0,3,0
2026-02-26 07:30:00,Vinh Tuy Bridge,Outbound,7,180,1,Partially cloudy,21.0,0.0,100.0,3000.0,3,0
2026-02-26 10:00:00,Vinh Tuy Bridge,Inbound,10,46,0,"Rain, Partially cloudy",22.0,0.3,94.06,2000.0,3,0
2026-02-26 10:00:00,Vinh Tuy Bridge,Outbound,10,55,0,"Rain, Partially cloudy",22.0,0.3,94.06,2000.0,3,0
2026-02-26 12:00:00,Vinh Tuy Bridge,Inbound,12,36,0,Overcast,23.0,0.2,88.52,4000.0,3,0
2026-02-26 12:00:00,Vinh Tuy Bridge,Outbound,12,48,0,Overcast,23.0,0.2,88.52,4000.0,3,0
2026-02-26 15:00:00,Vinh Tuy Bridge,Inbound,15,46,0,Partially cloudy,24.0,0.1,78.35,8000.0,3,0
2026-02-26 15:00:00,Vinh Tuy Bridge,Outbound,15,61,0,Partially cloudy,24.0,0.1,78.35,8000.0,3,0
2026-02-26 16:00:00,Vinh Tuy Bridge,Inbound,16,74,0,Partially cloudy,25.0,0.0,73.8,10000.0,3,0
2026-02-26 16:00:00,Vinh Tuy Bridge,Outbound,16,88,0,Partially cloudy,25.0,0.0,73.8,10000.0,3,0
2026-02-26 17:10:00,Vinh Tuy Bridge,Inbound,17,131,1,Partially cloudy,24.0,0.0,78.35,10000.0,3,0
2026-02-26 17:10:00,Vinh Tuy Bridge,Outbound,17,154,1,Partially cloudy,24.0,0.0,78.35,10000.0,3,0
2026-02-26 20:00:00,Vinh Tuy Bridge,Inbound,20,26,0,Clear,22.0,0.0,88.44,7000.0,3,0
2026-02-26 20:00:00,Vinh Tuy Bridge,Outbound,20,52,0,Clear,22.0,0.0,88.44,7000.0,3,0
2026-02-26 22:30:00,Vinh Tuy Bridge,Inbound,22,0,0,Partially cloudy,21.0,0.0,94.02,5000.0,3,0
2026-02-26 22:30:00,Vinh Tuy Bridge,Outbound,22,0,0,Partially cloudy,21.0,0.0,94.02,5000.0,3,0
2026-02-25 03:00:00,Vinh Tuy Bridge,Inbound,3,0,0,Overcast,22.0,0.0,94.06,7000.0,2,0
2026-02-25 03:00:00,Vinh Tuy Bridge,Outbound,3,0,0,Overcast,22.0,0.0,94.06,7000.0,2,0
2026-02-25 07:10:00,Vinh Tuy Bridge,Inbound,7,66,0,"Rain, Overcast",22.0,0.3,94.06,3000.0,2,0
2026-02-25 07:10:00,Vinh Tuy Bridge,Outbound,7,157,1,"Rain, Overcast",22.0,0.3,94.06,3000.0,2,0
2026-02-25 07:30:00,Vinh Tuy Bridge,Inbound,7,96,1,"Rain, Overcast",22.0,0.3,94.06,3000.0,2,0
2026-02-25 07:30:00,Vinh Tuy Bridge,Outbound,7,200,1,"Rain, Overcast",22.0,0.3,94.06,3000.0,2,0
2026-02-25 10:00:00,Vinh Tuy Bridge,Inbound,10,52,0,"Rain, Overcast",22.0,1.0,94.06,4000.0,2,0
2026-02-25 10:00:00,Vinh Tuy Bridge,Outbound,10,57,0,"Rain, Overcast",22.0,1.0,94.06,4000.0,2,0
2026-02-25 12:00:00,Vinh Tuy Bridge,Inbound,12,45,0,"Rain, Overcast",23.0,1.4,94.11,3000.0,2,0
2026-02-25 12:00:00,Vinh Tuy Bridge,Outbound,12,51,0,"Rain, Overcast",23.0,1.4,94.11,3000.0,2,0
2026-02-25 15:00:00,Vinh Tuy Bridge,Inbound,15,54,0,"Rain, Overcast",25.0,0.3,83.45,5000.0,2,0
2026-02-25 15:00:00,Vinh Tuy Bridge,Outbound,15,68,0,"Rain, Overcast",25.0,0.3,83.45,5000.0,2,0
2026-02-25 16:00:00,Vinh Tuy Bridge,Inbound,16,82,0,"Rain, Overcast",25.0,1.3,83.45,6000.0,2,0
2026-02-25 16:00:00,Vinh Tuy Bridge,Outbound,16,104,0,"Rain, Overcast",25.0,1.3,83.45,6000.0,2,0
2026-02-25 17:10:00,Vinh Tuy Bridge,Inbound,17,138,1,"Rain, Partially cloudy",24.0,0.6,88.6,7000.0,2,0
2026-02-25 17:10:00,Vinh Tuy Bridge,Outbound,17,156,1,"Rain, Partially cloudy",24.0,0.6,88.6,7000.0,2,0
2026-02-25 20:00:00,Vinh Tuy Bridge,Inbound,20,30,0,Overcast,23.0,0.0,88.52,8000.0,2,0
2026-02-25 20:00:00,Vinh Tuy Bridge,Outbound,20,41,0,Overcast,23.0,0.0,88.52,8000.0,2,0
2026-02-25 22:30:00,Vinh Tuy Bridge,Inbound,22,0,0,Overcast,22.0,0.1,94.06,5000.0,2,0
2026-02-25 22:30:00,Vinh Tuy Bridge,Outbound,22,0,0,Overcast,22.0,0.1,94.06,5000.0,2,0
2026-02-24 03:00:00,Vinh Tuy Bridge,Inbound,3,0,0,Overcast,23.0,0.0,88.52,8000.0,1,0
2026-02-24 03:00:00,Vinh Tuy Bridge,Outbound,3,0,0,Overcast,23.0,0.0,88.52,8000.0,1,0
2026-02-24 07:10:00,Vinh Tuy Bridge,Inbound,7,68,0,Partially cloudy,22.0,0.1,100.0,2000.0,1,0
2026-02-24 07:10:00,Vinh Tuy Bridge,Outbound,7,155,1,Partially cloudy,22.0,0.1,100.0,2000.0,1,0
2026-02-24 07:30:00,Vinh Tuy Bridge,Inbound,7,94,1,Partially cloudy,22.0,0.1,100.0,2000.0,1,0
2026-02-24 07:30:00,Vinh Tuy Bridge,Outbound,7,204,1,Partially cloudy,22.0,0.1,100.0,2000.0,1,0
2026-02-24 10:00:00,Vinh Tuy Bridge,Inbound,10,61,0,Partially cloudy,23.0,0.2,94.11,3000.0,1,0
2026-02-24 10:00:00,Vinh Tuy Bridge,Outbound,10,53,0,Partially cloudy,23.0,0.2,94.11,3000.0,1,0
2026-02-24 12:00:00,Vinh Tuy Bridge,Inbound,12,57,0,Overcast,23.0,0.2,94.11,5000.0,1,0
2026-02-24 12:00:00,Vinh Tuy Bridge,Outbound,12,45,0,Overcast,23.0,0.2,94.11,5000.0,1,0
2026-02-24 15:00:00,Vinh Tuy Bridge,Inbound,15,67,0,Overcast,24.0,0.1,88.6,9000.0,1,0
2026-02-24 15:00:00,Vinh Tuy Bridge,Outbound,15,56,0,Overcast,24.0,0.1,88.6,9000.0,1,0
2026-02-24 16:00:00,Vinh Tuy Bridge,Inbound,16,96,1,Overcast,23.0,0.0,94.11,8000.0,1,0
2026-02-24 16:00:00,Vinh Tuy Bridge,Outbound,16,79,0,Overcast,23.0,0.0,94.11,8000.0,1,0
2026-02-24 17:10:00,Vinh Tuy Bridge,Inbound,17,155,1,Overcast,23.0,0.0,94.11,9000.0,1,0
2026-02-24 17:10:00,Vinh Tuy Bridge,Outbound,17,130,0,Overcast,23.0,0.0,94.11,9000.0,1,0
2026-02-24 20:00:00,Vinh Tuy Bridge,Inbound,20,35,0,Overcast,23.0,0.0,88.52,10000.0,1,0
2026-02-24 20:00:00,Vinh Tuy Bridge,Outbound,20,47,0,Overcast,23.0,0.0,88.52,10000.0,1,0
2026-02-24 22:30:00,Vinh Tuy Bridge,Inbound,22,0,0,Overcast,23.0,0.0,88.52,10000.0,1,0
2026-02-24 22:30:00,Vinh Tuy Bridge,Outbound,22,0,0,Overcast,23.0,0.0,88.52,10000.0,1,0
2026-02-23 03:00:00,Vinh Tuy Bridge,Inbound,3,0,0,Overcast,21.0,0.0,94.02,7000.0,0,0
2026-02-23 03:00:00,Vinh Tuy Bridge,Outbound,3,0,0,Overcast,21.0,0.0,94.02,7000.0,0,0
2026-02-23 07:10:00,Vinh Tuy Bridge,Inbound,7,139,1,Overcast,21.0,0.0,94.02,4000.0,0,0
2026-02-23 07:10:00,Vinh Tuy Bridge,Outbound,7,275,1,Overcast,21.0,0.0,94.02,4000.0,0,0
2026-02-23 07:30:00,Vinh Tuy Bridge,Inbound,7,178,1,Overcast,21.0,0.0,94.02,4000.0,0,0
2026-02-23 07:30:00,Vinh Tuy Bridge,Outbound,7,373,1,Overcast,21.0,0.0,94.02,4000.0,0,0
2026-02-23 10:00:00,Vinh Tuy Bridge,Inbound,10,45,0,Overcast,23.0,0.0,88.52,8000.0,0,0
2026-02-23 10:00:00,Vinh Tuy Bridge,Outbound,10,72,0,Overcast,23.0,0.0,88.52,8000.0,0,0
2026-02-23 12:00:00,Vinh Tuy Bridge,Inbound,12,33,0,Overcast,25.0,0.2,78.5,10000.0,0,0
2026-02-23 12:00:00,Vinh Tuy Bridge,Outbound,12,56,0,Overcast,25.0,0.2,78.5,10000.0,0,0
2026-02-23 15:00:00,Vinh Tuy Bridge,Inbound,15,46,0,Overcast,26.0,0.0,78.64,10000.0,0,0
2026-02-23 15:00:00,Vinh Tuy Bridge,Outbound,15,75,0,Overcast,26.0,0.0,78.64,10000.0,0,0
2026-02-23 16:00:00,Vinh Tuy Bridge,Inbound,16,76,0,Overcast,26.0,0.0,73.97,10000.0,0,0
2026-02-23 16:00:00,Vinh Tuy Bridge,Outbound,16,108,0,Overcast,26.0,0.0,73.97,10000.0,0,0
2026-02-23 17:10:00,Vinh Tuy Bridge,Inbound,17,132,1,Overcast,26.0,0.0,73.97,10000.0,0,0
2026-02-23 17:10:00,Vinh Tuy Bridge,Outbound,17,165,1,Overcast,26.0,0.0,73.97,10000.0,0,0
2026-02-23 20:00:00,Vinh Tuy Bridge,Inbound,20,22,0,Overcast,24.0,0.0,83.34,10000.0,0,0
2026-02-23 20:00:00,Vinh Tuy Bridge,Outbound,20,23,0,Overcast,24.0,0.0,83.34,10000.0,0,0
2026-02-23 22:30:00,Vinh Tuy Bridge,Inbound,22,0,0,Overcast,24.0,0.0,83.34,10000.0,0,0
2026-02-23 22:30:00,Vinh Tuy Bridge,Outbound,22,0,0,Overcast,24.0,0.0,83.34,10000.0,0,0
2026-02-22 03:00:00,Vinh Tuy Bridge,Inbound,3,0,0,Overcast,21.0,0.0,94.02,6000.0,6,0
2026-02-22 03:00:00,Vinh Tuy Bridge,Outbound,3,0,0,Overcast,21.0,0.0,94.02,6000.0,6,0
2026-02-22 07:10:00,Vinh Tuy Bridge,Inbound,7,20,0,Partially cloudy,21.0,0.1,100.0,2000.0,6,0
2026-02-22 07:10:00,Vinh Tuy Bridge,Outbound,7,21,0,Partially cloudy,21.0,0.1,100.0,2000.0,6,0
2026-02-22 07:30:00,Vinh Tuy Bridge,Inbound,7,24,0,Partially cloudy,21.0,0.1,100.0,2000.0,6,0
2026-02-22 07:30:00,Vinh Tuy Bridge,Outbound,7,24,0,Partially cloudy,21.0,0.1,100.0,2000.0,6,0
2026-02-22 10:00:00,Vinh Tuy Bridge,Inbound,10,34,0,"Rain, Partially cloudy",21.0,0.3,100.0,2000.0,6,0
2026-02-22 10:00:00,Vinh Tuy Bridge,Outbound,10,44,0,"Rain, Partially cloudy",21.0,0.3,100.0,2000.0,6,0
2026-02-22 12:00:00,Vinh Tuy Bridge,Inbound,12,43,0,Partially cloudy,22.0,0.1,100.0,3000.0,6,0
2026-02-22 12:00:00,Vinh Tuy Bridge,Outbound,12,58,0,Partially cloudy,22.0,0.1,100.0,3000.0,6,0
2026-02-22 16:00:00,Vinh Tuy Bridge,Inbound,16,92,1,Overcast,23.0,0.1,88.5,8000.0,6,0
2026-02-22 16:00:00,Vinh Tuy Bridge,Outbound,16,90,1,Overcast,23.0,0.1,88.52,8000.0,6,0
2026-02-22 17:10:00,Vinh Tuy Bridge,Inbound,17,96,1,Overcast,23.0,0.1,88.51,10000.0,6,0
2026-02-22 17:10:00,Vinh Tuy Bridge,Outbound,17,97,1,Overcast,23.0,0.1,88.52,10000.0,6,0
2026-02-22 20:00:00,Vinh Tuy Bridge,Inbound,20,23,0,Overcast,24.0,0.0,83.34,10000.0,6,0
2026-02-22 20:00:00,Vinh Tuy Bridge,Outbound,20,22,0,Overcast,24.0,0.0,83.33,10000.0,6,0
2026-02-22 22:30:00,Vinh Tuy Bridge,Inbound,22,0,0,Overcast,22.0,0.0,88.44,10000.0,6,0
2026-02-22 22:30:00,Vinh Tuy Bridge,Outbound,22,0,0,Overcast,22.0,0.0,88.43,10000.0,6,0
2026-02-21 03:00:00,Vinh Tuy Bridge,Inbound,3,0,0,Overcast,19.0,0.0,88.19,7000.0,5,0
2026-02-21 03:00:00,Vinh Tuy Bridge,Outbound,3,0,0,Overcast,19.0,0.0,88.19,7000.0,5,0
2026-02-21 07:10:00,Vinh Tuy Bridge,Inbound,7,48,0,Overcast,19.0,0.0,93.93,4000.0,5,0
2026-02-21 07:10:00,Vinh Tuy Bridge,Outbound,7,51,0,Overcast,19.0,0.0,93.93,4000.0,5,0
2026-02-21 07:30:00,Vinh Tuy Bridge,Inbound,7,75,0,Overcast,19.0,0.0,93.93,4000.0,5,0
2026-02-21 07:30:00,Vinh Tuy Bridge,Outbound,7,73,0,Overcast,19.0,0.0,93.93,4000.0,5,0
2026-02-21 10:00:00,Vinh Tuy Bridge,Inbound,10,134,1,Overcast,21.0,0.0,82.99,5000.0,5,0
2026-02-21 10:00:00,Vinh Tuy Bridge,Outbound,10,120,0,Overcast,21.0,0.0,82.99,5000.0,5,0
2026-02-21 12:00:00,Vinh Tuy Bridge,Inbound,12,148,1,Overcast,24.0,0.0,69.16,8000.0,5,0
2026-02-21 12:00:00,Vinh Tuy Bridge,Outbound,12,127,0,Overcast,24.0,0.0,69.16,8000.0,5,0
2026-02-21 15:00:00,Vinh Tuy Bridge,Inbound,15,174,1,Overcast,25.0,0.0,69.36,10000.0,5,0
2026-02-21 15:00:00,Vinh Tuy Bridge,Outbound,15,97,0,Overcast,25.0,0.0,69.36,10000.0,5,0
2026-02-21 16:00:00,Vinh Tuy Bridge,Inbound,16,219,1,Overcast,25.0,0.0,69.36,10000.0,5,0
2026-02-21 16:00:00,Vinh Tuy Bridge,Outbound,16,135,0,Overcast,25.0,0.0,69.36,10000.0,5,0
2026-02-21 17:10:00,Vinh Tuy Bridge,Inbound,17,250,1,Overcast,25.0,0.0,69.36,10000.0,5,0
2026-02-21 17:10:00,Vinh Tuy Bridge,Outbound,17,172,1,Overcast,25.0,0.0,69.36,10000.0,5,0
2026-02-21 20:00:00,Vinh Tuy Bridge,Inbound,20,55,0,Overcast,23.0,0.0,78.21,10000.0,5,0
2026-02-21 20:00:00,Vinh Tuy Bridge,Outbound,20,68,0,Overcast,23.0,0.0,78.21,10000.0,5,0
2026-02-21 22:30:00,Vinh Tuy Bridge,Inbound,22,0,0,Overcast,23.0,0.0,78.21,10000.0,5,0
2026-02-21 22:30:00,Vinh Tuy Bridge,Outbound,22,0,0,Overcast,23.0,0.0,78.21,10000.0,5,0
2026-02-20 03:00:00,Vinh Tuy Bridge,Inbound,3,0,0,Overcast,17.0,0.0,82.51,10000.0,4,1
2026-02-20 03:00:00,Vinh Tuy Bridge,Outbound,3,0,0,Overcast,17.0,0.0,82.51,10000.0,4,1
2026-02-20 07:10:00,Vinh Tuy Bridge,Inbound,7,46,0,Overcast,18.0,0.0,72.58,10000.0,4,1
2026-02-20 07:10:00,Vinh Tuy Bridge,Outbound,7,67,0,Overcast,18.0,0.0,72.58,10000.0,4,1
2026-02-20 07:30:00,Vinh Tuy Bridge,Inbound,7,68,0,Overcast,18.0,0.0,72.58,10000.0,4,1
2026-02-20 07:30:00,Vinh Tuy Bridge,Outbound,7,94,0,Overcast,18.0,0.0,72.58,10000.0,4,1
2026-02-20 10:00:00,Vinh Tuy Bridge,Inbound,10,49,0,Overcast,20.0,0.0,64.07,10000.0,4,1
2026-02-20 10:00:00,Vinh Tuy Bridge,Outbound,10,55,0,Overcast,20.0,0.0,64.07,10000.0,4,1
2026-02-20 12:00:00,Vinh Tuy Bridge,Inbound,12,55,0,Partially cloudy,23.0,0.0,60.7,10000.0,4,1
2026-02-20 12:00:00,Vinh Tuy Bridge,Outbound,12,51,0,Partially cloudy,23.0,0.0,60.7,10000.0,4,1
2026-02-20 15:00:00,Vinh Tuy Bridge,Inbound,15,80,0,Partially cloudy,25.0,0.0,61.16,10000.0,4,1
2026-02-20 15:00:00,Vinh Tuy Bridge,Outbound,15,73,0,Partially cloudy,25.0,0.0,61.16,10000.0,4,1
2026-02-20 16:00:00,Vinh Tuy Bridge,Inbound,16,140,1,Partially cloudy,24.0,0.0,60.93,10000.0,4,1
2026-02-20 16:00:00,Vinh Tuy Bridge,Outbound,16,137,0,Partially cloudy,24.0,0.0,60.93,10000.0,4,1
2026-02-20 17:10:00,Vinh Tuy Bridge,Inbound,17,255,1,Partially cloudy,24.0,0.0,60.93,10000.0,4,1
2026-02-20 17:10:00,Vinh Tuy Bridge,Outbound,17,220,1,Partially cloudy,24.0,0.0,60.93,10000.0,4,1
2026-02-20 20:00:00,Vinh Tuy Bridge,Inbound,20,77,0,Partially cloudy,23.0,0.0,68.97,10000.0,4,1
2026-02-20 20:00:00,Vinh Tuy Bridge,Outbound,20,67,0,Partially cloudy,23.0,0.0,68.97,10000.0,4,1
2026-02-20 22:30:00,Vinh Tuy Bridge,Inbound,22,0,0,Partially cloudy,21.0,0.0,82.99,8000.0,4,1
2026-02-20 22:30:00,Vinh Tuy Bridge,Outbound,22,0,0,Partially cloudy,21.0,0.0,82.99,8000.0,4,1
2026-02-19 03:00:00,Vinh Tuy Bridge,Inbound,3,0,0,Overcast,18.0,0.0,82.63,9000.0,3,1
2026-02-19 03:00:00,Vinh Tuy Bridge,Outbound,3,0,0,Overcast,18.0,0.0,82.63,9000.0,3,1
2026-02-19 07:10:00,Vinh Tuy Bridge,Inbound,7,63,0,Overcast,18.3,0.0,83.84,5400.0,3,1
2026-02-19 07:10:00,Vinh Tuy Bridge,Outbound,7,140,0,Overcast,18.3,0.0,83.84,5400.0,3,1
2026-02-19 07:30:00,Vinh Tuy Bridge,Inbound,7,97,1,Overcast,18.3,0.0,83.84,5400.0,3,1
2026-02-19 07:30:00,Vinh Tuy Bridge,Outbound,7,180,1,Overcast,18.3,0.0,83.84,5400.0,3,1
2026-02-19 10:00:00,Vinh Tuy Bridge,Inbound,10,46,0,Overcast,19.8,0.0,75.22,9700.0,3,1
2026-02-19 10:00:00,Vinh Tuy Bridge,Outbound,10,55,0,Overcast,19.8,0.0,75.22,9700.0,3,1
2026-02-19 12:00:00,Vinh Tuy Bridge,Inbound,12,36,0,Overcast,20.0,0.0,72.94,9000.0,3,1
2026-02-19 12:00:00,Vinh Tuy Bridge,Outbound,12,48,0,Overcast,20.0,0.0,72.94,9000.0,3,1
2026-02-19 15:00:00,Vinh Tuy Bridge,Inbound,15,46,0,Overcast,21.0,0.0,73.11,10000.0,3,1
2026-02-19 15:00:00,Vinh Tuy Bridge,Outbound,15,61,0,Overcast,21.0,0.0,73.11,10000.0,3,1
2026-02-19 16:00:00,Vinh Tuy Bridge,Inbound,16,74,0,Overcast,20.8,0.0,74.65,9700.0,3,1
2026-02-19 16:00:00,Vinh Tuy Bridge,Outbound,16,88,0,Overcast,20.8,0.0,74.65,9700.0,3,1
2026-02-19 17:10:00,Vinh Tuy Bridge,Inbound,17,131,1,Overcast,20.0,0.0,77.77,8000.0,3,1
2026-02-19 17:10:00,Vinh Tuy Bridge,Outbound,17,154,1,Overcast,20.0,0.0,77.77,8000.0,3,1
2026-02-19 20:00:00,Vinh Tuy Bridge,Inbound,20,26,0,Overcast,19.0,0.0,77.62,10000.0,3,1
2026-02-19 20:00:00,Vinh Tuy Bridge,Outbound,20,52,0,Overcast,19.0,0.0,77.62,10000.0,3,1
2026-02-19 22:30:00,Vinh Tuy Bridge,Inbound,22,0,0,Overcast,19.0,0.0,72.76,10000.0,3,1
2026-02-19 22:30:00,Vinh Tuy Bridge,Outbound,22,0,0,Overcast,19.0,0.0,72.76,10000.0,3,1
2026-02-18 03:00:00,Vinh Tuy Bridge,Inbound,3,0,0,Partially cloudy,19.0,0.0,88.19,7000.0,2,1
2026-02-18 03:00:00,Vinh Tuy Bridge,Outbound,3,0,0,Partially cloudy,19.0,0.0,88.19,7000.0,2,1
2026-02-18 07:10:00,Vinh Tuy Bridge,Inbound,7,66,0,Overcast,19.0,0.2,83.75,9000.0,2,1
2026-02-18 07:10:00,Vinh Tuy Bridge,Outbound,7,157,1,Overcast,19.0,0.2,83.75,9000.0,2,1
2026-02-18 07:30:00,Vinh Tuy Bridge,Inbound,7,96,1,Overcast,19.0,0.2,83.75,9000.0,2,1
2026-02-18 07:30:00,Vinh Tuy Bridge,Outbound,7,200,1,Overcast,19.0,0.2,83.75,9000.0,2,1
2026-02-18 10:00:00,Vinh Tuy Bridge,Inbound,10,52,0,Overcast,19.8,0.0,74.36,9700.0,2,1
2026-02-18 10:00:00,Vinh Tuy Bridge,Outbound,10,57,0,Overcast,19.8,0.0,74.36,9700.0,2,1
2026-02-18 12:00:00,Vinh Tuy Bridge,Inbound,12,45,0,Overcast,19.0,0.0,77.62,10000.0,2,1
2026-02-18 12:00:00,Vinh Tuy Bridge,Outbound,12,51,0,Overcast,19.0,0.0,77.62,10000.0,2,1
2026-02-18 15:00:00,Vinh Tuy Bridge,Inbound,15,54,0,Overcast,19.0,0.0,82.75,10000.0,2,1
2026-02-18 15:00:00,Vinh Tuy Bridge,Outbound,15,68,0,Overcast,19.0,0.0,82.75,10000.0,2,1
2026-02-18 16:00:00,Vinh Tuy Bridge,Inbound,16,82,0,Overcast,19.4,0.0,83.77,10000.0,2,1
2026-02-18 16:00:00,Vinh Tuy Bridge,Outbound,16,104,0,Overcast,19.4,0.0,83.77,10000.0,2,1
2026-02-18 17:10:00,Vinh Tuy Bridge,Inbound,17,138,1,Overcast,19.0,0.0,82.75,9000.0,2,1
2026-02-18 17:10:00,Vinh Tuy Bridge,Outbound,17,156,1,Overcast,19.0,0.0,82.75,9000.0,2,1
2026-02-18 20:00:00,Vinh Tuy Bridge,Inbound,20,30,0,Overcast,18.0,0.0,82.63,10000.0,2,1
2026-02-18 20:00:00,Vinh Tuy Bridge,Outbound,20,41,0,Overcast,18.0,0.0,82.63,10000.0,2,1
2026-02-18 22:30:00,Vinh Tuy Bridge,Inbound,22,0,0,Overcast,18.7,0.0,88.63,9400.0,2,1
2026-02-18 22:30:00,Vinh Tuy Bridge,Outbound,22,0,0,Overcast,18.7,0.0,88.63,9400.0,2,1
2026-02-17 03:00:00,Vinh Tuy Bridge,Inbound,3,0,0,Overcast,21.0,0.0,94.02,4000.0,1,1
2026-02-17 03:00:00,Vinh Tuy Bridge,Outbound,3,0,0,Overcast,21.0,0.0,94.02,4000.0,1,1
2026-02-17 07:10:00,Vinh Tuy Bridge,Inbound,7,68,0,Overcast,21.7,0.0,90.48,7800.0,1,1
2026-02-17 07:10:00,Vinh Tuy Bridge,Outbound,7,155,1,Overcast,21.7,0.0,90.48,7800.0,1,1
2026-02-17 07:30:00,Vinh Tuy Bridge,Inbound,7,94,1,Overcast,21.7,0.0,90.48,7800.0,1,1
2026-02-17 07:30:00,Vinh Tuy Bridge,Outbound,7,204,1,Overcast,21.7,0.0,90.48,7800.0,1,1
2026-02-17 10:00:00,Vinh Tuy Bridge,Inbound,10,61,0,Partially cloudy,24.3,0.0,77.3,9700.0,1,1
2026-02-17 10:00:00,Vinh Tuy Bridge,Outbound,10,53,0,Partially cloudy,24.3,0.0,77.3,9700.0,1,1
2026-02-17 12:00:00,Vinh Tuy Bridge,Inbound,12,57,0,Partially cloudy,25.0,0.0,73.8,8000.0,1,1
2026-02-17 12:00:00,Vinh Tuy Bridge,Outbound,12,45,0,Partially cloudy,25.0,0.0,73.8,8000.0,1,1
2026-02-17 15:00:00,Vinh Tuy Bridge,Inbound,15,67,0,Partially cloudy,26.0,0.0,69.55,6000.0,1,1
2026-02-17 15:00:00,Vinh Tuy Bridge,Outbound,15,56,0,Partially cloudy,26.0,0.0,69.55,6000.0,1,1
2026-02-17 16:00:00,Vinh Tuy Bridge,Inbound,16,96,1,Overcast,25.1,0.0,72.88,8400.0,1,1
2026-02-17 16:00:00,Vinh Tuy Bridge,Outbound,16,79,0,Overcast,25.1,0.0,72.88,8400.0,1,1
2026-02-17 17:10:00,Vinh Tuy Bridge,Inbound,17,155,1,Partially cloudy,25.0,0.0,73.8,5000.0,1,1
2026-02-17 17:10:00,Vinh Tuy Bridge,Outbound,17,130,0,Partially cloudy,25.0,0.0,73.8,5000.0,1,1
2026-02-17 20:00:00,Vinh Tuy Bridge,Inbound,20,35,0,Overcast,21.0,0.0,77.92,8000.0,1,1
2026-02-17 20:00:00,Vinh Tuy Bridge,Outbound,20,47,0,Overcast,21.0,0.0,77.92,8000.0,1,1
2026-02-17 22:30:00,Vinh Tuy Bridge,Inbound,22,0,0,Overcast,22.4,0.0,80.96,9400.0,1,1
2026-02-17 22:30:00,Vinh Tuy Bridge,Outbound,22,0,0,Overcast,22.4,0.0,80.96,9400.0,1,1
2026-02-16 03:00:00,Vinh Tuy Bridge,Inbound,3,0,0,Partially cloudy,21.0,0.0,94.02,6000.0,0,1
2026-02-16 03:00:00,Vinh Tuy Bridge,Outbound,3,0,0,Partially cloudy,21.0,0.0,94.02,6000.0,0,1
2026-02-16 07:10:00,Vinh Tuy Bridge,Inbound,7,139,1,Partially cloudy,20.8,0.0,94.01,7700.0,0,1
2026-02-16 07:10:00,Vinh Tuy Bridge,Outbound,7,275,1,Partially cloudy,20.8,0.0,94.01,7700.0,0,1
2026-02-16 07:30:00,Vinh Tuy Bridge,Inbound,7,178,1,Partially cloudy,20.8,0.0,94.01,7700.0,0,1
2026-02-16 07:30:00,Vinh Tuy Bridge,Outbound,7,373,1,Partially cloudy,20.8,0.0,94.01,7700.0,0,1
2026-02-16 10:00:00,Vinh Tuy Bridge,Inbound,10,45,0,Partially cloudy,24.8,0.0,75.02,10200.0,0,1
2026-02-16 10:00:00,Vinh Tuy Bridge,Outbound,10,72,0,Partially cloudy,24.8,0.0,75.02,10200.0,0,1
2026-02-16 12:00:00,Vinh Tuy Bridge,Inbound,12,33,0,Partially cloudy,27.0,0.0,61.61,10000.0,0,1
2026-02-16 12:00:00,Vinh Tuy Bridge,Outbound,12,56,0,Partially cloudy,27.0,0.0,61.61,10000.0,0,1
2026-02-16 15:00:00,Vinh Tuy Bridge,Inbound,15,46,0,Partially cloudy,28.0,0.0,54.58,10000.0,0,1
2026-02-16 15:00:00,Vinh Tuy Bridge,Outbound,15,75,0,Partially cloudy,28.0,0.0,54.58,10000.0,0,1
2026-02-16 16:00:00,Vinh Tuy Bridge,Inbound,16,76,0,Partially cloudy,27.7,0.0,58.6,10200.0,0,1
2026-02-16 16:00:00,Vinh Tuy Bridge,Outbound,16,108,0,Partially cloudy,27.7,0.0,58.6,10200.0,0,1
2026-02-16 17:10:00,Vinh Tuy Bridge,Inbound,17,132,1,Partially cloudy,27.0,0.0,57.87,10000.0,0,1
2026-02-16 17:10:00,Vinh Tuy Bridge,Outbound,17,165,1,Partially cloudy,27.0,0.0,57.87,10000.0,0,1
2026-02-16 20:00:00,Vinh Tuy Bridge,Inbound,20,23,0,Overcast,24.0,0.0,78.35,10000.0,0,1
2026-02-16 20:00:00,Vinh Tuy Bridge,Outbound,20,59,0,Overcast,24.0,0.0,78.35,10000.0,0,1
2026-02-16 22:30:00,Vinh Tuy Bridge,Inbound,22,0,0,Overcast,23.4,0.0,81.77,10000.0,0,1
2026-02-16 22:30:00,Vinh Tuy Bridge,Outbound,22,0,0,Overcast,23.4,0.0,81.77,10000.0,0,1
2026-02-15 03:00:00,Vinh Tuy Bridge,Inbound,3,0,0,Clear,21.0,0.0,88.35,7000.0,6,0
2026-02-15 03:00:00,Vinh Tuy Bridge,Outbound,3,0,0,Clear,21.0,0.0,88.35,7000.0,6,0
2026-02-15 07:10:00,Vinh Tuy Bridge,Inbound,7,17,0,Partially cloudy,20.8,0.1,95.53,3800.0,6,0
2026-02-15 07:10:00,Vinh Tuy Bridge,Outbound,7,20,0,Partially cloudy,20.8,0.1,95.53,3800.0,6,0
2026-02-15 07:30:00,Vinh Tuy Bridge,Inbound,7,24,0,Partially cloudy,20.8,0.1,95.53,3800.0,6,0
2026-02-15 07:30:00,Vinh Tuy Bridge,Outbound,7,27,0,Partially cloudy,20.8,0.1,95.53,3800.0,6,0
2026-02-15 10:00:00,Vinh Tuy Bridge,Inbound,10,34,0,Overcast,23.8,0.0,75.77,9300.0,6,0
2026-02-15 10:00:00,Vinh Tuy Bridge,Outbound,10,44,0,Overcast,23.8,0.0,75.77,9300.0,6,0
2026-02-15 12:00:00,Vinh Tuy Bridge,Inbound,12,43,0,Partially cloudy,24.0,0.0,78.35,10000.0,6,0
2026-02-15 12:00:00,Vinh Tuy Bridge,Outbound,12,58,0,Partially cloudy,24.0,0.0,78.35,10000.0,6,0
2026-02-15 15:00:00,Vinh Tuy Bridge,Inbound,15,66,0,Partially cloudy,27.0,0.0,65.56,10000.0,6,0
2026-02-15 15:00:00,Vinh Tuy Bridge,Outbound,15,87,0,Partially cloudy,27.0,0.0,65.56,10000.0,6,0
2026-02-15 16:00:00,Vinh Tuy Bridge,Inbound,16,92,1,Overcast,27.1,0.0,63.65,10200.0,6,0
2026-02-15 16:00:00,Vinh Tuy Bridge,Outbound,16,115,0,Overcast,27.1,0.0,63.65,10200.0,6,0
2026-02-15 17:10:00,Vinh Tuy Bridge,Inbound,17,96,1,Partially cloudy,26.0,0.0,65.36,10000.0,6,0
2026-02-15 17:10:00,Vinh Tuy Bridge,Outbound,17,149,1,Partially cloudy,26.0,0.0,65.36,10000.0,6,0
2026-02-15 20:00:00,Vinh Tuy Bridge,Inbound,20,24,0,Partially cloudy,23.0,0.0,78.21,10000.0,6,0
2026-02-15 20:00:00,Vinh Tuy Bridge,Outbound,20,62,0,Partially cloudy,23.0,0.0,78.21,10000.0,6,0
2026-02-15 22:30:00,Vinh Tuy Bridge,Inbound,22,0,0,Partially cloudy,21.4,0.0,91.32,9400.0,6,0
2026-02-15 22:30:00,Vinh Tuy Bridge,Outbound,22,0,0,Partially cloudy,21.4,0.0,91.32,9400.0,6,0
2026-02-14 03:00:00,Vinh Tuy Bridge,Inbound,3,0,0,Overcast,21.0,0.0,94.02,6000.0,5,0
2026-02-14 03:00:00,Vinh Tuy Bridge,Outbound,3,0,0,Overcast,21.0,0.0,94.02,6000.0,5,0
2026-02-14 07:10:00,Vinh Tuy Bridge,Inbound,7,48,0,Overcast,20.4,0.0,93.28,8000.0,5,0
2026-02-14 07:10:00,Vinh Tuy Bridge,Outbound,7,51,0,Overcast,20.4,0.0,93.28,8000.0,5,0
2026-02-14 07:30:00,Vinh Tuy Bridge,Inbound,7,75,0,Overcast,20.4,0.0,93.28,8000.0,5,0
2026-02-14 07:30:00,Vinh Tuy Bridge,Outbound,7,73,0,Overcast,20.4,0.0,93.28,8000.0,5,0
2026-02-14 10:00:00,Vinh Tuy Bridge,Inbound,10,134,1,Overcast,23.1,0.2,80.73,9000.0,5,0
2026-02-14 10:00:00,Vinh Tuy Bridge,Outbound,10,120,0,Overcast,23.1,0.2,80.73,9000.0,5,0
2026-02-14 12:00:00,Vinh Tuy Bridge,Inbound,12,148,1,Overcast,24.0,0.1,73.63,10000.0,5,0
2026-02-14 12:00:00,Vinh Tuy Bridge,Outbound,12,127,0,Overcast,24.0,0.1,73.63,10000.0,5,0
2026-02-14 15:00:00,Vinh Tuy Bridge,Inbound,15,174,1,Overcast,25.0,0.0,69.36,10000.0,5,0
2026-02-14 15:00:00,Vinh Tuy Bridge,Outbound,15,145,0,Overcast,25.0,0.0,69.36,10000.0,5,0
2026-02-14 16:00:00,Vinh Tuy Bridge,Inbound,16,219,1,Overcast,25.4,0.1,69.43,10200.0,5,0
2026-02-14 16:00:00,Vinh Tuy Bridge,Outbound,16,193,1,Overcast,25.4,0.1,69.43,10200.0,5,0
2026-02-14 17:10:00,Vinh Tuy Bridge,Inbound,17,250,1,Overcast,25.0,0.0,73.8,10000.0,5,0
2026-02-14 17:10:00,Vinh Tuy Bridge,Outbound,17,232,1,Overcast,25.0,0.0,73.8,10000.0,5,0
2026-02-14 20:00:00,Vinh Tuy Bridge,Inbound,20,55,0,Overcast,23.0,0.0,83.22,10000.0,5,0
2026-02-14 20:00:00,Vinh Tuy Bridge,Outbound,20,68,0,Overcast,23.0,0.0,83.22,10000.0,5,0
2026-02-14 22:30:00,Vinh Tuy Bridge,Inbound,22,0,0,Partially cloudy,21.7,0.0,87.14,10000.0,5,0
2026-02-14 22:30:00,Vinh Tuy Bridge,Outbound,22,0,0,Partially cloudy,21.7,0.0,87.14,10000.0,5,0
2026-02-13 03:00:00,Vinh Tuy Bridge,Inbound,3,0,0,Overcast,20.0,0.0,93.97,4000.0,4,0
2026-02-13 03:00:00,Vinh Tuy Bridge,Outbound,3,0,0,Overcast,20.0,0.0,93.97,4000.0,4,0
2026-02-13 07:10:00,Vinh Tuy Bridge,Inbound,7,46,0,Overcast,20.0,0.1,95.28,3600.0,4,0
2026-02-13 07:10:00,Vinh Tuy Bridge,Outbound,7,67,0,Overcast,20.0,0.1,95.28,3600.0,4,0
2026-02-13 07:30:00,Vinh Tuy Bridge,Inbound,7,68,0,Overcast,20.0,0.1,95.28,3600.0,4,0
2026-02-13 07:30:00,Vinh Tuy Bridge,Outbound,7,94,0,Overcast,20.0,0.1,95.28,3600.0,4,0
2026-02-13 10:00:00,Vinh Tuy Bridge,Inbound,10,49,0,Overcast,21.5,0.2,90.81,8400.0,4,0
2026-02-13 10:00:00,Vinh Tuy Bridge,Outbound,10,55,0,Overcast,21.5,0.2,90.81,8400.0,4,0
2026-02-13 12:00:00,Vinh Tuy Bridge,Inbound,12,55,0,Overcast,23.0,0.2,83.22,8000.0,4,0
2026-02-13 12:00:00,Vinh Tuy Bridge,Outbound,12,51,0,Overcast,23.0,0.2,83.22,8000.0,4,0
2026-02-13 15:00:00,Vinh Tuy Bridge,Inbound,15,80,0,Overcast,24.0,0.1,78.35,8000.0,4,0
2026-02-13 15:00:00,Vinh Tuy Bridge,Outbound,15,73,0,Overcast,24.0,0.1,78.35,8000.0,4,0
2026-02-13 16:00:00,Vinh Tuy Bridge,Inbound,16,140,1,Overcast,24.5,0.1,76.57,10200.0,4,0
2026-02-13 16:00:00,Vinh Tuy Bridge,Outbound,16,137,0,Overcast,24.5,0.1,76.57,10200.0,4,0
2026-02-13 17:10:00,Vinh Tuy Bridge,Inbound,17,255,1,Partially cloudy,24.0,0.0,78.35,10000.0,4,0
2026-02-13 17:10:00,Vinh Tuy Bridge,Outbound,17,273,1,Partially cloudy,24.0,0.0,78.35,10000.0,4,0
2026-02-13 20:00:00,Vinh Tuy Bridge,Inbound,20,77,0,Overcast,23.0,0.0,83.22,10000.0,4,0
2026-02-13 20:00:00,Vinh Tuy Bridge,Outbound,20,67,0,Overcast,23.0,0.0,83.22,10000.0,4,0
2026-02-13 22:30:00,Vinh Tuy Bridge,Inbound,22,0,0,Overcast,22.1,0.0,88.56,10000.0,4,0
2026-02-13 22:30:00,Vinh Tuy Bridge,Outbound,22,0,0,Overcast,22.1,0.0,88.56,10000.0,4,0
2026-02-12 03:00:00,Vinh Tuy Bridge,Inbound,3,0,0,Overcast,16.0,0.0,93.79,5000.0,3,0
2026-02-12 03:00:00,Vinh Tuy Bridge,Outbound,3,0,0,Overcast,16.0,0.0,93.79,5000.0,3,0
2026-02-12 07:10:00,Vinh Tuy Bridge,Inbound,7,63,0,Overcast,17.4,0.1,95.69,3200.0,3,0
2026-02-12 07:10:00,Vinh Tuy Bridge,Outbound,7,140,0,Overcast,17.4,0.1,95.69,3200.0,3,0
2026-02-12 07:30:00,Vinh Tuy Bridge,Inbound,7,97,1,Overcast,17.4,0.1,95.69,3200.0,3,0
2026-02-12 07:30:00,Vinh Tuy Bridge,Outbound,7,180,1,Overcast,17.4,0.1,95.69,3200.0,3,0
2026-02-12 10:00:00,Vinh Tuy Bridge,Inbound,10,46,0,Overcast,19.1,0.0,90.18,7800.0,3,0
2026-02-12 10:00:00,Vinh Tuy Bridge,Outbound,10,55,0,Overcast,19.1,0.0,90.18,7800.0,3,0
2026-02-12 12:00:00,Vinh Tuy Bridge,Inbound,12,36,0,Overcast,22.0,0.0,78.06,5000.0,3,0
2026-02-12 12:00:00,Vinh Tuy Bridge,Outbound,12,48,0,Overcast,22.0,0.0,78.06,5000.0,3,0
2026-02-12 15:00:00,Vinh Tuy Bridge,Inbound,15,46,0,Partially cloudy,23.0,0.0,73.46,8000.0,3,0
2026-02-12 15:00:00,Vinh Tuy Bridge,Outbound,15,61,0,Partially cloudy,23.0,0.0,73.46,8000.0,3,0
2026-02-12 16:00:00,Vinh Tuy Bridge,Inbound,16,74,0,Overcast,20.7,0.0,83.49,9100.0,3,0
2026-02-12 16:00:00,Vinh Tuy Bridge,Outbound,16,88,0,Overcast,20.7,0.0,83.49,9100.0,3,0
2026-02-12 17:10:00,Vinh Tuy Bridge,Inbound,17,131,1,Overcast,23.0,0.0,73.46,6000.0,3,0
2026-02-12 17:10:00,Vinh Tuy Bridge,Outbound,17,154,1,Overcast,23.0,0.0,73.46,6000.0,3,0
2026-02-12 20:00:00,Vinh Tuy Bridge,Inbound,20,26,0,Overcast,21.0,0.0,88.35,7000.0,3,0
2026-02-12 20:00:00,Vinh Tuy Bridge,Outbound,20,52,0,Overcast,21.0,0.0,88.35,7000.0,3,0
2026-02-12 22:30:00,Vinh Tuy Bridge,Inbound,22,0,0,Overcast,20.1,0.0,91.69,8600.0,3,0
2026-02-12 22:30:00,Vinh Tuy Bridge,Outbound,22,0,0,Overcast,20.1,0.0,91.69,8600.0,3,0
2026-02-11 03:00:00,Vinh Tuy Bridge,Inbound,3,0,0,Overcast,18.0,0.1,88.1,9000.0,2,0
2026-02-11 03:00:00,Vinh Tuy Bridge,Outbound,3,0,0,Overcast,18.0,0.1,88.1,9000.0,2,0
2026-02-11 07:10:00,Vinh Tuy Bridge,Inbound,7,66,0,Overcast,17.4,0.1,92.21,7900.0,2,0
2026-02-11 07:10:00,Vinh Tuy Bridge,Outbound,7,157,1,Overcast,17.4,0.1,92.21,7900.0,2,0
2026-02-11 07:30:00,Vinh Tuy Bridge,Inbound,7,96,1,Overcast,17.4,0.1,92.21,7900.0,2,0
2026-02-11 07:30:00,Vinh Tuy Bridge,Outbound,7,200,1,Overcast,17.4,0.1,92.21,7900.0,2,0
2026-02-11 10:00:00,Vinh Tuy Bridge,Inbound,10,52,0,Overcast,18.4,0.0,90.1,6000.0,2,0
2026-02-11 10:00:00,Vinh Tuy Bridge,Outbound,10,57,0,Overcast,18.4,0.0,90.1,6000.0,2,0
2026-02-11 12:00:00,Vinh Tuy Bridge,Inbound,12,45,0,Overcast,19.0,0.0,82.75,10000.0,2,0
2026-02-11 12:00:00,Vinh Tuy Bridge,Outbound,12,51,0,Overcast,19.0,0.0,82.75,10000.0,2,0
2026-02-11 15:00:00,Vinh Tuy Bridge,Inbound,15,54,0,Overcast,20.0,0.0,72.94,10000.0,2,0
2026-02-11 15:00:00,Vinh Tuy Bridge,Outbound,15,68,0,Overcast,20.0,0.0,72.94,10000.0,2,0
2026-02-11 16:00:00,Vinh Tuy Bridge,Inbound,16,82,0,Overcast,20.3,0.0,75.76,10000.0,2,0
2026-02-11 16:00:00,Vinh Tuy Bridge,Outbound,16,104,0,Overcast,20.3,0.0,75.76,10000.0,2,0
2026-02-11 17:10:00,Vinh Tuy Bridge,Inbound,17,138,1,Clear,19.0,0.0,77.62,10000.0,2,0
2026-02-11 17:10:00,Vinh Tuy Bridge,Outbound,17,156,1,Clear,19.0,0.0,77.62,10000.0,2,0
2026-02-11 20:00:00,Vinh Tuy Bridge,Inbound,20,30,0,Overcast,18.0,0.0,82.63,10000.0,2,0
2026-02-11 20:00:00,Vinh Tuy Bridge,Outbound,20,41,0,Overcast,18.0,0.0,82.63,10000.0,2,0
2026-02-11 22:30:00,Vinh Tuy Bridge,Inbound,22,0,0,Overcast,18.1,0.0,86.65,9400.0,2,0
2026-02-11 22:30:00,Vinh Tuy Bridge,Outbound,22,0,0,Overcast,18.1,0.0,86.65,9400.0,2,0
2026-02-10 03:00:00,Vinh Tuy Bridge,Inbound,3,0,0,Overcast,14.0,0.0,93.7,8000.0,1,0
2026-02-10 03:00:00,Vinh Tuy Bridge,Outbound,3,0,0,Overcast,14.0,0.0,93.7,8000.0,1,0
2026-02-10 07:10:00,Vinh Tuy Bridge,Inbound,7,68,0,Overcast,15.0,0.0,89.26,8000.0,1,0
2026-02-10 07:10:00,Vinh Tuy Bridge,Outbound,7,155,1,Overcast,15.0,0.0,89.26,8000.0,1,0
2026-02-10 07:30:00,Vinh Tuy Bridge,Inbound,7,94,1,Overcast,15.0,0.0,89.26,8000.0,1,0
2026-02-10 07:30:00,Vinh Tuy Bridge,Outbound,7,204,1,Overcast,15.0,0.0,89.26,8000.0,1,0
2026-02-10 10:00:00,Vinh Tuy Bridge,Inbound,10,61,0,Overcast,17.1,0.0,80.65,8400.0,1,0
2026-02-10 10:00:00,Vinh Tuy Bridge,Outbound,10,53,0,Overcast,17.1,0.0,80.65,8400.0,1,0
2026-02-10 12:00:00,Vinh Tuy Bridge,Inbound,12,57,0,Partially cloudy,19.0,0.0,77.62,6000.0,1,0
2026-02-10 12:00:00,Vinh Tuy Bridge,Outbound,12,45,0,Partially cloudy,19.0,0.0,77.62,6000.0,1,0
2026-02-10 15:00:00,Vinh Tuy Bridge,Inbound,15,67,0,Partially cloudy,22.0,0.0,68.77,6000.0,1,0
2026-02-10 15:00:00,Vinh Tuy Bridge,Outbound,15,56,0,Partially cloudy,22.0,0.0,68.77,6000.0,1,0
2026-02-10 16:00:00,Vinh Tuy Bridge,Inbound,16,96,1,Overcast,22.4,0.0,67.17,8800.0,1,0
2026-02-10 16:00:00,Vinh Tuy Bridge,Outbound,16,79,0,Overcast,22.4,0.0,67.17,8800.0,1,0
2026-02-10 17:10:00,Vinh Tuy Bridge,Inbound,17,155,1,Partially cloudy,22.0,0.0,68.77,5000.0,1,0
2026-02-10 17:10:00,Vinh Tuy Bridge,Outbound,17,130,0,Partially cloudy,22.0,0.0,68.77,5000.0,1,0
2026-02-10 20:00:00,Vinh Tuy Bridge,Inbound,20,35,0,Partially cloudy,20.0,0.0,77.77,7000.0,1,0
2026-02-10 20:00:00,Vinh Tuy Bridge,Outbound,20,47,0,Partially cloudy,20.0,0.0,77.77,7000.0,1,0
2026-02-10 22:30:00,Vinh Tuy Bridge,Inbound,22,0,0,Overcast,18.8,0.0,85.95,9700.0,1,0
2026-02-10 22:30:00,Vinh Tuy Bridge,Outbound,22,0,0,Overcast,18.8,0.0,85.95,9700.0,1,0
2026-02-09 03:00:00,Vinh Tuy Bridge,Inbound,3,0,0,Overcast,12.0,0.2,93.6,9000.0,0,0
2026-02-09 03:00:00,Vinh Tuy Bridge,Outbound,3,0,0,Overcast,12.0,0.2,93.6,9000.0,0,0
2026-02-09 07:10:00,Vinh Tuy Bridge,Inbound,7,139,1,Overcast,12.0,0.0,91.71,10100.0,0,0
2026-02-09 07:10:00,Vinh Tuy Bridge,Outbound,7,275,1,Overcast,12.0,0.0,91.71,10100.0,0,0
2026-02-09 07:30:00,Vinh Tuy Bridge,Inbound,7,178,1,Overcast,12.0,0.0,91.71,10100.0,0,0
2026-02-09 07:30:00,Vinh Tuy Bridge,Outbound,7,373,1,Overcast,12.0,0.0,91.71,10100.0,0,0
2026-02-09 10:00:00,Vinh Tuy Bridge,Inbound,10,45,0,Overcast,12.4,0.0,94.43,9100.0,0,0
2026-02-09 10:00:00,Vinh Tuy Bridge,Outbound,10,72,0,Overcast,12.4,0.0,94.43,9100.0,0,0
2026-02-09 12:00:00,Vinh Tuy Bridge,Inbound,12,33,0,Overcast,13.0,0.0,87.66,7000.0,0,0
2026-02-09 12:00:00,Vinh Tuy Bridge,Outbound,12,56,0,Overcast,13.0,0.0,87.66,7000.0,0,0
2026-02-09 15:00:00,Vinh Tuy Bridge,Inbound,15,46,0,Overcast,14.0,0.0,87.75,8000.0,0,0
2026-02-09 15:00:00,Vinh Tuy Bridge,Outbound,15,75,0,Overcast,14.0,0.0,87.75,8000.0,0,0
2026-02-09 16:00:00,Vinh Tuy Bridge,Inbound,16,76,0,Overcast,15.4,0.0,80.91,10000.0,0,0
2026-02-09 16:00:00,Vinh Tuy Bridge,Outbound,16,108,0,Overcast,15.4,0.0,80.91,10000.0,0,0
2026-02-09 17:10:00,Vinh Tuy Bridge,Inbound,17,132,1,Overcast,15.0,0.0,82.26,10000.0,0,0
2026-02-09 17:10:00,Vinh Tuy Bridge,Outbound,17,128,0,Overcast,15.0,0.0,82.26,10000.0,0,0
2026-02-09 20:00:00,Vinh Tuy Bridge,Inbound,20,23,0,Overcast,14.0,0.0,93.7,8000.0,0,0
2026-02-09 20:00:00,Vinh Tuy Bridge,Outbound,20,59,0,Overcast,14.0,0.0,93.7,8000.0,0,0
2026-02-09 22:30:00,Vinh Tuy Bridge,Inbound,22,0,0,Overcast,14.7,0.0,87.67,9100.0,0,0
2026-02-09 22:30:00,Vinh Tuy Bridge,Outbound,22,0,0,Overcast,14.7,0.0,87.67,9100.0,0,0
2026-02-08 03:00:00,Vinh Tuy Bridge,Inbound,3,0,0,"Rain, Overcast",19.0,0.9,88.19,7000.0,6,0
2026-02-08 03:00:00,Vinh Tuy Bridge,Outbound,3,0,0,"Rain, Overcast",19.0,0.9,88.19,7000.0,6,0
2026-02-08 07:10:00,Vinh Tuy Bridge,Inbound,7,17,0,Overcast,16.5,0.1,95.86,4400.0,6,0
2026-02-08 07:10:00,Vinh Tuy Bridge,Outbound,7,20,0,Overcast,16.5,0.1,95.86,4400.0,6,0
2026-02-08 07:30:00,Vinh Tuy Bridge,Inbound,7,24,0,Overcast,16.5,0.1,95.86,4400.0,6,0
2026-02-08 07:30:00,Vinh Tuy Bridge,Outbound,7,27,0,Overcast,16.5,0.1,95.86,4400.0,6,0
2026-02-08 10:00:00,Vinh Tuy Bridge,Inbound,10,34,0,"Rain, Overcast",15.4,0.7,92.06,10000.0,6,0
2026-02-08 10:00:00,Vinh Tuy Bridge,Outbound,10,44,0,"Rain, Overcast",15.4,0.7,92.06,10000.0,6,0
2026-02-08 12:00:00,Vinh Tuy Bridge,Inbound,12,43,0,Overcast,14.4,0.2,86.63,10000.0,6,0
2026-02-08 12:00:00,Vinh Tuy Bridge,Outbound,12,58,0,Overcast,14.4,0.2,86.63,10000.0,6,0
2026-02-08 15:00:00,Vinh Tuy Bridge,Inbound,15,66,0,Overcast,13.0,0.2,93.65,8000.0,6,0
2026-02-08 15:00:00,Vinh Tuy Bridge,Outbound,15,87,0,Overcast,13.0,0.2,93.65,8000.0,6,0
2026-02-08 16:00:00,Vinh Tuy Bridge,Inbound,16,92,1,"Rain, Overcast",13.4,0.4,92.84,9700.0,6,0
2026-02-08 16:00:00,Vinh Tuy Bridge,Outbound,16,115,0,"Rain, Overcast",13.4,0.4,92.84,9700.0,6,0
2026-02-08 17:10:00,Vinh Tuy Bridge,Inbound,17,96,1,Overcast,13.0,0.2,93.65,6000.0,6,0
2026-02-08 17:10:00,Vinh Tuy Bridge,Outbound,17,149,1,Overcast,13.0,0.2,93.65,6000.0,6,0
2026-02-08 20:00:00,Vinh Tuy Bridge,Inbound,20,24,0,Overcast,13.0,0.1,87.66,10000.0,6,0
2026-02-08 20:00:00,Vinh Tuy Bridge,Outbound,20,62,0,Overcast,13.0,0.1,87.66,10000.0,6,0
2026-02-08 22:30:00,Vinh Tuy Bridge,Inbound,22,0,0,"Rain, Overcast",12.4,0.4,93.21,9700.0,6,0
2026-02-08 22:30:00,Vinh Tuy Bridge,Outbound,22,0,0,"Rain, Overcast",12.4,0.4,93.21,9700.0,6,0
2026-02-07 03:00:00,Vinh Tuy Bridge,Inbound,3,0,0,Partially cloudy,21.0,0.0,88.35,6000.0,5,0
2026-02-07 03:00:00,Vinh Tuy Bridge,Outbound,3,0,0,Partially cloudy,21.0,0.0,88.35,6000.0,5,0
2026-02-07 07:10:00,Vinh Tuy Bridge,Inbound,7,48,0,Overcast,21.1,0.0,92.84,7700.0,5,0
2026-02-07 07:10:00,Vinh Tuy Bridge,Outbound,7,51,0,Overcast,21.1,0.0,92.84,7700.0,5,0
2026-02-07 07:30:00,Vinh Tuy Bridge,Inbound,7,75,0,Overcast,21.1,0.0,92.84,7700.0,5,0
2026-02-07 07:30:00,Vinh Tuy Bridge,Outbound,7,73,0,Overcast,21.1,0.0,92.84,7700.0,5,0
2026-02-07 10:00:00,Vinh Tuy Bridge,Inbound,10,134,1,"Rain, Overcast",21.7,0.3,91.76,10300.0,5,0
2026-02-07 10:00:00,Vinh Tuy Bridge,Outbound,10,120,0,"Rain, Overcast",21.7,0.3,91.76,10300.0,5,0
2026-02-07 12:00:00,Vinh Tuy Bridge,Inbound,12,148,1,Overcast,23.0,0.1,83.22,5000.0,5,0
2026-02-07 12:00:00,Vinh Tuy Bridge,Outbound,12,127,0,Overcast,23.0,0.1,83.22,5000.0,5,0
2026-02-07 15:00:00,Vinh Tuy Bridge,Inbound,15,174,1,Overcast,25.0,0.1,69.36,10000.0,5,0
2026-02-07 15:00:00,Vinh Tuy Bridge,Outbound,15,97,0,Overcast,25.0,0.1,69.36,10000.0,5,0
2026-02-07 16:00:00,Vinh Tuy Bridge,Inbound,16,219,1,Partially cloudy,24.4,0.0,74.23,10200.0,5,0
2026-02-07 16:00:00,Vinh Tuy Bridge,Outbound,16,135,0,Partially cloudy,24.4,0.0,74.23,10200.0,5,0
2026-02-07 17:10:00,Vinh Tuy Bridge,Inbound,17,250,1,Overcast,24.0,0.0,73.63,10000.0,5,0
2026-02-07 17:10:00,Vinh Tuy Bridge,Outbound,17,172,1,Overcast,24.0,0.0,73.63,10000.0,5,0
2026-02-07 20:00:00,Vinh Tuy Bridge,Inbound,20,55,0,Overcast,23.0,0.0,78.21,10000.0,5,0
2026-02-07 20:00:00,Vinh Tuy Bridge,Outbound,20,68,0,Overcast,23.0,0.0,78.21,10000.0,5,0
2026-02-07 22:30:00,Vinh Tuy Bridge,Inbound,22,0,0,Overcast,21.7,0.0,86.21,9100.0,5,0
2026-02-07 22:30:00,Vinh Tuy Bridge,Outbound,22,0,0,Overcast,21.7,0.0,86.21,9100.0,5,0
2026-02-06 03:00:00,Vinh Tuy Bridge,Inbound,3,0,0,Overcast,20.0,0.1,93.97,3000.0,4,0
2026-02-06 03:00:00,Vinh Tuy Bridge,Outbound,3,0,0,Overcast,20.0,0.1,93.97,3000.0,4,0
2026-02-06 07:10:00,Vinh Tuy Bridge,Inbound,7,46,0,Overcast,20.1,0.0,92.46,3200.0,4,0
2026-02-06 07:10:00,Vinh Tuy Bridge,Outbound,7,67,0,Overcast,20.1,0.0,92.46,3200.0,4,0
2026-02-06 07:30:00,Vinh Tuy Bridge,Inbound,7,68,0,Overcast,20.1,0.0,92.46,3200.0,4,0
2026-02-06 07:30:00,Vinh Tuy Bridge,Outbound,7,94,0,Overcast,20.1,0.0,92.46,3200.0,4,0
2026-02-06 10:00:00,Vinh Tuy Bridge,Inbound,10,49,0,Overcast,21.2,0.1,90.83,7400.0,4,0
2026-02-06 10:00:00,Vinh Tuy Bridge,Outbound,10,55,0,Overcast,21.2,0.1,90.83,7400.0,4,0
2026-02-06 12:00:00,Vinh Tuy Bridge,Inbound,12,55,0,Overcast,23.0,0.1,83.22,1000.0,4,0
2026-02-06 12:00:00,Vinh Tuy Bridge,Outbound,12,51,0,Overcast,23.0,0.1,83.22,1000.0,4,0
2026-02-06 15:00:00,Vinh Tuy Bridge,Inbound,15,80,0,Overcast,25.0,0.0,73.8,3000.0,4,0
2026-02-06 15:00:00,Vinh Tuy Bridge,Outbound,15,73,0,Overcast,25.0,0.0,73.8,3000.0,4,0
2026-02-06 16:00:00,Vinh Tuy Bridge,Inbound,16,140,1,Overcast,25.0,0.1,74.11,8300.0,4,0
2026-02-06 16:00:00,Vinh Tuy Bridge,Outbound,16,137,0,Overcast,25.0,0.1,74.11,8300.0,4,0
2026-02-06 17:10:00,Vinh Tuy Bridge,Inbound,17,255,1,Overcast,24.0,0.1,78.35,10000.0,4,0
2026-02-06 17:10:00,Vinh Tuy Bridge,Outbound,17,273,1,Overcast,24.0,0.1,78.35,10000.0,4,0
2026-02-06 20:00:00,Vinh Tuy Bridge,Inbound,20,77,0,Partially cloudy,23.0,0.0,83.22,10000.0,4,0
2026-02-06 20:00:00,Vinh Tuy Bridge,Outbound,20,67,0,Partially cloudy,23.0,0.0,83.22,10000.0,4,0
2026-02-06 22:30:00,Vinh Tuy Bridge,Inbound,22,0,0,Overcast,22.1,0.0,94.08,9400.0,4,0
2026-02-06 22:30:00,Vinh Tuy Bridge,Outbound,22,0,0,Overcast,22.1,0.0,94.08,9400.0,4,0
2026-02-05 03:00:00,Vinh Tuy Bridge,Inbound,3,0,0,Overcast,19.0,0.0,88.19,5000.0,3,0
2026-02-05 03:00:00,Vinh Tuy Bridge,Outbound,3,0,0,Overcast,19.0,0.0,88.19,5000.0,3,0
2026-02-05 07:10:00,Vinh Tuy Bridge,Inbound,7,63,0,Overcast,18.7,0.1,91.12,2800.0,3,0
2026-02-05 07:10:00,Vinh Tuy Bridge,Outbound,7,140,0,Overcast,18.7,0.1,91.12,2800.0,3,0
2026-02-05 07:30:00,Vinh Tuy Bridge,Inbound,7,97,1,Overcast,18.7,0.1,91.12,2800.0,3,0
2026-02-05 07:30:00,Vinh Tuy Bridge,Outbound,7,180,1,Overcast,18.7,0.1,91.12,2800.0,3,0
2026-02-05 10:00:00,Vinh Tuy Bridge,Inbound,10,46,0,Overcast,19.8,0.1,90.26,7500.0,3,0
2026-02-05 10:00:00,Vinh Tuy Bridge,Outbound,10,55,0,Overcast,19.8,0.1,90.26,7500.0,3,0
2026-02-05 12:00:00,Vinh Tuy Bridge,Inbound,12,36,0,Overcast,22.0,0.0,78.06,2000.0,3,0
2026-02-05 12:00:00,Vinh Tuy Bridge,Outbound,12,48,0,Overcast,22.0,0.0,78.06,2000.0,3,0
2026-02-05 15:00:00,Vinh Tuy Bridge,Inbound,15,46,0,Overcast,22.0,0.0,78.06,2000.0,3,0
2026-02-05 15:00:00,Vinh Tuy Bridge,Outbound,15,61,0,Overcast,22.0,0.0,78.06,2000.0,3,0
2026-02-05 16:00:00,Vinh Tuy Bridge,Inbound,16,74,0,Overcast,23.4,0.0,73.85,7800.0,3,0
2026-02-05 16:00:00,Vinh Tuy Bridge,Outbound,16,88,0,Overcast,23.4,0.0,73.85,7800.0,3,0
2026-02-05 17:10:00,Vinh Tuy Bridge,Inbound,17,131,1,Overcast,22.0,0.0,78.06,3000.0,3,0
2026-02-05 17:10:00,Vinh Tuy Bridge,Outbound,17,154,1,Overcast,22.0,0.0,78.06,3000.0,3,0
2026-02-05 20:00:00,Vinh Tuy Bridge,Inbound,20,26,0,Overcast,21.0,0.0,82.99,4000.0,3,0
2026-02-05 20:00:00,Vinh Tuy Bridge,Outbound,20,52,0,Overcast,21.0,0.0,82.99,4000.0,3,0
2026-02-05 22:30:00,Vinh Tuy Bridge,Inbound,22,0,0,Overcast,21.1,0.0,85.6,8100.0,3,0
2026-02-05 22:30:00,Vinh Tuy Bridge,Outbound,22,0,0,Overcast,21.1,0.0,85.6,8100.0,3,0
2026-02-04 03:00:00,Vinh Tuy Bridge,Inbound,3,0,0,Overcast,17.0,0.0,88.01,5000.0,2,0
2026-02-04 03:00:00,Vinh Tuy Bridge,Outbound,3,0,0,Overcast,17.0,0.0,88.01,5000.0,2,0
2026-02-04 07:10:00,Vinh Tuy Bridge,Inbound,7,66,0,Overcast,17.1,0.0,87.15,8300.0,2,0
2026-02-04 07:10:00,Vinh Tuy Bridge,Outbound,7,157,1,Overcast,17.1,0.0,87.15,8300.0,2,0
2026-02-04 07:30:00,Vinh Tuy Bridge,Inbound,7,96,1,Overcast,17.1,0.0,87.15,8300.0,2,0
2026-02-04 07:30:00,Vinh Tuy Bridge,Outbound,7,200,1,Overcast,17.1,0.0,87.15,8300.0,2,0
2026-02-04 10:00:00,Vinh Tuy Bridge,Inbound,10,52,0,Overcast,18.8,0.0,86.06,8000.0,2,0
2026-02-04 10:00:00,Vinh Tuy Bridge,Outbound,10,57,0,Overcast,18.8,0.0,86.06,8000.0,2,0
2026-02-04 12:00:00,Vinh Tuy Bridge,Inbound,12,45,0,Overcast,21.0,0.0,73.11,4000.0,2,0
2026-02-04 12:00:00,Vinh Tuy Bridge,Outbound,12,51,0,Overcast,21.0,0.0,73.11,4000.0,2,0
2026-02-04 15:00:00,Vinh Tuy Bridge,Inbound,15,54,0,Overcast,22.0,0.0,68.77,5000.0,2,0
2026-02-04 15:00:00,Vinh Tuy Bridge,Outbound,15,68,0,Overcast,22.0,0.0,68.77,5000.0,2,0
2026-02-04 16:00:00,Vinh Tuy Bridge,Inbound,16,82,0,Overcast,22.1,0.0,70.52,8600.0,2,0
2026-02-04 16:00:00,Vinh Tuy Bridge,Outbound,16,104,0,Overcast,22.1,0.0,70.52,8600.0,2,0
2026-02-04 17:10:00,Vinh Tuy Bridge,Inbound,17,138,1,Overcast,21.0,0.0,73.11,5000.0,2,0
2026-02-04 17:10:00,Vinh Tuy Bridge,Outbound,17,156,1,Overcast,21.0,0.0,73.11,5000.0,2,0
2026-02-04 20:00:00,Vinh Tuy Bridge,Inbound,20,30,0,Overcast,20.0,0.0,77.77,5000.0,2,0
2026-02-04 20:00:00,Vinh Tuy Bridge,Outbound,20,41,0,Overcast,20.0,0.0,77.77,5000.0,2,0
2026-02-04 22:30:00,Vinh Tuy Bridge,Inbound,22,0,0,Overcast,20.7,0.0,81.57,8100.0,2,0
2026-02-04 22:30:00,Vinh Tuy Bridge,Outbound,22,0,0,Overcast,20.7,0.0,81.57,8100.0,2,0
2026-02-03 03:00:00,Vinh Tuy Bridge,Inbound,3,0,0,Clear,13.0,0.0,93.65,5000.0,1,0
2026-02-03 03:00:00,Vinh Tuy Bridge,Outbound,3,0,0,Clear,13.0,0.0,93.65,5000.0,1,0
2026-02-03 07:10:00,Vinh Tuy Bridge,Inbound,7,68,0,Partially cloudy,14.5,0.0,94.33,4400.0,1,0
2026-02-03 07:10:00,Vinh Tuy Bridge,Outbound,7,155,1,Partially cloudy,14.5,0.0,94.33,4400.0,1,0
2026-02-03 07:30:00,Vinh Tuy Bridge,Inbound,7,94,1,Partially cloudy,14.5,0.0,94.33,4400.0,1,0
2026-02-03 07:30:00,Vinh Tuy Bridge,Outbound,7,204,1,Partially cloudy,14.5,0.0,94.33,4400.0,1,0
2026-02-03 10:00:00,Vinh Tuy Bridge,Inbound,10,61,0,Overcast,17.2,0.0,75.34,9400.0,1,0
2026-02-03 10:00:00,Vinh Tuy Bridge,Outbound,10,53,0,Overcast,17.2,0.0,75.34,9400.0,1,0
2026-02-03 12:00:00,Vinh Tuy Bridge,Inbound,12,57,0,Partially cloudy,19.0,0.0,59.76,9000.0,1,0
2026-02-03 12:00:00,Vinh Tuy Bridge,Outbound,12,45,0,Partially cloudy,19.0,0.0,59.76,9000.0,1,0
2026-02-03 15:00:00,Vinh Tuy Bridge,Inbound,15,67,0,Overcast,20.0,0.0,60.0,6000.0,1,0
2026-02-03 15:00:00,Vinh Tuy Bridge,Outbound,15,56,0,Overcast,20.0,0.0,60.0,6000.0,1,0
2026-02-03 16:00:00,Vinh Tuy Bridge,Inbound,16,96,1,Overcast,20.7,0.0,60.92,8400.0,1,0
2026-02-03 16:00:00,Vinh Tuy Bridge,Outbound,16,79,0,Overcast,20.7,0.0,60.92,8400.0,1,0
2026-02-03 17:10:00,Vinh Tuy Bridge,Inbound,17,155,1,Overcast,20.0,0.0,64.07,5000.0,1,0
2026-02-03 17:10:00,Vinh Tuy Bridge,Outbound,17,130,0,Overcast,20.0,0.0,64.07,5000.0,1,0
2026-02-03 20:00:00,Vinh Tuy Bridge,Inbound,20,35,0,Overcast,19.0,0.0,68.18,6000.0,1,0
2026-02-03 20:00:00,Vinh Tuy Bridge,Outbound,20,47,0,Overcast,19.0,0.0,68.18,6000.0,1,0
2026-02-03 22:30:00,Vinh Tuy Bridge,Inbound,22,0,0,Overcast,18.4,0.0,77.78,8400.0,1,0
2026-02-03 22:30:00,Vinh Tuy Bridge,Outbound,22,0,0,Overcast,18.4,0.0,77.78,8400.0,1,0
2026-02-02 03:00:00,Vinh Tuy Bridge,Inbound,3,0,0,Overcast,17.0,0.0,72.4,10000.0,0,0
2026-02-02 03:00:00,Vinh Tuy Bridge,Outbound,3,0,0,Overcast,17.0,0.0,72.4,10000.0,0,0
2026-02-02 07:10:00,Vinh Tuy Bridge,Inbound,7,139,1,Overcast,17.1,0.0,69.49,9300.0,0,0
2026-02-02 07:10:00,Vinh Tuy Bridge,Outbound,7,275,1,Overcast,17.1,0.0,69.49,9300.0,0,0
2026-02-02 07:30:00,Vinh Tuy Bridge,Inbound,7,178,1,Overcast,17.1,0.0,69.49,9300.0,0,0
2026-02-02 07:30:00,Vinh Tuy Bridge,Outbound,7,373,1,Overcast,17.1,0.0,69.49,9300.0,0,0
2026-02-02 10:00:00,Vinh Tuy Bridge,Inbound,10,45,0,Overcast,16.8,0.0,68.52,10000.0,0,0
2026-02-02 10:00:00,Vinh Tuy Bridge,Outbound,10,72,0,Overcast,16.8,0.0,68.52,10000.0,0,0
2026-02-02 12:00:00,Vinh Tuy Bridge,Inbound,12,33,0,Overcast,18.0,0.0,63.63,10000.0,0,0
2026-02-02 12:00:00,Vinh Tuy Bridge,Outbound,12,56,0,Overcast,18.0,0.0,63.63,10000.0,0,0
2026-02-02 15:00:00,Vinh Tuy Bridge,Inbound,15,46,0,Clear,18.0,0.0,67.97,10000.0,0,0
2026-02-02 15:00:00,Vinh Tuy Bridge,Outbound,15,75,0,Clear,18.0,0.0,67.97,10000.0,0,0
2026-02-02 16:00:00,Vinh Tuy Bridge,Inbound,16,76,0,Partially cloudy,18.8,0.0,61.71,10200.0,0,0
2026-02-02 16:00:00,Vinh Tuy Bridge,Outbound,16,108,0,Partially cloudy,18.8,0.0,61.71,10200.0,0,0
2026-02-02 17:10:00,Vinh Tuy Bridge,Inbound,17,132,1,Overcast,18.0,0.0,67.97,10000.0,0,0
2026-02-02 17:10:00,Vinh Tuy Bridge,Outbound,17,165,1,Overcast,18.0,0.0,67.97,10000.0,0,0
2026-02-02 20:00:00,Vinh Tuy Bridge,Inbound,20,23,0,Clear,15.0,0.0,87.84,6000.0,0,0
2026-02-02 20:00:00,Vinh Tuy Bridge,Outbound,20,59,0,Clear,15.0,0.0,87.84,6000.0,0,0
2026-02-02 22:30:00,Vinh Tuy Bridge,Inbound,22,0,0,Clear,15.1,0.0,89.54,8400.0,0,0
2026-02-02 22:30:00,Vinh Tuy Bridge,Outbound,22,0,0,Clear,15.1,0.0,89.54,8400.0,0,0
2026-02-01 03:00:00,Vinh Tuy Bridge,Inbound,3,0,0,Overcast,17.0,0.0,72.4,10000.0,6,0
2026-02-01 03:00:00,Vinh Tuy Bridge,Outbound,3,0,0,Overcast,17.0,0.0,72.4,10000.0,6,0
2026-02-01 07:10:00,Vinh Tuy Bridge,Inbound,7,17,0,Overcast,17.1,0.0,69.51,10200.0,6,0
2026-02-01 07:10:00,Vinh Tuy Bridge,Outbound,7,20,0,Overcast,17.1,0.0,69.51,10200.0,6,0
2026-02-01 07:30:00,Vinh Tuy Bridge,Inbound,7,24,0,Overcast,17.1,0.0,69.51,10200.0,6,0
2026-02-01 07:30:00,Vinh Tuy Bridge,Outbound,7,27,0,Overcast,17.1,0.0,69.51,10200.0,6,0
2026-02-01 10:00:00,Vinh Tuy Bridge,Inbound,10,34,0,Overcast,17.1,0.0,71.4,10000.0,6,0
2026-02-01 10:00:00,Vinh Tuy Bridge,Outbound,10,44,0,Overcast,17.1,0.0,71.4,10000.0,6,0
2026-02-01 12:00:00,Vinh Tuy Bridge,Inbound,12,43,0,Overcast,19.0,0.0,63.85,10000.0,6,0
2026-02-01 12:00:00,Vinh Tuy Bridge,Outbound,12,58,0,Overcast,19.0,0.0,63.85,10000.0,6,0
2026-02-01 15:00:00,Vinh Tuy Bridge,Inbound,15,66,0,Partially cloudy,21.0,0.0,56.41,10000.0,6,0
2026-02-01 15:00:00,Vinh Tuy Bridge,Outbound,15,87,0,Partially cloudy,21.0,0.0,56.41,10000.0,6,0
2026-02-01 16:00:00,Vinh Tuy Bridge,Inbound,16,92,1,Partially cloudy,21.1,0.0,59.11,10000.0,6,0
2026-02-01 16:00:00,Vinh Tuy Bridge,Outbound,16,115,0,Partially cloudy,21.1,0.0,59.11,10000.0,6,0
2026-02-01 17:10:00,Vinh Tuy Bridge,Inbound,17,96,1,Partially cloudy,19.0,0.0,63.85,10000.0,6,0
2026-02-01 17:10:00,Vinh Tuy Bridge,Outbound,17,149,1,Partially cloudy,19.0,0.0,63.85,10000.0,6,0
2026-02-01 20:00:00,Vinh Tuy Bridge,Inbound,20,24,0,Overcast,18.0,0.0,72.58,9000.0,6,0
2026-02-01 20:00:00,Vinh Tuy Bridge,Outbound,20,62,0,Overcast,18.0,0.0,72.58,9000.0,6,0
2026-02-01 22:30:00,Vinh Tuy Bridge,Inbound,22,0,0,Overcast,18.8,0.0,76.81,9700.0,6,0
2026-02-01 22:30:00,Vinh Tuy Bridge,Outbound,22,0,0,Overcast,18.8,0.0,76.81,9700.0,6,0
2026-01-31 03:00:00,Vinh Tuy Bridge,Inbound,3,0,0,Partially cloudy,19.0,0.0,93.93,4000.0,5,0
2026-01-31 03:00:00,Vinh Tuy Bridge,Outbound,3,0,0,Partially cloudy,19.0,0.0,93.93,4000.0,5,0
2026-01-31 07:10:00,Vinh Tuy Bridge,Inbound,7,48,0,Overcast,19.4,0.0,94.67,3800.0,5,0
2026-01-31 07:10:00,Vinh Tuy Bridge,Outbound,7,51,0,Overcast,19.4,0.0,94.67,3800.0,5,0
2026-01-31 07:30:00,Vinh Tuy Bridge,Inbound,7,75,0,Overcast,19.4,0.0,94.67,3800.0,5,0
2026-01-31 07:30:00,Vinh Tuy Bridge,Outbound,7,73,0,Overcast,19.4,0.0,94.67,3800.0,5,0
2026-01-31 10:00:00,Vinh Tuy Bridge,Inbound,10,134,1,Overcast,20.7,0.0,87.34,8300.0,5,0
2026-01-31 10:00:00,Vinh Tuy Bridge,Outbound,10,120,0,Overcast,20.7,0.0,87.34,8300.0,5,0
2026-01-31 12:00:00,Vinh Tuy Bridge,Inbound,12,148,1,Overcast,20.0,0.0,72.94,10000.0,5,0
2026-01-31 12:00:00,Vinh Tuy Bridge,Outbound,12,127,0,Overcast,20.0,0.0,72.94,10000.0,5,0
2026-01-31 15:00:00,Vinh Tuy Bridge,Inbound,15,174,1,Overcast,21.0,0.0,60.24,10000.0,5,0
2026-01-31 15:00:00,Vinh Tuy Bridge,Outbound,15,145,0,Overcast,21.0,0.0,60.24,10000.0,5,0
2026-01-31 16:00:00,Vinh Tuy Bridge,Inbound,16,219,1,Overcast,20.5,0.0,63.47,10200.0,5,0
2026-01-31 16:00:00,Vinh Tuy Bridge,Outbound,16,193,1,Overcast,20.5,0.0,63.47,10200.0,5,0
2026-01-31 17:10:00,Vinh Tuy Bridge,Inbound,17,250,1,Overcast,20.0,0.0,68.38,10000.0,5,0
2026-01-31 17:10:00,Vinh Tuy Bridge,Outbound,17,232,1,Overcast,20.0,0.0,68.38,10000.0,5,0
2026-01-31 20:00:00,Vinh Tuy Bridge,Inbound,20,55,0,Overcast,19.0,0.0,68.18,10000.0,5,0
2026-01-31 20:00:00,Vinh Tuy Bridge,Outbound,20,68,0,Overcast,19.0,0.0,68.18,10000.0,5,0
2026-01-31 22:30:00,Vinh Tuy Bridge,Inbound,22,0,0,Overcast,19.4,0.0,66.7,10000.0,5,0
2026-01-31 22:30:00,Vinh Tuy Bridge,Outbound,22,0,0,Overcast,19.4,0.0,66.7,10000.0,5,0
2026-01-30 03:00:00,Vinh Tuy Bridge,Inbound,3,0,0,Partially cloudy,19.0,0.0,100.0,4000.0,4,0
2026-01-30 03:00:00,Vinh Tuy Bridge,Outbound,3,0,0,Partially cloudy,19.0,0.0,100.0,4000.0,4,0
2026-01-30 07:10:00,Vinh Tuy Bridge,Inbound,7,46,0,Overcast,20.0,0.0,93.28,8500.0,4,0
2026-01-30 07:10:00,Vinh Tuy Bridge,Outbound,7,67,0,Overcast,20.0,0.0,93.28,8500.0,4,0
2026-01-30 07:30:00,Vinh Tuy Bridge,Inbound,7,68,0,Overcast,20.0,0.0,93.28,8500.0,4,0
2026-01-30 07:30:00,Vinh Tuy Bridge,Outbound,7,94,0,Overcast,20.0,0.0,93.28,8500.0,4,0
2026-01-30 10:00:00,Vinh Tuy Bridge,Inbound,10,49,0,Partially cloudy,22.4,0.1,86.39,10200.0,4,0
2026-01-30 10:00:00,Vinh Tuy Bridge,Outbound,10,55,0,Partially cloudy,22.4,0.1,86.39,10200.0,4,0
2026-01-30 12:00:00,Vinh Tuy Bridge,Inbound,12,55,0,Overcast,24.0,0.2,73.63,10000.0,4,0
2026-01-30 12:00:00,Vinh Tuy Bridge,Outbound,12,51,0,Overcast,24.0,0.2,73.63,10000.0,4,0
2026-01-30 15:00:00,Vinh Tuy Bridge,Inbound,15,80,0,Overcast,25.0,0.1,69.36,10000.0,4,0
2026-01-30 15:00:00,Vinh Tuy Bridge,Outbound,15,73,0,Overcast,25.0,0.1,69.36,10000.0,4,0
2026-01-30 16:00:00,Vinh Tuy Bridge,Inbound,16,140,1,Overcast,24.1,0.1,73.74,10200.0,4,0
2026-01-30 16:00:00,Vinh Tuy Bridge,Outbound,16,137,0,Overcast,24.1,0.1,73.74,10200.0,4,0
2026-01-30 17:10:00,Vinh Tuy Bridge,Inbound,17,255,1,Partially cloudy,24.0,0.0,73.63,10000.0,4,0
2026-01-30 17:10:00,Vinh Tuy Bridge,Outbound,17,273,1,Partially cloudy,24.0,0.0,73.63,10000.0,4,0
2026-01-30 20:00:00,Vinh Tuy Bridge,Inbound,20,77,0,Partially cloudy,21.0,0.0,88.35,10000.0,4,0
2026-01-30 20:00:00,Vinh Tuy Bridge,Outbound,20,67,0,Partially cloudy,21.0,0.0,88.35,10000.0,4,0
2026-01-30 22:30:00,Vinh Tuy Bridge,Inbound,22,0,0,Clear,20.4,0.0,89.5,8800.0,4,0
2026-01-30 22:30:00,Vinh Tuy Bridge,Outbound,22,0,0,Clear,20.4,0.0,89.5,8800.0,4,0
2026-01-29 03:00:00,Vinh Tuy Bridge,Inbound,3,0,0,Overcast,17.0,0.0,93.84,3000.0,3,0
2026-01-29 03:00:00,Vinh Tuy Bridge,Outbound,3,0,0,Overcast,17.0,0.0,93.84,3000.0,3,0
2026-01-29 07:10:00,Vinh Tuy Bridge,Inbound,7,63,0,Overcast,17.4,0.0,93.83,7400.0,3,0
2026-01-29 07:10:00,Vinh Tuy Bridge,Outbound,7,140,0,Overcast,17.4,0.0,93.83,7400.0,3,0
2026-01-29 07:30:00,Vinh Tuy Bridge,Inbound,7,97,1,Overcast,17.4,0.0,93.83,7400.0,3,0
2026-01-29 07:30:00,Vinh Tuy Bridge,Outbound,7,180,1,Overcast,17.4,0.0,93.83,7400.0,3,0
2026-01-29 10:00:00,Vinh Tuy Bridge,Inbound,10,46,0,Overcast,19.7,0.0,84.83,8000.0,3,0
2026-01-29 10:00:00,Vinh Tuy Bridge,Outbound,10,55,0,Overcast,19.7,0.0,84.83,8000.0,3,0
2026-01-29 12:00:00,Vinh Tuy Bridge,Inbound,12,36,0,Overcast,22.0,0.0,73.29,5000.0,3,0
2026-01-29 12:00:00,Vinh Tuy Bridge,Outbound,12,48,0,Overcast,22.0,0.0,73.29,5000.0,3,0
2026-01-29 15:00:00,Vinh Tuy Bridge,Inbound,15,46,0,Partially cloudy,24.3,0.0,64.99,10000.0,3,0
2026-01-29 15:00:00,Vinh Tuy Bridge,Outbound,15,61,0,Partially cloudy,24.3,0.0,64.99,10000.0,3,0
2026-01-29 16:00:00,Vinh Tuy Bridge,Inbound,16,74,0,Partially cloudy,24.8,0.0,62.55,10200.0,3,0
2026-01-29 16:00:00,Vinh Tuy Bridge,Outbound,16,88,0,Partially cloudy,24.8,0.0,62.55,10200.0,3,0
2026-01-29 17:10:00,Vinh Tuy Bridge,Inbound,17,131,1,Partially cloudy,24.0,0.0,64.93,10000.0,3,0
2026-01-29 17:10:00,Vinh Tuy Bridge,Outbound,17,154,1,Partially cloudy,24.0,0.0,64.93,10000.0,3,0
2026-01-29 20:00:00,Vinh Tuy Bridge,Inbound,20,26,0,Partially cloudy,22.0,0.0,78.06,10000.0,3,0
2026-01-29 20:00:00,Vinh Tuy Bridge,Outbound,20,52,0,Partially cloudy,22.0,0.0,78.06,10000.0,3,0
2026-01-29 22:30:00,Vinh Tuy Bridge,Inbound,22,0,0,Overcast,21.4,0.0,83.53,10000.0,3,0
2026-01-29 22:30:00,Vinh Tuy Bridge,Outbound,22,0,0,Overcast,21.4,0.0,83.53,10000.0,3,0
2026-01-28 03:00:00,Vinh Tuy Bridge,Inbound,3,0,0,Clear,17.0,0.0,88.01,8000.0,2,0
2026-01-28 03:00:00,Vinh Tuy Bridge,Outbound,3,0,0,Clear,17.0,0.0,88.01,8000.0,2,0
2026-01-28 07:10:00,Vinh Tuy Bridge,Inbound,7,66,0,Overcast,17.1,0.0,88.04,8600.0,2,0
2026-01-28 07:10:00,Vinh Tuy Bridge,Outbound,7,157,1,Overcast,17.1,0.0,88.04,8600.0,2,0
2026-01-28 07:30:00,Vinh Tuy Bridge,Inbound,7,96,1,Overcast,17.1,0.0,88.04,8600.0,2,0
2026-01-28 07:30:00,Vinh Tuy Bridge,Outbound,7,200,1,Overcast,17.1,0.0,88.04,8600.0,2,0
2026-01-28 10:00:00,Vinh Tuy Bridge,Inbound,10,52,0,Partially cloudy,21.0,0.0,69.18,9700.0,2,0
2026-01-28 10:00:00,Vinh Tuy Bridge,Outbound,10,57,0,Partially cloudy,21.0,0.0,69.18,9700.0,2,0
2026-01-28 12:00:00,Vinh Tuy Bridge,Inbound,12,45,0,Partially cloudy,23.0,0.0,64.72,8000.0,2,0
2026-01-28 12:00:00,Vinh Tuy Bridge,Outbound,12,51,0,Partially cloudy,23.0,0.0,64.72,8000.0,2,0
2026-01-28 15:00:00,Vinh Tuy Bridge,Inbound,15,54,0,Overcast,24.0,0.0,57.15,10000.0,2,0
2026-01-28 15:00:00,Vinh Tuy Bridge,Outbound,15,68,0,Overcast,24.0,0.0,57.15,10000.0,2,0
2026-01-28 16:00:00,Vinh Tuy Bridge,Inbound,16,82,0,Clear,23.1,0.0,62.59,9000.0,2,0
2026-01-28 16:00:00,Vinh Tuy Bridge,Outbound,16,104,0,Clear,23.1,0.0,62.59,9000.0,2,0
2026-01-28 17:10:00,Vinh Tuy Bridge,Inbound,17,138,1,Partially cloudy,23.0,0.0,60.7,8000.0,2,0
2026-01-28 17:10:00,Vinh Tuy Bridge,Outbound,17,156,1,Partially cloudy,23.0,0.0,60.7,8000.0,2,0
2026-01-28 20:00:00,Vinh Tuy Bridge,Inbound,20,30,0,Clear,20.0,0.0,72.94,7000.0,2,0
2026-01-28 20:00:00,Vinh Tuy Bridge,Outbound,20,41,0,Clear,20.0,0.0,72.94,7000.0,2,0
2026-01-28 22:30:00,Vinh Tuy Bridge,Inbound,22,0,0,Clear,18.4,0.0,85.7,9100.0,2,0
2026-01-28 22:30:00,Vinh Tuy Bridge,Outbound,22,0,0,Clear,18.4,0.0,85.7,9100.0,2,0
2026-01-27 03:00:00,Vinh Tuy Bridge,Inbound,3,0,0,Clear,16.0,0.0,100.0,3000.0,1,0
2026-01-27 03:00:00,Vinh Tuy Bridge,Outbound,3,0,0,Clear,16.0,0.0,100.0,3000.0,1,0
2026-01-27 07:10:00,Vinh Tuy Bridge,Inbound,7,68,0,Overcast,16.7,0.0,96.14,3100.0,1,0
2026-01-27 07:10:00,Vinh Tuy Bridge,Outbound,7,155,1,Overcast,16.7,0.0,96.14,3100.0,1,0
2026-01-27 07:30:00,Vinh Tuy Bridge,Inbound,7,94,1,Overcast,16.7,0.0,96.14,3100.0,1,0
2026-01-27 07:30:00,Vinh Tuy Bridge,Outbound,7,204,1,Overcast,16.7,0.0,96.14,3100.0,1,0
2026-01-27 10:00:00,Vinh Tuy Bridge,Inbound,10,61,0,Overcast,20.5,0.0,79.35,8300.0,1,0
2026-01-27 10:00:00,Vinh Tuy Bridge,Outbound,10,53,0,Overcast,20.5,0.0,79.35,8300.0,1,0
2026-01-27 12:00:00,Vinh Tuy Bridge,Inbound,12,57,0,Overcast,23.0,0.0,68.97,5000.0,1,0
2026-01-27 12:00:00,Vinh Tuy Bridge,Outbound,12,45,0,Overcast,23.0,0.0,68.97,5000.0,1,0
2026-01-27 15:00:00,Vinh Tuy Bridge,Inbound,15,67,0,Overcast,23.0,0.0,64.72,6000.0,1,0
2026-01-27 15:00:00,Vinh Tuy Bridge,Outbound,15,56,0,Overcast,23.0,0.0,64.72,6000.0,1,0
2026-01-27 16:00:00,Vinh Tuy Bridge,Inbound,16,96,1,Overcast,23.0,0.0,67.84,8600.0,1,0
2026-01-27 16:00:00,Vinh Tuy Bridge,Outbound,16,79,0,Overcast,23.0,0.0,67.84,8600.0,1,0
2026-01-27 17:10:00,Vinh Tuy Bridge,Inbound,17,155,1,Clear,22.0,0.0,73.29,5000.0,1,0
2026-01-27 17:10:00,Vinh Tuy Bridge,Outbound,17,130,0,Clear,22.0,0.0,73.29,5000.0,1,0
2026-01-27 20:00:00,Vinh Tuy Bridge,Inbound,20,35,0,Clear,20.0,0.0,82.87,4000.0,1,0
2026-01-27 20:00:00,Vinh Tuy Bridge,Outbound,20,47,0,Clear,20.0,0.0,82.87,4000.0,1,0
2026-01-27 22:30:00,Vinh Tuy Bridge,Inbound,22,0,0,Overcast,18.4,0.0,90.3,8100.0,1,0
2026-01-27 22:30:00,Vinh Tuy Bridge,Outbound,22,0,0,Overcast,18.4,0.0,90.3,8100.0,1,0
2026-01-26 03:00:00,Vinh Tuy Bridge,Inbound,3,0,0,Overcast,16.0,0.0,93.79,4000.0,0,0
2026-01-26 03:00:00,Vinh Tuy Bridge,Outbound,3,0,0,Overcast,16.0,0.0,93.79,4000.0,0,0
2026-01-26 07:10:00,Vinh Tuy Bridge,Inbound,7,139,1,Overcast,15.7,0.1,94.22,7600.0,0,0
2026-01-26 07:10:00,Vinh Tuy Bridge,Outbound,7,275,1,Overcast,15.7,0.1,94.22,7600.0,0,0
2026-01-26 07:30:00,Vinh Tuy Bridge,Inbound,7,178,1,Overcast,15.7,0.1,94.22,7600.0,0,0
2026-01-26 07:30:00,Vinh Tuy Bridge,Outbound,7,373,1,Overcast,15.7,0.1,94.22,7600.0,0,0
2026-01-26 10:00:00,Vinh Tuy Bridge,Inbound,10,45,0,Overcast,16.8,0.2,91.27,3500.0,0,0
2026-01-26 10:00:00,Vinh Tuy Bridge,Outbound,10,72,0,Overcast,16.8,0.2,91.27,3500.0,0,0
2026-01-26 12:00:00,Vinh Tuy Bridge,Inbound,12,33,0,Overcast,17.0,0.1,93.84,3000.0,0,0
2026-01-26 12:00:00,Vinh Tuy Bridge,Outbound,12,56,0,Overcast,17.0,0.1,93.84,3000.0,0,0
2026-01-26 15:00:00,Vinh Tuy Bridge,Inbound,15,46,0,Overcast,19.0,0.0,82.75,3000.0,0,0
2026-01-26 15:00:00,Vinh Tuy Bridge,Outbound,15,75,0,Overcast,19.0,0.0,82.75,3000.0,0,0
2026-01-26 16:00:00,Vinh Tuy Bridge,Inbound,16,76,0,Overcast,19.7,0.0,78.16,8100.0,0,0
2026-01-26 16:00:00,Vinh Tuy Bridge,Outbound,16,108,0,Overcast,19.7,0.0,78.16,8100.0,0,0
2026-01-26 17:10:00,Vinh Tuy Bridge,Inbound,17,132,1,Partially cloudy,19.0,0.0,82.75,5000.0,0,0
2026-01-26 17:10:00,Vinh Tuy Bridge,Outbound,17,165,1,Partially cloudy,19.0,0.0,82.75,5000.0,0,0
2026-01-26 20:00:00,Vinh Tuy Bridge,Inbound,20,23,0,Partially cloudy,18.0,0.0,88.1,5000.0,0,0
2026-01-26 20:00:00,Vinh Tuy Bridge,Outbound,20,59,0,Partially cloudy,18.0,0.0,88.1,5000.0,0,0
2026-01-26 22:30:00,Vinh Tuy Bridge,Inbound,22,0,0,Overcast,18.0,0.0,88.56,8100.0,0,0
2026-01-26 22:30:00,Vinh Tuy Bridge,Outbound,22,0,0,Overcast,18.0,0.0,88.56,8100.0,0,0
2026-01-25 03:00:00,Vinh Tuy Bridge,Inbound,3,0,0,Overcast,13.0,0.1,93.65,4000.0,6,0
2026-01-25 03:00:00,Vinh Tuy Bridge,Outbound,3,0,0,Overcast,13.0,0.1,93.65,4000.0,6,0
2026-01-25 07:10:00,Vinh Tuy Bridge,Inbound,7,17,0,Overcast,13.4,0.0,94.5,3400.0,6,0
2026-01-25 07:10:00,Vinh Tuy Bridge,Outbound,7,20,0,Overcast,13.4,0.0,94.5,3400.0,6,0
2026-01-25 07:30:00,Vinh Tuy Bridge,Inbound,7,24,0,Overcast,13.4,0.0,94.5,3400.0,6,0
2026-01-25 07:30:00,Vinh Tuy Bridge,Outbound,7,27,0,Overcast,13.4,0.0,94.5,3400.0,6,0
2026-01-25 10:00:00,Vinh Tuy Bridge,Inbound,10,34,0,Overcast,15.1,0.0,92.14,3400.0,6,0
2026-01-25 10:00:00,Vinh Tuy Bridge,Outbound,10,44,0,Overcast,15.1,0.0,92.14,3400.0,6,0
2026-01-25 12:00:00,Vinh Tuy Bridge,Inbound,12,43,0,Overcast,16.0,0.0,87.93,2000.0,6,0
2026-01-25 12:00:00,Vinh Tuy Bridge,Outbound,12,58,0,Overcast,16.0,0.0,87.93,2000.0,6,0
2026-01-25 15:00:00,Vinh Tuy Bridge,Inbound,15,66,0,Overcast,17.0,0.0,88.01,3000.0,6,0
2026-01-25 15:00:00,Vinh Tuy Bridge,Outbound,15,87,0,Overcast,17.0,0.0,88.01,3000.0,6,0
2026-01-25 16:00:00,Vinh Tuy Bridge,Inbound,16,92,1,Overcast,17.2,0.0,84.79,3500.0,6,0
2026-01-25 16:00:00,Vinh Tuy Bridge,Outbound,16,115,0,Overcast,17.2,0.0,84.79,3500.0,6,0
2026-01-25 17:10:00,Vinh Tuy Bridge,Inbound,17,96,1,Overcast,16.0,0.0,93.79,3000.0,6,0
2026-01-25 17:10:00,Vinh Tuy Bridge,Outbound,17,149,1,Overcast,16.0,0.0,93.79,3000.0,6,0
2026-01-25 20:00:00,Vinh Tuy Bridge,Inbound,20,24,0,Overcast,16.0,0.0,93.79,3000.0,6,0
2026-01-25 20:00:00,Vinh Tuy Bridge,Outbound,20,62,0,Overcast,16.0,0.0,93.79,3000.0,6,0
2026-01-25 22:30:00,Vinh Tuy Bridge,Inbound,22,0,0,Overcast,16.1,0.0,88.4,4100.0,6,0
2026-01-25 22:30:00,Vinh Tuy Bridge,Outbound,22,0,0,Overcast,16.1,0.0,88.4,4100.0,6,0
2026-01-24 03:00:00,Vinh Tuy Bridge,Inbound,3,0,0,Overcast,11.0,0.0,93.55,5000.0,5,0
2026-01-24 03:00:00,Vinh Tuy Bridge,Outbound,3,0,0,Overcast,11.0,0.0,93.55,5000.0,5,0
2026-01-24 07:10:00,Vinh Tuy Bridge,Inbound,7,48,0,Overcast,11.4,0.0,94.18,8600.0,5,0
2026-01-24 07:10:00,Vinh Tuy Bridge,Outbound,7,51,0,Overcast,11.4,0.0,94.18,8600.0,5,0
2026-01-24 07:30:00,Vinh Tuy Bridge,Inbound,7,75,0,Overcast,11.4,0.0,94.18,8600.0,5,0
2026-01-24 07:30:00,Vinh Tuy Bridge,Outbound,7,73,0,Overcast,11.4,0.0,94.18,8600.0,5,0
2026-01-24 10:00:00,Vinh Tuy Bridge,Inbound,10,134,1,Overcast,12.4,0.0,87.73,9600.0,5,0
2026-01-24 10:00:00,Vinh Tuy Bridge,Outbound,10,120,0,Overcast,12.4,0.0,87.73,9600.0,5,0
2026-01-24 12:00:00,Vinh Tuy Bridge,Inbound,12,148,1,Overcast,13.0,0.0,82.01,10000.0,5,0
2026-01-24 12:00:00,Vinh Tuy Bridge,Outbound,12,127,0,Overcast,13.0,0.0,82.01,10000.0,5,0
2026-01-24 15:00:00,Vinh Tuy Bridge,Inbound,15,174,1,Overcast,14.0,0.0,82.14,10000.0,5,0
2026-01-24 15:00:00,Vinh Tuy Bridge,Outbound,15,145,0,Overcast,14.0,0.0,82.14,10000.0,5,0
2026-01-24 16:00:00,Vinh Tuy Bridge,Inbound,16,219,1,Overcast,14.0,0.0,81.58,9400.0,5,0
2026-01-24 16:00:00,Vinh Tuy Bridge,Outbound,16,193,1,Overcast,14.0,0.0,81.58,9400.0,5,0
2026-01-24 17:10:00,Vinh Tuy Bridge,Inbound,17,250,1,Overcast,14.0,0.0,82.14,7000.0,5,0
2026-01-24 17:10:00,Vinh Tuy Bridge,Outbound,17,232,1,Overcast,14.0,0.0,82.14,7000.0,5,0
2026-01-24 20:00:00,Vinh Tuy Bridge,Inbound,20,55,0,Overcast,13.0,0.0,93.65,7000.0,5,0
2026-01-24 20:00:00,Vinh Tuy Bridge,Outbound,20,68,0,Overcast,13.0,0.0,93.65,7000.0,5,0
2026-01-24 22:30:00,Vinh Tuy Bridge,Inbound,22,0,0,Overcast,13.4,0.0,87.78,8800.0,5,0
2026-01-24 22:30:00,Vinh Tuy Bridge,Outbound,22,0,0,Overcast,13.4,0.0,87.78,8800.0,5,0
2026-01-23 03:00:00,Vinh Tuy Bridge,Inbound,3,0,0,Overcast,11.0,0.0,76.36,10000.0,4,0
2026-01-23 03:00:00,Vinh Tuy Bridge,Outbound,3,0,0,Overcast,11.0,0.0,76.36,10000.0,4,0
2026-01-23 07:10:00,Vinh Tuy Bridge,Inbound,7,46,0,Overcast,11.0,0.0,75.75,10200.0,4,0
2026-01-23 07:10:00,Vinh Tuy Bridge,Outbound,7,67,0,Overcast,11.0,0.0,75.75,10200.0,4,0
2026-01-23 07:30:00,Vinh Tuy Bridge,Inbound,7,68,0,Overcast,11.0,0.0,75.75,10200.0,4,0
2026-01-23 07:30:00,Vinh Tuy Bridge,Outbound,7,94,0,Overcast,11.0,0.0,75.75,10200.0,4,0
2026-01-23 10:00:00,Vinh Tuy Bridge,Inbound,10,49,0,Overcast,12.4,0.0,67.6,10000.0,4,0
2026-01-23 10:00:00,Vinh Tuy Bridge,Outbound,10,55,0,Overcast,12.4,0.0,67.6,10000.0,4,0
2026-01-23 12:00:00,Vinh Tuy Bridge,Inbound,12,55,0,Overcast,13.0,0.0,66.93,10000.0,4,0
2026-01-23 12:00:00,Vinh Tuy Bridge,Outbound,12,51,0,Overcast,13.0,0.0,66.93,10000.0,4,0
2026-01-23 15:00:00,Vinh Tuy Bridge,Inbound,15,80,0,Overcast,14.0,0.0,67.15,10000.0,4,0
2026-01-23 15:00:00,Vinh Tuy Bridge,Outbound,15,73,0,Overcast,14.0,0.0,67.15,10000.0,4,0
2026-01-23 16:00:00,Vinh Tuy Bridge,Inbound,16,140,1,Overcast,14.4,0.0,64.34,10000.0,4,0
2026-01-23 16:00:00,Vinh Tuy Bridge,Outbound,16,137,0,Overcast,14.4,0.0,64.34,10000.0,4,0
2026-01-23 17:10:00,Vinh Tuy Bridge,Inbound,17,255,1,Overcast,14.0,0.0,62.72,10000.0,4,0
2026-01-23 17:10:00,Vinh Tuy Bridge,Outbound,17,273,1,Overcast,14.0,0.0,62.72,10000.0,4,0
2026-01-23 20:00:00,Vinh Tuy Bridge,Inbound,20,77,0,Overcast,13.0,0.0,71.66,10000.0,4,0
2026-01-23 20:00:00,Vinh Tuy Bridge,Outbound,20,67,0,Overcast,13.0,0.0,71.66,10000.0,4,0
2026-01-23 22:30:00,Vinh Tuy Bridge,Inbound,22,0,0,Overcast,13.4,0.0,74.17,9400.0,4,0
2026-01-23 22:30:00,Vinh Tuy Bridge,Outbound,22,0,0,Overcast,13.4,0.0,74.17,9400.0,4,0
2026-01-22 03:00:00,Vinh Tuy Bridge,Inbound,3,0,0,Overcast,10.0,0.2,93.5,10000.0,3,0
2026-01-22 03:00:00,Vinh Tuy Bridge,Outbound,3,0,0,Overcast,10.0,0.2,93.5,10000.0,3,0
2026-01-22 07:10:00,Vinh Tuy Bridge,Inbound,7,63,0,"Rain, Overcast",10.7,0.3,84.03,10200.0,3,0
2026-01-22 07:10:00,Vinh Tuy Bridge,Outbound,7,140,0,"Rain, Overcast",10.7,0.3,84.03,10200.0,3,0
2026-01-22 07:30:00,Vinh Tuy Bridge,Inbound,7,97,1,"Rain, Overcast",10.7,0.3,84.03,10200.0,3,0
2026-01-22 07:30:00,Vinh Tuy Bridge,Outbound,7,180,1,"Rain, Overcast",10.7,0.3,84.03,10200.0,3,0
2026-01-22 10:00:00,Vinh Tuy Bridge,Inbound,10,46,0,Overcast,10.4,0.1,87.82,6000.0,3,0
2026-01-22 10:00:00,Vinh Tuy Bridge,Outbound,10,55,0,Overcast,10.4,0.1,87.82,6000.0,3,0
2026-01-22 12:00:00,Vinh Tuy Bridge,Inbound,12,36,0,Overcast,12.0,0.0,71.47,10000.0,3,0
2026-01-22 12:00:00,Vinh Tuy Bridge,Outbound,12,48,0,Overcast,12.0,0.0,71.47,10000.0,3,0
2026-01-22 15:00:00,Vinh Tuy Bridge,Inbound,15,46,0,Overcast,13.0,0.0,66.93,10000.0,3,0
2026-01-22 15:00:00,Vinh Tuy Bridge,Outbound,15,61,0,Overcast,13.0,0.0,66.93,10000.0,3,0
2026-01-22 16:00:00,Vinh Tuy Bridge,Inbound,16,74,0,Overcast,12.7,0.0,70.15,10000.0,3,0
2026-01-22 16:00:00,Vinh Tuy Bridge,Outbound,16,88,0,Overcast,12.7,0.0,70.15,10000.0,3,0
2026-01-22 17:10:00,Vinh Tuy Bridge,Inbound,17,131,1,Overcast,12.0,0.0,71.47,10000.0,3,0
2026-01-22 17:10:00,Vinh Tuy Bridge,Outbound,17,154,1,Overcast,12.0,0.0,71.47,10000.0,3,0
2026-01-22 20:00:00,Vinh Tuy Bridge,Inbound,20,26,0,Overcast,12.0,0.0,71.47,10000.0,3,0
2026-01-22 20:00:00,Vinh Tuy Bridge,Outbound,20,52,0,Overcast,12.0,0.0,71.47,10000.0,3,0
2026-01-22 22:30:00,Vinh Tuy Bridge,Inbound,22,0,0,Overcast,12.0,0.0,68.49,10000.0,3,0
2026-01-22 22:30:00,Vinh Tuy Bridge,Outbound,22,0,0,Overcast,12.0,0.0,68.49,10000.0,3,0
2026-01-21 03:00:00,Vinh Tuy Bridge,Inbound,3,0,0,Overcast,20.0,0.1,88.27,7000.0,2,0
2026-01-21 03:00:00,Vinh Tuy Bridge,Outbound,3,0,0,Overcast,20.0,0.1,88.27,7000.0,2,0
2026-01-21 07:10:00,Vinh Tuy Bridge,Inbound,7,66,0,Overcast,19.4,0.0,84.5,10200.0,2,0
2026-01-21 07:10:00,Vinh Tuy Bridge,Outbound,7,157,1,Overcast,19.4,0.0,84.5,10200.0,2,0
2026-01-21 07:30:00,Vinh Tuy Bridge,Inbound,7,96,1,Overcast,19.4,0.0,84.5,10200.0,2,0
2026-01-21 07:30:00,Vinh Tuy Bridge,Outbound,7,200,1,Overcast,19.4,0.0,84.5,10200.0,2,0
2026-01-21 10:00:00,Vinh Tuy Bridge,Inbound,10,52,0,Overcast,18.1,0.1,78.26,10000.0,2,0
2026-01-21 10:00:00,Vinh Tuy Bridge,Outbound,10,57,0,Overcast,18.1,0.1,78.26,10000.0,2,0
2026-01-21 12:00:00,Vinh Tuy Bridge,Inbound,12,45,0,Overcast,15.0,0.1,82.26,10000.0,2,0
2026-01-21 12:00:00,Vinh Tuy Bridge,Outbound,12,51,0,Overcast,15.0,0.1,82.26,10000.0,2,0
2026-01-21 15:00:00,Vinh Tuy Bridge,Inbound,15,54,0,Overcast,14.0,0.0,82.14,10000.0,2,0
2026-01-21 15:00:00,Vinh Tuy Bridge,Outbound,15,68,0,Overcast,14.0,0.0,82.14,10000.0,2,0
2026-01-21 16:00:00,Vinh Tuy Bridge,Inbound,16,82,0,Overcast,14.4,0.0,82.73,10000.0,2,0
2026-01-21 16:00:00,Vinh Tuy Bridge,Outbound,16,104,0,Overcast,14.4,0.0,82.73,10000.0,2,0
2026-01-21 17:10:00,Vinh Tuy Bridge,Inbound,17,138,1,Overcast,14.0,0.0,76.84,10000.0,2,0
2026-01-21 17:10:00,Vinh Tuy Bridge,Outbound,17,156,1,Overcast,14.0,0.0,76.84,10000.0,2,0
2026-01-21 20:00:00,Vinh Tuy Bridge,Inbound,20,30,0,Overcast,13.0,0.0,82.01,10000.0,2,0
2026-01-21 20:00:00,Vinh Tuy Bridge,Outbound,20,41,0,Overcast,13.0,0.0,82.01,10000.0,2,0
2026-01-21 22:30:00,Vinh Tuy Bridge,Inbound,22,0,0,Overcast,12.5,0.0,87.65,10000.0,2,0
2026-01-21 22:30:00,Vinh Tuy Bridge,Outbound,22,0,0,Overcast,12.5,0.0,87.65,10000.0,2,0
2026-01-20 03:00:00,Vinh Tuy Bridge,Inbound,3,0,0,Overcast,20.0,0.0,100.0,3000.0,1,0
2026-01-20 03:00:00,Vinh Tuy Bridge,Outbound,3,0,0,Overcast,20.0,0.0,100.0,3000.0,1,0
2026-01-20 07:10:00,Vinh Tuy Bridge,Inbound,7,68,0,"Rain, Overcast",20.4,0.5,96.55,7300.0,1,0
2026-01-20 07:10:00,Vinh Tuy Bridge,Outbound,7,155,1,"Rain, Overcast",20.4,0.5,96.55,7300.0,1,0
2026-01-20 07:30:00,Vinh Tuy Bridge,Inbound,7,94,1,"Rain, Overcast",20.4,0.5,96.55,7300.0,1,0
2026-01-20 07:30:00,Vinh Tuy Bridge,Outbound,7,204,1,"Rain, Overcast",20.4,0.5,96.55,7300.0,1,0
2026-01-20 10:00:00,Vinh Tuy Bridge,Inbound,10,61,0,"Rain, Partially cloudy",23.8,0.3,81.33,8100.0,1,0
2026-01-20 10:00:00,Vinh Tuy Bridge,Outbound,10,53,0,"Rain, Partially cloudy",23.8,0.3,81.33,8100.0,1,0
2026-01-20 12:00:00,Vinh Tuy Bridge,Inbound,12,57,0,"Rain, Overcast",24.0,0.3,78.35,8000.0,1,0
2026-01-20 12:00:00,Vinh Tuy Bridge,Outbound,12,45,0,"Rain, Overcast",24.0,0.3,78.35,8000.0,1,0
2026-01-20 15:00:00,Vinh Tuy Bridge,Inbound,15,67,0,Overcast,25.0,0.1,69.36,10000.0,1,0
2026-01-20 15:00:00,Vinh Tuy Bridge,Outbound,15,56,0,Overcast,25.0,0.1,69.36,10000.0,1,0
2026-01-20 16:00:00,Vinh Tuy Bridge,Inbound,16,96,1,Partially cloudy,24.0,0.1,77.05,10000.0,1,0
2026-01-20 16:00:00,Vinh Tuy Bridge,Outbound,16,79,0,Partially cloudy,24.0,0.1,77.05,10000.0,1,0
2026-01-20 17:10:00,Vinh Tuy Bridge,Inbound,17,155,1,Clear,24.0,0.0,73.63,10000.0,1,0
2026-01-20 17:10:00,Vinh Tuy Bridge,Outbound,17,130,0,Clear,24.0,0.0,73.63,10000.0,1,0
2026-01-20 20:00:00,Vinh Tuy Bridge,Inbound,20,35,0,Partially cloudy,22.0,0.0,83.11,10000.0,1,0
2026-01-20 20:00:00,Vinh Tuy Bridge,Outbound,20,47,0,Partially cloudy,22.0,0.0,83.11,10000.0,1,0
2026-01-20 22:30:00,Vinh Tuy Bridge,Inbound,22,0,0,"Rain, Overcast",21.0,0.8,88.76,9400.0,1,0
2026-01-20 22:30:00,Vinh Tuy Bridge,Outbound,22,0,0,"Rain, Overcast",21.0,0.8,88.76,9400.0,1,0
2026-01-19 03:00:00,Vinh Tuy Bridge,Inbound,3,0,0,Partially cloudy,20.0,0.0,88.27,4000.0,0,0
2026-01-19 03:00:00,Vinh Tuy Bridge,Outbound,3,0,0,Partially cloudy,20.0,0.0,88.27,4000.0,0,0
2026-01-19 07:10:00,Vinh Tuy Bridge,Inbound,7,139,1,Overcast,20.1,0.0,92.87,7900.0,0,0
2026-01-19 07:10:00,Vinh Tuy Bridge,Outbound,7,275,1,Overcast,20.1,0.0,92.87,7900.0,0,0
2026-01-19 07:30:00,Vinh Tuy Bridge,Inbound,7,178,1,Overcast,20.1,0.0,92.87,7900.0,0,0
2026-01-19 07:30:00,Vinh Tuy Bridge,Outbound,7,373,1,Overcast,20.1,0.0,92.87,7900.0,0,0
2026-01-19 10:00:00,Vinh Tuy Bridge,Inbound,10,45,0,Overcast,20.8,0.1,92.88,4100.0,0,0
2026-01-19 10:00:00,Vinh Tuy Bridge,Outbound,10,72,0,Overcast,20.8,0.1,92.88,4100.0,0,0
2026-01-19 12:00:00,Vinh Tuy Bridge,Inbound,12,33,0,"Rain, Overcast",23.0,0.3,78.21,6000.0,0,0
2026-01-19 12:00:00,Vinh Tuy Bridge,Outbound,12,56,0,"Rain, Overcast",23.0,0.3,78.21,6000.0,0,0
2026-01-19 15:00:00,Vinh Tuy Bridge,Inbound,15,46,0,Partially cloudy,24.0,0.1,73.63,9000.0,0,0
2026-01-19 15:00:00,Vinh Tuy Bridge,Outbound,15,75,0,Partially cloudy,24.0,0.1,73.63,9000.0,0,0
2026-01-19 16:00:00,Vinh Tuy Bridge,Inbound,16,76,0,Partially cloudy,25.0,0.0,72.39,10200.0,0,0
2026-01-19 16:00:00,Vinh Tuy Bridge,Outbound,16,108,0,Partially cloudy,25.0,0.0,72.39,10200.0,0,0
2026-01-19 17:10:00,Vinh Tuy Bridge,Inbound,17,132,1,Partially cloudy,24.0,0.0,73.63,10000.0,0,0
2026-01-19 17:10:00,Vinh Tuy Bridge,Outbound,17,165,1,Partially cloudy,24.0,0.0,73.63,10000.0,0,0
2026-01-19 20:00:00,Vinh Tuy Bridge,Inbound,20,23,0,Partially cloudy,22.0,0.0,83.11,7000.0,0,0
2026-01-19 20:00:00,Vinh Tuy Bridge,Outbound,20,59,0,Partially cloudy,22.0,0.0,83.11,7000.0,0,0
2026-01-19 22:30:00,Vinh Tuy Bridge,Inbound,22,0,0,Partially cloudy,21.0,0.0,92.24,8400.0,0,0
2026-01-19 22:30:00,Vinh Tuy Bridge,Outbound,22,0,0,Partially cloudy,21.0,0.0,92.24,8400.0,0,0
2026-01-18 03:00:00,Vinh Tuy Bridge,Inbound,3,0,0,Overcast,19.0,0.0,93.93,3000.0,6,0
2026-01-18 03:00:00,Vinh Tuy Bridge,Outbound,3,0,0,Overcast,19.0,0.0,93.93,3000.0,6,0
2026-01-18 07:10:00,Vinh Tuy Bridge,Inbound,7,17,0,Overcast,19.5,0.0,94.77,7600.0,6,0
2026-01-18 07:10:00,Vinh Tuy Bridge,Outbound,7,20,0,Overcast,19.5,0.0,94.77,7600.0,6,0
2026-01-18 07:30:00,Vinh Tuy Bridge,Inbound,7,24,0,Overcast,19.5,0.0,94.77,7600.0,6,0
2026-01-18 07:30:00,Vinh Tuy Bridge,Outbound,7,27,0,Overcast,19.5,0.0,94.77,7600.0,6,0
2026-01-18 10:00:00,Vinh Tuy Bridge,Inbound,10,34,0,Overcast,21.1,0.0,89.08,8100.0,6,0
2026-01-18 10:00:00,Vinh Tuy Bridge,Outbound,10,44,0,Overcast,21.1,0.0,89.08,8100.0,6,0
2026-01-18 12:00:00,Vinh Tuy Bridge,Inbound,12,43,0,Overcast,22.0,0.1,83.11,4000.0,6,0
2026-01-18 12:00:00,Vinh Tuy Bridge,Outbound,12,58,0,Overcast,22.0,0.1,83.11,4000.0,6,0
2026-01-18 15:00:00,Vinh Tuy Bridge,Inbound,15,66,0,Overcast,24.0,0.1,73.63,5000.0,6,0
2026-01-18 15:00:00,Vinh Tuy Bridge,Outbound,15,87,0,Overcast,24.0,0.1,73.63,5000.0,6,0
2026-01-18 16:00:00,Vinh Tuy Bridge,Inbound,16,92,1,Overcast,24.4,0.0,73.75,9000.0,6,0
2026-01-18 16:00:00,Vinh Tuy Bridge,Outbound,16,115,0,Overcast,24.4,0.0,73.75,9000.0,6,0
2026-01-18 17:10:00,Vinh Tuy Bridge,Inbound,17,96,1,Partially cloudy,24.0,0.0,73.63,7000.0,6,0
2026-01-18 17:10:00,Vinh Tuy Bridge,Outbound,17,149,1,Partially cloudy,24.0,0.0,73.63,7000.0,6,0
2026-01-18 20:00:00,Vinh Tuy Bridge,Inbound,20,24,0,Partially cloudy,22.0,0.0,78.06,8000.0,6,0
2026-01-18 20:00:00,Vinh Tuy Bridge,Outbound,20,62,0,Partially cloudy,22.0,0.0,78.06,8000.0,6,0
2026-01-18 22:30:00,Vinh Tuy Bridge,Inbound,22,0,0,Partially cloudy,20.7,0.0,89.64,9100.0,6,0
2026-01-18 22:30:00,Vinh Tuy Bridge,Outbound,22,0,0,Partially cloudy,20.7,0.0,89.64,9100.0,6,0
2026-01-17 03:00:00,Vinh Tuy Bridge,Inbound,3,0,0,Partially cloudy,20.0,0.0,93.97,5000.0,5,0
2026-01-17 03:00:00,Vinh Tuy Bridge,Outbound,3,0,0,Partially cloudy,20.0,0.0,93.97,5000.0,5,0
2026-01-17 07:10:00,Vinh Tuy Bridge,Inbound,7,48,0,Overcast,20.1,0.0,96.99,7300.0,5,0
2026-01-17 07:10:00,Vinh Tuy Bridge,Outbound,7,51,0,Overcast,20.1,0.0,96.99,7300.0,5,0
2026-01-17 07:30:00,Vinh Tuy Bridge,Inbound,7,75,0,Overcast,20.1,0.0,96.99,7300.0,5,0
2026-01-17 07:30:00,Vinh Tuy Bridge,Outbound,7,73,0,Overcast,20.1,0.0,96.99,7300.0,5,0
2026-01-17 10:00:00,Vinh Tuy Bridge,Inbound,10,134,1,Overcast,20.5,0.0,95.75,3500.0,5,0
2026-01-17 10:00:00,Vinh Tuy Bridge,Outbound,10,120,0,Overcast,20.5,0.0,95.75,3500.0,5,0
2026-01-17 12:00:00,Vinh Tuy Bridge,Inbound,12,148,1,Overcast,20.0,0.0,93.97,3000.0,5,0
2026-01-17 12:00:00,Vinh Tuy Bridge,Outbound,12,127,0,Overcast,20.0,0.0,93.97,3000.0,5,0
2026-01-17 15:00:00,Vinh Tuy Bridge,Inbound,15,174,1,Overcast,22.0,0.1,83.11,5000.0,5,0
2026-01-17 15:00:00,Vinh Tuy Bridge,Outbound,15,145,0,Overcast,22.0,0.1,83.11,5000.0,5,0
2026-01-17 16:00:00,Vinh Tuy Bridge,Inbound,16,219,1,Partially cloudy,23.1,0.0,80.56,9300.0,5,0
2026-01-17 16:00:00,Vinh Tuy Bridge,Outbound,16,193,1,Partially cloudy,23.1,0.0,80.56,9300.0,5,0
2026-01-17 17:10:00,Vinh Tuy Bridge,Inbound,17,250,1,Overcast,22.0,0.0,83.11,7000.0,5,0
2026-01-17 17:10:00,Vinh Tuy Bridge,Outbound,17,232,1,Overcast,22.0,0.0,83.11,7000.0,5,0
2026-01-17 20:00:00,Vinh Tuy Bridge,Inbound,20,55,0,Clear,20.0,0.0,93.97,6000.0,5,0
2026-01-17 20:00:00,Vinh Tuy Bridge,Outbound,20,68,0,Clear,20.0,0.0,93.97,6000.0,5,0
2026-01-17 22:30:00,Vinh Tuy Bridge,Inbound,22,0,0,Overcast,19.8,0.0,90.82,8400.0,5,0
2026-01-17 22:30:00,Vinh Tuy Bridge,Outbound,22,0,0,Overcast,19.8,0.0,90.82,8400.0,5,0
2026-01-16 03:00:00,Vinh Tuy Bridge,Inbound,3,0,0,Overcast,19.0,0.0,88.19,3000.0,4,0
2026-01-16 03:00:00,Vinh Tuy Bridge,Outbound,3,0,0,Overcast,19.0,0.0,88.19,3000.0,4,0
2026-01-16 07:10:00,Vinh Tuy Bridge,Inbound,7,46,0,Overcast,19.4,0.0,94.67,7700.0,4,0
2026-01-16 07:10:00,Vinh Tuy Bridge,Outbound,7,67,0,Overcast,19.4,0.0,94.67,7700.0,4,0
2026-01-16 07:30:00,Vinh Tuy Bridge,Inbound,7,68,0,Overcast,19.4,0.0,94.67,7700.0,4,0
2026-01-16 07:30:00,Vinh Tuy Bridge,Outbound,7,94,0,Overcast,19.4,0.0,94.67,7700.0,4,0
2026-01-16 10:00:00,Vinh Tuy Bridge,Inbound,10,49,0,Partially cloudy,22.0,0.1,82.59,8100.0,4,0
2026-01-16 10:00:00,Vinh Tuy Bridge,Outbound,10,55,0,Partially cloudy,22.0,0.1,82.59,8100.0,4,0
2026-01-16 12:00:00,Vinh Tuy Bridge,Inbound,12,55,0,Overcast,23.0,0.0,73.46,5000.0,4,0
2026-01-16 12:00:00,Vinh Tuy Bridge,Outbound,12,51,0,Overcast,23.0,0.0,73.46,5000.0,4,0
2026-01-16 15:00:00,Vinh Tuy Bridge,Inbound,15,80,0,Overcast,23.0,0.0,78.21,5000.0,4,0
2026-01-16 15:00:00,Vinh Tuy Bridge,Outbound,15,73,0,Overcast,23.0,0.0,78.21,5000.0,4,0
2026-01-16 16:00:00,Vinh Tuy Bridge,Inbound,16,140,1,Partially cloudy,24.2,0.0,70.88,8600.0,4,0
2026-01-16 16:00:00,Vinh Tuy Bridge,Outbound,16,137,0,Partially cloudy,24.2,0.0,70.88,8600.0,4,0
2026-01-16 17:10:00,Vinh Tuy Bridge,Inbound,17,255,1,Partially cloudy,23.0,0.0,78.21,4000.0,4,0
2026-01-16 17:10:00,Vinh Tuy Bridge,Outbound,17,220,1,Partially cloudy,23.0,0.0,78.21,4000.0,4,0
2026-01-16 20:00:00,Vinh Tuy Bridge,Inbound,20,77,0,Overcast,22.0,0.0,83.11,4000.0,4,0
2026-01-16 20:00:00,Vinh Tuy Bridge,Outbound,20,67,0,Overcast,22.0,0.0,83.11,4000.0,4,0
2026-01-16 22:30:00,Vinh Tuy Bridge,Inbound,22,0,0,Overcast,22.0,0.0,84.37,8800.0,4,0
2026-01-16 22:30:00,Vinh Tuy Bridge,Outbound,22,0,0,Overcast,22.0,0.0,84.37,8800.0,4,0
2026-01-15 03:00:00,Vinh Tuy Bridge,Inbound,3,0,0,Partially cloudy,19.0,0.0,82.75,5000.0,3,0
2026-01-15 03:00:00,Vinh Tuy Bridge,Outbound,3,0,0,Partially cloudy,19.0,0.0,82.75,5000.0,3,0
2026-01-15 07:10:00,Vinh Tuy Bridge,Inbound,7,63,0,Overcast,18.4,0.0,90.44,4000.0,3,0
2026-01-15 07:10:00,Vinh Tuy Bridge,Outbound,7,140,0,Overcast,18.4,0.0,90.44,4000.0,3,0
2026-01-15 07:30:00,Vinh Tuy Bridge,Inbound,7,97,1,Overcast,18.4,0.0,90.44,4000.0,3,0
2026-01-15 07:30:00,Vinh Tuy Bridge,Outbound,7,180,1,Overcast,18.4,0.0,90.44,4000.0,3,0
2026-01-15 10:00:00,Vinh Tuy Bridge,Inbound,10,46,0,Partially cloudy,20.0,0.0,81.4,8800.0,3,0
2026-01-15 10:00:00,Vinh Tuy Bridge,Outbound,10,55,0,Partially cloudy,20.0,0.0,81.4,8800.0,3,0
2026-01-15 12:00:00,Vinh Tuy Bridge,Inbound,12,36,0,Partially cloudy,21.0,0.0,68.58,6000.0,3,0
2026-01-15 12:00:00,Vinh Tuy Bridge,Outbound,12,48,0,Partially cloudy,21.0,0.0,68.58,6000.0,3,0
2026-01-15 15:00:00,Vinh Tuy Bridge,Inbound,15,46,0,Overcast,21.0,0.0,68.58,5000.0,3,0
2026-01-15 15:00:00,Vinh Tuy Bridge,Outbound,15,61,0,Overcast,21.0,0.0,68.58,5000.0,3,0
2026-01-15 16:00:00,Vinh Tuy Bridge,Inbound,16,74,0,Overcast,21.8,0.0,72.52,8400.0,3,0
2026-01-15 16:00:00,Vinh Tuy Bridge,Outbound,16,88,0,Overcast,21.8,0.0,72.52,8400.0,3,0
2026-01-15 17:10:00,Vinh Tuy Bridge,Inbound,17,131,1,Overcast,22.0,0.0,68.77,5000.0,3,0
2026-01-15 17:10:00,Vinh Tuy Bridge,Outbound,17,154,1,Overcast,22.0,0.0,68.77,5000.0,3,0
2026-01-15 20:00:00,Vinh Tuy Bridge,Inbound,20,26,0,Overcast,21.0,0.0,77.92,5000.0,3,0
2026-01-15 20:00:00,Vinh Tuy Bridge,Outbound,20,52,0,Overcast,21.0,0.0,77.92,5000.0,3,0
2026-01-15 22:30:00,Vinh Tuy Bridge,Inbound,22,0,0,Overcast,20.3,0.0,86.01,8000.0,3,0
2026-01-15 22:30:00,Vinh Tuy Bridge,Outbound,22,0,0,Overcast,20.3,0.0,86.01,8000.0,3,0
2026-01-14 03:00:00,Vinh Tuy Bridge,Inbound,3,0,0,Partially cloudy,15.0,0.0,87.84,5000.0,2,0
2026-01-14 03:00:00,Vinh Tuy Bridge,Outbound,3,0,0,Partially cloudy,15.0,0.0,87.84,5000.0,2,0
2026-01-14 07:10:00,Vinh Tuy Bridge,Inbound,7,66,0,Clear,15.4,0.0,90.06,4000.0,2,0
2026-01-14 07:10:00,Vinh Tuy Bridge,Outbound,7,157,1,Clear,15.4,0.0,90.06,4000.0,2,0
2026-01-14 07:30:00,Vinh Tuy Bridge,Inbound,7,96,1,Clear,15.4,0.0,90.06,4000.0,2,0
2026-01-14 07:30:00,Vinh Tuy Bridge,Outbound,7,200,1,Clear,15.4,0.0,90.06,4000.0,2,0
2026-01-14 10:00:00,Vinh Tuy Bridge,Inbound,10,52,0,Partially cloudy,19.8,0.0,77.14,4400.0,2,0
2026-01-14 10:00:00,Vinh Tuy Bridge,Outbound,10,57,0,Partially cloudy,19.8,0.0,77.14,4400.0,2,0
2026-01-14 12:00:00,Vinh Tuy Bridge,Inbound,12,45,0,Partially cloudy,21.0,0.0,68.58,5000.0,2,0
2026-01-14 12:00:00,Vinh Tuy Bridge,Outbound,12,51,0,Partially cloudy,21.0,0.0,68.58,5000.0,2,0
2026-01-14 15:00:00,Vinh Tuy Bridge,Inbound,15,54,0,Partially cloudy,25.0,0.0,50.46,10000.0,2,0
2026-01-14 15:00:00,Vinh Tuy Bridge,Outbound,15,68,0,Partially cloudy,25.0,0.0,50.46,10000.0,2,0
2026-01-14 16:00:00,Vinh Tuy Bridge,Inbound,16,82,0,Partially cloudy,24.7,0.0,54.17,10200.0,2,0
2026-01-14 16:00:00,Vinh Tuy Bridge,Outbound,16,104,0,Partially cloudy,24.7,0.0,54.17,10200.0,2,0
2026-01-14 17:10:00,Vinh Tuy Bridge,Inbound,17,138,1,Partially cloudy,24.0,0.0,53.58,10000.0,2,0
2026-01-14 17:10:00,Vinh Tuy Bridge,Outbound,17,156,1,Partially cloudy,24.0,0.0,53.58,10000.0,2,0
2026-01-14 20:00:00,Vinh Tuy Bridge,Inbound,20,30,0,Overcast,21.0,0.0,73.11,10000.0,2,0
2026-01-14 20:00:00,Vinh Tuy Bridge,Outbound,20,41,0,Overcast,21.0,0.0,73.11,10000.0,2,0
2026-01-14 22:30:00,Vinh Tuy Bridge,Inbound,22,0,0,Partially cloudy,19.3,0.0,84.85,9400.0,2,0
2026-01-14 22:30:00,Vinh Tuy Bridge,Outbound,22,0,0,Partially cloudy,19.3,0.0,84.85,9400.0,2,0
2026-01-13 03:00:00,Vinh Tuy Bridge,Inbound,3,0,0,Partially cloudy,14.0,0.0,93.7,5000.0,1,0
2026-01-13 03:00:00,Vinh Tuy Bridge,Outbound,3,0,0,Partially cloudy,14.0,0.0,93.7,5000.0,1,0
2026-01-13 07:10:00,Vinh Tuy Bridge,Inbound,7,68,0,Clear,14.4,0.0,95.75,3300.0,1,0
2026-01-13 07:10:00,Vinh Tuy Bridge,Outbound,7,155,1,Clear,14.4,0.0,95.75,3300.0,1,0
2026-01-13 07:30:00,Vinh Tuy Bridge,Inbound,7,94,1,Clear,14.4,0.0,95.75,3300.0,1,0
2026-01-13 07:30:00,Vinh Tuy Bridge,Outbound,7,204,1,Clear,14.4,0.0,95.75,3300.0,1,0
2026-01-13 10:00:00,Vinh Tuy Bridge,Inbound,10,61,0,Clear,19.4,0.0,72.7,8300.0,1,0
2026-01-13 10:00:00,Vinh Tuy Bridge,Outbound,10,53,0,Clear,19.4,0.0,72.7,8300.0,1,0
2026-01-13 12:00:00,Vinh Tuy Bridge,Inbound,12,57,0,Clear,23.0,0.0,49.93,9000.0,1,0
2026-01-13 12:00:00,Vinh Tuy Bridge,Outbound,12,45,0,Clear,23.0,0.0,49.93,9000.0,1,0
2026-01-13 15:00:00,Vinh Tuy Bridge,Inbound,15,67,0,Partially cloudy,24.0,0.0,44.01,8000.0,1,0
2026-01-13 15:00:00,Vinh Tuy Bridge,Outbound,15,56,0,Partially cloudy,24.0,0.0,44.01,8000.0,1,0
2026-01-13 16:00:00,Vinh Tuy Bridge,Inbound,16,96,1,Partially cloudy,24.4,0.0,44.38,9300.0,1,0
2026-01-13 16:00:00,Vinh Tuy Bridge,Outbound,16,79,0,Partially cloudy,24.4,0.0,44.38,9300.0,1,0
2026-01-13 17:10:00,Vinh Tuy Bridge,Inbound,17,155,1,Partially cloudy,23.0,0.0,49.93,7000.0,1,0
2026-01-13 17:10:00,Vinh Tuy Bridge,Outbound,17,130,0,Partially cloudy,23.0,0.0,49.93,7000.0,1,0
2026-01-13 20:00:00,Vinh Tuy Bridge,Inbound,20,35,0,Partially cloudy,20.0,0.0,56.16,6000.0,1,0
2026-01-13 20:00:00,Vinh Tuy Bridge,Outbound,20,47,0,Partially cloudy,20.0,0.0,56.16,6000.0,1,0
2026-01-13 22:30:00,Vinh Tuy Bridge,Inbound,22,0,0,Clear,18.4,0.0,76.38,8400.0,1,0
2026-01-13 22:30:00,Vinh Tuy Bridge,Outbound,22,0,0,Clear,18.4,0.0,76.38,8400.0,1,0
2026-01-12 03:00:00,Vinh Tuy Bridge,Inbound,3,0,0,Clear,14.0,0.0,82.14,5000.0,0,0
2026-01-12 03:00:00,Vinh Tuy Bridge,Outbound,3,0,0,Clear,14.0,0.0,82.14,5000.0,0,0
2026-01-12 07:10:00,Vinh Tuy Bridge,Inbound,7,139,1,Clear,13.1,0.0,93.28,4000.0,0,0
2026-01-12 07:10:00,Vinh Tuy Bridge,Outbound,7,275,1,Clear,13.1,0.0,93.28,4000.0,0,0
2026-01-12 07:30:00,Vinh Tuy Bridge,Inbound,7,178,1,Clear,13.1,0.0,93.28,4000.0,0,0
2026-01-12 07:30:00,Vinh Tuy Bridge,Outbound,7,373,1,Clear,13.1,0.0,93.28,4000.0,0,0
2026-01-12 10:00:00,Vinh Tuy Bridge,Inbound,10,45,0,Partially cloudy,18.7,0.0,71.73,8600.0,0,0
2026-01-12 10:00:00,Vinh Tuy Bridge,Outbound,10,72,0,Partially cloudy,18.7,0.0,71.73,8600.0,0,0
2026-01-12 12:00:00,Vinh Tuy Bridge,Inbound,12,33,0,Partially cloudy,21.0,0.0,56.41,10000.0,0,0
2026-01-12 12:00:00,Vinh Tuy Bridge,Outbound,12,56,0,Partially cloudy,21.0,0.0,56.41,10000.0,0,0
2026-01-12 15:00:00,Vinh Tuy Bridge,Inbound,15,46,0,Partially cloudy,23.0,0.0,53.32,8000.0,0,0
2026-01-12 15:00:00,Vinh Tuy Bridge,Outbound,15,75,0,Partially cloudy,23.0,0.0,53.32,8000.0,0,0
2026-01-12 16:00:00,Vinh Tuy Bridge,Inbound,16,76,0,Partially cloudy,23.0,0.0,54.93,9900.0,0,0
2026-01-12 16:00:00,Vinh Tuy Bridge,Outbound,16,108,0,Partially cloudy,23.0,0.0,54.93,9900.0,0,0
2026-01-12 17:10:00,Vinh Tuy Bridge,Inbound,17,132,1,Partially cloudy,22.0,0.0,56.66,9000.0,0,0
2026-01-12 17:10:00,Vinh Tuy Bridge,Outbound,17,165,1,Partially cloudy,22.0,0.0,56.66,9000.0,0,0
2026-01-12 20:00:00,Vinh Tuy Bridge,Inbound,20,23,0,Partially cloudy,19.0,0.0,68.18,6000.0,0,0
2026-01-12 20:00:00,Vinh Tuy Bridge,Outbound,20,59,0,Partially cloudy,19.0,0.0,68.18,6000.0,0,0
2026-01-12 22:30:00,Vinh Tuy Bridge,Inbound,22,0,0,Clear,18.0,0.0,83.27,8800.0,0,0
2026-01-12 22:30:00,Vinh Tuy Bridge,Outbound,22,0,0,Clear,18.0,0.0,83.27,8800.0,0,0
2026-01-11 03:00:00,Vinh Tuy Bridge,Inbound,3,0,0,Partially cloudy,12.0,0.0,87.57,4000.0,6,0
2026-01-11 03:00:00,Vinh Tuy Bridge,Outbound,3,0,0,Partially cloudy,12.0,0.0,87.57,4000.0,6,0
2026-01-11 07:10:00,Vinh Tuy Bridge,Inbound,7,17,0,Clear,12.8,0.0,93.67,3700.0,6,0
2026-01-11 07:10:00,Vinh Tuy Bridge,Outbound,7,20,0,Clear,12.8,0.0,93.67,3700.0,6,0
2026-01-11 07:30:00,Vinh Tuy Bridge,Inbound,7,24,0,Clear,12.8,0.0,93.67,3700.0,6,0
2026-01-11 07:30:00,Vinh Tuy Bridge,Outbound,7,27,0,Clear,12.8,0.0,93.67,3700.0,6,0
2026-01-11 10:00:00,Vinh Tuy Bridge,Inbound,10,34,0,Clear,18.8,0.0,60.26,9000.0,6,0
2026-01-11 10:00:00,Vinh Tuy Bridge,Outbound,10,44,0,Clear,18.8,0.0,60.26,9000.0,6,0
2026-01-11 12:00:00,Vinh Tuy Bridge,Inbound,12,43,0,Clear,22.0,0.0,37.92,10000.0,6,0
2026-01-11 12:00:00,Vinh Tuy Bridge,Outbound,12,58,0,Clear,22.0,0.0,37.92,10000.0,6,0
2026-01-11 15:00:00,Vinh Tuy Bridge,Inbound,15,66,0,Clear,23.0,0.0,35.69,10000.0,6,0
2026-01-11 15:00:00,Vinh Tuy Bridge,Outbound,15,87,0,Clear,23.0,0.0,35.69,10000.0,6,0
2026-01-11 16:00:00,Vinh Tuy Bridge,Inbound,16,92,1,Clear,23.0,0.0,35.8,10200.0,6,0
2026-01-11 16:00:00,Vinh Tuy Bridge,Outbound,16,115,0,Clear,23.0,0.0,35.8,10200.0,6,0
2026-01-11 17:10:00,Vinh Tuy Bridge,Inbound,17,96,1,Partially cloudy,22.0,0.0,35.4,10000.0,6,0
2026-01-11 17:10:00,Vinh Tuy Bridge,Outbound,17,149,1,Partially cloudy,22.0,0.0,35.4,10000.0,6,0
2026-01-11 20:00:00,Vinh Tuy Bridge,Inbound,20,24,0,Partially cloudy,17.0,0.0,63.4,6000.0,6,0
2026-01-11 20:00:00,Vinh Tuy Bridge,Outbound,20,62,0,Partially cloudy,17.0,0.0,63.4,6000.0,6,0
2026-01-11 22:30:00,Vinh Tuy Bridge,Inbound,22,0,0,Clear,16.3,0.0,68.94,9100.0,6,0
2026-01-11 22:30:00,Vinh Tuy Bridge,Outbound,22,0,0,Clear,16.3,0.0,68.94,9100.0,6,0
2026-01-10 03:00:00,Vinh Tuy Bridge,Inbound,3,0,0,Clear,12.0,0.0,81.88,5000.0,5,0
2026-01-10 03:00:00,Vinh Tuy Bridge,Outbound,3,0,0,Clear,12.0,0.0,81.88,5000.0,5,0
2026-01-10 07:10:00,Vinh Tuy Bridge,Inbound,7,48,0,Clear,10.1,0.0,95.98,3400.0,5,0
2026-01-10 07:10:00,Vinh Tuy Bridge,Outbound,7,51,0,Clear,10.1,0.0,95.98,3400.0,5,0
2026-01-10 07:30:00,Vinh Tuy Bridge,Inbound,7,75,0,Clear,10.1,0.0,95.98,3400.0,5,0
2026-01-10 07:30:00,Vinh Tuy Bridge,Outbound,7,73,0,Clear,10.1,0.0,95.98,3400.0,5,0
2026-01-10 10:00:00,Vinh Tuy Bridge,Inbound,10,134,1,Clear,18.1,0.0,63.81,9300.0,5,0
2026-01-10 10:00:00,Vinh Tuy Bridge,Outbound,10,120,0,Clear,18.1,0.0,63.81,9300.0,5,0
2026-01-10 12:00:00,Vinh Tuy Bridge,Inbound,12,148,1,Clear,21.0,0.0,43.17,10000.0,5,0
2026-01-10 12:00:00,Vinh Tuy Bridge,Outbound,12,127,0,Clear,21.0,0.0,43.17,10000.0,5,0
2026-01-10 15:00:00,Vinh Tuy Bridge,Inbound,15,174,1,Partially cloudy,22.0,0.0,43.45,9000.0,5,0
2026-01-10 15:00:00,Vinh Tuy Bridge,Outbound,15,145,0,Partially cloudy,22.0,0.0,43.45,9000.0,5,0
2026-01-10 16:00:00,Vinh Tuy Bridge,Inbound,16,219,1,Clear,22.0,0.0,43.17,9900.0,5,0
2026-01-10 16:00:00,Vinh Tuy Bridge,Outbound,16,193,1,Clear,22.0,0.0,43.17,9900.0,5,0
2026-01-10 17:10:00,Vinh Tuy Bridge,Inbound,17,250,1,Partially cloudy,21.0,0.0,46.19,8000.0,5,0
2026-01-10 17:10:00,Vinh Tuy Bridge,Outbound,17,232,1,Partially cloudy,21.0,0.0,46.19,8000.0,5,0
2026-01-10 20:00:00,Vinh Tuy Bridge,Inbound,20,55,0,Partially cloudy,17.0,0.0,67.77,7000.0,5,0
2026-01-10 20:00:00,Vinh Tuy Bridge,Outbound,20,68,0,Partially cloudy,17.0,0.0,67.77,7000.0,5,0
2026-01-10 22:30:00,Vinh Tuy Bridge,Inbound,22,0,0,Partially cloudy,14.7,0.0,77.54,9100.0,5,0
2026-01-10 22:30:00,Vinh Tuy Bridge,Outbound,22,0,0,Partially cloudy,14.7,0.0,77.54,9100.0,5,0
2026-01-09 03:00:00,Vinh Tuy Bridge,Inbound,3,0,0,Clear,12.0,0.0,81.88,5000.0,4,0
2026-01-09 03:00:00,Vinh Tuy Bridge,Outbound,3,0,0,Clear,12.0,0.0,81.88,5000.0,4,0
2026-01-09 07:10:00,Vinh Tuy Bridge,Inbound,7,46,0,Clear,10.1,0.0,96.41,4100.0,4,0
2026-01-09 07:10:00,Vinh Tuy Bridge,Outbound,7,67,0,Clear,10.1,0.0,96.41,4100.0,4,0
2026-01-09 07:30:00,Vinh Tuy Bridge,Inbound,7,68,0,Clear,10.1,0.0,96.41,4100.0,4,0
2026-01-09 07:30:00,Vinh Tuy Bridge,Outbound,7,94,0,Clear,10.1,0.0,96.41,4100.0,4,0
2026-01-09 10:00:00,Vinh Tuy Bridge,Inbound,10,49,0,Clear,16.5,0.0,67.59,9000.0,4,0
2026-01-09 10:00:00,Vinh Tuy Bridge,Outbound,10,55,0,Clear,16.5,0.0,67.59,9000.0,4,0
2026-01-09 12:00:00,Vinh Tuy Bridge,Inbound,12,55,0,Partially cloudy,20.0,0.0,49.13,7000.0,4,0
2026-01-09 12:00:00,Vinh Tuy Bridge,Outbound,12,51,0,Partially cloudy,20.0,0.0,49.13,7000.0,4,0
2026-01-09 15:00:00,Vinh Tuy Bridge,Inbound,15,80,0,Overcast,22.0,0.0,40.6,8000.0,4,0
2026-01-09 15:00:00,Vinh Tuy Bridge,Outbound,15,73,0,Overcast,22.0,0.0,40.6,8000.0,4,0
2026-01-09 16:00:00,Vinh Tuy Bridge,Inbound,16,140,1,Partially cloudy,21.4,0.0,40.65,9300.0,4,0
2026-01-09 16:00:00,Vinh Tuy Bridge,Outbound,16,137,0,Partially cloudy,21.4,0.0,40.65,9300.0,4,0
2026-01-09 17:10:00,Vinh Tuy Bridge,Inbound,17,255,1,Partially cloudy,20.0,0.0,45.91,7000.0,4,0
2026-01-09 17:10:00,Vinh Tuy Bridge,Outbound,17,273,1,Partially cloudy,20.0,0.0,45.91,7000.0,4,0
2026-01-09 20:00:00,Vinh Tuy Bridge,Inbound,20,77,0,Partially cloudy,16.0,0.0,67.56,5000.0,4,0
2026-01-09 20:00:00,Vinh Tuy Bridge,Outbound,20,67,0,Partially cloudy,16.0,0.0,67.56,5000.0,4,0
2026-01-09 22:30:00,Vinh Tuy Bridge,Inbound,22,0,0,Clear,15.8,0.0,69.35,9100.0,4,0
2026-01-09 22:30:00,Vinh Tuy Bridge,Outbound,22,0,0,Clear,15.8,0.0,69.35,9100.0,4,0
2026-01-08 03:00:00,Vinh Tuy Bridge,Inbound,3,0,0,Clear,12.0,0.0,81.88,8000.0,3,0
2026-01-08 03:00:00,Vinh Tuy Bridge,Outbound,3,0,0,Clear,12.0,0.0,81.88,8000.0,3,0
2026-01-08 07:10:00,Vinh Tuy Bridge,Inbound,7,63,0,Clear,10.0,0.0,92.77,4400.0,3,0
2026-01-08 07:10:00,Vinh Tuy Bridge,Outbound,7,140,0,Clear,10.0,0.0,92.77,4400.0,3,0
2026-01-08 07:30:00,Vinh Tuy Bridge,Inbound,7,97,1,Clear,10.0,0.0,92.77,4400.0,3,0
2026-01-08 07:30:00,Vinh Tuy Bridge,Outbound,7,180,1,Clear,10.0,0.0,92.77,4400.0,3,0
2026-01-08 10:00:00,Vinh Tuy Bridge,Inbound,10,46,0,Clear,18.0,0.0,51.82,10200.0,3,0
2026-01-08 10:00:00,Vinh Tuy Bridge,Outbound,10,55,0,Clear,18.0,0.0,51.82,10200.0,3,0
2026-01-08 12:00:00,Vinh Tuy Bridge,Inbound,12,36,0,Clear,20.0,0.0,37.34,10000.0,3,0
2026-01-08 12:00:00,Vinh Tuy Bridge,Outbound,12,48,0,Clear,20.0,0.0,37.34,10000.0,3,0
2026-01-08 15:00:00,Vinh Tuy Bridge,Inbound,15,46,0,Clear,21.0,0.0,37.64,10000.0,3,0
2026-01-08 15:00:00,Vinh Tuy Bridge,Outbound,15,61,0,Clear,21.0,0.0,37.64,10000.0,3,0
2026-01-08 16:00:00,Vinh Tuy Bridge,Inbound,16,74,0,Clear,20.4,0.0,37.33,10200.0,3,0
2026-01-08 16:00:00,Vinh Tuy Bridge,Outbound,16,88,0,Clear,20.4,0.0,37.33,10200.0,3,0
2026-01-08 17:10:00,Vinh Tuy Bridge,Inbound,17,131,1,Clear,19.0,0.0,48.86,10000.0,3,0
2026-01-08 17:10:00,Vinh Tuy Bridge,Outbound,17,154,1,Clear,19.0,0.0,48.86,10000.0,3,0
2026-01-08 20:00:00,Vinh Tuy Bridge,Inbound,20,26,0,Clear,16.0,0.0,63.17,7000.0,3,0
2026-01-08 20:00:00,Vinh Tuy Bridge,Outbound,20,52,0,Clear,16.0,0.0,63.17,7000.0,3,0
2026-01-08 22:30:00,Vinh Tuy Bridge,Inbound,22,0,0,Clear,12.7,0.0,82.06,9100.0,3,0
2026-01-08 22:30:00,Vinh Tuy Bridge,Outbound,22,0,0,Clear,12.7,0.0,82.06,9100.0,3,0
2026-01-07 03:00:00,Vinh Tuy Bridge,Inbound,3,0,0,Clear,11.0,0.0,93.55,6000.0,2,0
2026-01-07 03:00:00,Vinh Tuy Bridge,Outbound,3,0,0,Clear,11.0,0.0,93.55,6000.0,2,0
2026-01-07 07:10:00,Vinh Tuy Bridge,Inbound,7,66,0,Clear,10.0,0.0,93.5,4000.0,2,0
2026-01-07 07:10:00,Vinh Tuy Bridge,Outbound,7,157,1,Clear,10.0,0.0,93.5,4000.0,2,0
2026-01-07 07:30:00,Vinh Tuy Bridge,Inbound,7,96,1,Clear,10.0,0.0,93.5,4000.0,2,0
2026-01-07 07:30:00,Vinh Tuy Bridge,Outbound,7,200,1,Clear,10.0,0.0,93.5,4000.0,2,0
2026-01-07 10:00:00,Vinh Tuy Bridge,Inbound,10,52,0,Clear,16.7,0.0,49.71,16700.0,2,0
2026-01-07 10:00:00,Vinh Tuy Bridge,Outbound,10,57,0,Clear,16.7,0.0,49.71,16700.0,2,0
2026-01-07 12:00:00,Vinh Tuy Bridge,Inbound,12,45,0,Clear,18.0,0.0,42.31,10000.0,2,0
2026-01-07 12:00:00,Vinh Tuy Bridge,Outbound,12,51,0,Clear,18.0,0.0,42.31,10000.0,2,0
2026-01-07 15:00:00,Vinh Tuy Bridge,Inbound,15,54,0,Clear,20.0,0.0,40.03,10000.0,2,0
2026-01-07 15:00:00,Vinh Tuy Bridge,Outbound,15,68,0,Clear,20.0,0.0,40.03,10000.0,2,0
2026-01-07 16:00:00,Vinh Tuy Bridge,Inbound,16,82,0,Clear,19.4,0.0,41.1,16900.0,2,0
2026-01-07 16:00:00,Vinh Tuy Bridge,Outbound,16,104,0,Clear,19.4,0.0,41.1,16900.0,2,0
2026-01-07 17:10:00,Vinh Tuy Bridge,Inbound,17,138,1,Partially cloudy,18.0,0.0,48.58,10000.0,2,0
2026-01-07 17:10:00,Vinh Tuy Bridge,Outbound,17,156,1,Partially cloudy,18.0,0.0,48.58,10000.0,2,0
2026-01-07 20:00:00,Vinh Tuy Bridge,Inbound,20,30,0,Partially cloudy,14.0,0.0,71.85,6000.0,2,0
2026-01-07 20:00:00,Vinh Tuy Bridge,Outbound,20,41,0,Partially cloudy,14.0,0.0,71.85,6000.0,2,0
2026-01-07 22:30:00,Vinh Tuy Bridge,Inbound,22,0,0,Clear,12.7,0.0,84.18,9400.0,2,0
2026-01-07 22:30:00,Vinh Tuy Bridge,Outbound,22,0,0,Clear,12.7,0.0,84.18,9400.0,2,0
2026-01-06 03:00:00,Vinh Tuy Bridge,Inbound,3,0,0,Overcast,14.0,0.0,71.85,10000.0,1,0
2026-01-06 03:00:00,Vinh Tuy Bridge,Outbound,3,0,0,Overcast,14.0,0.0,71.85,10000.0,1,0
2026-01-06 07:10:00,Vinh Tuy Bridge,Inbound,7,68,0,Overcast,14.0,0.0,71.78,10200.0,1,0
2026-01-06 07:10:00,Vinh Tuy Bridge,Outbound,7,155,1,Overcast,14.0,0.0,71.78,10200.0,1,0
2026-01-06 07:30:00,Vinh Tuy Bridge,Inbound,7,94,1,Overcast,14.0,0.0,71.78,10200.0,1,0
2026-01-06 07:30:00,Vinh Tuy Bridge,Outbound,7,204,1,Overcast,14.0,0.0,71.78,10200.0,1,0
2026-01-06 10:00:00,Vinh Tuy Bridge,Inbound,10,61,0,Overcast,15.0,0.0,66.76,10000.0,1,0
2026-01-06 10:00:00,Vinh Tuy Bridge,Outbound,10,53,0,Overcast,15.0,0.0,66.76,10000.0,1,0
2026-01-06 12:00:00,Vinh Tuy Bridge,Inbound,12,57,0,Overcast,14.0,0.0,62.72,10000.0,1,0
2026-01-06 12:00:00,Vinh Tuy Bridge,Outbound,12,45,0,Overcast,14.0,0.0,62.72,10000.0,1,0
2026-01-06 15:00:00,Vinh Tuy Bridge,Inbound,15,67,0,Clear,15.0,0.0,58.79,10000.0,1,0
2026-01-06 15:00:00,Vinh Tuy Bridge,Outbound,15,56,0,Clear,15.0,0.0,58.79,10000.0,1,0
2026-01-06 16:00:00,Vinh Tuy Bridge,Inbound,16,96,1,Partially cloudy,15.1,0.0,55.49,10200.0,1,0
2026-01-06 16:00:00,Vinh Tuy Bridge,Outbound,16,79,0,Partially cloudy,15.1,0.0,55.49,10200.0,1,0
2026-01-06 17:10:00,Vinh Tuy Bridge,Inbound,17,155,1,Overcast,15.0,0.0,62.95,10000.0,1,0
2026-01-06 17:10:00,Vinh Tuy Bridge,Outbound,17,130,0,Overcast,15.0,0.0,62.95,10000.0,1,0
2026-01-06 20:00:00,Vinh Tuy Bridge,Inbound,20,35,0,Clear,14.0,0.0,76.84,7000.0,1,0
2026-01-06 20:00:00,Vinh Tuy Bridge,Outbound,20,47,0,Clear,14.0,0.0,76.84,7000.0,1,0
2026-01-06 22:30:00,Vinh Tuy Bridge,Inbound,22,0,0,Clear,12.0,0.0,89.8,9100.0,1,0
2026-01-06 22:30:00,Vinh Tuy Bridge,Outbound,22,0,0,Clear,12.0,0.0,89.8,9100.0,1,0
2026-01-05 03:00:00,Vinh Tuy Bridge,Inbound,3,0,0,Overcast,17.0,0.0,93.84,5000.0,0,0
2026-01-05 03:00:00,Vinh Tuy Bridge,Outbound,3,0,0,Overcast,17.0,0.0,93.84,5000.0,0,0
2026-01-05 07:10:00,Vinh Tuy Bridge,Inbound,7,139,1,Overcast,17.4,0.0,86.96,8600.0,0,0
2026-01-05 07:10:00,Vinh Tuy Bridge,Outbound,7,275,1,Overcast,17.4,0.0,86.96,8600.0,0,0
2026-01-05 07:30:00,Vinh Tuy Bridge,Inbound,7,178,1,Overcast,17.4,0.0,86.96,8600.0,0,0
2026-01-05 07:30:00,Vinh Tuy Bridge,Outbound,7,373,1,Overcast,17.4,0.0,86.96,8600.0,0,0
2026-01-05 10:00:00,Vinh Tuy Bridge,Inbound,10,45,0,Overcast,16.8,0.0,77.72,10000.0,0,0
2026-01-05 10:00:00,Vinh Tuy Bridge,Outbound,10,72,0,Overcast,16.8,0.0,77.72,10000.0,0,0
2026-01-05 12:00:00,Vinh Tuy Bridge,Inbound,12,33,0,Overcast,16.0,0.0,77.16,10000.0,0,0
2026-01-05 12:00:00,Vinh Tuy Bridge,Outbound,12,56,0,Overcast,16.0,0.0,77.16,10000.0,0,0
2026-01-05 15:00:00,Vinh Tuy Bridge,Inbound,15,46,0,Overcast,15.0,0.0,72.03,10000.0,0,0
2026-01-05 15:00:00,Vinh Tuy Bridge,Outbound,15,75,0,Overcast,15.0,0.0,72.03,10000.0,0,0
2026-01-05 16:00:00,Vinh Tuy Bridge,Inbound,16,76,0,Overcast,15.0,0.0,71.74,10000.0,0,0
2026-01-05 16:00:00,Vinh Tuy Bridge,Outbound,16,108,0,Overcast,15.0,0.0,71.74,10000.0,0,0
2026-01-05 17:10:00,Vinh Tuy Bridge,Inbound,17,132,1,Overcast,15.0,0.0,67.36,10000.0,0,0
2026-01-05 17:10:00,Vinh Tuy Bridge,Outbound,17,165,1,Overcast,15.0,0.0,67.36,10000.0,0,0
2026-01-05 20:00:00,Vinh Tuy Bridge,Inbound,20,23,0,Overcast,15.0,0.0,67.36,10000.0,0,0
2026-01-05 20:00:00,Vinh Tuy Bridge,Outbound,20,59,0,Overcast,15.0,0.0,67.36,10000.0,0,0
2026-01-05 22:30:00,Vinh Tuy Bridge,Inbound,22,0,0,Overcast,15.0,0.0,67.87,10000.0,0,0
2026-01-05 22:30:00,Vinh Tuy Bridge,Outbound,22,0,0,Overcast,15.0,0.0,67.87,10000.0,0,0
2026-01-04 03:00:00,Vinh Tuy Bridge,Inbound,3,0,0,Overcast,15.0,0.0,87.84,7000.0,6,0
2026-01-04 03:00:00,Vinh Tuy Bridge,Outbound,3,0,0,Overcast,15.0,0.0,87.84,7000.0,6,0
2026-01-04 07:10:00,Vinh Tuy Bridge,Inbound,7,17,0,Overcast,16.2,0.0,82.58,9000.0,6,0
2026-01-04 07:10:00,Vinh Tuy Bridge,Outbound,7,20,0,Overcast,16.2,0.0,82.58,9000.0,6,0
2026-01-04 07:30:00,Vinh Tuy Bridge,Inbound,7,24,0,Overcast,16.2,0.0,82.58,9000.0,6,0
2026-01-04 07:30:00,Vinh Tuy Bridge,Outbound,7,27,0,Overcast,16.2,0.0,82.58,9000.0,6,0
2026-01-04 10:00:00,Vinh Tuy Bridge,Inbound,10,34,0,Overcast,17.8,0.0,73.74,9300.0,6,0
2026-01-04 10:00:00,Vinh Tuy Bridge,Outbound,10,44,0,Overcast,17.8,0.0,73.74,9300.0,6,0
2026-01-04 12:00:00,Vinh Tuy Bridge,Inbound,12,43,0,Overcast,19.0,0.0,72.76,7000.0,6,0
2026-01-04 12:00:00,Vinh Tuy Bridge,Outbound,12,58,0,Overcast,19.0,0.0,72.76,7000.0,6,0
2026-01-04 15:00:00,Vinh Tuy Bridge,Inbound,15,66,0,Overcast,21.0,0.1,68.58,7000.0,6,0
2026-01-04 15:00:00,Vinh Tuy Bridge,Outbound,15,87,0,Overcast,21.0,0.1,68.58,7000.0,6,0
2026-01-04 16:00:00,Vinh Tuy Bridge,Inbound,16,92,1,Overcast,21.8,0.0,70.33,8800.0,6,0
2026-01-04 16:00:00,Vinh Tuy Bridge,Outbound,16,115,0,Overcast,21.8,0.0,70.33,8800.0,6,0
2026-01-04 17:10:00,Vinh Tuy Bridge,Inbound,17,96,1,Overcast,20.0,0.0,77.77,5000.0,6,0
2026-01-04 17:10:00,Vinh Tuy Bridge,Outbound,17,149,1,Overcast,20.0,0.0,77.77,5000.0,6,0
2026-01-04 20:00:00,Vinh Tuy Bridge,Inbound,20,24,0,Partially cloudy,19.0,0.0,82.75,5000.0,6,0
2026-01-04 20:00:00,Vinh Tuy Bridge,Outbound,20,62,0,Partially cloudy,19.0,0.0,82.75,5000.0,6,0
2026-01-04 22:30:00,Vinh Tuy Bridge,Inbound,22,0,0,Overcast,17.5,0.0,90.66,7800.0,6,0
2026-01-04 22:30:00,Vinh Tuy Bridge,Outbound,22,0,0,Overcast,17.5,0.0,90.66,7800.0,6,0
2026-01-03 03:00:00,Vinh Tuy Bridge,Inbound,3,0,0,Overcast,13.0,0.0,82.01,10000.0,5,0
2026-01-03 03:00:00,Vinh Tuy Bridge,Outbound,3,0,0,Overcast,13.0,0.0,82.01,10000.0,5,0
2026-01-03 07:10:00,Vinh Tuy Bridge,Inbound,7,48,0,Overcast,14.2,0.0,79.49,10100.0,5,0
2026-01-03 07:10:00,Vinh Tuy Bridge,Outbound,7,51,0,Overcast,14.2,0.0,79.49,10100.0,5,0
2026-01-03 07:30:00,Vinh Tuy Bridge,Inbound,7,75,0,Overcast,14.2,0.0,79.49,10100.0,5,0
2026-01-03 07:30:00,Vinh Tuy Bridge,Outbound,7,73,0,Overcast,14.2,0.0,79.49,10100.0,5,0
2026-01-03 10:00:00,Vinh Tuy Bridge,Inbound,10,134,1,Overcast,15.3,0.0,76.99,10000.0,5,0
2026-01-03 10:00:00,Vinh Tuy Bridge,Outbound,10,120,0,Overcast,15.3,0.0,76.99,10000.0,5,0
2026-01-03 12:00:00,Vinh Tuy Bridge,Inbound,12,148,1,Overcast,16.0,0.0,72.22,10000.0,5,0
2026-01-03 12:00:00,Vinh Tuy Bridge,Outbound,12,127,0,Overcast,16.0,0.0,72.22,10000.0,5,0
2026-01-03 15:00:00,Vinh Tuy Bridge,Inbound,15,174,1,Clear,17.0,0.0,67.77,10000.0,5,0
2026-01-03 15:00:00,Vinh Tuy Bridge,Outbound,15,145,0,Clear,17.0,0.0,67.77,10000.0,5,0
2026-01-03 16:00:00,Vinh Tuy Bridge,Inbound,16,219,1,Partially cloudy,17.2,0.0,68.93,10000.0,5,0
2026-01-03 16:00:00,Vinh Tuy Bridge,Outbound,16,193,1,Partially cloudy,17.2,0.0,68.93,10000.0,5,0
2026-01-03 17:10:00,Vinh Tuy Bridge,Inbound,17,250,1,Clear,16.0,0.0,72.22,10000.0,5,0
2026-01-03 17:10:00,Vinh Tuy Bridge,Outbound,17,232,1,Clear,16.0,0.0,72.22,10000.0,5,0
2026-01-03 20:00:00,Vinh Tuy Bridge,Inbound,20,55,0,Overcast,16.0,0.0,77.16,8000.0,5,0
2026-01-03 20:00:00,Vinh Tuy Bridge,Outbound,20,68,0,Overcast,16.0,0.0,77.16,8000.0,5,0
2026-01-03 22:30:00,Vinh Tuy Bridge,Inbound,22,0,0,Overcast,16.2,0.0,81.89,9400.0,5,0
2026-01-03 22:30:00,Vinh Tuy Bridge,Outbound,22,0,0,Overcast,16.2,0.0,81.89,9400.0,5,0
2026-01-02 03:00:00,Vinh Tuy Bridge,Inbound,3,0,0,Overcast,17.0,0.1,77.31,10000.0,4,0
2026-01-02 03:00:00,Vinh Tuy Bridge,Outbound,3,0,0,Overcast,17.0,0.1,77.31,10000.0,4,0
2026-01-02 07:10:00,Vinh Tuy Bridge,Inbound,7,46,0,Overcast,16.0,0.1,80.05,10200.0,4,0
2026-01-02 07:10:00,Vinh Tuy Bridge,Outbound,7,67,0,Overcast,16.0,0.1,80.05,10200.0,4,0
2026-01-02 07:30:00,Vinh Tuy Bridge,Inbound,7,68,0,Overcast,16.0,0.1,80.05,10200.0,4,0
2026-01-02 07:30:00,Vinh Tuy Bridge,Outbound,7,94,0,Overcast,16.0,0.1,80.05,10200.0,4,0
2026-01-02 10:00:00,Vinh Tuy Bridge,Inbound,10,49,0,Overcast,16.4,0.1,79.23,10000.0,4,0
2026-01-02 10:00:00,Vinh Tuy Bridge,Outbound,10,55,0,Overcast,16.4,0.1,79.23,10000.0,4,0
2026-01-02 12:00:00,Vinh Tuy Bridge,Inbound,12,55,0,Overcast,16.0,0.0,72.22,10000.0,4,0
2026-01-02 12:00:00,Vinh Tuy Bridge,Outbound,12,51,0,Overcast,16.0,0.0,72.22,10000.0,4,0
2026-01-02 15:00:00,Vinh Tuy Bridge,Inbound,15,80,0,Overcast,16.0,0.0,72.22,10000.0,4,0
2026-01-02 15:00:00,Vinh Tuy Bridge,Outbound,15,73,0,Overcast,16.0,0.0,72.22,10000.0,4,0
2026-01-02 16:00:00,Vinh Tuy Bridge,Inbound,16,140,1,Overcast,16.0,0.0,74.32,10000.0,4,0
2026-01-02 16:00:00,Vinh Tuy Bridge,Outbound,16,137,0,Overcast,16.0,0.0,74.32,10000.0,4,0
2026-01-02 17:10:00,Vinh Tuy Bridge,Inbound,17,255,1,Overcast,15.0,0.0,77.0,10000.0,4,0
2026-01-02 17:10:00,Vinh Tuy Bridge,Outbound,17,273,1,Overcast,15.0,0.0,77.0,10000.0,4,0
2026-01-02 20:00:00,Vinh Tuy Bridge,Inbound,20,77,0,Overcast,15.0,0.0,77.0,10000.0,4,0
2026-01-02 20:00:00,Vinh Tuy Bridge,Outbound,20,67,0,Overcast,15.0,0.0,77.0,10000.0,4,0
2026-01-02 22:30:00,Vinh Tuy Bridge,Inbound,22,0,0,Overcast,14.8,0.0,77.66,10000.0,4,0
2026-01-02 22:30:00,Vinh Tuy Bridge,Outbound,22,0,0,Overcast,14.8,0.0,77.66,10000.0,4,0
2026-01-01 03:00:00,Vinh Tuy Bridge,Inbound,3,0,0,"Rain, Overcast",20.0,0.3,77.77,7000.0,3,1
2026-01-01 03:00:00,Vinh Tuy Bridge,Outbound,3,0,0,"Rain, Overcast",20.0,0.3,77.77,7000.0,3,1
2026-01-01 07:10:00,Vinh Tuy Bridge,Inbound,7,63,0,Overcast,19.4,0.0,88.69,4600.0,3,1
2026-01-01 07:10:00,Vinh Tuy Bridge,Outbound,7,140,0,Overcast,19.4,0.0,88.69,4600.0,3,1
2026-01-01 07:30:00,Vinh Tuy Bridge,Inbound,7,97,1,Overcast,19.4,0.0,88.69,4600.0,3,1
2026-01-01 07:30:00,Vinh Tuy Bridge,Outbound,7,180,1,Overcast,19.4,0.0,88.69,4600.0,3,1
2026-01-01 10:00:00,Vinh Tuy Bridge,Inbound,10,46,0,Overcast,22.4,0.1,78.64,8400.0,3,1
2026-01-01 10:00:00,Vinh Tuy Bridge,Outbound,10,55,0,Overcast,22.4,0.1,78.64,8400.0,3,1
2026-01-01 12:00:00,Vinh Tuy Bridge,Inbound,12,36,0,"Rain, Overcast",23.0,0.3,73.46,5000.0,3,1
2026-01-01 12:00:00,Vinh Tuy Bridge,Outbound,12,48,0,"Rain, Overcast",23.0,0.3,73.46,5000.0,3,1
2026-01-01 15:00:00,Vinh Tuy Bridge,Inbound,15,46,0,Partially cloudy,25.0,0.2,69.36,8000.0,3,1
2026-01-01 15:00:00,Vinh Tuy Bridge,Outbound,15,61,0,Partially cloudy,25.0,0.2,69.36,8000.0,3,1
2026-01-01 16:00:00,Vinh Tuy Bridge,Inbound,16,74,0,"Rain, Partially cloudy",24.7,0.5,69.06,9600.0,3,1
2026-01-01 16:00:00,Vinh Tuy Bridge,Outbound,16,88,0,"Rain, Partially cloudy",24.7,0.5,69.06,9600.0,3,1
2026-01-01 17:10:00,Vinh Tuy Bridge,Inbound,17,131,1,"Rain, Partially cloudy",23.0,0.4,73.46,10000.0,3,1
2026-01-01 17:10:00,Vinh Tuy Bridge,Outbound,17,154,1,"Rain, Partially cloudy",23.0,0.4,73.46,10000.0,3,1
2026-01-01 20:00:00,Vinh Tuy Bridge,Inbound,20,26,0,Overcast,19.0,0.2,88.19,7000.0,3,1
2026-01-01 20:00:00,Vinh Tuy Bridge,Outbound,20,52,0,Overcast,19.0,0.2,88.19,7000.0,3,1
2026-01-01 22:30:00,Vinh Tuy Bridge,Inbound,22,0,0,"Rain, Overcast",18.6,0.5,81.65,10000.0,3,1
2026-01-01 22:30:00,Vinh Tuy Bridge,Outbound,22,0,0,"Rain, Overcast",18.6,0.5,81.65,10000.0,3,1
2025-12-31 03:00:00,Vinh Tuy Bridge,Inbound,3,0,0,Overcast,19.0,0.0,93.93,3000.0,2,0
2025-12-31 03:00:00,Vinh Tuy Bridge,Outbound,3,0,0,Overcast,19.0,0.0,93.93,3000.0,2,0
2025-12-31 07:10:00,Vinh Tuy Bridge,Inbound,7,66,0,Overcast,19.4,0.0,92.36,4000.0,2,0
2025-12-31 07:10:00,Vinh Tuy Bridge,Outbound,7,157,1,Overcast,19.4,0.0,92.36,4000.0,2,0
2025-12-31 07:30:00,Vinh Tuy Bridge,Inbound,7,96,1,Overcast,19.4,0.0,92.36,4000.0,2,0
2025-12-31 07:30:00,Vinh Tuy Bridge,Outbound,7,200,1,Overcast,19.4,0.0,92.36,4000.0,2,0
2025-12-31 10:00:00,Vinh Tuy Bridge,Inbound,10,52,0,Overcast,20.8,0.1,83.81,8400.0,2,0
2025-12-31 10:00:00,Vinh Tuy Bridge,Outbound,10,57,0,Overcast,20.8,0.1,83.81,8400.0,2,0
2025-12-31 12:00:00,Vinh Tuy Bridge,Inbound,12,45,0,Overcast,22.0,0.2,73.29,6000.0,2,0
2025-12-31 12:00:00,Vinh Tuy Bridge,Outbound,12,51,0,Overcast,22.0,0.2,73.29,6000.0,2,0
2025-12-31 15:00:00,Vinh Tuy Bridge,Inbound,15,54,0,Overcast,23.0,0.2,73.46,8000.0,2,0
2025-12-31 15:00:00,Vinh Tuy Bridge,Outbound,15,68,0,Overcast,23.0,0.2,73.46,8000.0,2,0
2025-12-31 16:00:00,Vinh Tuy Bridge,Inbound,16,82,0,Overcast,23.7,0.0,70.09,10000.0,2,0
2025-12-31 16:00:00,Vinh Tuy Bridge,Outbound,16,104,0,Overcast,23.7,0.0,70.09,10000.0,2,0
2025-12-31 17:10:00,Vinh Tuy Bridge,Inbound,17,138,1,Partially cloudy,23.0,0.0,64.72,10000.0,2,0
2025-12-31 17:10:00,Vinh Tuy Bridge,Outbound,17,156,1,Partially cloudy,23.0,0.0,64.72,10000.0,2,0
2025-12-31 20:00:00,Vinh Tuy Bridge,Inbound,20,30,0,Partially cloudy,21.0,0.0,73.11,9000.0,2,0
2025-12-31 20:00:00,Vinh Tuy Bridge,Outbound,20,41,0,Partially cloudy,21.0,0.0,73.11,9000.0,2,0
2025-12-31 22:30:00,Vinh Tuy Bridge,Inbound,22,0,0,Partially cloudy,20.1,0.0,83.14,9100.0,2,0
2025-12-31 22:30:00,Vinh Tuy Bridge,Outbound,22,0,0,Partially cloudy,20.1,0.0,83.14,9100.0,2,0
2025-12-30 03:00:00,Vinh Tuy Bridge,Inbound,3,0,0,Partially cloudy,19.0,0.0,77.62,8000.0,1,0
2025-12-30 03:00:00,Vinh Tuy Bridge,Outbound,3,0,0,Partially cloudy,19.0,0.0,77.62,8000.0,1,0
2025-12-30 07:10:00,Vinh Tuy Bridge,Inbound,7,68,0,Overcast,19.1,0.0,88.21,4300.0,1,0
2025-12-30 07:10:00,Vinh Tuy Bridge,Outbound,7,155,1,Overcast,19.1,0.0,88.21,4300.0,1,0
2025-12-30 07:30:00,Vinh Tuy Bridge,Inbound,7,94,1,Overcast,19.1,0.0,88.21,4300.0,1,0
2025-12-30 07:30:00,Vinh Tuy Bridge,Outbound,7,204,1,Overcast,19.1,0.0,88.21,4300.0,1,0
2025-12-30 10:00:00,Vinh Tuy Bridge,Inbound,10,61,0,Overcast,20.5,0.0,74.39,8800.0,1,0
2025-12-30 10:00:00,Vinh Tuy Bridge,Outbound,10,53,0,Overcast,20.5,0.0,74.39,8800.0,1,0
2025-12-30 12:00:00,Vinh Tuy Bridge,Inbound,12,57,0,Partially cloudy,22.0,0.0,68.77,5000.0,1,0
2025-12-30 12:00:00,Vinh Tuy Bridge,Outbound,12,45,0,Partially cloudy,22.0,0.0,68.77,5000.0,1,0
2025-12-30 15:00:00,Vinh Tuy Bridge,Inbound,15,67,0,Overcast,23.0,0.0,68.97,7000.0,1,0
2025-12-30 15:00:00,Vinh Tuy Bridge,Outbound,15,56,0,Overcast,23.0,0.0,68.97,7000.0,1,0
2025-12-30 16:00:00,Vinh Tuy Bridge,Inbound,16,96,1,Partially cloudy,23.1,0.0,71.16,9100.0,1,0
2025-12-30 16:00:00,Vinh Tuy Bridge,Outbound,16,79,0,Partially cloudy,23.1,0.0,71.16,9100.0,1,0
2025-12-30 17:10:00,Vinh Tuy Bridge,Inbound,17,155,1,Partially cloudy,23.0,0.0,68.97,9000.0,1,0
2025-12-30 17:10:00,Vinh Tuy Bridge,Outbound,17,130,0,Partially cloudy,23.0,0.0,68.97,9000.0,1,0
2025-12-30 20:00:00,Vinh Tuy Bridge,Inbound,20,35,0,Partially cloudy,21.0,0.0,82.99,8000.0,1,0
2025-12-30 20:00:00,Vinh Tuy Bridge,Outbound,20,47,0,Partially cloudy,21.0,0.0,82.99,8000.0,1,0
2025-12-30 22:30:00,Vinh Tuy Bridge,Inbound,22,0,0,Partially cloudy,20.0,0.0,91.4,8800.0,1,0
2025-12-30 22:30:00,Vinh Tuy Bridge,Outbound,22,0,0,Partially cloudy,20.0,0.0,91.4,8800.0,1,0
2025-12-29 03:00:00,Vinh Tuy Bridge,Inbound,3,0,0,Overcast,18.0,0.0,77.46,5000.0,0,0
2025-12-29 03:00:00,Vinh Tuy Bridge,Outbound,3,0,0,Overcast,18.0,0.0,77.46,5000.0,0,0
2025-12-29 07:10:00,Vinh Tuy Bridge,Inbound,7,139,1,Overcast,18.3,0.0,82.14,4400.0,0,0
2025-12-29 07:10:00,Vinh Tuy Bridge,Outbound,7,275,1,Overcast,18.3,0.0,82.14,4400.0,0,0
2025-12-29 07:30:00,Vinh Tuy Bridge,Inbound,7,178,1,Overcast,18.3,0.0,82.14,4400.0,0,0
2025-12-29 07:30:00,Vinh Tuy Bridge,Outbound,7,373,1,Overcast,18.3,0.0,82.14,4400.0,0,0
2025-12-29 10:00:00,Vinh Tuy Bridge,Inbound,10,45,0,Overcast,19.8,0.0,80.06,8600.0,0,0
2025-12-29 10:00:00,Vinh Tuy Bridge,Outbound,10,72,0,Overcast,19.8,0.0,80.06,8600.0,0,0
2025-12-29 12:00:00,Vinh Tuy Bridge,Inbound,12,33,0,Overcast,21.0,0.1,73.11,5000.0,0,0
2025-12-29 12:00:00,Vinh Tuy Bridge,Outbound,12,56,0,Overcast,21.0,0.1,73.11,5000.0,0,0
2025-12-29 15:00:00,Vinh Tuy Bridge,Inbound,15,46,0,Overcast,22.0,0.0,64.5,6000.0,0,0
2025-12-29 15:00:00,Vinh Tuy Bridge,Outbound,15,75,0,Overcast,22.0,0.0,64.5,6000.0,0,0
2025-12-29 16:00:00,Vinh Tuy Bridge,Inbound,16,76,0,Overcast,21.5,0.0,73.92,9300.0,0,0
2025-12-29 16:00:00,Vinh Tuy Bridge,Outbound,16,108,0,Overcast,21.5,0.0,73.92,9300.0,0,0
2025-12-29 17:10:00,Vinh Tuy Bridge,Inbound,17,132,1,Overcast,21.0,0.0,68.58,6000.0,0,0
2025-12-29 17:10:00,Vinh Tuy Bridge,Outbound,17,165,1,Overcast,21.0,0.0,68.58,6000.0,0,0
2025-12-29 20:00:00,Vinh Tuy Bridge,Inbound,20,23,0,Overcast,19.0,0.0,77.62,8000.0,0,0
2025-12-29 20:00:00,Vinh Tuy Bridge,Outbound,20,59,0,Overcast,19.0,0.0,77.62,8000.0,0,0
2025-12-29 22:30:00,Vinh Tuy Bridge,Inbound,22,0,0,Overcast,19.8,0.0,80.32,9100.0,0,0
2025-12-29 22:30:00,Vinh Tuy Bridge,Outbound,22,0,0,Overcast,19.8,0.0,80.32,9100.0,0,0
2025-12-28 03:00:00,Vinh Tuy Bridge,Inbound,3,0,0,Overcast,17.0,0.0,72.4,9000.0,6,0
2025-12-28 03:00:00,Vinh Tuy Bridge,Outbound,3,0,0,Overcast,17.0,0.0,72.4,9000.0,6,0
2025-12-28 07:10:00,Vinh Tuy Bridge,Inbound,7,17,0,Overcast,16.7,0.0,69.75,10200.0,6,0
2025-12-28 07:10:00,Vinh Tuy Bridge,Outbound,7,20,0,Overcast,16.7,0.0,69.75,10200.0,6,0
2025-12-28 07:30:00,Vinh Tuy Bridge,Inbound,7,24,0,Overcast,16.7,0.0,69.75,10200.0,6,0
2025-12-28 07:30:00,Vinh Tuy Bridge,Outbound,7,27,0,Overcast,16.7,0.0,69.75,10200.0,6,0
2025-12-28 10:00:00,Vinh Tuy Bridge,Inbound,10,34,0,Overcast,17.8,0.0,67.17,10000.0,6,0
2025-12-28 10:00:00,Vinh Tuy Bridge,Outbound,10,44,0,Overcast,17.8,0.0,67.17,10000.0,6,0
2025-12-28 12:00:00,Vinh Tuy Bridge,Inbound,12,43,0,Partially cloudy,20.0,0.0,64.07,6000.0,6,0
2025-12-28 12:00:00,Vinh Tuy Bridge,Outbound,12,58,0,Partially cloudy,20.0,0.0,64.07,6000.0,6,0
2025-12-28 15:00:00,Vinh Tuy Bridge,Inbound,15,66,0,Clear,21.0,0.0,56.41,7000.0,6,0
2025-12-28 15:00:00,Vinh Tuy Bridge,Outbound,15,87,0,Clear,21.0,0.0,56.41,7000.0,6,0
2025-12-28 16:00:00,Vinh Tuy Bridge,Inbound,16,92,1,Overcast,20.4,0.0,59.96,9100.0,6,0
2025-12-28 16:00:00,Vinh Tuy Bridge,Outbound,16,115,0,Overcast,20.4,0.0,59.96,9100.0,6,0
2025-12-28 17:10:00,Vinh Tuy Bridge,Inbound,17,96,1,Overcast,20.0,0.0,60.0,7000.0,6,0
2025-12-28 17:10:00,Vinh Tuy Bridge,Outbound,17,149,1,Overcast,20.0,0.0,60.0,7000.0,6,0
2025-12-28 20:00:00,Vinh Tuy Bridge,Inbound,20,24,0,Clear,19.0,0.0,63.85,6000.0,6,0
2025-12-28 20:00:00,Vinh Tuy Bridge,Outbound,20,62,0,Clear,19.0,0.0,63.85,6000.0,6,0
2025-12-28 22:30:00,Vinh Tuy Bridge,Inbound,22,0,0,Overcast,18.7,0.0,72.2,8800.0,6,0
2025-12-28 22:30:00,Vinh Tuy Bridge,Outbound,22,0,0,Overcast,18.7,0.0,72.2,8800.0,6,0
2025-12-27 03:00:00,Vinh Tuy Bridge,Inbound,3,0,0,Clear,15.0,0.0,72.03,10000.0,5,0
2025-12-27 03:00:00,Vinh Tuy Bridge,Outbound,3,0,0,Clear,15.0,0.0,72.03,10000.0,5,0
2025-12-27 07:10:00,Vinh Tuy Bridge,Inbound,7,48,0,Partially cloudy,15.7,0.0,64.81,10200.0,5,0
2025-12-27 07:10:00,Vinh Tuy Bridge,Outbound,7,51,0,Partially cloudy,15.7,0.0,64.81,10200.0,5,0
2025-12-27 07:30:00,Vinh Tuy Bridge,Inbound,7,75,0,Partially cloudy,15.7,0.0,64.81,10200.0,5,0
2025-12-27 07:30:00,Vinh Tuy Bridge,Outbound,7,73,0,Partially cloudy,15.7,0.0,64.81,10200.0,5,0
2025-12-27 10:00:00,Vinh Tuy Bridge,Inbound,10,134,1,Partially cloudy,16.8,0.0,58.56,10000.0,5,0
2025-12-27 10:00:00,Vinh Tuy Bridge,Outbound,10,120,0,Partially cloudy,16.8,0.0,58.56,10000.0,5,0
2025-12-27 12:00:00,Vinh Tuy Bridge,Inbound,12,148,1,Overcast,18.0,0.0,48.58,10000.0,5,0
2025-12-27 12:00:00,Vinh Tuy Bridge,Outbound,12,127,0,Overcast,18.0,0.0,48.58,10000.0,5,0
2025-12-27 15:00:00,Vinh Tuy Bridge,Inbound,15,174,1,Overcast,19.0,0.0,48.86,10000.0,5,0
2025-12-27 15:00:00,Vinh Tuy Bridge,Outbound,15,145,0,Overcast,19.0,0.0,48.86,10000.0,5,0
2025-12-27 16:00:00,Vinh Tuy Bridge,Inbound,16,219,1,Overcast,19.4,0.0,50.89,10000.0,5,0
2025-12-27 16:00:00,Vinh Tuy Bridge,Outbound,16,193,1,Overcast,19.4,0.0,50.89,10000.0,5,0
2025-12-27 17:10:00,Vinh Tuy Bridge,Inbound,17,250,1,Overcast,18.0,0.0,55.66,10000.0,5,0
2025-12-27 17:10:00,Vinh Tuy Bridge,Outbound,17,232,1,Overcast,18.0,0.0,55.66,10000.0,5,0
2025-12-27 20:00:00,Vinh Tuy Bridge,Inbound,20,55,0,Clear,17.0,0.0,63.4,9000.0,5,0
2025-12-27 20:00:00,Vinh Tuy Bridge,Outbound,20,68,0,Clear,17.0,0.0,63.4,9000.0,5,0
2025-12-27 22:30:00,Vinh Tuy Bridge,Inbound,22,0,0,Partially cloudy,17.4,0.0,62.33,9700.0,5,0
2025-12-27 22:30:00,Vinh Tuy Bridge,Outbound,22,0,0,Partially cloudy,17.4,0.0,62.33,9700.0,5,0
2025-12-26 03:00:00,Vinh Tuy Bridge,Inbound,3,0,0,Partially cloudy,16.0,0.0,63.17,10000.0,4,0
2025-12-26 03:00:00,Vinh Tuy Bridge,Outbound,3,0,0,Partially cloudy,16.0,0.0,63.17,10000.0,4,0
2025-12-26 07:10:00,Vinh Tuy Bridge,Inbound,7,46,0,Partially cloudy,15.1,0.0,51.36,10400.0,4,0
2025-12-26 07:10:00,Vinh Tuy Bridge,Outbound,7,67,0,Partially cloudy,15.1,0.0,51.36,10400.0,4,0
2025-12-26 07:30:00,Vinh Tuy Bridge,Inbound,7,68,0,Partially cloudy,15.1,0.0,51.36,10400.0,4,0
2025-12-26 07:30:00,Vinh Tuy Bridge,Outbound,7,94,0,Partially cloudy,15.1,0.0,51.36,10400.0,4,0
2025-12-26 10:00:00,Vinh Tuy Bridge,Inbound,10,49,0,Clear,18.1,0.0,39.4,10200.0,4,0
2025-12-26 10:00:00,Vinh Tuy Bridge,Outbound,10,55,0,Clear,18.1,0.0,39.4,10200.0,4,0
2025-12-26 12:00:00,Vinh Tuy Bridge,Inbound,12,55,0,Clear,19.0,0.0,39.75,10000.0,4,0
2025-12-26 12:00:00,Vinh Tuy Bridge,Outbound,12,51,0,Clear,19.0,0.0,39.75,10000.0,4,0
2025-12-26 15:00:00,Vinh Tuy Bridge,Inbound,15,80,0,Clear,20.0,0.0,40.03,10000.0,4,0
2025-12-26 15:00:00,Vinh Tuy Bridge,Outbound,15,73,0,Clear,20.0,0.0,40.03,10000.0,4,0
2025-12-26 16:00:00,Vinh Tuy Bridge,Inbound,16,140,1,Clear,20.5,0.0,37.55,16900.0,4,0
2025-12-26 16:00:00,Vinh Tuy Bridge,Outbound,16,137,0,Clear,20.5,0.0,37.55,16900.0,4,0
2025-12-26 17:10:00,Vinh Tuy Bridge,Inbound,17,255,1,Clear,19.0,0.0,45.63,10000.0,4,0
2025-12-26 17:10:00,Vinh Tuy Bridge,Outbound,17,273,1,Clear,19.0,0.0,45.63,10000.0,4,0
2025-12-26 20:00:00,Vinh Tuy Bridge,Inbound,20,77,0,Clear,17.0,0.0,59.28,10000.0,4,0
2025-12-26 20:00:00,Vinh Tuy Bridge,Outbound,20,67,0,Clear,17.0,0.0,59.28,10000.0,4,0
2025-12-26 22:30:00,Vinh Tuy Bridge,Inbound,22,0,0,Clear,16.1,0.0,66.73,10000.0,4,0
2025-12-26 22:30:00,Vinh Tuy Bridge,Outbound,22,0,0,Clear,16.1,0.0,66.73,10000.0,4,0
2025-12-25 03:00:00,Vinh Tuy Bridge,Inbound,3,0,0,"Rain, Overcast",18.0,0.6,77.46,10000.0,3,0
2025-12-25 03:00:00,Vinh Tuy Bridge,Outbound,3,0,0,"Rain, Overcast",18.0,0.6,77.46,10000.0,3,0
2025-12-25 07:10:00,Vinh Tuy Bridge,Inbound,7,63,0,Partially cloudy,17.4,0.1,63.77,10200.0,3,0
2025-12-25 07:10:00,Vinh Tuy Bridge,Outbound,7,140,0,Partially cloudy,17.4,0.1,63.77,10200.0,3,0
2025-12-25 07:30:00,Vinh Tuy Bridge,Inbound,7,97,1,Partially cloudy,17.4,0.1,63.77,10200.0,3,0
2025-12-25 07:30:00,Vinh Tuy Bridge,Outbound,7,180,1,Partially cloudy,17.4,0.1,63.77,10200.0,3,0
2025-12-25 10:00:00,Vinh Tuy Bridge,Inbound,10,46,0,Partially cloudy,18.7,0.0,52.41,10000.0,3,0
2025-12-25 10:00:00,Vinh Tuy Bridge,Outbound,10,55,0,Partially cloudy,18.7,0.0,52.41,10000.0,3,0
2025-12-25 12:00:00,Vinh Tuy Bridge,Inbound,12,36,0,Partially cloudy,21.0,0.0,49.4,10000.0,3,0
2025-12-25 12:00:00,Vinh Tuy Bridge,Outbound,12,48,0,Partially cloudy,21.0,0.0,49.4,10000.0,3,0
2025-12-25 15:00:00,Vinh Tuy Bridge,Inbound,15,46,0,Clear,20.0,0.0,52.54,10000.0,3,0
2025-12-25 15:00:00,Vinh Tuy Bridge,Outbound,15,61,0,Clear,20.0,0.0,52.54,10000.0,3,0
2025-12-25 16:00:00,Vinh Tuy Bridge,Inbound,16,74,0,Partially cloudy,20.0,0.0,56.24,10200.0,3,0
2025-12-25 16:00:00,Vinh Tuy Bridge,Outbound,16,88,0,Partially cloudy,20.0,0.0,56.24,10200.0,3,0
2025-12-25 17:10:00,Vinh Tuy Bridge,Inbound,17,131,1,Clear,19.0,0.0,55.91,10000.0,3,0
2025-12-25 17:10:00,Vinh Tuy Bridge,Outbound,17,154,1,Clear,19.0,0.0,55.91,10000.0,3,0
2025-12-25 20:00:00,Vinh Tuy Bridge,Inbound,20,26,0,Clear,18.0,0.0,59.52,10000.0,3,0
2025-12-25 20:00:00,Vinh Tuy Bridge,Outbound,20,52,0,Clear,18.0,0.0,59.52,10000.0,3,0
2025-12-25 22:30:00,Vinh Tuy Bridge,Inbound,22,0,0,Partially cloudy,18.4,0.0,52.38,10000.0,3,0
2025-12-25 22:30:00,Vinh Tuy Bridge,Outbound,22,0,0,Partially cloudy,18.4,0.0,52.38,10000.0,3,0
2025-12-24 03:00:00,Vinh Tuy Bridge,Inbound,3,0,0,Overcast,22.0,0.1,88.44,8000.0,2,0
2025-12-24 03:00:00,Vinh Tuy Bridge,Outbound,3,0,0,Overcast,22.0,0.1,88.44,8000.0,2,0
2025-12-24 07:10:00,Vinh Tuy Bridge,Inbound,7,66,0,Overcast,21.7,0.0,89.24,9000.0,2,0
2025-12-24 07:10:00,Vinh Tuy Bridge,Outbound,7,157,1,Overcast,21.7,0.0,89.24,9000.0,2,0
2025-12-24 07:30:00,Vinh Tuy Bridge,Inbound,7,96,1,Overcast,21.7,0.0,89.24,9000.0,2,0
2025-12-24 07:30:00,Vinh Tuy Bridge,Outbound,7,200,1,Overcast,21.7,0.0,89.24,9000.0,2,0
2025-12-24 10:00:00,Vinh Tuy Bridge,Inbound,10,52,0,Partially cloudy,25.1,0.2,76.03,10000.0,2,0
2025-12-24 10:00:00,Vinh Tuy Bridge,Outbound,10,57,0,Partially cloudy,25.1,0.2,76.03,10000.0,2,0
2025-12-24 12:00:00,Vinh Tuy Bridge,Inbound,12,45,0,"Rain, Partially cloudy",27.0,0.3,65.56,10000.0,2,0
2025-12-24 12:00:00,Vinh Tuy Bridge,Outbound,12,51,0,"Rain, Partially cloudy",27.0,0.3,65.56,10000.0,2,0
2025-12-24 15:00:00,Vinh Tuy Bridge,Inbound,15,54,0,Overcast,27.0,0.1,65.56,10000.0,2,0
2025-12-24 15:00:00,Vinh Tuy Bridge,Outbound,15,68,0,Overcast,27.0,0.1,65.56,10000.0,2,0
2025-12-24 16:00:00,Vinh Tuy Bridge,Inbound,16,82,0,"Rain, Partially cloudy",27.0,0.3,65.15,10200.0,2,0
2025-12-24 16:00:00,Vinh Tuy Bridge,Outbound,16,104,0,"Rain, Partially cloudy",27.0,0.3,65.15,10200.0,2,0
2025-12-24 17:10:00,Vinh Tuy Bridge,Inbound,17,138,1,Clear,25.0,0.1,73.8,10000.0,2,0
2025-12-24 17:10:00,Vinh Tuy Bridge,Outbound,17,156,1,Clear,25.0,0.1,73.8,10000.0,2,0
2025-12-24 20:00:00,Vinh Tuy Bridge,Inbound,20,30,0,Overcast,23.0,0.0,88.52,10000.0,2,0
2025-12-24 20:00:00,Vinh Tuy Bridge,Outbound,20,41,0,Overcast,23.0,0.0,88.52,10000.0,2,0
2025-12-24 22:30:00,Vinh Tuy Bridge,Inbound,22,0,0,Overcast,21.8,0.0,87.48,10000.0,2,0
2025-12-24 22:30:00,Vinh Tuy Bridge,Outbound,22,0,0,Overcast,21.8,0.0,87.48,10000.0,2,0
2025-12-23 03:00:00,Vinh Tuy Bridge,Inbound,3,0,0,Overcast,21.0,0.0,94.02,6000.0,1,0
2025-12-23 03:00:00,Vinh Tuy Bridge,Outbound,3,0,0,Overcast,21.0,0.0,94.02,6000.0,1,0
2025-12-23 07:10:00,Vinh Tuy Bridge,Inbound,7,68,0,Partially cloudy,21.4,0.0,92.93,8300.0,1,0
2025-12-23 07:10:00,Vinh Tuy Bridge,Outbound,7,155,1,Partially cloudy,21.4,0.0,92.93,8300.0,1,0
2025-12-23 07:30:00,Vinh Tuy Bridge,Inbound,7,94,1,Partially cloudy,21.4,0.0,92.93,8300.0,1,0
2025-12-23 07:30:00,Vinh Tuy Bridge,Outbound,7,204,1,Partially cloudy,21.4,0.0,92.93,8300.0,1,0
2025-12-23 10:00:00,Vinh Tuy Bridge,Inbound,10,61,0,Partially cloudy,24.4,0.1,81.0,9400.0,1,0
2025-12-23 10:00:00,Vinh Tuy Bridge,Outbound,10,53,0,Partially cloudy,24.4,0.1,81.0,9400.0,1,0
2025-12-23 12:00:00,Vinh Tuy Bridge,Inbound,12,57,0,Overcast,26.0,0.1,69.55,10000.0,1,0
2025-12-23 12:00:00,Vinh Tuy Bridge,Outbound,12,45,0,Overcast,26.0,0.1,69.55,10000.0,1,0
2025-12-23 15:00:00,Vinh Tuy Bridge,Inbound,15,67,0,"Rain, Partially cloudy",27.0,0.3,65.56,10000.0,1,0
2025-12-23 15:00:00,Vinh Tuy Bridge,Outbound,15,56,0,"Rain, Partially cloudy",27.0,0.3,65.56,10000.0,1,0
2025-12-23 16:00:00,Vinh Tuy Bridge,Inbound,16,96,1,Partially cloudy,27.1,0.2,64.04,10200.0,1,0
2025-12-23 16:00:00,Vinh Tuy Bridge,Outbound,16,79,0,Partially cloudy,27.1,0.2,64.04,10200.0,1,0
2025-12-23 17:10:00,Vinh Tuy Bridge,Inbound,17,155,1,Clear,26.0,0.0,69.55,10000.0,1,0
2025-12-23 17:10:00,Vinh Tuy Bridge,Outbound,17,130,0,Clear,26.0,0.0,69.55,10000.0,1,0
2025-12-23 20:00:00,Vinh Tuy Bridge,Inbound,20,35,0,Partially cloudy,23.0,0.0,88.52,10000.0,1,0
2025-12-23 20:00:00,Vinh Tuy Bridge,Outbound,20,47,0,Partially cloudy,23.0,0.0,88.52,10000.0,1,0
2025-12-23 22:30:00,Vinh Tuy Bridge,Inbound,22,0,0,Partially cloudy,22.7,0.0,88.58,10000.0,1,0
2025-12-23 22:30:00,Vinh Tuy Bridge,Outbound,22,0,0,Partially cloudy,22.7,0.0,88.58,10000.0,1,0
2025-12-22 03:00:00,Vinh Tuy Bridge,Inbound,3,0,0,Overcast,20.0,0.1,93.97,5000.0,0,0
2025-12-22 03:00:00,Vinh Tuy Bridge,Outbound,3,0,0,Overcast,20.0,0.1,93.97,5000.0,0,0
2025-12-22 07:10:00,Vinh Tuy Bridge,Inbound,7,139,1,Partially cloudy,20.0,0.0,89.62,8000.0,0,0
2025-12-22 07:10:00,Vinh Tuy Bridge,Outbound,7,275,1,Partially cloudy,20.0,0.0,89.62,8000.0,0,0
2025-12-22 07:30:00,Vinh Tuy Bridge,Inbound,7,178,1,Partially cloudy,20.0,0.0,89.62,8000.0,0,0
2025-12-22 07:30:00,Vinh Tuy Bridge,Outbound,7,373,1,Partially cloudy,20.0,0.0,89.62,8000.0,0,0
2025-12-22 10:00:00,Vinh Tuy Bridge,Inbound,10,45,0,Overcast,23.7,0.0,71.09,9300.0,0,0
2025-12-22 10:00:00,Vinh Tuy Bridge,Outbound,10,72,0,Overcast,23.7,0.0,71.09,9300.0,0,0
2025-12-22 12:00:00,Vinh Tuy Bridge,Inbound,12,33,0,Overcast,24.0,0.2,69.16,10000.0,0,0
2025-12-22 12:00:00,Vinh Tuy Bridge,Outbound,12,56,0,Overcast,24.0,0.2,69.16,10000.0,0,0
2025-12-22 15:00:00,Vinh Tuy Bridge,Inbound,15,46,0,Overcast,25.0,0.2,69.36,10000.0,0,0
2025-12-22 15:00:00,Vinh Tuy Bridge,Outbound,15,75,0,Overcast,25.0,0.2,69.36,10000.0,0,0
2025-12-22 16:00:00,Vinh Tuy Bridge,Inbound,16,76,0,Partially cloudy,25.0,0.2,69.49,10000.0,0,0
2025-12-22 16:00:00,Vinh Tuy Bridge,Outbound,16,108,0,Partially cloudy,25.0,0.2,69.49,10000.0,0,0
2025-12-22 17:10:00,Vinh Tuy Bridge,Inbound,17,132,1,Partially cloudy,24.0,0.1,73.63,10000.0,0,0
2025-12-22 17:10:00,Vinh Tuy Bridge,Outbound,17,165,1,Partially cloudy,24.0,0.1,73.63,10000.0,0,0
2025-12-22 20:00:00,Vinh Tuy Bridge,Inbound,20,23,0,Clear,22.0,0.0,83.11,8000.0,0,0
2025-12-22 20:00:00,Vinh Tuy Bridge,Outbound,20,59,0,Clear,22.0,0.0,83.11,8000.0,0,0
2025-12-22 22:30:00,Vinh Tuy Bridge,Inbound,22,0,0,Overcast,21.8,0.0,87.52,9400.0,0,0
2025-12-22 22:30:00,Vinh Tuy Bridge,Outbound,22,0,0,Overcast,21.8,0.0,87.52,9400.0,0,0
2025-12-21 03:00:00,Vinh Tuy Bridge,Inbound,3,0,0,Partially cloudy,19.0,0.1,100.0,5000.0,6,0
2025-12-21 03:00:00,Vinh Tuy Bridge,Outbound,3,0,0,Partially cloudy,19.0,0.1,100.0,5000.0,6,0
2025-12-21 07:10:00,Vinh Tuy Bridge,Inbound,7,17,0,Partially cloudy,18.5,0.0,96.58,3400.0,6,0
2025-12-21 07:10:00,Vinh Tuy Bridge,Outbound,7,20,0,Partially cloudy,18.5,0.0,96.58,3400.0,6,0
2025-12-21 07:30:00,Vinh Tuy Bridge,Inbound,7,24,0,Partially cloudy,18.5,0.0,96.58,3400.0,6,0
2025-12-21 07:30:00,Vinh Tuy Bridge,Outbound,7,27,0,Partially cloudy,18.5,0.0,96.58,3400.0,6,0
2025-12-21 10:00:00,Vinh Tuy Bridge,Inbound,10,34,0,Partially cloudy,23.8,0.1,76.72,9000.0,6,0
2025-12-21 10:00:00,Vinh Tuy Bridge,Outbound,10,44,0,Partially cloudy,23.8,0.1,76.72,9000.0,6,0
2025-12-21 12:00:00,Vinh Tuy Bridge,Inbound,12,43,0,Partially cloudy,25.0,0.0,69.36,7000.0,6,0
2025-12-21 12:00:00,Vinh Tuy Bridge,Outbound,12,58,0,Partially cloudy,25.0,0.0,69.36,7000.0,6,0
2025-12-21 15:00:00,Vinh Tuy Bridge,Inbound,15,66,0,Clear,26.0,0.1,61.39,10000.0,6,0
2025-12-21 15:00:00,Vinh Tuy Bridge,Outbound,15,87,0,Clear,26.0,0.1,61.39,10000.0,6,0
2025-12-21 16:00:00,Vinh Tuy Bridge,Inbound,16,92,1,Partially cloudy,26.4,0.1,58.35,10200.0,6,0
2025-12-21 16:00:00,Vinh Tuy Bridge,Outbound,16,115,0,Partially cloudy,26.4,0.1,58.35,10200.0,6,0
2025-12-21 17:10:00,Vinh Tuy Bridge,Inbound,17,96,1,Clear,26.0,0.0,57.63,10000.0,6,0
2025-12-21 17:10:00,Vinh Tuy Bridge,Outbound,17,149,1,Clear,26.0,0.0,57.63,10000.0,6,0
2025-12-21 20:00:00,Vinh Tuy Bridge,Inbound,20,24,0,Partially cloudy,21.0,0.0,88.35,6000.0,6,0
2025-12-21 20:00:00,Vinh Tuy Bridge,Outbound,20,62,0,Partially cloudy,21.0,0.0,88.35,6000.0,6,0
2025-12-21 22:30:00,Vinh Tuy Bridge,Inbound,22,0,0,Partially cloudy,21.4,0.0,85.08,8400.0,6,0
2025-12-21 22:30:00,Vinh Tuy Bridge,Outbound,22,0,0,Partially cloudy,21.4,0.0,85.08,8400.0,6,0
2025-12-20 03:00:00,Vinh Tuy Bridge,Inbound,3,0,0,Overcast,20.0,0.0,93.97,3000.0,5,0
2025-12-20 03:00:00,Vinh Tuy Bridge,Outbound,3,0,0,Overcast,20.0,0.0,93.97,3000.0,5,0
2025-12-20 07:10:00,Vinh Tuy Bridge,Inbound,7,48,0,Overcast,19.8,0.0,93.9,4000.0,5,0
2025-12-20 07:10:00,Vinh Tuy Bridge,Outbound,7,51,0,Overcast,19.8,0.0,93.9,4000.0,5,0
2025-12-20 07:30:00,Vinh Tuy Bridge,Inbound,7,75,0,Overcast,19.8,0.0,93.9,4000.0,5,0
2025-12-20 07:30:00,Vinh Tuy Bridge,Outbound,7,73,0,Overcast,19.8,0.0,93.9,4000.0,5,0
2025-12-20 10:00:00,Vinh Tuy Bridge,Inbound,10,134,1,Partially cloudy,22.4,0.2,81.68,8600.0,5,0
2025-12-20 10:00:00,Vinh Tuy Bridge,Outbound,10,120,0,Partially cloudy,22.4,0.2,81.68,8600.0,5,0
2025-12-20 12:00:00,Vinh Tuy Bridge,Inbound,12,148,1,Overcast,23.0,0.1,78.21,5000.0,5,0
2025-12-20 12:00:00,Vinh Tuy Bridge,Outbound,12,127,0,Overcast,23.0,0.1,78.21,5000.0,5,0
2025-12-20 15:00:00,Vinh Tuy Bridge,Inbound,15,174,1,Partially cloudy,25.0,0.2,69.36,7000.0,5,0
2025-12-20 15:00:00,Vinh Tuy Bridge,Outbound,15,145,0,Partially cloudy,25.0,0.2,69.36,7000.0,5,0
2025-12-20 16:00:00,Vinh Tuy Bridge,Inbound,16,219,1,Partially cloudy,26.1,0.2,60.29,9600.0,5,0
2025-12-20 16:00:00,Vinh Tuy Bridge,Outbound,16,193,1,Partially cloudy,26.1,0.2,60.29,9600.0,5,0
2025-12-20 17:10:00,Vinh Tuy Bridge,Inbound,17,250,1,Overcast,24.0,0.1,69.16,7000.0,5,0
2025-12-20 17:10:00,Vinh Tuy Bridge,Outbound,17,232,1,Overcast,24.0,0.1,69.16,7000.0,5,0
2025-12-20 20:00:00,Vinh Tuy Bridge,Inbound,20,55,0,Overcast,21.0,0.0,88.35,4000.0,5,0
2025-12-20 20:00:00,Vinh Tuy Bridge,Outbound,20,68,0,Overcast,21.0,0.0,88.35,4000.0,5,0
2025-12-20 22:30:00,Vinh Tuy Bridge,Inbound,22,0,0,Partially cloudy,21.1,0.0,88.44,8800.0,5,0
2025-12-20 22:30:00,Vinh Tuy Bridge,Outbound,22,0,0,Partially cloudy,21.1,0.0,88.44,8800.0,5,0
2025-12-19 03:00:00,Vinh Tuy Bridge,Inbound,3,0,0,Clear,17.0,0.0,88.01,5000.0,4,0
2025-12-19 03:00:00,Vinh Tuy Bridge,Outbound,3,0,0,Clear,17.0,0.0,88.01,5000.0,4,0
2025-12-19 07:10:00,Vinh Tuy Bridge,Inbound,7,46,0,Clear,15.8,0.0,96.58,3100.0,4,0
2025-12-19 07:10:00,Vinh Tuy Bridge,Outbound,7,67,0,Clear,15.8,0.0,96.58,3100.0,4,0
2025-12-19 07:30:00,Vinh Tuy Bridge,Inbound,7,68,0,Clear,15.8,0.0,96.58,3100.0,4,0
2025-12-19 07:30:00,Vinh Tuy Bridge,Outbound,7,94,0,Clear,15.8,0.0,96.58,3100.0,4,0
2025-12-19 10:00:00,Vinh Tuy Bridge,Inbound,10,49,0,Partially cloudy,22.7,0.0,72.33,8600.0,4,0
2025-12-19 10:00:00,Vinh Tuy Bridge,Outbound,10,55,0,Partially cloudy,22.7,0.0,72.33,8600.0,4,0
2025-12-19 12:00:00,Vinh Tuy Bridge,Inbound,12,55,0,Partially cloudy,24.0,0.0,64.93,5000.0,4,0
2025-12-19 12:00:00,Vinh Tuy Bridge,Outbound,12,51,0,Partially cloudy,24.0,0.0,64.93,5000.0,4,0
2025-12-19 15:00:00,Vinh Tuy Bridge,Inbound,15,80,0,Partially cloudy,25.0,0.0,57.39,8000.0,4,0
2025-12-19 15:00:00,Vinh Tuy Bridge,Outbound,15,73,0,Partially cloudy,25.0,0.0,57.39,8000.0,4,0
2025-12-19 16:00:00,Vinh Tuy Bridge,Inbound,16,140,1,Partially cloudy,25.1,0.0,57.57,9700.0,4,0
2025-12-19 16:00:00,Vinh Tuy Bridge,Outbound,16,137,0,Partially cloudy,25.1,0.0,57.57,9700.0,4,0
2025-12-19 17:10:00,Vinh Tuy Bridge,Inbound,17,255,1,Partially cloudy,24.0,0.0,60.93,9000.0,4,0
2025-12-19 17:10:00,Vinh Tuy Bridge,Outbound,17,273,1,Partially cloudy,24.0,0.0,60.93,9000.0,4,0
2025-12-19 20:00:00,Vinh Tuy Bridge,Inbound,20,77,0,Partially cloudy,22.0,0.0,83.11,8000.0,4,0
2025-12-19 20:00:00,Vinh Tuy Bridge,Outbound,20,67,0,Partially cloudy,22.0,0.0,83.11,8000.0,4,0
2025-12-19 22:30:00,Vinh Tuy Bridge,Inbound,22,0,0,Clear,20.8,0.0,89.85,9400.0,4,0
2025-12-19 22:30:00,Vinh Tuy Bridge,Outbound,22,0,0,Clear,20.8,0.0,89.85,9400.0,4,0
2025-12-18 03:00:00,Vinh Tuy Bridge,Inbound,3,0,0,Clear,19.0,0.0,77.62,10000.0,3,0
2025-12-18 03:00:00,Vinh Tuy Bridge,Outbound,3,0,0,Clear,19.0,0.0,77.62,10000.0,3,0
2025-12-18 07:10:00,Vinh Tuy Bridge,Inbound,7,63,0,Clear,17.4,0.0,86.42,10100.0,3,0
2025-12-18 07:10:00,Vinh Tuy Bridge,Outbound,7,140,0,Clear,17.4,0.0,86.42,10100.0,3,0
2025-12-18 07:30:00,Vinh Tuy Bridge,Inbound,7,97,1,Clear,17.4,0.0,86.42,10100.0,3,0
2025-12-18 07:30:00,Vinh Tuy Bridge,Outbound,7,180,1,Clear,17.4,0.0,86.42,10100.0,3,0
2025-12-18 10:00:00,Vinh Tuy Bridge,Inbound,10,46,0,Partially cloudy,22.8,0.0,62.25,10200.0,3,0
2025-12-18 10:00:00,Vinh Tuy Bridge,Outbound,10,55,0,Partially cloudy,22.8,0.0,62.25,10200.0,3,0
2025-12-18 12:00:00,Vinh Tuy Bridge,Inbound,12,36,0,Clear,24.0,0.0,57.15,10000.0,3,0
2025-12-18 12:00:00,Vinh Tuy Bridge,Outbound,12,48,0,Clear,24.0,0.0,57.15,10000.0,3,0
2025-12-18 15:00:00,Vinh Tuy Bridge,Inbound,15,46,0,Partially cloudy,25.0,0.0,57.39,10000.0,3,0
2025-12-18 15:00:00,Vinh Tuy Bridge,Outbound,15,61,0,Partially cloudy,25.0,0.0,57.39,10000.0,3,0
2025-12-18 16:00:00,Vinh Tuy Bridge,Inbound,16,74,0,Partially cloudy,24.8,0.0,54.94,10200.0,3,0
2025-12-18 16:00:00,Vinh Tuy Bridge,Outbound,16,88,0,Partially cloudy,24.8,0.0,54.94,10200.0,3,0
2025-12-18 17:10:00,Vinh Tuy Bridge,Inbound,17,131,1,Partially cloudy,24.0,0.0,57.15,10000.0,3,0
2025-12-18 17:10:00,Vinh Tuy Bridge,Outbound,17,154,1,Partially cloudy,24.0,0.0,57.15,10000.0,3,0
2025-12-18 20:00:00,Vinh Tuy Bridge,Inbound,20,26,0,Clear,22.0,0.0,73.29,5000.0,3,0
2025-12-18 20:00:00,Vinh Tuy Bridge,Outbound,20,52,0,Clear,22.0,0.0,73.29,5000.0,3,0
2025-12-18 22:30:00,Vinh Tuy Bridge,Inbound,22,0,0,Clear,21.0,0.0,76.71,8800.0,3,0
2025-12-18 22:30:00,Vinh Tuy Bridge,Outbound,22,0,0,Clear,21.0,0.0,76.71,8800.0,3,0
2025-12-17 03:00:00,Vinh Tuy Bridge,Inbound,3,0,0,Overcast,20.0,0.1,88.27,6000.0,2,0
2025-12-17 03:00:00,Vinh Tuy Bridge,Outbound,3,0,0,Overcast,20.0,0.1,88.27,6000.0,2,0
2025-12-17 07:10:00,Vinh Tuy Bridge,Inbound,7,66,0,Overcast,19.4,0.2,91.12,8600.0,2,0
2025-12-17 07:10:00,Vinh Tuy Bridge,Outbound,7,157,1,Overcast,19.4,0.2,91.12,8600.0,2,0
2025-12-17 07:30:00,Vinh Tuy Bridge,Inbound,7,96,1,Overcast,19.4,0.2,91.12,8600.0,2,0
2025-12-17 07:30:00,Vinh Tuy Bridge,Outbound,7,200,1,Overcast,19.4,0.2,91.12,8600.0,2,0
2025-12-17 10:00:00,Vinh Tuy Bridge,Inbound,10,52,0,Overcast,21.7,0.2,78.14,9900.0,2,0
2025-12-17 10:00:00,Vinh Tuy Bridge,Outbound,10,57,0,Overcast,21.7,0.2,78.14,9900.0,2,0
2025-12-17 12:00:00,Vinh Tuy Bridge,Inbound,12,45,0,Overcast,23.0,0.0,68.97,10000.0,2,0
2025-12-17 12:00:00,Vinh Tuy Bridge,Outbound,12,51,0,Overcast,23.0,0.0,68.97,10000.0,2,0
2025-12-17 15:00:00,Vinh Tuy Bridge,Inbound,15,54,0,Partially cloudy,24.0,0.0,64.93,10000.0,2,0
2025-12-17 15:00:00,Vinh Tuy Bridge,Outbound,15,68,0,Partially cloudy,24.0,0.0,64.93,10000.0,2,0
2025-12-17 16:00:00,Vinh Tuy Bridge,Inbound,16,82,0,Partially cloudy,23.7,0.0,65.62,10200.0,2,0
2025-12-17 16:00:00,Vinh Tuy Bridge,Outbound,16,104,0,Partially cloudy,23.7,0.0,65.62,10200.0,2,0
2025-12-17 17:10:00,Vinh Tuy Bridge,Inbound,17,138,1,Clear,23.0,0.0,73.46,10000.0,2,0
2025-12-17 17:10:00,Vinh Tuy Bridge,Outbound,17,156,1,Clear,23.0,0.0,73.46,10000.0,2,0
2025-12-17 20:00:00,Vinh Tuy Bridge,Inbound,20,30,0,Clear,20.0,0.1,88.27,7000.0,2,0
2025-12-17 20:00:00,Vinh Tuy Bridge,Outbound,20,41,0,Clear,20.0,0.1,88.27,7000.0,2,0
2025-12-17 22:30:00,Vinh Tuy Bridge,Inbound,22,0,0,Partially cloudy,19.8,0.0,86.54,9700.0,2,0
2025-12-17 22:30:00,Vinh Tuy Bridge,Outbound,22,0,0,Partially cloudy,19.8,0.0,86.54,9700.0,2,0
2025-12-16 03:00:00,Vinh Tuy Bridge,Inbound,3,0,0,Overcast,18.0,0.0,82.63,9000.0,1,0
2025-12-16 03:00:00,Vinh Tuy Bridge,Outbound,3,0,0,Overcast,18.0,0.0,82.63,9000.0,1,0
2025-12-16 07:10:00,Vinh Tuy Bridge,Inbound,7,68,0,Overcast,18.1,0.0,83.5,10200.0,1,0
2025-12-16 07:10:00,Vinh Tuy Bridge,Outbound,7,155,1,Overcast,18.1,0.0,83.5,10200.0,1,0
2025-12-16 07:30:00,Vinh Tuy Bridge,Inbound,7,94,1,Overcast,18.1,0.0,83.5,10200.0,1,0
2025-12-16 07:30:00,Vinh Tuy Bridge,Outbound,7,204,1,Overcast,18.1,0.0,83.5,10200.0,1,0
2025-12-16 10:00:00,Vinh Tuy Bridge,Inbound,10,61,0,Overcast,20.0,0.0,74.89,10000.0,1,0
2025-12-16 10:00:00,Vinh Tuy Bridge,Outbound,10,53,0,Overcast,20.0,0.0,74.89,10000.0,1,0
2025-12-16 12:00:00,Vinh Tuy Bridge,Inbound,12,57,0,Overcast,21.0,0.0,68.58,10000.0,1,0
2025-12-16 12:00:00,Vinh Tuy Bridge,Outbound,12,45,0,Overcast,21.0,0.0,68.58,10000.0,1,0
2025-12-16 15:00:00,Vinh Tuy Bridge,Inbound,15,67,0,Partially cloudy,22.0,0.0,68.77,10000.0,1,0
2025-12-16 15:00:00,Vinh Tuy Bridge,Outbound,15,56,0,Partially cloudy,22.0,0.0,68.77,10000.0,1,0
2025-12-16 16:00:00,Vinh Tuy Bridge,Inbound,16,96,1,Overcast,21.4,0.0,71.38,10000.0,1,0
2025-12-16 16:00:00,Vinh Tuy Bridge,Outbound,16,79,0,Overcast,21.4,0.0,71.38,10000.0,1,0
2025-12-16 17:10:00,Vinh Tuy Bridge,Inbound,17,155,1,Overcast,21.0,0.0,77.92,8000.0,1,0
2025-12-16 17:10:00,Vinh Tuy Bridge,Outbound,17,130,0,Overcast,21.0,0.0,77.92,8000.0,1,0
2025-12-16 20:00:00,Vinh Tuy Bridge,Inbound,20,35,0,Overcast,21.0,0.0,77.92,7000.0,1,0
2025-12-16 20:00:00,Vinh Tuy Bridge,Outbound,20,47,0,Overcast,21.0,0.0,77.92,7000.0,1,0
2025-12-16 22:30:00,Vinh Tuy Bridge,Inbound,22,0,0,Overcast,20.1,0.0,86.51,9400.0,1,0
2025-12-16 22:30:00,Vinh Tuy Bridge,Outbound,22,0,0,Overcast,20.1,0.0,86.51,9400.0,1,0
2025-12-15 03:00:00,Vinh Tuy Bridge,Inbound,3,0,0,Clear,17.0,0.0,67.77,10000.0,0,0
2025-12-15 03:00:00,Vinh Tuy Bridge,Outbound,3,0,0,Clear,17.0,0.0,67.77,10000.0,0,0
2025-12-15 07:10:00,Vinh Tuy Bridge,Inbound,7,139,1,Partially cloudy,17.1,0.0,73.76,10200.0,0,0
2025-12-15 07:10:00,Vinh Tuy Bridge,Outbound,7,275,1,Partially cloudy,17.1,0.0,73.76,10200.0,0,0
2025-12-15 07:30:00,Vinh Tuy Bridge,Inbound,7,178,1,Partially cloudy,17.1,0.0,73.76,10200.0,0,0
2025-12-15 07:30:00,Vinh Tuy Bridge,Outbound,7,373,1,Partially cloudy,17.1,0.0,73.76,10200.0,0,0
2025-12-15 10:00:00,Vinh Tuy Bridge,Inbound,10,45,0,Partially cloudy,19.7,0.0,60.32,10000.0,0,0
2025-12-15 10:00:00,Vinh Tuy Bridge,Outbound,10,72,0,Partially cloudy,19.7,0.0,60.32,10000.0,0,0
2025-12-15 12:00:00,Vinh Tuy Bridge,Inbound,12,33,0,Clear,22.0,0.0,53.06,10000.0,0,0
2025-12-15 12:00:00,Vinh Tuy Bridge,Outbound,12,56,0,Clear,22.0,0.0,53.06,10000.0,0,0
2025-12-15 15:00:00,Vinh Tuy Bridge,Inbound,15,46,0,Partially cloudy,23.0,0.0,53.32,10000.0,0,0
2025-12-15 15:00:00,Vinh Tuy Bridge,Outbound,15,75,0,Partially cloudy,23.0,0.0,53.32,10000.0,0,0
2025-12-15 16:00:00,Vinh Tuy Bridge,Inbound,16,76,0,Partially cloudy,22.7,0.0,53.41,10200.0,0,0
2025-12-15 16:00:00,Vinh Tuy Bridge,Outbound,16,108,0,Partially cloudy,22.7,0.0,53.41,10200.0,0,0
2025-12-15 17:10:00,Vinh Tuy Bridge,Inbound,17,132,1,Partially cloudy,22.0,0.0,56.66,10000.0,0,0
2025-12-15 17:10:00,Vinh Tuy Bridge,Outbound,17,165,1,Partially cloudy,22.0,0.0,56.66,10000.0,0,0
2025-12-15 20:00:00,Vinh Tuy Bridge,Inbound,20,23,0,Partially cloudy,19.0,0.0,72.76,9000.0,0,0
2025-12-15 20:00:00,Vinh Tuy Bridge,Outbound,20,59,0,Partially cloudy,19.0,0.0,72.76,9000.0,0,0
2025-12-15 22:30:00,Vinh Tuy Bridge,Inbound,22,0,0,Clear,18.4,0.0,82.08,9700.0,0,0
2025-12-15 22:30:00,Vinh Tuy Bridge,Outbound,22,0,0,Clear,18.4,0.0,82.08,9700.0,0,0
2025-12-14 03:00:00,Vinh Tuy Bridge,Inbound,3,0,0,Clear,18.0,0.0,72.58,10000.0,6,0
2025-12-14 03:00:00,Vinh Tuy Bridge,Outbound,3,0,0,Clear,18.0,0.0,72.58,10000.0,6,0
2025-12-14 07:10:00,Vinh Tuy Bridge,Inbound,7,17,0,Partially cloudy,17.4,0.0,64.89,10900.0,6,0
2025-12-14 07:10:00,Vinh Tuy Bridge,Outbound,7,20,0,Partially cloudy,17.4,0.0,64.89,10900.0,6,0
2025-12-14 07:30:00,Vinh Tuy Bridge,Inbound,7,24,0,Partially cloudy,17.4,0.0,64.89,10900.0,6,0
2025-12-14 07:30:00,Vinh Tuy Bridge,Outbound,7,27,0,Partially cloudy,17.4,0.0,64.89,10900.0,6,0
2025-12-14 10:00:00,Vinh Tuy Bridge,Inbound,10,34,0,Partially cloudy,18.7,0.0,58.03,10000.0,6,0
2025-12-14 10:00:00,Vinh Tuy Bridge,Outbound,10,44,0,Partially cloudy,18.7,0.0,58.03,10000.0,6,0
2025-12-14 12:00:00,Vinh Tuy Bridge,Inbound,12,43,0,Clear,20.0,0.0,56.16,10000.0,6,0
2025-12-14 12:00:00,Vinh Tuy Bridge,Outbound,12,58,0,Clear,20.0,0.0,56.16,10000.0,6,0
2025-12-14 15:00:00,Vinh Tuy Bridge,Inbound,15,66,0,Rain,21.0,0.7,56.41,10000.0,6,0
2025-12-14 15:00:00,Vinh Tuy Bridge,Outbound,15,87,0,Rain,21.0,0.7,56.41,10000.0,6,0
2025-12-14 16:00:00,Vinh Tuy Bridge,Inbound,16,92,1,Partially cloudy,21.0,0.0,51.81,10200.0,6,0
2025-12-14 16:00:00,Vinh Tuy Bridge,Outbound,16,115,0,Partially cloudy,21.0,0.0,51.81,10200.0,6,0
2025-12-14 17:10:00,Vinh Tuy Bridge,Inbound,17,96,1,Clear,20.0,0.0,60.0,10000.0,6,0
2025-12-14 17:10:00,Vinh Tuy Bridge,Outbound,17,149,1,Clear,20.0,0.0,60.0,10000.0,6,0
2025-12-14 20:00:00,Vinh Tuy Bridge,Inbound,20,24,0,Clear,19.0,0.0,68.18,10000.0,6,0
2025-12-14 20:00:00,Vinh Tuy Bridge,Outbound,20,62,0,Clear,19.0,0.0,68.18,10000.0,6,0
2025-12-14 22:30:00,Vinh Tuy Bridge,Inbound,22,0,0,Partially cloudy,18.0,0.0,69.02,10000.0,6,0
2025-12-14 22:30:00,Vinh Tuy Bridge,Outbound,22,0,0,Partially cloudy,18.0,0.0,69.02,10000.0,6,0
2025-12-13 03:00:00,Vinh Tuy Bridge,Inbound,3,0,0,"Rain, Overcast",21.0,0.3,94.02,2000.0,5,0
2025-12-13 03:00:00,Vinh Tuy Bridge,Outbound,3,0,0,"Rain, Overcast",21.0,0.3,94.02,2000.0,5,0
2025-12-13 07:10:00,Vinh Tuy Bridge,Inbound,7,48,0,"Rain, Overcast",20.4,1.5,93.21,1200.0,5,0
2025-12-13 07:10:00,Vinh Tuy Bridge,Outbound,7,51,0,"Rain, Overcast",20.4,1.5,93.21,1200.0,5,0
2025-12-13 07:30:00,Vinh Tuy Bridge,Inbound,7,75,0,"Rain, Overcast",20.4,1.5,93.21,1200.0,5,0
2025-12-13 07:30:00,Vinh Tuy Bridge,Outbound,7,73,0,"Rain, Overcast",20.4,1.5,93.21,1200.0,5,0
2025-12-13 10:00:00,Vinh Tuy Bridge,Inbound,10,134,1,"Rain, Overcast",20.8,4.1,92.12,3100.0,5,0
2025-12-13 10:00:00,Vinh Tuy Bridge,Outbound,10,120,0,"Rain, Overcast",20.8,4.1,92.12,3100.0,5,0
2025-12-13 12:00:00,Vinh Tuy Bridge,Inbound,12,148,1,"Rain, Overcast",21.0,5.7,94.02,10000.0,5,0
2025-12-13 12:00:00,Vinh Tuy Bridge,Outbound,12,127,0,"Rain, Overcast",21.0,5.7,94.02,10000.0,5,0
2025-12-13 15:00:00,Vinh Tuy Bridge,Inbound,15,174,1,"Rain, Overcast",21.0,0.4,94.02,10000.0,5,0
2025-12-13 15:00:00,Vinh Tuy Bridge,Outbound,15,145,0,"Rain, Overcast",21.0,0.4,94.02,10000.0,5,0
2025-12-13 16:00:00,Vinh Tuy Bridge,Inbound,16,219,1,"Rain, Overcast",21.7,0.6,85.34,9800.0,5,0
2025-12-13 16:00:00,Vinh Tuy Bridge,Outbound,16,193,1,"Rain, Overcast",21.7,0.6,85.34,9800.0,5,0
2025-12-13 17:10:00,Vinh Tuy Bridge,Inbound,17,250,1,"Rain, Overcast",21.0,0.7,82.99,10000.0,5,0
2025-12-13 17:10:00,Vinh Tuy Bridge,Outbound,17,232,1,"Rain, Overcast",21.0,0.7,82.99,10000.0,5,0
2025-12-13 20:00:00,Vinh Tuy Bridge,Inbound,20,55,0,"Rain, Overcast",20.0,0.7,77.77,10000.0,5,0
2025-12-13 20:00:00,Vinh Tuy Bridge,Outbound,20,68,0,"Rain, Overcast",20.0,0.7,77.77,10000.0,5,0
2025-12-13 22:30:00,Vinh Tuy Bridge,Inbound,22,0,0,"Rain, Partially cloudy",19.2,0.6,73.1,10000.0,5,0
2025-12-13 22:30:00,Vinh Tuy Bridge,Outbound,22,0,0,"Rain, Partially cloudy",19.2,0.6,73.1,10000.0,5,0
2025-12-12 03:00:00,Vinh Tuy Bridge,Inbound,3,0,0,Clear,20.0,0.0,88.27,5000.0,4,0
2025-12-12 03:00:00,Vinh Tuy Bridge,Outbound,3,0,0,Clear,20.0,0.0,88.27,5000.0,4,0
2025-12-12 07:10:00,Vinh Tuy Bridge,Inbound,7,46,0,Overcast,20.4,0.0,88.81,7700.0,4,0
2025-12-12 07:10:00,Vinh Tuy Bridge,Outbound,7,67,0,Overcast,20.4,0.0,88.81,7700.0,4,0
2025-12-12 07:30:00,Vinh Tuy Bridge,Inbound,7,68,0,Overcast,20.4,0.0,88.81,7700.0,4,0
2025-12-12 07:30:00,Vinh Tuy Bridge,Outbound,7,94,0,Overcast,20.4,0.0,88.81,7700.0,4,0
2025-12-12 10:00:00,Vinh Tuy Bridge,Inbound,10,49,0,Overcast,22.1,0.0,82.67,7800.0,4,0
2025-12-12 10:00:00,Vinh Tuy Bridge,Outbound,10,55,0,Overcast,22.1,0.0,82.67,7800.0,4,0
2025-12-12 12:00:00,Vinh Tuy Bridge,Inbound,12,55,0,Partially cloudy,22.0,0.0,78.06,3000.0,4,0
2025-12-12 12:00:00,Vinh Tuy Bridge,Outbound,12,51,0,Partially cloudy,22.0,0.0,78.06,3000.0,4,0
2025-12-12 15:00:00,Vinh Tuy Bridge,Inbound,15,80,0,Overcast,23.0,0.0,78.21,2000.0,4,0
2025-12-12 15:00:00,Vinh Tuy Bridge,Outbound,15,73,0,Overcast,23.0,0.0,78.21,2000.0,4,0
2025-12-12 16:00:00,Vinh Tuy Bridge,Inbound,16,140,1,Overcast,23.4,0.0,76.35,7500.0,4,0
2025-12-12 16:00:00,Vinh Tuy Bridge,Outbound,16,137,0,Overcast,23.4,0.0,76.35,7500.0,4,0
2025-12-12 17:10:00,Vinh Tuy Bridge,Inbound,17,255,1,Partially cloudy,23.0,0.1,78.21,2000.0,4,0
2025-12-12 17:10:00,Vinh Tuy Bridge,Outbound,17,273,1,Partially cloudy,23.0,0.1,78.21,2000.0,4,0
2025-12-12 20:00:00,Vinh Tuy Bridge,Inbound,20,77,0,Partially cloudy,22.0,0.2,83.11,3000.0,4,0
2025-12-12 20:00:00,Vinh Tuy Bridge,Outbound,20,67,0,Partially cloudy,22.0,0.2,83.11,3000.0,4,0
2025-12-12 22:30:00,Vinh Tuy Bridge,Inbound,22,0,0,Overcast,21.8,0.2,87.26,7500.0,4,0
2025-12-12 22:30:00,Vinh Tuy Bridge,Outbound,22,0,0,Overcast,21.8,0.2,87.26,7500.0,4,0
2025-12-11 03:00:00,Vinh Tuy Bridge,Inbound,3,0,0,Clear,19.0,0.0,88.19,5000.0,3,0
2025-12-11 03:00:00,Vinh Tuy Bridge,Outbound,3,0,0,Clear,19.0,0.0,88.19,5000.0,3,0
2025-12-11 07:10:00,Vinh Tuy Bridge,Inbound,7,63,0,Partially cloudy,20.1,0.0,89.18,4400.0,3,0
2025-12-11 07:10:00,Vinh Tuy Bridge,Outbound,7,140,0,Partially cloudy,20.1,0.0,89.18,4400.0,3,0
2025-12-11 07:30:00,Vinh Tuy Bridge,Inbound,7,97,1,Partially cloudy,20.1,0.0,89.18,4400.0,3,0
2025-12-11 07:30:00,Vinh Tuy Bridge,Outbound,7,180,1,Partially cloudy,20.1,0.0,89.18,4400.0,3,0
2025-12-11 10:00:00,Vinh Tuy Bridge,Inbound,10,46,0,Partially cloudy,21.1,0.0,80.28,7800.0,3,0
2025-12-11 10:00:00,Vinh Tuy Bridge,Outbound,10,55,0,Partially cloudy,21.1,0.0,80.28,7800.0,3,0
2025-12-11 12:00:00,Vinh Tuy Bridge,Inbound,12,36,0,Partially cloudy,23.0,0.0,68.97,5000.0,3,0
2025-12-11 12:00:00,Vinh Tuy Bridge,Outbound,12,48,0,Partially cloudy,23.0,0.0,68.97,5000.0,3,0
2025-12-11 15:00:00,Vinh Tuy Bridge,Inbound,15,46,0,"Rain, Partially cloudy",23.0,0.3,68.97,4000.0,3,0
2025-12-11 15:00:00,Vinh Tuy Bridge,Outbound,15,61,0,"Rain, Partially cloudy",23.0,0.3,68.97,4000.0,3,0
2025-12-11 16:00:00,Vinh Tuy Bridge,Inbound,16,74,0,Overcast,22.4,0.0,74.17,7800.0,3,0
2025-12-11 16:00:00,Vinh Tuy Bridge,Outbound,16,88,0,Overcast,22.4,0.0,74.17,7800.0,3,0
2025-12-11 17:10:00,Vinh Tuy Bridge,Inbound,17,131,1,Partially cloudy,22.0,0.0,78.06,3000.0,3,0
2025-12-11 17:10:00,Vinh Tuy Bridge,Outbound,17,154,1,Partially cloudy,22.0,0.0,78.06,3000.0,3,0
2025-12-11 20:00:00,Vinh Tuy Bridge,Inbound,20,26,0,Overcast,22.0,0.0,73.29,6000.0,3,0
2025-12-11 20:00:00,Vinh Tuy Bridge,Outbound,20,52,0,Overcast,22.0,0.0,73.29,6000.0,3,0
2025-12-11 22:30:00,Vinh Tuy Bridge,Inbound,22,0,0,Overcast,20.8,0.0,86.12,8400.0,3,0
2025-12-11 22:30:00,Vinh Tuy Bridge,Outbound,22,0,0,Overcast,20.8,0.0,86.12,8400.0,3,0
2025-12-10 03:00:00,Vinh Tuy Bridge,Inbound,3,0,0,Clear,20.0,0.0,82.87,4000.0,2,0
2025-12-10 03:00:00,Vinh Tuy Bridge,Outbound,3,0,0,Clear,20.0,0.0,82.87,4000.0,2,0
2025-12-10 07:10:00,Vinh Tuy Bridge,Inbound,7,66,0,Clear,17.4,0.0,93.26,3400.0,2,0
2025-12-10 07:10:00,Vinh Tuy Bridge,Outbound,7,157,1,Clear,17.4,0.0,93.26,3400.0,2,0
2025-12-10 07:30:00,Vinh Tuy Bridge,Inbound,7,96,1,Clear,17.4,0.0,93.26,3400.0,2,0
2025-12-10 07:30:00,Vinh Tuy Bridge,Outbound,7,200,1,Clear,17.4,0.0,93.26,3400.0,2,0
2025-12-10 10:00:00,Vinh Tuy Bridge,Inbound,10,52,0,Partially cloudy,22.0,0.0,73.63,8600.0,2,0
2025-12-10 10:00:00,Vinh Tuy Bridge,Outbound,10,57,0,Partially cloudy,22.0,0.0,73.63,8600.0,2,0
2025-12-10 12:00:00,Vinh Tuy Bridge,Inbound,12,45,0,Partially cloudy,26.0,0.0,54.08,10000.0,2,0
2025-12-10 12:00:00,Vinh Tuy Bridge,Outbound,12,51,0,Partially cloudy,26.0,0.0,54.08,10000.0,2,0
2025-12-10 15:00:00,Vinh Tuy Bridge,Inbound,15,54,0,Partially cloudy,26.0,0.0,47.55,10000.0,2,0
2025-12-10 15:00:00,Vinh Tuy Bridge,Outbound,15,68,0,Partially cloudy,26.0,0.0,47.55,10000.0,2,0
2025-12-10 16:00:00,Vinh Tuy Bridge,Inbound,16,82,0,Partially cloudy,25.4,0.0,54.22,9600.0,2,0
2025-12-10 16:00:00,Vinh Tuy Bridge,Outbound,16,104,0,Partially cloudy,25.4,0.0,54.22,9600.0,2,0
2025-12-10 17:10:00,Vinh Tuy Bridge,Inbound,17,138,1,Overcast,25.0,0.0,57.39,7000.0,2,0
2025-12-10 17:10:00,Vinh Tuy Bridge,Outbound,17,156,1,Overcast,25.0,0.0,57.39,7000.0,2,0
2025-12-10 20:00:00,Vinh Tuy Bridge,Inbound,20,30,0,Partially cloudy,23.0,0.0,64.72,7000.0,2,0
2025-12-10 20:00:00,Vinh Tuy Bridge,Outbound,20,41,0,Partially cloudy,23.0,0.0,64.72,7000.0,2,0
2025-12-10 22:30:00,Vinh Tuy Bridge,Inbound,22,0,0,Partially cloudy,21.4,0.0,78.49,9100.0,2,0
2025-12-10 22:30:00,Vinh Tuy Bridge,Outbound,22,0,0,Partially cloudy,21.4,0.0,78.49,9100.0,2,0
2025-12-09 03:00:00,Vinh Tuy Bridge,Inbound,3,0,0,Clear,17.0,0.0,93.84,5000.0,1,0
2025-12-09 03:00:00,Vinh Tuy Bridge,Outbound,3,0,0,Clear,17.0,0.0,93.84,5000.0,1,0
2025-12-09 07:10:00,Vinh Tuy Bridge,Inbound,7,68,0,Partially cloudy,17.1,0.0,92.67,4500.0,1,0
2025-12-09 07:10:00,Vinh Tuy Bridge,Outbound,7,155,1,Partially cloudy,17.1,0.0,92.67,4500.0,1,0
2025-12-09 07:30:00,Vinh Tuy Bridge,Inbound,7,94,1,Partially cloudy,17.1,0.0,92.67,4500.0,1,0
2025-12-09 07:30:00,Vinh Tuy Bridge,Outbound,7,204,1,Partially cloudy,17.1,0.0,92.67,4500.0,1,0
2025-12-09 10:00:00,Vinh Tuy Bridge,Inbound,10,61,0,Partially cloudy,21.7,0.0,72.67,9600.0,1,0
2025-12-09 10:00:00,Vinh Tuy Bridge,Outbound,10,53,0,Partially cloudy,21.7,0.0,72.67,9600.0,1,0
2025-12-09 12:00:00,Vinh Tuy Bridge,Inbound,12,57,0,Clear,25.0,0.0,53.83,10000.0,1,0
2025-12-09 12:00:00,Vinh Tuy Bridge,Outbound,12,45,0,Clear,25.0,0.0,53.83,10000.0,1,0
2025-12-09 15:00:00,Vinh Tuy Bridge,Inbound,15,67,0,Clear,26.0,0.0,47.55,10000.0,1,0
2025-12-09 15:00:00,Vinh Tuy Bridge,Outbound,15,56,0,Clear,26.0,0.0,47.55,10000.0,1,0
2025-12-09 16:00:00,Vinh Tuy Bridge,Inbound,16,96,1,Partially cloudy,25.0,0.0,52.98,9600.0,1,0
2025-12-09 16:00:00,Vinh Tuy Bridge,Outbound,16,79,0,Partially cloudy,25.0,0.0,52.98,9600.0,1,0
2025-12-09 17:10:00,Vinh Tuy Bridge,Inbound,17,155,1,Partially cloudy,24.0,0.0,53.58,7000.0,1,0
2025-12-09 17:10:00,Vinh Tuy Bridge,Outbound,17,130,0,Partially cloudy,24.0,0.0,53.58,7000.0,1,0
2025-12-09 20:00:00,Vinh Tuy Bridge,Inbound,20,35,0,Partially cloudy,20.0,0.0,88.27,4000.0,1,0
2025-12-09 20:00:00,Vinh Tuy Bridge,Outbound,20,47,0,Partially cloudy,20.0,0.0,88.27,4000.0,1,0
2025-12-09 22:30:00,Vinh Tuy Bridge,Inbound,22,0,0,Overcast,21.1,0.0,78.19,8800.0,1,0
2025-12-09 22:30:00,Vinh Tuy Bridge,Outbound,22,0,0,Overcast,21.1,0.0,78.19,8800.0,1,0
2025-12-08 03:00:00,Vinh Tuy Bridge,Inbound,3,0,0,Partially cloudy,20.0,0.0,93.97,2000.0,0,0
2025-12-08 03:00:00,Vinh Tuy Bridge,Outbound,3,0,0,Partially cloudy,20.0,0.0,93.97,2000.0,0,0
2025-12-08 07:10:00,Vinh Tuy Bridge,Inbound,7,139,1,Partially cloudy,19.7,0.0,88.57,5600.0,0,0
2025-12-08 07:10:00,Vinh Tuy Bridge,Outbound,7,275,1,Partially cloudy,19.7,0.0,88.57,5600.0,0,0
2025-12-08 07:30:00,Vinh Tuy Bridge,Inbound,7,178,1,Partially cloudy,19.7,0.0,88.57,5600.0,0,0
2025-12-08 07:30:00,Vinh Tuy Bridge,Outbound,7,373,1,Partially cloudy,19.7,0.0,88.57,5600.0,0,0
2025-12-08 10:00:00,Vinh Tuy Bridge,Inbound,10,45,0,Partially cloudy,23.0,0.0,65.78,10200.0,0,0
2025-12-08 10:00:00,Vinh Tuy Bridge,Outbound,10,72,0,Partially cloudy,23.0,0.0,65.78,10200.0,0,0
2025-12-08 12:00:00,Vinh Tuy Bridge,Inbound,12,33,0,Clear,24.0,0.0,57.15,10000.0,0,0
2025-12-08 12:00:00,Vinh Tuy Bridge,Outbound,12,56,0,Clear,24.0,0.0,57.15,10000.0,0,0
2025-12-08 15:00:00,Vinh Tuy Bridge,Inbound,15,46,0,Partially cloudy,25.0,0.0,50.46,10000.0,0,0
2025-12-08 15:00:00,Vinh Tuy Bridge,Outbound,15,75,0,Partially cloudy,25.0,0.0,50.46,10000.0,0,0
2025-12-08 16:00:00,Vinh Tuy Bridge,Inbound,16,76,0,Partially cloudy,25.1,0.0,52.22,10200.0,0,0
2025-12-08 16:00:00,Vinh Tuy Bridge,Outbound,16,108,0,Partially cloudy,25.1,0.0,52.22,10200.0,0,0
2025-12-08 17:10:00,Vinh Tuy Bridge,Inbound,17,132,1,Clear,24.0,0.0,53.58,10000.0,0,0
2025-12-08 17:10:00,Vinh Tuy Bridge,Outbound,17,165,1,Clear,24.0,0.0,53.58,10000.0,0,0
2025-12-08 20:00:00,Vinh Tuy Bridge,Inbound,20,23,0,Clear,21.0,0.0,77.92,5000.0,0,0
2025-12-08 20:00:00,Vinh Tuy Bridge,Outbound,20,59,0,Clear,21.0,0.0,77.92,5000.0,0,0
2025-12-08 22:30:00,Vinh Tuy Bridge,Inbound,22,0,0,Partially cloudy,19.0,0.0,88.36,8400.0,0,0
2025-12-08 22:30:00,Vinh Tuy Bridge,Outbound,22,0,0,Partially cloudy,19.0,0.0,88.36,8400.0,0,0
2025-12-07 03:00:00,Vinh Tuy Bridge,Inbound,3,0,0,Overcast,20.0,0.0,88.27,4000.0,6,0
2025-12-07 03:00:00,Vinh Tuy Bridge,Outbound,3,0,0,Overcast,20.0,0.0,88.27,4000.0,6,0
2025-12-07 07:10:00,Vinh Tuy Bridge,Inbound,7,17,0,Overcast,20.4,0.0,92.71,3500.0,6,0
2025-12-07 07:10:00,Vinh Tuy Bridge,Outbound,7,20,0,Overcast,20.4,0.0,92.71,3500.0,6,0
2025-12-07 07:30:00,Vinh Tuy Bridge,Inbound,7,24,0,Overcast,20.4,0.0,92.71,3500.0,6,0
2025-12-07 07:30:00,Vinh Tuy Bridge,Outbound,7,27,0,Overcast,20.4,0.0,92.71,3500.0,6,0
2025-12-07 10:00:00,Vinh Tuy Bridge,Inbound,10,34,0,Overcast,22.7,0.0,77.58,7800.0,6,0
2025-12-07 10:00:00,Vinh Tuy Bridge,Outbound,10,44,0,Overcast,22.7,0.0,77.58,7800.0,6,0
2025-12-07 12:00:00,Vinh Tuy Bridge,Inbound,12,43,0,Overcast,24.0,0.1,69.16,5000.0,6,0
2025-12-07 12:00:00,Vinh Tuy Bridge,Outbound,12,58,0,Overcast,24.0,0.1,69.16,5000.0,6,0
2025-12-07 15:00:00,Vinh Tuy Bridge,Inbound,15,66,0,Partially cloudy,25.0,0.1,65.15,6000.0,6,0
2025-12-07 15:00:00,Vinh Tuy Bridge,Outbound,15,87,0,Partially cloudy,25.0,0.1,65.15,6000.0,6,0
2025-12-07 16:00:00,Vinh Tuy Bridge,Inbound,16,92,1,Partially cloudy,23.8,0.1,77.23,7800.0,6,0
2025-12-07 16:00:00,Vinh Tuy Bridge,Outbound,16,115,0,Partially cloudy,23.8,0.1,77.23,7800.0,6,0
2025-12-07 17:10:00,Vinh Tuy Bridge,Inbound,17,96,1,Partially cloudy,22.0,0.0,83.11,2000.0,6,0
2025-12-07 17:10:00,Vinh Tuy Bridge,Outbound,17,149,1,Partially cloudy,22.0,0.0,83.11,2000.0,6,0
2025-12-07 20:00:00,Vinh Tuy Bridge,Inbound,20,24,0,Clear,19.0,0.1,93.93,2000.0,6,0
2025-12-07 20:00:00,Vinh Tuy Bridge,Outbound,20,62,0,Clear,19.0,0.1,93.93,2000.0,6,0
2025-12-07 22:30:00,Vinh Tuy Bridge,Inbound,22,0,0,Partially cloudy,19.4,0.1,93.13,7500.0,6,0
2025-12-07 22:30:00,Vinh Tuy Bridge,Outbound,22,0,0,Partially cloudy,19.4,0.1,93.13,7500.0,6,0
2025-12-06 03:00:00,Vinh Tuy Bridge,Inbound,3,0,0,Overcast,19.0,0.0,72.76,10000.0,5,0
2025-12-06 03:00:00,Vinh Tuy Bridge,Outbound,3,0,0,Overcast,19.0,0.0,72.76,10000.0,5,0
2025-12-06 07:10:00,Vinh Tuy Bridge,Inbound,7,48,0,Overcast,18.4,0.0,76.55,9900.0,5,0
2025-12-06 07:10:00,Vinh Tuy Bridge,Outbound,7,51,0,Overcast,18.4,0.0,76.55,9900.0,5,0
2025-12-06 07:30:00,Vinh Tuy Bridge,Inbound,7,75,0,Overcast,18.4,0.0,76.55,9900.0,5,0
2025-12-06 07:30:00,Vinh Tuy Bridge,Outbound,7,73,0,Overcast,18.4,0.0,76.55,9900.0,5,0
2025-12-06 10:00:00,Vinh Tuy Bridge,Inbound,10,134,1,Overcast,19.4,0.0,74.59,9400.0,5,0
2025-12-06 10:00:00,Vinh Tuy Bridge,Outbound,10,120,0,Overcast,19.4,0.0,74.59,9400.0,5,0
2025-12-06 12:00:00,Vinh Tuy Bridge,Inbound,12,148,1,Overcast,20.0,0.0,72.94,8000.0,5,0
2025-12-06 12:00:00,Vinh Tuy Bridge,Outbound,12,127,0,Overcast,20.0,0.0,72.94,8000.0,5,0
2025-12-06 15:00:00,Vinh Tuy Bridge,Inbound,15,174,1,Partially cloudy,23.0,0.0,64.72,6000.0,5,0
2025-12-06 15:00:00,Vinh Tuy Bridge,Outbound,15,145,0,Partially cloudy,23.0,0.0,64.72,6000.0,5,0
2025-12-06 16:00:00,Vinh Tuy Bridge,Inbound,16,219,1,Overcast,22.4,0.0,68.97,8400.0,5,0
2025-12-06 16:00:00,Vinh Tuy Bridge,Outbound,16,193,1,Overcast,22.4,0.0,68.97,8400.0,5,0
2025-12-06 17:10:00,Vinh Tuy Bridge,Inbound,17,250,1,Overcast,22.0,0.0,68.77,5000.0,5,0
2025-12-06 17:10:00,Vinh Tuy Bridge,Outbound,17,232,1,Overcast,22.0,0.0,68.77,5000.0,5,0
2025-12-06 20:00:00,Vinh Tuy Bridge,Inbound,20,55,0,Overcast,22.0,0.0,73.29,5000.0,5,0
2025-12-06 20:00:00,Vinh Tuy Bridge,Outbound,20,68,0,Overcast,22.0,0.0,73.29,5000.0,5,0
2025-12-06 22:30:00,Vinh Tuy Bridge,Inbound,22,0,0,Overcast,21.1,0.0,83.76,8800.0,5,0
2025-12-06 22:30:00,Vinh Tuy Bridge,Outbound,22,0,0,Overcast,21.1,0.0,83.76,8800.0,5,0
2025-12-05 03:00:00,Vinh Tuy Bridge,Inbound,3,0,0,Overcast,20.0,0.0,77.77,9000.0,4,0
2025-12-05 03:00:00,Vinh Tuy Bridge,Outbound,3,0,0,Overcast,20.0,0.0,77.77,9000.0,4,0
2025-12-05 07:10:00,Vinh Tuy Bridge,Inbound,7,46,0,Overcast,20.0,0.1,86.17,9600.0,4,0
2025-12-05 07:10:00,Vinh Tuy Bridge,Outbound,7,67,0,Overcast,20.0,0.1,86.17,9600.0,4,0
2025-12-05 07:30:00,Vinh Tuy Bridge,Inbound,7,68,0,Overcast,20.0,0.1,86.17,9600.0,4,0
2025-12-05 07:30:00,Vinh Tuy Bridge,Outbound,7,94,0,Overcast,20.0,0.1,86.17,9600.0,4,0
2025-12-05 10:00:00,Vinh Tuy Bridge,Inbound,10,49,0,Overcast,20.4,0.0,81.46,8400.0,4,0
2025-12-05 10:00:00,Vinh Tuy Bridge,Outbound,10,55,0,Overcast,20.4,0.0,81.46,8400.0,4,0
2025-12-05 12:00:00,Vinh Tuy Bridge,Inbound,12,55,0,Overcast,20.0,0.1,77.77,5000.0,4,0
2025-12-05 12:00:00,Vinh Tuy Bridge,Outbound,12,51,0,Overcast,20.0,0.1,77.77,5000.0,4,0
2025-12-05 15:00:00,Vinh Tuy Bridge,Inbound,15,80,0,Overcast,21.0,0.0,73.11,6000.0,4,0
2025-12-05 15:00:00,Vinh Tuy Bridge,Outbound,15,73,0,Overcast,21.0,0.0,73.11,6000.0,4,0
2025-12-05 16:00:00,Vinh Tuy Bridge,Inbound,16,140,1,Overcast,21.1,0.0,71.51,8800.0,4,0
2025-12-05 16:00:00,Vinh Tuy Bridge,Outbound,16,137,0,Overcast,21.1,0.0,71.51,8800.0,4,0
2025-12-05 17:10:00,Vinh Tuy Bridge,Inbound,17,255,1,Overcast,20.0,0.0,72.94,6000.0,4,0
2025-12-05 17:10:00,Vinh Tuy Bridge,Outbound,17,273,1,Overcast,20.0,0.0,72.94,6000.0,4,0
2025-12-05 20:00:00,Vinh Tuy Bridge,Inbound,20,77,0,Partially cloudy,19.0,0.0,77.62,7000.0,4,0
2025-12-05 20:00:00,Vinh Tuy Bridge,Outbound,20,67,0,Partially cloudy,19.0,0.0,77.62,7000.0,4,0
2025-12-05 22:30:00,Vinh Tuy Bridge,Inbound,22,0,0,Overcast,19.4,0.0,74.71,9400.0,4,0
2025-12-05 22:30:00,Vinh Tuy Bridge,Outbound,22,0,0,Overcast,19.4,0.0,74.71,9400.0,4,0
2025-12-04 03:00:00,Vinh Tuy Bridge,Inbound,3,0,0,Partially cloudy,20.0,0.0,77.77,9000.0,3,0
2025-12-04 03:00:00,Vinh Tuy Bridge,Outbound,3,0,0,Partially cloudy,20.0,0.0,77.77,9000.0,3,0
2025-12-04 07:10:00,Vinh Tuy Bridge,Inbound,7,63,0,Overcast,20.0,0.0,68.97,9200.0,3,0
2025-12-04 07:10:00,Vinh Tuy Bridge,Outbound,7,140,0,Overcast,20.0,0.0,68.97,9200.0,3,0
2025-12-04 07:30:00,Vinh Tuy Bridge,Inbound,7,97,1,Overcast,20.0,0.0,68.97,9200.0,3,0
2025-12-04 07:30:00,Vinh Tuy Bridge,Outbound,7,180,1,Overcast,20.0,0.0,68.97,9200.0,3,0
2025-12-04 10:00:00,Vinh Tuy Bridge,Inbound,10,46,0,Partially cloudy,22.1,0.0,62.66,9900.0,3,0
2025-12-04 10:00:00,Vinh Tuy Bridge,Outbound,10,55,0,Partially cloudy,22.1,0.0,62.66,9900.0,3,0
2025-12-04 12:00:00,Vinh Tuy Bridge,Inbound,12,36,0,Overcast,23.0,0.0,60.7,9000.0,3,0
2025-12-04 12:00:00,Vinh Tuy Bridge,Outbound,12,48,0,Overcast,23.0,0.0,60.7,9000.0,3,0
2025-12-04 15:00:00,Vinh Tuy Bridge,Inbound,15,46,0,Partially cloudy,23.0,0.0,64.72,8000.0,3,0
2025-12-04 15:00:00,Vinh Tuy Bridge,Outbound,15,61,0,Partially cloudy,23.0,0.0,64.72,8000.0,3,0
2025-12-04 16:00:00,Vinh Tuy Bridge,Inbound,16,74,0,Partially cloudy,23.8,0.0,64.04,9300.0,3,0
2025-12-04 16:00:00,Vinh Tuy Bridge,Outbound,16,88,0,Partially cloudy,23.8,0.0,64.04,9300.0,3,0
2025-12-04 17:10:00,Vinh Tuy Bridge,Inbound,17,131,1,Clear,22.0,0.0,68.77,7000.0,3,0
2025-12-04 17:10:00,Vinh Tuy Bridge,Outbound,17,154,1,Clear,22.0,0.0,68.77,7000.0,3,0
2025-12-04 20:00:00,Vinh Tuy Bridge,Inbound,20,26,0,Partially cloudy,21.0,0.0,73.11,7000.0,3,0
2025-12-04 20:00:00,Vinh Tuy Bridge,Outbound,20,52,0,Partially cloudy,21.0,0.0,73.11,7000.0,3,0
2025-12-04 22:30:00,Vinh Tuy Bridge,Inbound,22,0,0,Partially cloudy,20.1,0.0,80.76,9100.0,3,0
2025-12-04 22:30:00,Vinh Tuy Bridge,Outbound,22,0,0,Partially cloudy,20.1,0.0,80.76,9100.0,3,0
2025-12-03 03:00:00,Vinh Tuy Bridge,Inbound,3,0,0,Partially cloudy,22.0,0.1,88.44,6000.0,2,0
2025-12-03 03:00:00,Vinh Tuy Bridge,Outbound,3,0,0,Partially cloudy,22.0,0.1,88.44,6000.0,2,0
2025-12-03 07:10:00,Vinh Tuy Bridge,Inbound,7,66,0,Partially cloudy,21.6,0.2,92.7,7600.0,2,0
2025-12-03 07:10:00,Vinh Tuy Bridge,Outbound,7,157,1,Partially cloudy,21.6,0.2,92.7,7600.0,2,0
2025-12-03 07:30:00,Vinh Tuy Bridge,Inbound,7,96,1,Partially cloudy,21.6,0.2,92.7,7600.0,2,0
2025-12-03 07:30:00,Vinh Tuy Bridge,Outbound,7,200,1,Partially cloudy,21.6,0.2,92.7,7600.0,2,0
2025-12-03 10:00:00,Vinh Tuy Bridge,Inbound,10,52,0,Overcast,23.4,0.1,83.43,8000.0,2,0
2025-12-03 10:00:00,Vinh Tuy Bridge,Outbound,10,57,0,Overcast,23.4,0.1,83.43,8000.0,2,0
2025-12-03 12:00:00,Vinh Tuy Bridge,Inbound,12,45,0,Overcast,23.0,0.0,83.22,4000.0,2,0
2025-12-03 12:00:00,Vinh Tuy Bridge,Outbound,12,51,0,Overcast,23.0,0.0,83.22,4000.0,2,0
2025-12-03 15:00:00,Vinh Tuy Bridge,Inbound,15,54,0,Overcast,24.0,0.0,64.93,10000.0,2,0
2025-12-03 15:00:00,Vinh Tuy Bridge,Outbound,15,68,0,Overcast,24.0,0.0,64.93,10000.0,2,0
2025-12-03 16:00:00,Vinh Tuy Bridge,Inbound,16,82,0,Overcast,23.7,0.0,64.31,10000.0,2,0
2025-12-03 16:00:00,Vinh Tuy Bridge,Outbound,16,104,0,Overcast,23.7,0.0,64.31,10000.0,2,0
2025-12-03 17:10:00,Vinh Tuy Bridge,Inbound,17,138,1,Clear,23.0,0.0,64.72,10000.0,2,0
2025-12-03 17:10:00,Vinh Tuy Bridge,Outbound,17,156,1,Clear,23.0,0.0,64.72,10000.0,2,0
2025-12-03 20:00:00,Vinh Tuy Bridge,Inbound,20,30,0,Clear,21.0,0.0,77.92,8000.0,2,0
2025-12-03 20:00:00,Vinh Tuy Bridge,Outbound,20,41,0,Clear,21.0,0.0,77.92,8000.0,2,0
2025-12-03 22:30:00,Vinh Tuy Bridge,Inbound,22,0,0,Partially cloudy,21.1,0.0,69.73,9400.0,2,0
2025-12-03 22:30:00,Vinh Tuy Bridge,Outbound,22,0,0,Partially cloudy,21.1,0.0,69.73,9400.0,2,0
2025-12-02 03:00:00,Vinh Tuy Bridge,Inbound,3,0,0,Partially cloudy,21.0,0.0,94.02,4000.0,1,0
2025-12-02 03:00:00,Vinh Tuy Bridge,Outbound,3,0,0,Partially cloudy,21.0,0.0,94.02,4000.0,1,0
2025-12-02 07:10:00,Vinh Tuy Bridge,Inbound,7,68,0,Overcast,20.5,0.0,95.49,1800.0,1,0
2025-12-02 07:10:00,Vinh Tuy Bridge,Outbound,7,155,1,Overcast,20.5,0.0,95.49,1800.0,1,0
2025-12-02 07:30:00,Vinh Tuy Bridge,Inbound,7,94,1,Overcast,20.5,0.0,95.49,1800.0,1,0
2025-12-02 07:30:00,Vinh Tuy Bridge,Outbound,7,204,1,Overcast,20.5,0.0,95.49,1800.0,1,0
2025-12-02 10:00:00,Vinh Tuy Bridge,Inbound,10,61,0,Partially cloudy,23.7,0.1,83.36,7700.0,1,0
2025-12-02 10:00:00,Vinh Tuy Bridge,Outbound,10,53,0,Partially cloudy,23.7,0.1,83.36,7700.0,1,0
2025-12-02 12:00:00,Vinh Tuy Bridge,Inbound,12,57,0,Partially cloudy,26.0,0.1,69.55,4000.0,1,0
2025-12-02 12:00:00,Vinh Tuy Bridge,Outbound,12,45,0,Partially cloudy,26.0,0.1,69.55,4000.0,1,0
2025-12-02 15:00:00,Vinh Tuy Bridge,Inbound,15,67,0,Partially cloudy,28.0,0.0,58.11,6000.0,1,0
2025-12-02 15:00:00,Vinh Tuy Bridge,Outbound,15,56,0,Partially cloudy,28.0,0.0,58.11,6000.0,1,0
2025-12-02 16:00:00,Vinh Tuy Bridge,Inbound,16,96,1,Clear,27.7,0.0,56.1,16300.0,1,0
2025-12-02 16:00:00,Vinh Tuy Bridge,Outbound,16,79,0,Clear,27.7,0.0,56.1,16300.0,1,0
2025-12-02 17:10:00,Vinh Tuy Bridge,Inbound,17,155,1,Clear,26.0,0.0,61.39,9000.0,1,0
2025-12-02 17:10:00,Vinh Tuy Bridge,Outbound,17,130,0,Clear,26.0,0.0,61.39,9000.0,1,0
2025-12-02 20:00:00,Vinh Tuy Bridge,Inbound,20,35,0,Partially cloudy,22.0,0.0,88.44,4000.0,1,0
2025-12-02 20:00:00,Vinh Tuy Bridge,Outbound,20,47,0,Partially cloudy,22.0,0.0,88.44,4000.0,1,0
2025-12-02 22:30:00,Vinh Tuy Bridge,Inbound,22,0,0,Partially cloudy,22.7,0.0,89.31,9400.0,1,0
2025-12-02 22:30:00,Vinh Tuy Bridge,Outbound,22,0,0,Partially cloudy,22.7,0.0,89.31,9400.0,1,0
2025-12-01 03:00:00,Vinh Tuy Bridge,Inbound,3,0,0,Partially cloudy,19.0,0.0,82.75,5000.0,0,0
2025-12-01 03:00:00,Vinh Tuy Bridge,Outbound,3,0,0,Partially cloudy,19.0,0.0,82.75,5000.0,0,0
2025-12-01 07:10:00,Vinh Tuy Bridge,Inbound,7,139,1,Overcast,18.1,0.0,94.06,3400.0,0,0
2025-12-01 07:10:00,Vinh Tuy Bridge,Outbound,7,275,1,Overcast,18.1,0.0,94.06,3400.0,0,0
2025-12-01 07:30:00,Vinh Tuy Bridge,Inbound,7,178,1,Overcast,18.1,0.0,94.06,3400.0,0,0
2025-12-01 07:30:00,Vinh Tuy Bridge,Outbound,7,373,1,Overcast,18.1,0.0,94.06,3400.0,0,0
2025-12-01 10:00:00,Vinh Tuy Bridge,Inbound,10,45,0,Overcast,21.4,0.0,72.43,8100.0,0,0
2025-12-01 10:00:00,Vinh Tuy Bridge,Outbound,10,72,0,Overcast,21.4,0.0,72.43,8100.0,0,0
2025-12-01 12:00:00,Vinh Tuy Bridge,Inbound,12,33,0,Partially cloudy,24.0,0.0,64.93,6000.0,0,0
2025-12-01 12:00:00,Vinh Tuy Bridge,Outbound,12,56,0,Partially cloudy,24.0,0.0,64.93,6000.0,0,0
2025-12-01 15:00:00,Vinh Tuy Bridge,Inbound,15,46,0,Clear,26.0,0.0,57.63,8000.0,0,0
2025-12-01 15:00:00,Vinh Tuy Bridge,Outbound,15,75,0,Clear,26.0,0.0,57.63,8000.0,0,0
2025-12-01 16:00:00,Vinh Tuy Bridge,Inbound,16,76,0,Partially cloudy,26.3,0.0,57.01,9400.0,0,0
2025-12-01 16:00:00,Vinh Tuy Bridge,Outbound,16,108,0,Partially cloudy,26.3,0.0,57.01,9400.0,0,0
2025-12-01 17:10:00,Vinh Tuy Bridge,Inbound,17,132,1,Clear,25.0,0.0,61.16,7000.0,0,0
2025-12-01 17:10:00,Vinh Tuy Bridge,Outbound,17,165,1,Clear,25.0,0.0,61.16,7000.0,0,0
2025-12-01 20:00:00,Vinh Tuy Bridge,Inbound,20,23,0,Partially cloudy,23.0,0.0,73.46,5000.0,0,0
2025-12-01 20:00:00,Vinh Tuy Bridge,Outbound,20,59,0,Partially cloudy,23.0,0.0,73.46,5000.0,0,0
2025-12-01 22:30:00,Vinh Tuy Bridge,Inbound,22,0,0,Overcast,21.1,0.0,90.78,9800.0,0,0
2025-12-01 22:30:00,Vinh Tuy Bridge,Outbound,22,0,0,Overcast,21.1,0.0,90.78,9800.0,0,0
2025-11-30 03:00:00,Vinh Tuy Bridge,Inbound,3,0,0,Partially cloudy,16.0,0.0,82.39,5000.0,6,0
2025-11-30 03:00:00,Vinh Tuy Bridge,Outbound,3,0,0,Partially cloudy,16.0,0.0,82.39,5000.0,6,0
2025-11-30 07:10:00,Vinh Tuy Bridge,Inbound,7,17,0,Partially cloudy,15.5,0.0,87.33,8400.0,6,0
2025-11-30 07:10:00,Vinh Tuy Bridge,Outbound,7,20,0,Partially cloudy,15.5,0.0,87.33,8400.0,6,0
2025-11-30 07:30:00,Vinh Tuy Bridge,Inbound,7,24,0,Partially cloudy,15.5,0.0,87.33,8400.0,6,0
2025-11-30 07:30:00,Vinh Tuy Bridge,Outbound,7,27,0,Partially cloudy,15.5,0.0,87.33,8400.0,6,0
2025-11-30 10:00:00,Vinh Tuy Bridge,Inbound,10,34,0,Partially cloudy,20.7,0.0,61.71,8400.0,6,0
2025-11-30 10:00:00,Vinh Tuy Bridge,Outbound,10,44,0,Partially cloudy,20.7,0.0,61.71,8400.0,6,0
2025-11-30 12:00:00,Vinh Tuy Bridge,Inbound,12,43,0,Partially cloudy,24.0,0.0,50.2,7000.0,6,0
2025-11-30 12:00:00,Vinh Tuy Bridge,Outbound,12,58,0,Partially cloudy,24.0,0.0,50.2,7000.0,6,0
2025-11-30 15:00:00,Vinh Tuy Bridge,Inbound,15,66,0,Clear,26.0,0.0,47.55,7000.0,6,0
2025-11-30 15:00:00,Vinh Tuy Bridge,Outbound,15,87,0,Clear,26.0,0.0,47.55,7000.0,6,0
2025-11-30 16:00:00,Vinh Tuy Bridge,Inbound,16,92,1,Partially cloudy,25.7,0.0,48.18,15900.0,6,0
2025-11-30 16:00:00,Vinh Tuy Bridge,Outbound,16,115,0,Partially cloudy,25.7,0.0,48.18,15900.0,6,0
2025-11-30 17:10:00,Vinh Tuy Bridge,Inbound,17,96,1,Partially cloudy,22.0,0.0,60.47,6000.0,6,0
2025-11-30 17:10:00,Vinh Tuy Bridge,Outbound,17,149,1,Partially cloudy,22.0,0.0,60.47,6000.0,6,0
2025-11-30 20:00:00,Vinh Tuy Bridge,Inbound,20,24,0,Partially cloudy,19.0,0.0,77.62,6000.0,6,0
2025-11-30 20:00:00,Vinh Tuy Bridge,Outbound,20,62,0,Partially cloudy,19.0,0.0,77.62,6000.0,6,0
2025-11-30 22:30:00,Vinh Tuy Bridge,Inbound,22,0,0,Clear,19.4,0.0,81.56,8400.0,6,0
2025-11-30 22:30:00,Vinh Tuy Bridge,Outbound,22,0,0,Clear,19.4,0.0,81.56,8400.0,6,0
2025-11-29 03:00:00,Vinh Tuy Bridge,Inbound,3,0,0,Clear,13.0,0.0,82.01,7000.0,5,0
2025-11-29 03:00:00,Vinh Tuy Bridge,Outbound,3,0,0,Clear,13.0,0.0,82.01,7000.0,5,0
2025-11-29 07:10:00,Vinh Tuy Bridge,Inbound,7,48,0,Clear,13.1,0.0,86.8,8600.0,5,0
2025-11-29 07:10:00,Vinh Tuy Bridge,Outbound,7,51,0,Clear,13.1,0.0,86.8,8600.0,5,0
2025-11-29 07:30:00,Vinh Tuy Bridge,Inbound,7,75,0,Clear,13.1,0.0,86.8,8600.0,5,0
2025-11-29 07:30:00,Vinh Tuy Bridge,Outbound,7,73,0,Clear,13.1,0.0,86.8,8600.0,5,0
2025-11-29 10:00:00,Vinh Tuy Bridge,Inbound,10,134,1,Clear,19.1,0.0,59.82,10200.0,5,0
2025-11-29 10:00:00,Vinh Tuy Bridge,Outbound,10,120,0,Clear,19.1,0.0,59.82,10200.0,5,0
2025-11-29 12:00:00,Vinh Tuy Bridge,Inbound,12,148,1,Partially cloudy,22.0,0.0,49.67,9000.0,5,0
2025-11-29 12:00:00,Vinh Tuy Bridge,Outbound,12,127,0,Partially cloudy,22.0,0.0,49.67,9000.0,5,0
2025-11-29 15:00:00,Vinh Tuy Bridge,Inbound,15,174,1,Clear,25.0,0.0,36.26,10000.0,5,0
2025-11-29 15:00:00,Vinh Tuy Bridge,Outbound,15,145,0,Clear,25.0,0.0,36.26,10000.0,5,0
2025-11-29 16:00:00,Vinh Tuy Bridge,Inbound,16,219,1,Clear,24.5,0.0,35.42,16900.0,5,0
2025-11-29 16:00:00,Vinh Tuy Bridge,Outbound,16,193,1,Clear,24.5,0.0,35.42,16900.0,5,0
2025-11-29 17:10:00,Vinh Tuy Bridge,Inbound,17,250,1,Clear,23.0,0.0,38.21,10000.0,5,0
2025-11-29 17:10:00,Vinh Tuy Bridge,Outbound,17,232,1,Clear,23.0,0.0,38.21,10000.0,5,0
2025-11-29 20:00:00,Vinh Tuy Bridge,Inbound,20,55,0,Partially cloudy,18.0,0.0,77.46,6000.0,5,0
2025-11-29 20:00:00,Vinh Tuy Bridge,Outbound,20,68,0,Partially cloudy,18.0,0.0,77.46,6000.0,5,0
2025-11-29 22:30:00,Vinh Tuy Bridge,Inbound,22,0,0,Clear,16.1,0.0,81.45,15700.0,5,0
2025-11-29 22:30:00,Vinh Tuy Bridge,Outbound,22,0,0,Clear,16.1,0.0,81.45,15700.0,5,0
2025-11-28 03:00:00,Vinh Tuy Bridge,Inbound,3,0,0,Clear,14.0,0.0,76.84,9000.0,4,0
2025-11-28 03:00:00,Vinh Tuy Bridge,Outbound,3,0,0,Clear,14.0,0.0,76.84,9000.0,4,0
2025-11-28 07:10:00,Vinh Tuy Bridge,Inbound,7,46,0,Partially cloudy,13.8,0.0,77.22,8900.0,4,0
2025-11-28 07:10:00,Vinh Tuy Bridge,Outbound,7,67,0,Partially cloudy,13.8,0.0,77.22,8900.0,4,0
2025-11-28 07:30:00,Vinh Tuy Bridge,Inbound,7,68,0,Partially cloudy,13.8,0.0,77.22,8900.0,4,0
2025-11-28 07:30:00,Vinh Tuy Bridge,Outbound,7,94,0,Partially cloudy,13.8,0.0,77.22,8900.0,4,0
2025-11-28 10:00:00,Vinh Tuy Bridge,Inbound,10,49,0,Partially cloudy,20.1,0.0,54.05,10200.0,4,0
2025-11-28 10:00:00,Vinh Tuy Bridge,Outbound,10,55,0,Partially cloudy,20.1,0.0,54.05,10200.0,4,0
2025-11-28 12:00:00,Vinh Tuy Bridge,Inbound,12,55,0,Clear,23.0,0.0,43.73,10000.0,4,0
2025-11-28 12:00:00,Vinh Tuy Bridge,Outbound,12,51,0,Clear,23.0,0.0,43.73,10000.0,4,0
2025-11-28 15:00:00,Vinh Tuy Bridge,Inbound,15,80,0,Clear,25.0,0.0,31.65,10000.0,4,0
2025-11-28 15:00:00,Vinh Tuy Bridge,Outbound,15,73,0,Clear,25.0,0.0,31.65,10000.0,4,0
2025-11-28 16:00:00,Vinh Tuy Bridge,Inbound,16,140,1,Partially cloudy,24.7,0.0,29.7,10200.0,4,0
2025-11-28 16:00:00,Vinh Tuy Bridge,Outbound,16,137,0,Partially cloudy,24.7,0.0,29.7,10200.0,4,0
2025-11-28 17:10:00,Vinh Tuy Bridge,Inbound,17,255,1,Clear,22.0,0.0,40.6,10000.0,4,0
2025-11-28 17:10:00,Vinh Tuy Bridge,Outbound,17,273,1,Clear,22.0,0.0,40.6,10000.0,4,0
2025-11-28 20:00:00,Vinh Tuy Bridge,Inbound,20,77,0,Clear,18.0,0.0,63.63,9000.0,4,0
2025-11-28 20:00:00,Vinh Tuy Bridge,Outbound,20,67,0,Clear,18.0,0.0,63.63,9000.0,4,0
2025-11-28 22:30:00,Vinh Tuy Bridge,Inbound,22,0,0,Clear,14.1,0.0,82.71,9400.0,4,0
2025-11-28 22:30:00,Vinh Tuy Bridge,Outbound,22,0,0,Clear,14.1,0.0,82.71,9400.0,4,0
2025-11-27 03:00:00,Vinh Tuy Bridge,Inbound,3,0,0,Clear,15.0,0.0,87.84,5000.0,3,0
2025-11-27 03:00:00,Vinh Tuy Bridge,Outbound,3,0,0,Clear,15.0,0.0,87.84,5000.0,3,0
2025-11-27 07:10:00,Vinh Tuy Bridge,Inbound,7,63,0,Clear,14.8,0.0,90.1,9300.0,3,0
2025-11-27 07:10:00,Vinh Tuy Bridge,Outbound,7,140,0,Clear,14.8,0.0,90.1,9300.0,3,0
2025-11-27 07:30:00,Vinh Tuy Bridge,Inbound,7,97,1,Clear,14.8,0.0,90.1,9300.0,3,0
2025-11-27 07:30:00,Vinh Tuy Bridge,Outbound,7,180,1,Clear,14.8,0.0,90.1,9300.0,3,0
2025-11-27 10:00:00,Vinh Tuy Bridge,Inbound,10,46,0,Clear,23.1,0.0,41.51,16900.0,3,0
2025-11-27 10:00:00,Vinh Tuy Bridge,Outbound,10,55,0,Clear,23.1,0.0,41.51,16900.0,3,0
2025-11-27 12:00:00,Vinh Tuy Bridge,Inbound,12,36,0,Clear,24.0,0.0,31.37,10000.0,3,0
2025-11-27 12:00:00,Vinh Tuy Bridge,Outbound,12,48,0,Clear,24.0,0.0,31.37,10000.0,3,0
2025-11-27 15:00:00,Vinh Tuy Bridge,Inbound,15,46,0,Clear,25.0,0.0,29.55,10000.0,3,0
2025-11-27 15:00:00,Vinh Tuy Bridge,Outbound,15,61,0,Clear,25.0,0.0,29.55,10000.0,3,0
2025-11-27 16:00:00,Vinh Tuy Bridge,Inbound,16,74,0,Partially cloudy,25.0,0.0,27.72,16900.0,3,0
2025-11-27 16:00:00,Vinh Tuy Bridge,Outbound,16,88,0,Partially cloudy,25.0,0.0,27.72,16900.0,3,0
2025-11-27 17:10:00,Vinh Tuy Bridge,Inbound,17,131,1,Clear,23.0,0.0,38.21,10000.0,3,0
2025-11-27 17:10:00,Vinh Tuy Bridge,Outbound,17,154,1,Clear,23.0,0.0,38.21,10000.0,3,0
2025-11-27 20:00:00,Vinh Tuy Bridge,Inbound,20,26,0,Clear,18.0,0.0,55.66,10000.0,3,0
2025-11-27 20:00:00,Vinh Tuy Bridge,Outbound,20,52,0,Clear,18.0,0.0,55.66,10000.0,3,0
2025-11-27 22:30:00,Vinh Tuy Bridge,Inbound,22,0,0,Partially cloudy,15.1,0.0,74.29,10000.0,3,0
2025-11-27 22:30:00,Vinh Tuy Bridge,Outbound,22,0,0,Partially cloudy,15.1,0.0,74.29,10000.0,3,0
2025-11-26 03:00:00,Vinh Tuy Bridge,Inbound,3,0,0,Clear,16.0,0.0,63.17,10000.0,2,0
2025-11-26 03:00:00,Vinh Tuy Bridge,Outbound,3,0,0,Clear,16.0,0.0,63.17,10000.0,2,0
2025-11-26 07:10:00,Vinh Tuy Bridge,Inbound,7,66,0,Partially cloudy,13.5,0.0,88.12,9600.0,2,0
2025-11-26 07:10:00,Vinh Tuy Bridge,Outbound,7,157,1,Partially cloudy,13.5,0.0,88.12,9600.0,2,0
2025-11-26 07:30:00,Vinh Tuy Bridge,Inbound,7,96,1,Partially cloudy,13.5,0.0,88.12,9600.0,2,0
2025-11-26 07:30:00,Vinh Tuy Bridge,Outbound,7,200,1,Partially cloudy,13.5,0.0,88.12,9600.0,2,0
2025-11-26 10:00:00,Vinh Tuy Bridge,Inbound,10,52,0,Clear,21.4,0.0,44.43,16900.0,2,0
2025-11-26 10:00:00,Vinh Tuy Bridge,Outbound,10,57,0,Clear,21.4,0.0,44.43,16900.0,2,0
2025-11-26 12:00:00,Vinh Tuy Bridge,Inbound,12,45,0,Clear,23.0,0.0,38.21,10000.0,2,0
2025-11-26 12:00:00,Vinh Tuy Bridge,Outbound,12,51,0,Clear,23.0,0.0,38.21,10000.0,2,0
2025-11-26 15:00:00,Vinh Tuy Bridge,Inbound,15,54,0,Clear,24.0,0.0,41.17,10000.0,2,0
2025-11-26 15:00:00,Vinh Tuy Bridge,Outbound,15,68,0,Clear,24.0,0.0,41.17,10000.0,2,0
2025-11-26 16:00:00,Vinh Tuy Bridge,Inbound,16,82,0,Clear,24.0,0.0,39.33,16900.0,2,0
2025-11-26 16:00:00,Vinh Tuy Bridge,Outbound,16,104,0,Clear,24.0,0.0,39.33,16900.0,2,0
2025-11-26 17:10:00,Vinh Tuy Bridge,Inbound,17,138,1,Clear,22.0,0.0,46.47,10000.0,2,0
2025-11-26 17:10:00,Vinh Tuy Bridge,Outbound,17,156,1,Clear,22.0,0.0,46.47,10000.0,2,0
2025-11-26 20:00:00,Vinh Tuy Bridge,Inbound,20,30,0,Clear,17.0,0.0,72.4,9000.0,2,0
2025-11-26 20:00:00,Vinh Tuy Bridge,Outbound,20,41,0,Clear,17.0,0.0,72.4,9000.0,2,0
2025-11-26 22:30:00,Vinh Tuy Bridge,Inbound,22,0,0,Clear,15.7,0.0,80.12,16700.0,2,0
2025-11-26 22:30:00,Vinh Tuy Bridge,Outbound,22,0,0,Clear,15.7,0.0,80.12,16700.0,2,0
2025-11-25 03:00:00,Vinh Tuy Bridge,Inbound,3,0,0,Clear,21.0,0.0,52.8,10000.0,1,0
2025-11-25 03:00:00,Vinh Tuy Bridge,Outbound,3,0,0,Clear,21.0,0.0,52.8,10000.0,1,0
2025-11-25 07:10:00,Vinh Tuy Bridge,Inbound,7,68,0,Clear,19.7,0.0,51.95,11100.0,1,0
2025-11-25 07:10:00,Vinh Tuy Bridge,Outbound,7,155,1,Clear,19.7,0.0,51.95,11100.0,1,0
2025-11-25 07:30:00,Vinh Tuy Bridge,Inbound,7,94,1,Clear,19.7,0.0,51.95,11100.0,1,0
2025-11-25 07:30:00,Vinh Tuy Bridge,Outbound,7,204,1,Clear,19.7,0.0,51.95,11100.0,1,0
2025-11-25 10:00:00,Vinh Tuy Bridge,Inbound,10,61,0,Partially cloudy,23.4,0.0,34.35,16900.0,1,0
2025-11-25 10:00:00,Vinh Tuy Bridge,Outbound,10,53,0,Partially cloudy,23.4,0.0,34.35,16900.0,1,0
2025-11-25 12:00:00,Vinh Tuy Bridge,Inbound,12,57,0,Clear,24.0,0.0,35.97,10000.0,1,0
2025-11-25 12:00:00,Vinh Tuy Bridge,Outbound,12,45,0,Clear,24.0,0.0,35.97,10000.0,1,0
2025-11-25 15:00:00,Vinh Tuy Bridge,Inbound,15,67,0,Clear,24.0,0.0,35.97,10000.0,1,0
2025-11-25 15:00:00,Vinh Tuy Bridge,Outbound,15,56,0,Clear,24.0,0.0,35.97,10000.0,1,0
2025-11-25 16:00:00,Vinh Tuy Bridge,Inbound,16,96,1,Clear,24.4,0.0,34.93,16900.0,1,0
2025-11-25 16:00:00,Vinh Tuy Bridge,Outbound,16,79,0,Clear,24.4,0.0,34.93,16900.0,1,0
2025-11-25 17:10:00,Vinh Tuy Bridge,Inbound,17,155,1,Clear,22.0,0.0,43.45,10000.0,1,0
2025-11-25 17:10:00,Vinh Tuy Bridge,Outbound,17,130,0,Clear,22.0,0.0,43.45,10000.0,1,0
2025-11-25 20:00:00,Vinh Tuy Bridge,Inbound,20,35,0,Clear,18.0,0.0,67.97,10000.0,1,0
2025-11-25 20:00:00,Vinh Tuy Bridge,Outbound,20,47,0,Clear,18.0,0.0,67.97,10000.0,1,0
2025-11-25 22:30:00,Vinh Tuy Bridge,Inbound,22,0,0,Clear,16.1,0.0,78.22,10000.0,1,0
2025-11-25 22:30:00,Vinh Tuy Bridge,Outbound,22,0,0,Clear,16.1,0.0,78.22,10000.0,1,0
2025-11-24 03:00:00,Vinh Tuy Bridge,Inbound,3,0,0,Clear,17.0,0.0,88.01,6000.0,0,0
2025-11-24 03:00:00,Vinh Tuy Bridge,Outbound,3,0,0,Clear,17.0,0.0,88.01,6000.0,0,0
2025-11-24 07:10:00,Vinh Tuy Bridge,Inbound,7,139,1,Clear,17.4,0.0,89.24,4700.0,0,0
2025-11-24 07:10:00,Vinh Tuy Bridge,Outbound,7,275,1,Clear,17.4,0.0,89.24,4700.0,0,0
2025-11-24 07:30:00,Vinh Tuy Bridge,Inbound,7,178,1,Clear,17.4,0.0,89.24,4700.0,0,0
2025-11-24 07:30:00,Vinh Tuy Bridge,Outbound,7,373,1,Clear,17.4,0.0,89.24,4700.0,0,0
2025-11-24 10:00:00,Vinh Tuy Bridge,Inbound,10,45,0,Clear,22.7,0.0,64.91,10200.0,0,0
2025-11-24 10:00:00,Vinh Tuy Bridge,Outbound,10,72,0,Clear,22.7,0.0,64.91,10200.0,0,0
2025-11-24 12:00:00,Vinh Tuy Bridge,Inbound,12,33,0,Clear,25.0,0.0,47.28,10000.0,0,0
2025-11-24 12:00:00,Vinh Tuy Bridge,Outbound,12,56,0,Clear,25.0,0.0,47.28,10000.0,0,0
2025-11-24 15:00:00,Vinh Tuy Bridge,Inbound,15,46,0,Clear,26.0,0.0,44.56,10000.0,0,0
2025-11-24 15:00:00,Vinh Tuy Bridge,Outbound,15,75,0,Clear,26.0,0.0,44.56,10000.0,0,0
2025-11-24 16:00:00,Vinh Tuy Bridge,Inbound,16,76,0,Clear,26.1,0.0,42.7,16900.0,0,0
2025-11-24 16:00:00,Vinh Tuy Bridge,Outbound,16,108,0,Clear,26.1,0.0,42.7,16900.0,0,0
2025-11-24 17:10:00,Vinh Tuy Bridge,Inbound,17,132,1,Clear,24.0,0.0,53.58,10000.0,0,0
2025-11-24 17:10:00,Vinh Tuy Bridge,Outbound,17,165,1,Clear,24.0,0.0,53.58,10000.0,0,0
2025-11-24 20:00:00,Vinh Tuy Bridge,Inbound,20,23,0,Clear,20.0,0.0,72.94,10000.0,0,0
2025-11-24 20:00:00,Vinh Tuy Bridge,Outbound,20,59,0,Clear,20.0,0.0,72.94,10000.0,0,0
2025-11-24 22:30:00,Vinh Tuy Bridge,Inbound,22,0,0,Clear,18.8,0.0,80.82,10000.0,0,0
2025-11-24 22:30:00,Vinh Tuy Bridge,Outbound,22,0,0,Clear,18.8,0.0,80.82,10000.0,0,0
2025-11-23 03:00:00,Vinh Tuy Bridge,Inbound,3,0,0,Clear,19.0,0.0,72.76,10000.0,6,0
2025-11-23 03:00:00,Vinh Tuy Bridge,Outbound,3,0,0,Clear,19.0,0.0,72.76,10000.0,6,0
2025-11-23 07:10:00,Vinh Tuy Bridge,Inbound,7,17,0,Partially cloudy,18.1,0.0,84.24,10200.0,6,0
2025-11-23 07:10:00,Vinh Tuy Bridge,Outbound,7,20,0,Partially cloudy,18.1,0.0,84.24,10200.0,6,0
2025-11-23 07:30:00,Vinh Tuy Bridge,Inbound,7,24,0,Partially cloudy,18.1,0.0,84.24,10200.0,6,0
2025-11-23 07:30:00,Vinh Tuy Bridge,Outbound,7,27,0,Partially cloudy,18.1,0.0,84.24,10200.0,6,0
2025-11-23 10:00:00,Vinh Tuy Bridge,Inbound,10,34,0,Clear,22.8,0.0,61.13,10200.0,6,0
2025-11-23 10:00:00,Vinh Tuy Bridge,Outbound,10,44,0,Clear,22.8,0.0,61.13,10200.0,6,0
2025-11-23 12:00:00,Vinh Tuy Bridge,Inbound,12,43,0,Clear,25.0,0.0,47.28,10000.0,6,0
2025-11-23 12:00:00,Vinh Tuy Bridge,Outbound,12,58,0,Clear,25.0,0.0,47.28,10000.0,6,0
2025-11-23 15:00:00,Vinh Tuy Bridge,Inbound,15,66,0,Clear,26.0,0.0,41.73,10000.0,6,0
2025-11-23 15:00:00,Vinh Tuy Bridge,Outbound,15,87,0,Clear,26.0,0.0,41.73,10000.0,6,0
2025-11-23 16:00:00,Vinh Tuy Bridge,Inbound,16,92,1,Clear,26.1,0.0,44.63,16900.0,6,0
2025-11-23 16:00:00,Vinh Tuy Bridge,Outbound,16,115,0,Clear,26.1,0.0,44.63,16900.0,6,0
2025-11-23 17:10:00,Vinh Tuy Bridge,Inbound,17,96,1,Clear,25.0,0.0,47.28,10000.0,6,0
2025-11-23 17:10:00,Vinh Tuy Bridge,Outbound,17,149,1,Clear,25.0,0.0,47.28,10000.0,6,0
2025-11-23 20:00:00,Vinh Tuy Bridge,Inbound,20,24,0,Clear,20.0,0.0,77.77,7000.0,6,0
2025-11-23 20:00:00,Vinh Tuy Bridge,Outbound,20,62,0,Clear,20.0,0.0,77.77,7000.0,6,0
2025-11-23 22:30:00,Vinh Tuy Bridge,Inbound,22,0,0,Clear,19.5,0.0,82.73,9100.0,6,0
2025-11-23 22:30:00,Vinh Tuy Bridge,Outbound,22,0,0,Clear,19.5,0.0,82.73,9100.0,6,0
2025-11-22 03:00:00,Vinh Tuy Bridge,Inbound,3,0,0,Clear,19.0,0.0,63.85,10000.0,5,0
2025-11-22 03:00:00,Vinh Tuy Bridge,Outbound,3,0,0,Clear,19.0,0.0,63.85,10000.0,5,0
2025-11-22 07:10:00,Vinh Tuy Bridge,Inbound,7,48,0,Clear,16.1,0.0,89.78,7000.0,5,0
2025-11-22 07:10:00,Vinh Tuy Bridge,Outbound,7,51,0,Clear,16.1,0.0,89.78,7000.0,5,0
2025-11-22 07:30:00,Vinh Tuy Bridge,Inbound,7,75,0,Clear,16.1,0.0,89.78,7000.0,5,0
2025-11-22 07:30:00,Vinh Tuy Bridge,Outbound,7,73,0,Clear,16.1,0.0,89.78,7000.0,5,0
2025-11-22 10:00:00,Vinh Tuy Bridge,Inbound,10,134,1,Partially cloudy,22.7,0.0,50.16,10200.0,5,0
2025-11-22 10:00:00,Vinh Tuy Bridge,Outbound,10,120,0,Partially cloudy,22.7,0.0,50.16,10200.0,5,0
2025-11-22 12:00:00,Vinh Tuy Bridge,Inbound,12,148,1,Clear,24.0,0.0,35.97,10000.0,5,0
2025-11-22 12:00:00,Vinh Tuy Bridge,Outbound,12,127,0,Clear,24.0,0.0,35.97,10000.0,5,0
2025-11-22 15:00:00,Vinh Tuy Bridge,Inbound,15,174,1,Clear,24.0,0.0,38.49,10000.0,5,0
2025-11-22 15:00:00,Vinh Tuy Bridge,Outbound,15,145,0,Clear,24.0,0.0,38.49,10000.0,5,0
2025-11-22 16:00:00,Vinh Tuy Bridge,Inbound,16,219,1,Partially cloudy,23.8,0.0,36.9,10200.0,5,0
2025-11-22 16:00:00,Vinh Tuy Bridge,Outbound,16,193,1,Partially cloudy,23.8,0.0,36.9,10200.0,5,0
2025-11-22 17:10:00,Vinh Tuy Bridge,Inbound,17,250,1,Clear,23.0,0.0,43.73,10000.0,5,0
2025-11-22 17:10:00,Vinh Tuy Bridge,Outbound,17,232,1,Clear,23.0,0.0,43.73,10000.0,5,0
2025-11-22 20:00:00,Vinh Tuy Bridge,Inbound,20,55,0,Clear,19.0,0.0,77.62,9000.0,5,0
2025-11-22 20:00:00,Vinh Tuy Bridge,Outbound,20,68,0,Clear,19.0,0.0,77.62,9000.0,5,0
2025-11-22 22:30:00,Vinh Tuy Bridge,Inbound,22,0,0,Partially cloudy,19.7,0.0,68.73,9100.0,5,0
2025-11-22 22:30:00,Vinh Tuy Bridge,Outbound,22,0,0,Partially cloudy,19.7,0.0,68.73,9100.0,5,0
2025-11-21 03:00:00,Vinh Tuy Bridge,Inbound,3,0,0,Clear,18.0,0.0,59.52,10000.0,4,0
2025-11-21 03:00:00,Vinh Tuy Bridge,Outbound,3,0,0,Clear,18.0,0.0,59.52,10000.0,4,0
2025-11-21 07:10:00,Vinh Tuy Bridge,Inbound,7,46,0,Partially cloudy,16.4,0.0,87.52,8700.0,4,0
2025-11-21 07:10:00,Vinh Tuy Bridge,Outbound,7,67,0,Partially cloudy,16.4,0.0,87.52,8700.0,4,0
2025-11-21 07:30:00,Vinh Tuy Bridge,Inbound,7,68,0,Partially cloudy,16.4,0.0,87.52,8700.0,4,0
2025-11-21 07:30:00,Vinh Tuy Bridge,Outbound,7,94,0,Partially cloudy,16.4,0.0,87.52,8700.0,4,0
2025-11-21 10:00:00,Vinh Tuy Bridge,Inbound,10,49,0,Partially cloudy,21.3,0.0,53.65,10200.0,4,0
2025-11-21 10:00:00,Vinh Tuy Bridge,Outbound,10,55,0,Partially cloudy,21.3,0.0,53.65,10200.0,4,0
2025-11-21 12:00:00,Vinh Tuy Bridge,Inbound,12,55,0,Clear,23.0,0.0,43.73,10000.0,4,0
2025-11-21 12:00:00,Vinh Tuy Bridge,Outbound,12,51,0,Clear,23.0,0.0,43.73,10000.0,4,0
2025-11-21 15:00:00,Vinh Tuy Bridge,Inbound,15,80,0,Clear,24.0,0.0,41.17,10000.0,4,0
2025-11-21 15:00:00,Vinh Tuy Bridge,Outbound,15,73,0,Clear,24.0,0.0,41.17,10000.0,4,0
2025-11-21 16:00:00,Vinh Tuy Bridge,Inbound,16,140,1,Clear,24.4,0.0,42.15,10200.0,4,0
2025-11-21 16:00:00,Vinh Tuy Bridge,Outbound,16,137,0,Clear,24.4,0.0,42.15,10200.0,4,0
2025-11-21 17:10:00,Vinh Tuy Bridge,Inbound,17,255,1,Clear,23.0,0.0,49.93,10000.0,4,0
2025-11-21 17:10:00,Vinh Tuy Bridge,Outbound,17,273,1,Clear,23.0,0.0,49.93,10000.0,4,0
2025-11-21 20:00:00,Vinh Tuy Bridge,Inbound,20,77,0,Clear,20.0,0.0,64.07,10000.0,4,0
2025-11-21 20:00:00,Vinh Tuy Bridge,Outbound,20,67,0,Clear,20.0,0.0,64.07,10000.0,4,0
2025-11-21 22:30:00,Vinh Tuy Bridge,Inbound,22,0,0,Clear,18.3,0.0,78.16,10000.0,4,0
2025-11-21 22:30:00,Vinh Tuy Bridge,Outbound,22,0,0,Clear,18.3,0.0,78.16,10000.0,4,0
2025-11-20 03:00:00,Vinh Tuy Bridge,Inbound,3,0,0,Clear,16.0,0.0,67.56,10000.0,3,0
2025-11-20 03:00:00,Vinh Tuy Bridge,Outbound,3,0,0,Clear,16.0,0.0,67.56,10000.0,3,0
2025-11-20 07:10:00,Vinh Tuy Bridge,Inbound,7,63,0,Partially cloudy,16.4,0.0,63.85,11100.0,3,0
2025-11-20 07:10:00,Vinh Tuy Bridge,Outbound,7,140,0,Partially cloudy,16.4,0.0,63.85,11100.0,3,0
2025-11-20 07:30:00,Vinh Tuy Bridge,Inbound,7,97,1,Partially cloudy,16.4,0.0,63.85,11100.0,3,0
2025-11-20 07:30:00,Vinh Tuy Bridge,Outbound,7,180,1,Partially cloudy,16.4,0.0,63.85,11100.0,3,0
2025-11-20 10:00:00,Vinh Tuy Bridge,Inbound,10,46,0,Partially cloudy,19.1,0.0,49.95,10200.0,3,0
2025-11-20 10:00:00,Vinh Tuy Bridge,Outbound,10,55,0,Partially cloudy,19.1,0.0,49.95,10200.0,3,0
2025-11-20 12:00:00,Vinh Tuy Bridge,Inbound,12,36,0,Clear,21.0,0.0,49.4,10000.0,3,0
2025-11-20 12:00:00,Vinh Tuy Bridge,Outbound,12,48,0,Clear,21.0,0.0,49.4,10000.0,3,0
2025-11-20 15:00:00,Vinh Tuy Bridge,Inbound,15,46,0,Clear,23.0,0.0,38.21,10000.0,3,0
2025-11-20 15:00:00,Vinh Tuy Bridge,Outbound,15,61,0,Clear,23.0,0.0,38.21,10000.0,3,0
2025-11-20 16:00:00,Vinh Tuy Bridge,Inbound,16,74,0,Clear,22.4,0.0,41.09,16900.0,3,0
2025-11-20 16:00:00,Vinh Tuy Bridge,Outbound,16,88,0,Clear,22.4,0.0,41.09,16900.0,3,0
2025-11-20 17:10:00,Vinh Tuy Bridge,Inbound,17,131,1,Clear,21.0,0.0,46.19,10000.0,3,0
2025-11-20 17:10:00,Vinh Tuy Bridge,Outbound,17,154,1,Clear,21.0,0.0,46.19,10000.0,3,0
2025-11-20 20:00:00,Vinh Tuy Bridge,Inbound,20,26,0,Clear,18.0,0.0,72.58,10000.0,3,0
2025-11-20 20:00:00,Vinh Tuy Bridge,Outbound,20,52,0,Clear,18.0,0.0,72.58,10000.0,3,0
2025-11-20 22:30:00,Vinh Tuy Bridge,Inbound,22,0,0,Partially cloudy,17.4,0.0,78.85,10000.0,3,0
2025-11-20 22:30:00,Vinh Tuy Bridge,Outbound,22,0,0,Partially cloudy,17.4,0.0,78.85,10000.0,3,0
2025-11-19 03:00:00,Vinh Tuy Bridge,Inbound,3,0,0,Partially cloudy,14.0,0.0,82.14,10000.0,2,0
2025-11-19 03:00:00,Vinh Tuy Bridge,Outbound,3,0,0,Partially cloudy,14.0,0.0,82.14,10000.0,2,0
2025-11-19 07:10:00,Vinh Tuy Bridge,Inbound,7,66,0,Partially cloudy,13.7,0.0,85.12,10200.0,2,0
2025-11-19 07:10:00,Vinh Tuy Bridge,Outbound,7,157,1,Partially cloudy,13.7,0.0,85.12,10200.0,2,0
2025-11-19 07:30:00,Vinh Tuy Bridge,Inbound,7,96,1,Partially cloudy,13.7,0.0,85.12,10200.0,2,0
2025-11-19 07:30:00,Vinh Tuy Bridge,Outbound,7,200,1,Partially cloudy,13.7,0.0,85.12,10200.0,2,0
2025-11-19 10:00:00,Vinh Tuy Bridge,Inbound,10,52,0,Overcast,16.6,0.0,69.95,10000.0,2,0
2025-11-19 10:00:00,Vinh Tuy Bridge,Outbound,10,57,0,Overcast,16.6,0.0,69.95,10000.0,2,0
2025-11-19 12:00:00,Vinh Tuy Bridge,Inbound,12,45,0,Overcast,16.0,0.0,72.22,10000.0,2,0
2025-11-19 12:00:00,Vinh Tuy Bridge,Outbound,12,51,0,Overcast,16.0,0.0,72.22,10000.0,2,0
2025-11-19 15:00:00,Vinh Tuy Bridge,Inbound,15,54,0,Partially cloudy,18.0,0.0,59.52,10000.0,2,0
2025-11-19 15:00:00,Vinh Tuy Bridge,Outbound,15,68,0,Partially cloudy,18.0,0.0,59.52,10000.0,2,0
2025-11-19 16:00:00,Vinh Tuy Bridge,Inbound,16,82,0,Partially cloudy,17.7,0.0,59.97,10000.0,2,0
2025-11-19 16:00:00,Vinh Tuy Bridge,Outbound,16,104,0,Partially cloudy,17.7,0.0,59.97,10000.0,2,0
2025-11-19 17:10:00,Vinh Tuy Bridge,Inbound,17,138,1,Clear,17.0,0.0,67.77,10000.0,2,0
2025-11-19 17:10:00,Vinh Tuy Bridge,Outbound,17,156,1,Clear,17.0,0.0,67.77,10000.0,2,0
2025-11-19 20:00:00,Vinh Tuy Bridge,Inbound,20,30,0,Clear,16.0,0.0,77.16,10000.0,2,0
2025-11-19 20:00:00,Vinh Tuy Bridge,Outbound,20,41,0,Clear,16.0,0.0,77.16,10000.0,2,0
2025-11-19 22:30:00,Vinh Tuy Bridge,Inbound,22,0,0,Partially cloudy,16.4,0.0,66.33,10000.0,2,0
2025-11-19 22:30:00,Vinh Tuy Bridge,Outbound,22,0,0,Partially cloudy,16.4,0.0,66.33,10000.0,2,0
2025-11-18 03:00:00,Vinh Tuy Bridge,Inbound,3,0,0,"Rain, Overcast",22.0,0.5,83.11,10000.0,1,0
2025-11-18 03:00:00,Vinh Tuy Bridge,Outbound,3,0,0,"Rain, Overcast",22.0,0.5,83.11,10000.0,1,0
2025-11-18 07:10:00,Vinh Tuy Bridge,Inbound,7,68,0,"Rain, Overcast",21.0,0.7,92.63,9200.0,1,0
2025-11-18 07:10:00,Vinh Tuy Bridge,Outbound,7,155,1,"Rain, Overcast",21.0,0.7,92.63,9200.0,1,0
2025-11-18 07:30:00,Vinh Tuy Bridge,Inbound,7,94,1,"Rain, Overcast",21.0,0.7,92.63,9200.0,1,0
2025-11-18 07:30:00,Vinh Tuy Bridge,Outbound,7,204,1,"Rain, Overcast",21.0,0.7,92.63,9200.0,1,0
2025-11-18 10:00:00,Vinh Tuy Bridge,Inbound,10,61,0,"Rain, Overcast",20.8,0.5,93.71,9100.0,1,0
2025-11-18 10:00:00,Vinh Tuy Bridge,Outbound,10,53,0,"Rain, Overcast",20.8,0.5,93.71,9100.0,1,0
2025-11-18 12:00:00,Vinh Tuy Bridge,Inbound,12,57,0,"Rain, Overcast",20.0,0.4,93.97,10000.0,1,0
2025-11-18 12:00:00,Vinh Tuy Bridge,Outbound,12,45,0,"Rain, Overcast",20.0,0.4,93.97,10000.0,1,0
2025-11-18 15:00:00,Vinh Tuy Bridge,Inbound,15,67,0,Overcast,17.0,0.1,88.01,10000.0,1,0
2025-11-18 15:00:00,Vinh Tuy Bridge,Outbound,15,56,0,Overcast,17.0,0.1,88.01,10000.0,1,0
2025-11-18 16:00:00,Vinh Tuy Bridge,Inbound,16,96,1,Overcast,16.8,0.1,89.61,10000.0,1,0
2025-11-18 16:00:00,Vinh Tuy Bridge,Outbound,16,79,0,Overcast,16.8,0.1,89.61,10000.0,1,0
2025-11-18 17:10:00,Vinh Tuy Bridge,Inbound,17,155,1,Overcast,16.0,0.2,93.79,7000.0,1,0
2025-11-18 17:10:00,Vinh Tuy Bridge,Outbound,17,130,0,Overcast,16.0,0.2,93.79,7000.0,1,0
2025-11-18 20:00:00,Vinh Tuy Bridge,Inbound,20,35,0,Overcast,15.0,0.2,87.84,10000.0,1,0
2025-11-18 20:00:00,Vinh Tuy Bridge,Outbound,20,47,0,Overcast,15.0,0.2,87.84,10000.0,1,0
2025-11-18 22:30:00,Vinh Tuy Bridge,Inbound,22,0,0,Overcast,14.1,0.1,95.37,10000.0,1,0
2025-11-18 22:30:00,Vinh Tuy Bridge,Outbound,22,0,0,Overcast,14.1,0.1,95.37,10000.0,1,0
2025-11-17 03:00:00,Vinh Tuy Bridge,Inbound,3,0,0,Clear,22.0,0.0,88.44,10000.0,0,0
2025-11-17 03:00:00,Vinh Tuy Bridge,Outbound,3,0,0,Clear,22.0,0.0,88.44,10000.0,0,0
2025-11-17 07:10:00,Vinh Tuy Bridge,Inbound,7,139,1,Partially cloudy,21.5,0.0,92.71,9900.0,0,0
2025-11-17 07:10:00,Vinh Tuy Bridge,Outbound,7,275,1,Partially cloudy,21.5,0.0,92.71,9900.0,0,0
2025-11-17 07:30:00,Vinh Tuy Bridge,Inbound,7,178,1,Partially cloudy,21.5,0.0,92.71,9900.0,0,0
2025-11-17 07:30:00,Vinh Tuy Bridge,Outbound,7,373,1,Partially cloudy,21.5,0.0,92.71,9900.0,0,0
2025-11-17 10:00:00,Vinh Tuy Bridge,Inbound,10,45,0,Partially cloudy,26.1,0.0,71.59,10000.0,0,0
2025-11-17 10:00:00,Vinh Tuy Bridge,Outbound,10,72,0,Partially cloudy,26.1,0.0,71.59,10000.0,0,0
2025-11-17 12:00:00,Vinh Tuy Bridge,Inbound,12,33,0,Partially cloudy,27.0,0.1,65.56,10000.0,0,0
2025-11-17 12:00:00,Vinh Tuy Bridge,Outbound,12,56,0,Partially cloudy,27.0,0.1,65.56,10000.0,0,0
2025-11-17 15:00:00,Vinh Tuy Bridge,Inbound,15,46,0,Partially cloudy,26.0,0.1,65.36,10000.0,0,0
2025-11-17 15:00:00,Vinh Tuy Bridge,Outbound,15,75,0,Partially cloudy,26.0,0.1,65.36,10000.0,0,0
2025-11-17 16:00:00,Vinh Tuy Bridge,Inbound,16,76,0,Overcast,24.8,0.1,80.72,10000.0,0,0
2025-11-17 16:00:00,Vinh Tuy Bridge,Outbound,16,108,0,Overcast,24.8,0.1,80.72,10000.0,0,0
2025-11-17 17:10:00,Vinh Tuy Bridge,Inbound,17,132,1,Partially cloudy,24.0,0.1,88.6,5000.0,0,0
2025-11-17 17:10:00,Vinh Tuy Bridge,Outbound,17,165,1,Partially cloudy,24.0,0.1,88.6,5000.0,0,0
2025-11-17 20:00:00,Vinh Tuy Bridge,Inbound,20,23,0,"Rain, Overcast",23.0,0.3,88.52,10000.0,0,0
2025-11-17 20:00:00,Vinh Tuy Bridge,Outbound,20,59,0,"Rain, Overcast",23.0,0.3,88.52,10000.0,0,0
2025-11-17 22:30:00,Vinh Tuy Bridge,Inbound,22,0,0,"Rain, Overcast",23.0,0.4,91.33,8800.0,0,0
2025-11-17 22:30:00,Vinh Tuy Bridge,Outbound,22,0,0,"Rain, Overcast",23.0,0.4,91.33,8800.0,0,0
2025-11-16 03:00:00,Vinh Tuy Bridge,Inbound,3,0,0,Clear,21.0,0.0,82.99,10000.0,6,0
2025-11-16 03:00:00,Vinh Tuy Bridge,Outbound,3,0,0,Clear,21.0,0.0,82.99,10000.0,6,0
2025-11-16 07:10:00,Vinh Tuy Bridge,Inbound,7,17,0,Partially cloudy,21.1,0.0,83.72,9600.0,6,0
2025-11-16 07:10:00,Vinh Tuy Bridge,Outbound,7,20,0,Partially cloudy,21.1,0.0,83.72,9600.0,6,0
2025-11-16 07:30:00,Vinh Tuy Bridge,Inbound,7,24,0,Partially cloudy,21.1,0.0,83.72,9600.0,6,0
2025-11-16 07:30:00,Vinh Tuy Bridge,Outbound,7,27,0,Partially cloudy,21.1,0.0,83.72,9600.0,6,0
2025-11-16 10:00:00,Vinh Tuy Bridge,Inbound,10,34,0,Partially cloudy,24.0,0.0,72.33,10200.0,6,0
2025-11-16 10:00:00,Vinh Tuy Bridge,Outbound,10,44,0,Partially cloudy,24.0,0.0,72.33,10200.0,6,0
2025-11-16 12:00:00,Vinh Tuy Bridge,Inbound,12,43,0,Clear,25.0,0.0,69.36,10000.0,6,0
2025-11-16 12:00:00,Vinh Tuy Bridge,Outbound,12,58,0,Clear,25.0,0.0,69.36,10000.0,6,0
2025-11-16 15:00:00,Vinh Tuy Bridge,Inbound,15,66,0,Clear,27.0,0.0,61.61,10000.0,6,0
2025-11-16 15:00:00,Vinh Tuy Bridge,Outbound,15,87,0,Clear,27.0,0.0,61.61,10000.0,6,0
2025-11-16 16:00:00,Vinh Tuy Bridge,Inbound,16,92,1,Partially cloudy,27.1,0.0,59.13,10200.0,6,0
2025-11-16 16:00:00,Vinh Tuy Bridge,Outbound,16,115,0,Partially cloudy,27.1,0.0,59.13,10200.0,6,0
2025-11-16 17:10:00,Vinh Tuy Bridge,Inbound,17,96,1,Clear,26.0,0.0,61.39,10000.0,6,0
2025-11-16 17:10:00,Vinh Tuy Bridge,Outbound,17,149,1,Clear,26.0,0.0,61.39,10000.0,6,0
2025-11-16 20:00:00,Vinh Tuy Bridge,Inbound,20,24,0,Clear,24.0,0.0,78.35,10000.0,6,0
2025-11-16 20:00:00,Vinh Tuy Bridge,Outbound,20,62,0,Clear,24.0,0.0,78.35,10000.0,6,0
2025-11-16 22:30:00,Vinh Tuy Bridge,Inbound,22,0,0,Partially cloudy,23.7,0.0,79.34,10000.0,6,0
2025-11-16 22:30:00,Vinh Tuy Bridge,Outbound,22,0,0,Partially cloudy,23.7,0.0,79.34,10000.0,6,0
2025-11-15 03:00:00,Vinh Tuy Bridge,Inbound,3,0,0,Clear,18.0,0.0,82.63,9000.0,5,0
2025-11-15 03:00:00,Vinh Tuy Bridge,Outbound,3,0,0,Clear,18.0,0.0,82.63,9000.0,5,0
2025-11-15 07:10:00,Vinh Tuy Bridge,Inbound,7,48,0,Clear,17.4,0.0,90.03,6500.0,5,0
2025-11-15 07:10:00,Vinh Tuy Bridge,Outbound,7,51,0,Clear,17.4,0.0,90.03,6500.0,5,0
2025-11-15 07:30:00,Vinh Tuy Bridge,Inbound,7,75,0,Clear,17.4,0.0,90.03,6500.0,5,0
2025-11-15 07:30:00,Vinh Tuy Bridge,Outbound,7,73,0,Clear,17.4,0.0,90.03,6500.0,5,0
2025-11-15 10:00:00,Vinh Tuy Bridge,Inbound,10,134,1,Clear,24.7,0.0,55.25,16900.0,5,0
2025-11-15 10:00:00,Vinh Tuy Bridge,Outbound,10,120,0,Clear,24.7,0.0,55.25,16900.0,5,0
2025-11-15 12:00:00,Vinh Tuy Bridge,Inbound,12,148,1,Clear,26.0,0.0,54.08,10000.0,5,0
2025-11-15 12:00:00,Vinh Tuy Bridge,Outbound,12,127,0,Clear,26.0,0.0,54.08,10000.0,5,0
2025-11-15 15:00:00,Vinh Tuy Bridge,Inbound,15,174,1,Clear,28.0,0.0,48.09,10000.0,5,0
2025-11-15 15:00:00,Vinh Tuy Bridge,Outbound,15,145,0,Clear,28.0,0.0,48.09,10000.0,5,0
2025-11-15 16:00:00,Vinh Tuy Bridge,Inbound,16,219,1,Clear,27.4,0.0,48.14,16900.0,5,0
2025-11-15 16:00:00,Vinh Tuy Bridge,Outbound,16,193,1,Clear,27.4,0.0,48.14,16900.0,5,0
2025-11-15 17:10:00,Vinh Tuy Bridge,Inbound,17,250,1,Clear,26.0,0.0,54.08,10000.0,5,0
2025-11-15 17:10:00,Vinh Tuy Bridge,Outbound,17,232,1,Clear,26.0,0.0,54.08,10000.0,5,0
2025-11-15 20:00:00,Vinh Tuy Bridge,Inbound,20,55,0,Clear,22.0,0.0,78.06,7000.0,5,0
2025-11-15 20:00:00,Vinh Tuy Bridge,Outbound,20,68,0,Clear,22.0,0.0,78.06,7000.0,5,0
2025-11-15 22:30:00,Vinh Tuy Bridge,Inbound,22,0,0,Clear,20.1,0.0,87.88,16700.0,5,0
2025-11-15 22:30:00,Vinh Tuy Bridge,Outbound,22,0,0,Clear,20.1,0.0,87.88,16700.0,5,0
2025-11-14 03:00:00,Vinh Tuy Bridge,Inbound,3,0,0,Clear,19.0,0.0,88.19,8000.0,4,0
2025-11-14 03:00:00,Vinh Tuy Bridge,Outbound,3,0,0,Clear,19.0,0.0,88.19,8000.0,4,0
2025-11-14 07:10:00,Vinh Tuy Bridge,Inbound,7,46,0,Clear,17.7,0.0,94.86,8000.0,4,0
2025-11-14 07:10:00,Vinh Tuy Bridge,Outbound,7,67,0,Clear,17.7,0.0,94.86,8000.0,4,0
2025-11-14 07:30:00,Vinh Tuy Bridge,Inbound,7,68,0,Clear,17.7,0.0,94.86,8000.0,4,0
2025-11-14 07:30:00,Vinh Tuy Bridge,Outbound,7,94,0,Clear,17.7,0.0,94.86,8000.0,4,0
2025-11-14 10:00:00,Vinh Tuy Bridge,Inbound,10,49,0,Clear,25.1,0.0,44.14,10200.0,4,0
2025-11-14 10:00:00,Vinh Tuy Bridge,Outbound,10,55,0,Clear,25.1,0.0,44.14,10200.0,4,0
2025-11-14 12:00:00,Vinh Tuy Bridge,Inbound,12,55,0,Clear,27.0,0.0,39.34,10000.0,4,0
2025-11-14 12:00:00,Vinh Tuy Bridge,Outbound,12,51,0,Clear,27.0,0.0,39.34,10000.0,4,0
2025-11-14 15:00:00,Vinh Tuy Bridge,Inbound,15,80,0,Clear,27.0,0.0,39.34,10000.0,4,0
2025-11-14 15:00:00,Vinh Tuy Bridge,Outbound,15,73,0,Clear,27.0,0.0,39.34,10000.0,4,0
2025-11-14 16:00:00,Vinh Tuy Bridge,Inbound,16,140,1,Clear,27.4,0.0,36.47,16900.0,4,0
2025-11-14 16:00:00,Vinh Tuy Bridge,Outbound,16,137,0,Clear,27.4,0.0,36.47,16900.0,4,0
2025-11-14 17:10:00,Vinh Tuy Bridge,Inbound,17,255,1,Clear,25.0,0.0,47.28,10000.0,4,0
2025-11-14 17:10:00,Vinh Tuy Bridge,Outbound,17,273,1,Clear,25.0,0.0,47.28,10000.0,4,0
2025-11-14 20:00:00,Vinh Tuy Bridge,Inbound,20,77,0,Clear,21.0,0.0,77.92,10000.0,4,0
2025-11-14 20:00:00,Vinh Tuy Bridge,Outbound,20,67,0,Clear,21.0,0.0,77.92,10000.0,4,0
2025-11-14 22:30:00,Vinh Tuy Bridge,Inbound,22,0,0,Clear,19.1,0.0,86.6,16700.0,4,0
2025-11-14 22:30:00,Vinh Tuy Bridge,Outbound,22,0,0,Clear,19.1,0.0,86.6,16700.0,4,0
2025-11-13 03:00:00,Vinh Tuy Bridge,Inbound,3,0,0,Clear,22.0,0.0,60.47,10000.0,3,0
2025-11-13 03:00:00,Vinh Tuy Bridge,Outbound,3,0,0,Clear,22.0,0.0,60.47,10000.0,3,0
2025-11-13 07:10:00,Vinh Tuy Bridge,Inbound,7,63,0,Partially cloudy,19.9,0.0,74.9,11100.0,3,0
2025-11-13 07:10:00,Vinh Tuy Bridge,Outbound,7,140,0,Partially cloudy,19.9,0.0,74.9,11100.0,3,0
2025-11-13 07:30:00,Vinh Tuy Bridge,Inbound,7,97,1,Partially cloudy,19.9,0.0,74.9,11100.0,3,0
2025-11-13 07:30:00,Vinh Tuy Bridge,Outbound,7,180,1,Partially cloudy,19.9,0.0,74.9,11100.0,3,0
2025-11-13 10:00:00,Vinh Tuy Bridge,Inbound,10,46,0,Clear,25.2,0.0,47.03,16900.0,3,0
2025-11-13 10:00:00,Vinh Tuy Bridge,Outbound,10,55,0,Clear,25.2,0.0,47.03,16900.0,3,0
2025-11-13 12:00:00,Vinh Tuy Bridge,Inbound,12,36,0,Clear,27.0,0.0,44.83,10000.0,3,0
2025-11-13 12:00:00,Vinh Tuy Bridge,Outbound,12,48,0,Clear,27.0,0.0,44.83,10000.0,3,0
2025-11-13 15:00:00,Vinh Tuy Bridge,Inbound,15,46,0,Partially cloudy,27.0,0.0,54.33,10000.0,3,0
2025-11-13 15:00:00,Vinh Tuy Bridge,Outbound,15,61,0,Partially cloudy,27.0,0.0,54.33,10000.0,3,0
2025-11-13 16:00:00,Vinh Tuy Bridge,Inbound,16,74,0,Clear,27.2,0.0,49.82,16900.0,3,0
2025-11-13 16:00:00,Vinh Tuy Bridge,Outbound,16,88,0,Clear,27.2,0.0,49.82,16900.0,3,0
2025-11-13 17:10:00,Vinh Tuy Bridge,Inbound,17,131,1,Clear,26.0,0.0,54.08,10000.0,3,0
2025-11-13 17:10:00,Vinh Tuy Bridge,Outbound,17,154,1,Clear,26.0,0.0,54.08,10000.0,3,0
2025-11-13 20:00:00,Vinh Tuy Bridge,Inbound,20,26,0,Clear,22.0,0.0,78.06,10000.0,3,0
2025-11-13 20:00:00,Vinh Tuy Bridge,Outbound,20,52,0,Clear,22.0,0.0,78.06,10000.0,3,0
2025-11-13 22:30:00,Vinh Tuy Bridge,Inbound,22,0,0,Clear,19.9,0.0,89.0,9700.0,3,0
2025-11-13 22:30:00,Vinh Tuy Bridge,Outbound,22,0,0,Clear,19.9,0.0,89.0,9700.0,3,0
2025-11-12 03:00:00,Vinh Tuy Bridge,Inbound,3,0,0,Overcast,22.0,0.0,68.77,10000.0,2,0
2025-11-12 03:00:00,Vinh Tuy Bridge,Outbound,3,0,0,Overcast,22.0,0.0,68.77,10000.0,2,0
2025-11-12 07:10:00,Vinh Tuy Bridge,Inbound,7,66,0,Partially cloudy,21.4,0.0,67.63,10900.0,2,0
2025-11-12 07:10:00,Vinh Tuy Bridge,Outbound,7,157,1,Partially cloudy,21.4,0.0,67.63,10900.0,2,0
2025-11-12 07:30:00,Vinh Tuy Bridge,Inbound,7,96,1,Partially cloudy,21.4,0.0,67.63,10900.0,2,0
2025-11-12 07:30:00,Vinh Tuy Bridge,Outbound,7,200,1,Partially cloudy,21.4,0.0,67.63,10900.0,2,0
2025-11-12 10:00:00,Vinh Tuy Bridge,Inbound,10,52,0,Partially cloudy,23.5,0.0,58.42,10200.0,2,0
2025-11-12 10:00:00,Vinh Tuy Bridge,Outbound,10,57,0,Partially cloudy,23.5,0.0,58.42,10200.0,2,0
2025-11-12 12:00:00,Vinh Tuy Bridge,Inbound,12,45,0,Clear,26.0,0.0,54.08,10000.0,2,0
2025-11-12 12:00:00,Vinh Tuy Bridge,Outbound,12,51,0,Clear,26.0,0.0,54.08,10000.0,2,0
2025-11-12 15:00:00,Vinh Tuy Bridge,Inbound,15,54,0,Partially cloudy,26.0,0.0,61.39,10000.0,2,0
2025-11-12 15:00:00,Vinh Tuy Bridge,Outbound,15,68,0,Partially cloudy,26.0,0.0,61.39,10000.0,2,0
2025-11-12 16:00:00,Vinh Tuy Bridge,Inbound,16,82,0,Partially cloudy,25.7,0.0,61.09,10200.0,2,0
2025-11-12 16:00:00,Vinh Tuy Bridge,Outbound,16,104,0,Partially cloudy,25.7,0.0,61.09,10200.0,2,0
2025-11-12 17:10:00,Vinh Tuy Bridge,Inbound,17,138,1,Clear,24.0,0.0,69.16,10000.0,2,0
2025-11-12 17:10:00,Vinh Tuy Bridge,Outbound,17,156,1,Clear,24.0,0.0,69.16,10000.0,2,0
2025-11-12 20:00:00,Vinh Tuy Bridge,Inbound,20,30,0,Clear,22.0,0.0,88.44,9000.0,2,0
2025-11-12 20:00:00,Vinh Tuy Bridge,Outbound,20,41,0,Clear,22.0,0.0,88.44,9000.0,2,0
2025-11-12 22:30:00,Vinh Tuy Bridge,Inbound,22,0,0,Clear,21.0,0.0,87.66,10000.0,2,0
2025-11-12 22:30:00,Vinh Tuy Bridge,Outbound,22,0,0,Clear,21.0,0.0,87.66,10000.0,2,0
2025-11-11 03:00:00,Vinh Tuy Bridge,Inbound,3,0,0,Overcast,22.0,0.1,83.11,10000.0,1,0
2025-11-11 03:00:00,Vinh Tuy Bridge,Outbound,3,0,0,Overcast,22.0,0.1,83.11,10000.0,1,0
2025-11-11 07:10:00,Vinh Tuy Bridge,Inbound,7,68,0,Partially cloudy,22.1,0.1,79.69,10200.0,1,0
2025-11-11 07:10:00,Vinh Tuy Bridge,Outbound,7,155,1,Partially cloudy,22.1,0.1,79.69,10200.0,1,0
2025-11-11 07:30:00,Vinh Tuy Bridge,Inbound,7,94,1,Partially cloudy,22.1,0.1,79.69,10200.0,1,0
2025-11-11 07:30:00,Vinh Tuy Bridge,Outbound,7,204,1,Partially cloudy,22.1,0.1,79.69,10200.0,1,0
2025-11-11 10:00:00,Vinh Tuy Bridge,Inbound,10,61,0,Overcast,23.2,0.1,74.5,10000.0,1,0
2025-11-11 10:00:00,Vinh Tuy Bridge,Outbound,10,53,0,Overcast,23.2,0.1,74.5,10000.0,1,0
2025-11-11 12:00:00,Vinh Tuy Bridge,Inbound,12,57,0,Overcast,24.0,0.0,69.16,10000.0,1,0
2025-11-11 12:00:00,Vinh Tuy Bridge,Outbound,12,45,0,Overcast,24.0,0.0,69.16,10000.0,1,0
2025-11-11 15:00:00,Vinh Tuy Bridge,Inbound,15,67,0,Partially cloudy,25.0,0.0,65.15,10000.0,1,0
2025-11-11 15:00:00,Vinh Tuy Bridge,Outbound,15,56,0,Partially cloudy,25.0,0.0,65.15,10000.0,1,0
2025-11-11 16:00:00,Vinh Tuy Bridge,Inbound,16,96,1,Overcast,25.1,0.0,67.6,10000.0,1,0
2025-11-11 16:00:00,Vinh Tuy Bridge,Outbound,16,79,0,Overcast,25.1,0.0,67.6,10000.0,1,0
2025-11-11 17:10:00,Vinh Tuy Bridge,Inbound,17,155,1,Clear,24.0,0.0,78.35,10000.0,1,0
2025-11-11 17:10:00,Vinh Tuy Bridge,Outbound,17,130,0,Clear,24.0,0.0,78.35,10000.0,1,0
2025-11-11 20:00:00,Vinh Tuy Bridge,Inbound,20,35,0,Clear,23.0,0.0,83.22,10000.0,1,0
2025-11-11 20:00:00,Vinh Tuy Bridge,Outbound,20,47,0,Clear,23.0,0.0,83.22,10000.0,1,0
2025-11-11 22:30:00,Vinh Tuy Bridge,Inbound,22,0,0,Overcast,22.8,0.0,78.02,10000.0,1,0
2025-11-11 22:30:00,Vinh Tuy Bridge,Outbound,22,0,0,Overcast,22.8,0.0,78.02,10000.0,1,0
2025-11-10 03:00:00,Vinh Tuy Bridge,Inbound,3,0,0,Overcast,24.0,0.0,100.0,4000.0,0,0
2025-11-10 03:00:00,Vinh Tuy Bridge,Outbound,3,0,0,Overcast,24.0,0.0,100.0,4000.0,0,0
2025-11-10 07:10:00,Vinh Tuy Bridge,Inbound,7,139,1,Partially cloudy,24.2,0.0,93.23,6200.0,0,0
2025-11-10 07:10:00,Vinh Tuy Bridge,Outbound,7,275,1,Partially cloudy,24.2,0.0,93.23,6200.0,0,0
2025-11-10 07:30:00,Vinh Tuy Bridge,Inbound,7,178,1,Partially cloudy,24.2,0.0,93.23,6200.0,0,0
2025-11-10 07:30:00,Vinh Tuy Bridge,Outbound,7,373,1,Partially cloudy,24.2,0.0,93.23,6200.0,0,0
2025-11-10 10:00:00,Vinh Tuy Bridge,Inbound,10,45,0,Partially cloudy,24.1,0.0,94.24,3800.0,0,0
2025-11-10 10:00:00,Vinh Tuy Bridge,Outbound,10,72,0,Partially cloudy,24.1,0.0,94.24,3800.0,0,0
2025-11-10 12:00:00,Vinh Tuy Bridge,Inbound,12,33,0,Overcast,23.0,0.0,88.52,10000.0,0,0
2025-11-10 12:00:00,Vinh Tuy Bridge,Outbound,12,56,0,Overcast,23.0,0.0,88.52,10000.0,0,0
2025-11-10 15:00:00,Vinh Tuy Bridge,Inbound,15,46,0,Overcast,23.0,0.0,88.52,10000.0,0,0
2025-11-10 15:00:00,Vinh Tuy Bridge,Outbound,15,75,0,Overcast,23.0,0.0,88.52,10000.0,0,0
2025-11-10 16:00:00,Vinh Tuy Bridge,Inbound,16,76,0,Overcast,23.6,0.0,86.53,10000.0,0,0
2025-11-10 16:00:00,Vinh Tuy Bridge,Outbound,16,108,0,Overcast,23.6,0.0,86.53,10000.0,0,0
2025-11-10 17:10:00,Vinh Tuy Bridge,Inbound,17,132,1,Overcast,23.0,0.0,88.52,10000.0,0,0
2025-11-10 17:10:00,Vinh Tuy Bridge,Outbound,17,165,1,Overcast,23.0,0.0,88.52,10000.0,0,0
2025-11-10 20:00:00,Vinh Tuy Bridge,Inbound,20,23,0,Overcast,23.0,0.0,83.22,10000.0,0,0
2025-11-10 20:00:00,Vinh Tuy Bridge,Outbound,20,59,0,Overcast,23.0,0.0,83.22,10000.0,0,0
2025-11-10 22:30:00,Vinh Tuy Bridge,Inbound,22,0,0,Partially cloudy,22.4,0.1,87.0,6000.0,0,0
2025-11-10 22:30:00,Vinh Tuy Bridge,Outbound,22,0,0,Partially cloudy,22.4,0.1,87.0,6000.0,0,0
2025-11-09 03:00:00,Vinh Tuy Bridge,Inbound,3,0,0,"Rain, Overcast",24.0,0.5,100.0,3000.0,6,0
2025-11-09 03:00:00,Vinh Tuy Bridge,Outbound,3,0,0,"Rain, Overcast",24.0,0.5,100.0,3000.0,6,0
2025-11-09 07:10:00,Vinh Tuy Bridge,Inbound,7,17,0,"Rain, Overcast",25.0,0.8,93.46,9500.0,6,0
2025-11-09 07:10:00,Vinh Tuy Bridge,Outbound,7,20,0,"Rain, Overcast",25.0,0.8,93.46,9500.0,6,0
2025-11-09 07:30:00,Vinh Tuy Bridge,Inbound,7,24,0,"Rain, Overcast",25.0,0.8,93.46,9500.0,6,0
2025-11-09 07:30:00,Vinh Tuy Bridge,Outbound,7,27,0,"Rain, Overcast",25.0,0.8,93.46,9500.0,6,0
2025-11-09 10:00:00,Vinh Tuy Bridge,Inbound,10,34,0,"Rain, Overcast",26.8,0.4,87.84,10000.0,6,0
2025-11-09 10:00:00,Vinh Tuy Bridge,Outbound,10,44,0,"Rain, Overcast",26.8,0.4,87.84,10000.0,6,0
2025-11-09 12:00:00,Vinh Tuy Bridge,Inbound,12,43,0,"Rain, Partially cloudy",27.0,0.9,83.68,6000.0,6,0
2025-11-09 12:00:00,Vinh Tuy Bridge,Outbound,12,58,0,"Rain, Partially cloudy",27.0,0.9,83.68,6000.0,6,0
2025-11-09 15:00:00,Vinh Tuy Bridge,Inbound,15,66,0,"Rain, Overcast",25.0,1.9,100.0,1000.0,6,0
2025-11-09 15:00:00,Vinh Tuy Bridge,Outbound,15,87,0,"Rain, Overcast",25.0,1.9,100.0,1000.0,6,0
2025-11-09 16:00:00,Vinh Tuy Bridge,Inbound,16,92,1,"Rain, Overcast",25.4,1.6,95.05,8800.0,6,0
2025-11-09 16:00:00,Vinh Tuy Bridge,Outbound,16,115,0,"Rain, Overcast",25.4,1.6,95.05,8800.0,6,0
2025-11-09 17:10:00,Vinh Tuy Bridge,Inbound,17,96,1,Partially cloudy,25.0,0.2,100.0,6000.0,6,0
2025-11-09 17:10:00,Vinh Tuy Bridge,Outbound,17,149,1,Partially cloudy,25.0,0.2,100.0,6000.0,6,0
2025-11-09 20:00:00,Vinh Tuy Bridge,Inbound,20,24,0,Partially cloudy,25.0,0.0,94.19,8000.0,6,0
2025-11-09 20:00:00,Vinh Tuy Bridge,Outbound,20,62,0,Partially cloudy,25.0,0.0,94.19,8000.0,6,0
2025-11-09 22:30:00,Vinh Tuy Bridge,Inbound,22,0,0,Overcast,24.9,0.0,94.16,8400.0,6,0
2025-11-09 22:30:00,Vinh Tuy Bridge,Outbound,22,0,0,Overcast,24.9,0.0,94.16,8400.0,6,0
2025-11-08 03:00:00,Vinh Tuy Bridge,Inbound,3,0,0,"Rain, Overcast",23.0,1.0,94.11,10000.0,5,0
2025-11-08 03:00:00,Vinh Tuy Bridge,Outbound,3,0,0,"Rain, Overcast",23.0,1.0,94.11,10000.0,5,0
2025-11-08 07:10:00,Vinh Tuy Bridge,Inbound,7,48,0,"Rain, Partially cloudy",23.7,0.8,90.09,6200.0,5,0
2025-11-08 07:10:00,Vinh Tuy Bridge,Outbound,7,51,0,"Rain, Partially cloudy",23.7,0.8,90.09,6200.0,5,0
2025-11-08 07:30:00,Vinh Tuy Bridge,Inbound,7,75,0,"Rain, Partially cloudy",23.7,0.8,90.09,6200.0,5,0
2025-11-08 07:30:00,Vinh Tuy Bridge,Outbound,7,73,0,"Rain, Partially cloudy",23.7,0.8,90.09,6200.0,5,0
2025-11-08 10:00:00,Vinh Tuy Bridge,Inbound,10,134,1,"Rain, Overcast",25.6,0.7,89.78,10200.0,5,0
2025-11-08 10:00:00,Vinh Tuy Bridge,Outbound,10,120,0,"Rain, Overcast",25.6,0.7,89.78,10200.0,5,0
2025-11-08 12:00:00,Vinh Tuy Bridge,Inbound,12,148,1,"Rain, Overcast",27.0,0.3,88.84,10000.0,5,0
2025-11-08 12:00:00,Vinh Tuy Bridge,Outbound,12,127,0,"Rain, Overcast",27.0,0.3,88.84,10000.0,5,0
2025-11-08 15:00:00,Vinh Tuy Bridge,Inbound,15,174,1,"Rain, Overcast",29.0,0.5,79.06,10000.0,5,0
2025-11-08 15:00:00,Vinh Tuy Bridge,Outbound,15,145,0,"Rain, Overcast",29.0,0.5,79.06,10000.0,5,0
2025-11-08 16:00:00,Vinh Tuy Bridge,Inbound,16,219,1,Partially cloudy,28.2,0.2,76.91,10200.0,5,0
2025-11-08 16:00:00,Vinh Tuy Bridge,Outbound,16,193,1,Partially cloudy,28.2,0.2,76.91,10200.0,5,0
2025-11-08 17:10:00,Vinh Tuy Bridge,Inbound,17,250,1,Partially cloudy,28.0,0.1,78.92,10000.0,5,0
2025-11-08 17:10:00,Vinh Tuy Bridge,Outbound,17,232,1,Partially cloudy,28.0,0.1,78.92,10000.0,5,0
2025-11-08 20:00:00,Vinh Tuy Bridge,Inbound,20,55,0,Overcast,26.0,0.0,88.76,10000.0,5,0
2025-11-08 20:00:00,Vinh Tuy Bridge,Outbound,20,68,0,Overcast,26.0,0.0,88.76,10000.0,5,0
2025-11-08 22:30:00,Vinh Tuy Bridge,Inbound,22,0,0,Partially cloudy,25.2,0.1,93.47,9100.0,5,0
2025-11-08 22:30:00,Vinh Tuy Bridge,Outbound,22,0,0,Partially cloudy,25.2,0.1,93.47,9100.0,5,0
2025-11-07 03:00:00,Vinh Tuy Bridge,Inbound,3,0,0,Overcast,22.0,0.0,94.06,6000.0,4,0
2025-11-07 03:00:00,Vinh Tuy Bridge,Outbound,3,0,0,Overcast,22.0,0.0,94.06,6000.0,4,0
2025-11-07 07:10:00,Vinh Tuy Bridge,Inbound,7,46,0,Partially cloudy,22.1,0.2,94.09,3500.0,4,0
2025-11-07 07:10:00,Vinh Tuy Bridge,Outbound,7,67,0,Partially cloudy,22.1,0.2,94.09,3500.0,4,0
2025-11-07 07:30:00,Vinh Tuy Bridge,Inbound,7,68,0,Partially cloudy,22.1,0.2,94.09,3500.0,4,0
2025-11-07 07:30:00,Vinh Tuy Bridge,Outbound,7,94,0,Partially cloudy,22.1,0.2,94.09,3500.0,4,0
2025-11-07 10:00:00,Vinh Tuy Bridge,Inbound,10,49,0,"Rain, Partially cloudy",22.7,1.0,90.11,9900.0,4,0
2025-11-07 10:00:00,Vinh Tuy Bridge,Outbound,10,55,0,"Rain, Partially cloudy",22.7,1.0,90.11,9900.0,4,0
2025-11-07 12:00:00,Vinh Tuy Bridge,Inbound,12,55,0,"Rain, Overcast",24.0,1.4,83.34,10000.0,4,0
2025-11-07 12:00:00,Vinh Tuy Bridge,Outbound,12,51,0,"Rain, Overcast",24.0,1.4,83.34,10000.0,4,0
2025-11-07 15:00:00,Vinh Tuy Bridge,Inbound,15,80,0,"Rain, Overcast",25.0,0.9,83.45,6000.0,4,0
2025-11-07 15:00:00,Vinh Tuy Bridge,Outbound,15,73,0,"Rain, Overcast",25.0,0.9,83.45,6000.0,4,0
2025-11-07 16:00:00,Vinh Tuy Bridge,Inbound,16,140,1,"Rain, Partially cloudy",23.7,0.8,90.97,4300.0,4,0
2025-11-07 16:00:00,Vinh Tuy Bridge,Outbound,16,137,0,"Rain, Partially cloudy",23.7,0.8,90.97,4300.0,4,0
2025-11-07 17:10:00,Vinh Tuy Bridge,Inbound,17,255,1,"Rain, Overcast",24.0,0.6,94.15,2000.0,4,0
2025-11-07 17:10:00,Vinh Tuy Bridge,Outbound,17,273,1,"Rain, Overcast",24.0,0.6,94.15,2000.0,4,0
2025-11-07 20:00:00,Vinh Tuy Bridge,Inbound,20,77,0,"Rain, Overcast",23.0,0.4,94.11,10000.0,4,0
2025-11-07 20:00:00,Vinh Tuy Bridge,Outbound,20,67,0,"Rain, Overcast",23.0,0.4,94.11,10000.0,4,0
2025-11-07 22:30:00,Vinh Tuy Bridge,Inbound,22,0,0,"Rain, Partially cloudy",23.2,0.5,94.21,9400.0,4,0
2025-11-07 22:30:00,Vinh Tuy Bridge,Outbound,22,0,0,"Rain, Partially cloudy",23.2,0.5,94.21,9400.0,4,0
2025-11-06 03:00:00,Vinh Tuy Bridge,Inbound,3,0,0,Overcast,21.0,0.0,88.35,10000.0,3,0
2025-11-06 03:00:00,Vinh Tuy Bridge,Outbound,3,0,0,Overcast,21.0,0.0,88.35,10000.0,3,0
2025-11-06 07:10:00,Vinh Tuy Bridge,Inbound,7,63,0,Partially cloudy,20.4,0.0,94.04,5900.0,3,0
2025-11-06 07:10:00,Vinh Tuy Bridge,Outbound,7,140,0,Partially cloudy,20.4,0.0,94.04,5900.0,3,0
2025-11-06 07:30:00,Vinh Tuy Bridge,Inbound,7,97,1,Partially cloudy,20.4,0.0,94.04,5900.0,3,0
2025-11-06 07:30:00,Vinh Tuy Bridge,Outbound,7,180,1,Partially cloudy,20.4,0.0,94.04,5900.0,3,0
2025-11-06 10:00:00,Vinh Tuy Bridge,Inbound,10,46,0,Partially cloudy,24.7,0.0,73.24,10000.0,3,0
2025-11-06 10:00:00,Vinh Tuy Bridge,Outbound,10,55,0,Partially cloudy,24.7,0.0,73.24,10000.0,3,0
2025-11-06 12:00:00,Vinh Tuy Bridge,Inbound,12,36,0,Overcast,25.0,0.0,78.5,8000.0,3,0
2025-11-06 12:00:00,Vinh Tuy Bridge,Outbound,12,48,0,Overcast,25.0,0.0,78.5,8000.0,3,0
2025-11-06 15:00:00,Vinh Tuy Bridge,Inbound,15,46,0,Overcast,25.0,0.0,78.5,10000.0,3,0
2025-11-06 15:00:00,Vinh Tuy Bridge,Outbound,15,61,0,Overcast,25.0,0.0,78.5,10000.0,3,0
2025-11-06 16:00:00,Vinh Tuy Bridge,Inbound,16,74,0,Overcast,25.1,0.0,78.77,10000.0,3,0
2025-11-06 16:00:00,Vinh Tuy Bridge,Outbound,16,88,0,Overcast,25.1,0.0,78.77,10000.0,3,0
2025-11-06 17:10:00,Vinh Tuy Bridge,Inbound,17,131,1,Overcast,24.0,0.0,83.34,6000.0,3,0
2025-11-06 17:10:00,Vinh Tuy Bridge,Outbound,17,154,1,Overcast,24.0,0.0,83.34,6000.0,3,0
2025-11-06 20:00:00,Vinh Tuy Bridge,Inbound,20,26,0,Overcast,23.0,0.0,88.52,7000.0,3,0
2025-11-06 20:00:00,Vinh Tuy Bridge,Outbound,20,52,0,Overcast,23.0,0.0,88.52,7000.0,3,0
2025-11-06 22:30:00,Vinh Tuy Bridge,Inbound,22,0,0,Clear,22.2,0.0,89.75,9300.0,3,0
2025-11-06 22:30:00,Vinh Tuy Bridge,Outbound,22,0,0,Clear,22.2,0.0,89.75,9300.0,3,0
2025-11-05 03:00:00,Vinh Tuy Bridge,Inbound,3,0,0,Overcast,19.0,0.0,88.19,10000.0,2,0
2025-11-05 03:00:00,Vinh Tuy Bridge,Outbound,3,0,0,Overcast,19.0,0.0,88.19,10000.0,2,0
2025-11-05 07:10:00,Vinh Tuy Bridge,Inbound,7,66,0,Overcast,19.4,0.0,87.19,10200.0,2,0
2025-11-05 07:10:00,Vinh Tuy Bridge,Outbound,7,157,1,Overcast,19.4,0.0,87.19,10200.0,2,0
2025-11-05 07:30:00,Vinh Tuy Bridge,Inbound,7,96,1,Overcast,19.4,0.0,87.19,10200.0,2,0
2025-11-05 07:30:00,Vinh Tuy Bridge,Outbound,7,200,1,Overcast,19.4,0.0,87.19,10200.0,2,0
2025-11-05 10:00:00,Vinh Tuy Bridge,Inbound,10,52,0,Overcast,22.2,0.0,75.14,10000.0,2,0
2025-11-05 10:00:00,Vinh Tuy Bridge,Outbound,10,57,0,Overcast,22.2,0.0,75.14,10000.0,2,0
2025-11-05 12:00:00,Vinh Tuy Bridge,Inbound,12,45,0,Overcast,24.0,0.0,69.16,10000.0,2,0
2025-11-05 12:00:00,Vinh Tuy Bridge,Outbound,12,51,0,Overcast,24.0,0.0,69.16,10000.0,2,0
2025-11-05 15:00:00,Vinh Tuy Bridge,Inbound,15,54,0,Partially cloudy,24.0,0.0,69.16,10000.0,2,0
2025-11-05 15:00:00,Vinh Tuy Bridge,Outbound,15,68,0,Partially cloudy,24.0,0.0,69.16,10000.0,2,0
2025-11-05 16:00:00,Vinh Tuy Bridge,Inbound,16,82,0,Overcast,24.0,0.0,70.57,10000.0,2,0
2025-11-05 16:00:00,Vinh Tuy Bridge,Outbound,16,104,0,Overcast,24.0,0.0,70.57,10000.0,2,0
2025-11-05 17:10:00,Vinh Tuy Bridge,Inbound,17,138,1,Partially cloudy,23.0,0.0,78.21,10000.0,2,0
2025-11-05 17:10:00,Vinh Tuy Bridge,Outbound,17,156,1,Partially cloudy,23.0,0.0,78.21,10000.0,2,0
2025-11-05 20:00:00,Vinh Tuy Bridge,Inbound,20,30,0,Clear,22.0,0.0,83.11,10000.0,2,0
2025-11-05 20:00:00,Vinh Tuy Bridge,Outbound,20,41,0,Clear,22.0,0.0,83.11,10000.0,2,0
2025-11-05 22:30:00,Vinh Tuy Bridge,Inbound,22,0,0,Partially cloudy,21.4,0.0,87.38,10000.0,2,0
2025-11-05 22:30:00,Vinh Tuy Bridge,Outbound,22,0,0,Partially cloudy,21.4,0.0,87.38,10000.0,2,0
2025-11-04 03:00:00,Vinh Tuy Bridge,Inbound,3,0,0,Overcast,18.0,0.1,93.88,10000.0,1,0
2025-11-04 03:00:00,Vinh Tuy Bridge,Outbound,3,0,0,Overcast,18.0,0.1,93.88,10000.0,1,0
2025-11-04 07:10:00,Vinh Tuy Bridge,Inbound,7,68,0,Overcast,17.9,0.1,94.06,10100.0,1,0
2025-11-04 07:10:00,Vinh Tuy Bridge,Outbound,7,155,1,Overcast,17.9,0.1,94.06,10100.0,1,0
2025-11-04 07:30:00,Vinh Tuy Bridge,Inbound,7,94,1,Overcast,17.9,0.1,94.06,10100.0,1,0
2025-11-04 07:30:00,Vinh Tuy Bridge,Outbound,7,204,1,Overcast,17.9,0.1,94.06,10100.0,1,0
2025-11-04 10:00:00,Vinh Tuy Bridge,Inbound,10,61,0,"Rain, Overcast",19.7,1.1,81.42,10000.0,1,0
2025-11-04 10:00:00,Vinh Tuy Bridge,Outbound,10,53,0,"Rain, Overcast",19.7,1.1,81.42,10000.0,1,0
2025-11-04 12:00:00,Vinh Tuy Bridge,Inbound,12,57,0,"Rain, Overcast",21.0,0.7,77.92,10000.0,1,0
2025-11-04 12:00:00,Vinh Tuy Bridge,Outbound,12,45,0,"Rain, Overcast",21.0,0.7,77.92,10000.0,1,0
2025-11-04 15:00:00,Vinh Tuy Bridge,Inbound,15,67,0,Overcast,23.0,0.1,68.97,10000.0,1,0
2025-11-04 15:00:00,Vinh Tuy Bridge,Outbound,15,56,0,Overcast,23.0,0.1,68.97,10000.0,1,0
2025-11-04 16:00:00,Vinh Tuy Bridge,Inbound,16,96,1,"Rain, Overcast",22.0,0.3,73.62,10000.0,1,0
2025-11-04 16:00:00,Vinh Tuy Bridge,Outbound,16,79,0,"Rain, Overcast",22.0,0.3,73.62,10000.0,1,0
2025-11-04 17:10:00,Vinh Tuy Bridge,Inbound,17,155,1,Overcast,22.0,0.2,78.06,10000.0,1,0
2025-11-04 17:10:00,Vinh Tuy Bridge,Outbound,17,130,0,Overcast,22.0,0.2,78.06,10000.0,1,0
2025-11-04 20:00:00,Vinh Tuy Bridge,Inbound,20,35,0,Overcast,21.0,0.0,77.92,10000.0,1,0
2025-11-04 20:00:00,Vinh Tuy Bridge,Outbound,20,47,0,Overcast,21.0,0.0,77.92,10000.0,1,0
2025-11-04 22:30:00,Vinh Tuy Bridge,Inbound,22,0,0,Overcast,20.2,0.0,85.51,10000.0,1,0
2025-11-04 22:30:00,Vinh Tuy Bridge,Outbound,22,0,0,Overcast,20.2,0.0,85.51,10000.0,1,0
2025-11-03 03:00:00,Vinh Tuy Bridge,Inbound,3,0,0,Overcast,19.0,0.0,88.19,10000.0,0,0
2025-11-03 03:00:00,Vinh Tuy Bridge,Outbound,3,0,0,Overcast,19.0,0.0,88.19,10000.0,0,0
2025-11-03 07:10:00,Vinh Tuy Bridge,Inbound,7,139,1,Partially cloudy,17.9,0.0,95.57,4700.0,0,0
2025-11-03 07:10:00,Vinh Tuy Bridge,Outbound,7,275,1,Partially cloudy,17.9,0.0,95.57,4700.0,0,0
2025-11-03 07:30:00,Vinh Tuy Bridge,Inbound,7,178,1,Partially cloudy,17.9,0.0,95.57,4700.0,0,0
2025-11-03 07:30:00,Vinh Tuy Bridge,Outbound,7,373,1,Partially cloudy,17.9,0.0,95.57,4700.0,0,0
2025-11-03 10:00:00,Vinh Tuy Bridge,Inbound,10,45,0,Partially cloudy,18.1,0.0,94.87,6000.0,0,0
2025-11-03 10:00:00,Vinh Tuy Bridge,Outbound,10,72,0,Partially cloudy,18.1,0.0,94.87,6000.0,0,0
2025-11-03 12:00:00,Vinh Tuy Bridge,Inbound,12,33,0,Overcast,18.0,0.0,93.88,10000.0,0,0
2025-11-03 12:00:00,Vinh Tuy Bridge,Outbound,12,56,0,Overcast,18.0,0.0,93.88,10000.0,0,0
2025-11-03 15:00:00,Vinh Tuy Bridge,Inbound,15,46,0,Overcast,18.0,0.2,93.88,9000.0,0,0
2025-11-03 15:00:00,Vinh Tuy Bridge,Outbound,15,75,0,Overcast,18.0,0.2,93.88,9000.0,0,0
2025-11-03 16:00:00,Vinh Tuy Bridge,Inbound,16,76,0,"Rain, Partially cloudy",18.0,0.3,95.14,6000.0,0,0
2025-11-03 16:00:00,Vinh Tuy Bridge,Outbound,16,108,0,"Rain, Partially cloudy",18.0,0.3,95.14,6000.0,0,0
2025-11-03 17:10:00,Vinh Tuy Bridge,Inbound,17,132,1,Overcast,19.0,0.1,88.19,10000.0,0,0
2025-11-03 17:10:00,Vinh Tuy Bridge,Outbound,17,165,1,Overcast,19.0,0.1,88.19,10000.0,0,0
2025-11-03 20:00:00,Vinh Tuy Bridge,Inbound,20,23,0,Overcast,18.0,0.2,93.88,10000.0,0,0
2025-11-03 20:00:00,Vinh Tuy Bridge,Outbound,20,59,0,Overcast,18.0,0.2,93.88,10000.0,0,0
2025-11-03 22:30:00,Vinh Tuy Bridge,Inbound,22,0,0,"Rain, Partially cloudy",17.8,0.6,96.76,5100.0,0,0
2025-11-03 22:30:00,Vinh Tuy Bridge,Outbound,22,0,0,"Rain, Partially cloudy",17.8,0.6,96.76,5100.0,0,0
2025-11-02 03:00:00,Vinh Tuy Bridge,Inbound,3,0,0,Overcast,19.0,0.0,100.0,5000.0,6,0
2025-11-02 03:00:00,Vinh Tuy Bridge,Outbound,3,0,0,Overcast,19.0,0.0,100.0,5000.0,6,0
2025-11-02 07:10:00,Vinh Tuy Bridge,Inbound,7,17,0,Partially cloudy,19.0,0.0,92.4,8600.0,6,0
2025-11-02 07:10:00,Vinh Tuy Bridge,Outbound,7,20,0,Partially cloudy,19.0,0.0,92.4,8600.0,6,0
2025-11-02 07:30:00,Vinh Tuy Bridge,Inbound,7,24,0,Partially cloudy,19.0,0.0,92.4,8600.0,6,0
2025-11-02 07:30:00,Vinh Tuy Bridge,Outbound,7,27,0,Partially cloudy,19.0,0.0,92.4,8600.0,6,0
2025-11-02 10:00:00,Vinh Tuy Bridge,Inbound,10,34,0,Partially cloudy,19.7,0.0,92.03,10000.0,6,0
2025-11-02 10:00:00,Vinh Tuy Bridge,Outbound,10,44,0,Partially cloudy,19.7,0.0,92.03,10000.0,6,0
2025-11-02 12:00:00,Vinh Tuy Bridge,Inbound,12,43,0,Overcast,20.0,0.1,88.27,7000.0,6,0
2025-11-02 12:00:00,Vinh Tuy Bridge,Outbound,12,58,0,Overcast,20.0,0.1,88.27,7000.0,6,0
2025-11-02 15:00:00,Vinh Tuy Bridge,Inbound,15,66,0,Overcast,20.0,0.1,93.97,10000.0,6,0
2025-11-02 15:00:00,Vinh Tuy Bridge,Outbound,15,87,0,Overcast,20.0,0.1,93.97,10000.0,6,0
2025-11-02 16:00:00,Vinh Tuy Bridge,Inbound,16,92,1,Partially cloudy,19.8,0.0,90.88,6000.0,6,0
2025-11-02 16:00:00,Vinh Tuy Bridge,Outbound,16,115,0,Partially cloudy,19.8,0.0,90.88,6000.0,6,0
2025-11-02 17:10:00,Vinh Tuy Bridge,Inbound,17,96,1,Overcast,20.0,0.0,88.27,10000.0,6,0
2025-11-02 17:10:00,Vinh Tuy Bridge,Outbound,17,149,1,Overcast,20.0,0.0,88.27,10000.0,6,0
2025-11-02 20:00:00,Vinh Tuy Bridge,Inbound,20,24,0,Overcast,20.0,0.2,88.27,10000.0,6,0
2025-11-02 20:00:00,Vinh Tuy Bridge,Outbound,20,62,0,Overcast,20.0,0.2,88.27,10000.0,6,0
2025-11-02 22:30:00,Vinh Tuy Bridge,Inbound,22,0,0,Partially cloudy,19.1,0.0,96.6,6000.0,6,0
2025-11-02 22:30:00,Vinh Tuy Bridge,Outbound,22,0,0,Partially cloudy,19.1,0.0,96.6,6000.0,6,0
2025-11-01 03:00:00,Vinh Tuy Bridge,Inbound,3,0,0,"Rain, Overcast",21.0,0.9,94.02,10000.0,5,0
2025-11-01 03:00:00,Vinh Tuy Bridge,Outbound,3,0,0,"Rain, Overcast",21.0,0.9,94.02,10000.0,5,0
2025-11-01 07:10:00,Vinh Tuy Bridge,Inbound,7,48,0,"Rain, Partially cloudy",20.3,0.3,94.06,4400.0,5,0
2025-11-01 07:10:00,Vinh Tuy Bridge,Outbound,7,51,0,"Rain, Partially cloudy",20.3,0.3,94.06,4400.0,5,0
2025-11-01 07:30:00,Vinh Tuy Bridge,Inbound,7,75,0,"Rain, Partially cloudy",20.3,0.3,94.06,4400.0,5,0
2025-11-01 07:30:00,Vinh Tuy Bridge,Outbound,7,73,0,"Rain, Partially cloudy",20.3,0.3,94.06,4400.0,5,0
2025-11-01 10:00:00,Vinh Tuy Bridge,Inbound,10,134,1,"Rain, Partially cloudy",20.9,0.3,92.09,6000.0,5,0
2025-11-01 10:00:00,Vinh Tuy Bridge,Outbound,10,120,0,"Rain, Partially cloudy",20.9,0.3,92.09,6000.0,5,0
2025-11-01 12:00:00,Vinh Tuy Bridge,Inbound,12,148,1,"Rain, Overcast",20.0,0.5,93.97,10000.0,5,0
2025-11-01 12:00:00,Vinh Tuy Bridge,Outbound,12,127,0,"Rain, Overcast",20.0,0.5,93.97,10000.0,5,0
2025-11-01 15:00:00,Vinh Tuy Bridge,Inbound,15,174,1,Overcast,21.0,0.1,88.35,10000.0,5,0
2025-11-01 15:00:00,Vinh Tuy Bridge,Outbound,15,145,0,Overcast,21.0,0.1,88.35,10000.0,5,0
2025-11-01 16:00:00,Vinh Tuy Bridge,Inbound,16,219,1,Partially cloudy,20.1,0.0,90.75,6000.0,5,0
2025-11-01 16:00:00,Vinh Tuy Bridge,Outbound,16,193,1,Partially cloudy,20.1,0.0,90.75,6000.0,5,0
2025-11-01 17:10:00,Vinh Tuy Bridge,Inbound,17,250,1,Overcast,21.0,0.0,82.99,10000.0,5,0
2025-11-01 17:10:00,Vinh Tuy Bridge,Outbound,17,232,1,Overcast,21.0,0.0,82.99,10000.0,5,0
2025-11-01 20:00:00,Vinh Tuy Bridge,Inbound,20,55,0,Overcast,21.0,0.0,82.99,10000.0,5,0
2025-11-01 20:00:00,Vinh Tuy Bridge,Outbound,20,68,0,Overcast,21.0,0.0,82.99,10000.0,5,0
2025-11-01 22:30:00,Vinh Tuy Bridge,Inbound,22,0,0,Overcast,20.6,0.0,85.49,10000.0,5,0
2025-11-01 22:30:00,Vinh Tuy Bridge,Outbound,22,0,0,Overcast,20.6,0.0,85.49,10000.0,5,0
2025-10-31 03:00:00,Vinh Tuy Bridge,Inbound,3,0,0,Overcast,22.0,0.2,100.0,6000.0,4,0
2025-10-31 03:00:00,Vinh Tuy Bridge,Outbound,3,0,0,Overcast,22.0,0.2,100.0,6000.0,4,0
2025-10-31 07:10:00,Vinh Tuy Bridge,Inbound,7,46,0,"Rain, Partially cloudy",22.2,0.7,93.4,4700.0,4,0
2025-10-31 07:10:00,Vinh Tuy Bridge,Outbound,7,67,0,"Rain, Partially cloudy",22.2,0.7,93.4,4700.0,4,0
2025-10-31 07:30:00,Vinh Tuy Bridge,Inbound,7,68,0,"Rain, Partially cloudy",22.2,0.7,93.4,4700.0,4,0
2025-10-31 07:30:00,Vinh Tuy Bridge,Outbound,7,94,0,"Rain, Partially cloudy",22.2,0.7,93.4,4700.0,4,0
2025-10-31 10:00:00,Vinh Tuy Bridge,Inbound,10,49,0,"Rain, Overcast",22.0,0.7,94.24,8100.0,4,0
2025-10-31 10:00:00,Vinh Tuy Bridge,Outbound,10,55,0,"Rain, Overcast",22.0,0.7,94.24,8100.0,4,0
2025-10-31 12:00:00,Vinh Tuy Bridge,Inbound,12,55,0,"Rain, Overcast",22.0,0.6,94.06,10000.0,4,0
2025-10-31 12:00:00,Vinh Tuy Bridge,Outbound,12,51,0,"Rain, Overcast",22.0,0.6,94.06,10000.0,4,0
2025-10-31 15:00:00,Vinh Tuy Bridge,Inbound,15,80,0,"Rain, Overcast",21.0,0.6,94.02,5000.0,4,0
2025-10-31 15:00:00,Vinh Tuy Bridge,Outbound,15,73,0,"Rain, Overcast",21.0,0.6,94.02,5000.0,4,0
2025-10-31 16:00:00,Vinh Tuy Bridge,Inbound,16,140,1,Partially cloudy,21.4,0.0,95.9,4400.0,4,0
2025-10-31 16:00:00,Vinh Tuy Bridge,Outbound,16,137,0,Partially cloudy,21.4,0.0,95.9,4400.0,4,0
2025-10-31 17:10:00,Vinh Tuy Bridge,Inbound,17,255,1,Overcast,21.0,0.1,100.0,10000.0,4,0
2025-10-31 17:10:00,Vinh Tuy Bridge,Outbound,17,273,1,Overcast,21.0,0.1,100.0,10000.0,4,0
2025-10-31 20:00:00,Vinh Tuy Bridge,Inbound,20,77,0,"Rain, Overcast",21.0,0.7,100.0,5000.0,4,0
2025-10-31 20:00:00,Vinh Tuy Bridge,Outbound,20,67,0,"Rain, Overcast",21.0,0.7,100.0,5000.0,4,0
2025-10-31 22:30:00,Vinh Tuy Bridge,Inbound,22,0,0,"Rain, Partially cloudy",21.8,1.4,94.05,10000.0,4,0
2025-10-31 22:30:00,Vinh Tuy Bridge,Outbound,22,0,0,"Rain, Partially cloudy",21.8,1.4,94.05,10000.0,4,0
2025-10-30 03:00:00,Vinh Tuy Bridge,Inbound,3,0,0,"Rain, Partially cloudy",22.0,0.6,94.06,6000.0,3,0
2025-10-30 03:00:00,Vinh Tuy Bridge,Outbound,3,0,0,"Rain, Partially cloudy",22.0,0.6,94.06,6000.0,3,0
2025-10-30 07:10:00,Vinh Tuy Bridge,Inbound,7,63,0,Overcast,22.6,0.0,91.47,4900.0,3,0
2025-10-30 07:10:00,Vinh Tuy Bridge,Outbound,7,140,0,Overcast,22.6,0.0,91.47,4900.0,3,0
2025-10-30 07:30:00,Vinh Tuy Bridge,Inbound,7,97,1,Overcast,22.6,0.0,91.47,4900.0,3,0
2025-10-30 07:30:00,Vinh Tuy Bridge,Outbound,7,180,1,Overcast,22.6,0.0,91.47,4900.0,3,0
2025-10-30 10:00:00,Vinh Tuy Bridge,Inbound,10,46,0,"Rain, Partially cloudy",22.7,0.3,92.5,3700.0,3,0
2025-10-30 10:00:00,Vinh Tuy Bridge,Outbound,10,55,0,"Rain, Partially cloudy",22.7,0.3,92.5,3700.0,3,0
2025-10-30 12:00:00,Vinh Tuy Bridge,Inbound,12,36,0,"Rain, Overcast",23.0,1.2,94.11,6000.0,3,0
2025-10-30 12:00:00,Vinh Tuy Bridge,Outbound,12,48,0,"Rain, Overcast",23.0,1.2,94.11,6000.0,3,0
2025-10-30 15:00:00,Vinh Tuy Bridge,Inbound,15,46,0,Overcast,23.0,0.2,94.11,5000.0,3,0
2025-10-30 15:00:00,Vinh Tuy Bridge,Outbound,15,61,0,Overcast,23.0,0.2,94.11,5000.0,3,0
2025-10-30 16:00:00,Vinh Tuy Bridge,Inbound,16,74,0,Partially cloudy,23.4,0.2,92.66,9900.0,3,0
2025-10-30 16:00:00,Vinh Tuy Bridge,Outbound,16,88,0,Partially cloudy,23.4,0.2,92.66,9900.0,3,0
2025-10-30 17:10:00,Vinh Tuy Bridge,Inbound,17,131,1,Overcast,23.0,0.1,94.11,10000.0,3,0
2025-10-30 17:10:00,Vinh Tuy Bridge,Outbound,17,154,1,Overcast,23.0,0.1,94.11,10000.0,3,0
2025-10-30 20:00:00,Vinh Tuy Bridge,Inbound,20,26,0,"Rain, Overcast",24.0,0.4,88.6,10000.0,3,0
2025-10-30 20:00:00,Vinh Tuy Bridge,Outbound,20,52,0,"Rain, Overcast",24.0,0.4,88.6,10000.0,3,0
2025-10-30 22:30:00,Vinh Tuy Bridge,Inbound,22,0,0,"Rain, Partially cloudy",23.0,0.4,93.4,8300.0,3,0
2025-10-30 22:30:00,Vinh Tuy Bridge,Outbound,22,0,0,"Rain, Partially cloudy",23.0,0.4,93.4,8300.0,3,0
2025-10-29 03:00:00,Vinh Tuy Bridge,Inbound,3,0,0,Clear,24.0,0.0,69.16,10000.0,2,0
2025-10-29 03:00:00,Vinh Tuy Bridge,Outbound,3,0,0,Clear,24.0,0.0,69.16,10000.0,2,0
2025-10-29 07:10:00,Vinh Tuy Bridge,Inbound,7,66,0,Partially cloudy,23.7,0.0,69.77,10200.0,2,0
2025-10-29 07:10:00,Vinh Tuy Bridge,Outbound,7,157,1,Partially cloudy,23.7,0.0,69.77,10200.0,2,0
2025-10-29 07:30:00,Vinh Tuy Bridge,Inbound,7,96,1,Partially cloudy,23.7,0.0,69.77,10200.0,2,0
2025-10-29 07:30:00,Vinh Tuy Bridge,Outbound,7,200,1,Partially cloudy,23.7,0.0,69.77,10200.0,2,0
2025-10-29 10:00:00,Vinh Tuy Bridge,Inbound,10,52,0,Partially cloudy,26.1,0.0,57.73,10000.0,2,0
2025-10-29 10:00:00,Vinh Tuy Bridge,Outbound,10,57,0,Partially cloudy,26.1,0.0,57.73,10000.0,2,0
2025-10-29 12:00:00,Vinh Tuy Bridge,Inbound,12,45,0,Clear,27.0,0.0,54.33,10000.0,2,0
2025-10-29 12:00:00,Vinh Tuy Bridge,Outbound,12,51,0,Clear,27.0,0.0,54.33,10000.0,2,0
2025-10-29 15:00:00,Vinh Tuy Bridge,Inbound,15,54,0,Clear,27.0,0.0,57.87,10000.0,2,0
2025-10-29 15:00:00,Vinh Tuy Bridge,Outbound,15,68,0,Clear,27.0,0.0,57.87,10000.0,2,0
2025-10-29 16:00:00,Vinh Tuy Bridge,Inbound,16,82,0,Partially cloudy,27.8,0.0,52.46,10000.0,2,0
2025-10-29 16:00:00,Vinh Tuy Bridge,Outbound,16,104,0,Partially cloudy,27.8,0.0,52.46,10000.0,2,0
2025-10-29 17:10:00,Vinh Tuy Bridge,Inbound,17,138,1,Overcast,27.0,0.0,57.87,10000.0,2,0
2025-10-29 17:10:00,Vinh Tuy Bridge,Outbound,17,156,1,Overcast,27.0,0.0,57.87,10000.0,2,0
2025-10-29 20:00:00,Vinh Tuy Bridge,Inbound,20,30,0,Overcast,25.0,0.0,73.8,10000.0,2,0
2025-10-29 20:00:00,Vinh Tuy Bridge,Outbound,20,41,0,Overcast,25.0,0.0,73.8,10000.0,2,0
2025-10-29 22:30:00,Vinh Tuy Bridge,Inbound,22,0,0,Overcast,25.0,0.0,72.73,10000.0,2,0
2025-10-29 22:30:00,Vinh Tuy Bridge,Outbound,22,0,0,Overcast,25.0,0.0,72.73,10000.0,2,0
2025-10-28 03:00:00,Vinh Tuy Bridge,Inbound,3,0,0,Clear,24.0,0.0,69.16,10000.0,1,0
2025-10-28 03:00:00,Vinh Tuy Bridge,Outbound,3,0,0,Clear,24.0,0.0,69.16,10000.0,1,0
2025-10-28 07:10:00,Vinh Tuy Bridge,Inbound,7,68,0,Partially cloudy,24.1,0.0,67.33,10900.0,1,0
2025-10-28 07:10:00,Vinh Tuy Bridge,Outbound,7,155,1,Partially cloudy,24.1,0.0,67.33,10900.0,1,0
2025-10-28 07:30:00,Vinh Tuy Bridge,Inbound,7,94,1,Partially cloudy,24.1,0.0,67.33,10900.0,1,0
2025-10-28 07:30:00,Vinh Tuy Bridge,Outbound,7,204,1,Partially cloudy,24.1,0.0,67.33,10900.0,1,0
2025-10-28 10:00:00,Vinh Tuy Bridge,Inbound,10,61,0,Partially cloudy,26.1,0.0,56.44,10200.0,1,0
2025-10-28 10:00:00,Vinh Tuy Bridge,Outbound,10,53,0,Partially cloudy,26.1,0.0,56.44,10200.0,1,0
2025-10-28 12:00:00,Vinh Tuy Bridge,Inbound,12,57,0,Clear,27.0,0.0,54.33,10000.0,1,0
2025-10-28 12:00:00,Vinh Tuy Bridge,Outbound,12,45,0,Clear,27.0,0.0,54.33,10000.0,1,0
2025-10-28 15:00:00,Vinh Tuy Bridge,Inbound,15,67,0,Clear,28.0,0.0,51.25,10000.0,1,0
2025-10-28 15:00:00,Vinh Tuy Bridge,Outbound,15,56,0,Clear,28.0,0.0,51.25,10000.0,1,0
2025-10-28 16:00:00,Vinh Tuy Bridge,Inbound,16,96,1,Partially cloudy,27.9,0.0,52.71,10200.0,1,0
2025-10-28 16:00:00,Vinh Tuy Bridge,Outbound,16,79,0,Partially cloudy,27.9,0.0,52.71,10200.0,1,0
2025-10-28 17:10:00,Vinh Tuy Bridge,Inbound,17,155,1,Clear,27.0,0.0,54.33,10000.0,1,0
2025-10-28 17:10:00,Vinh Tuy Bridge,Outbound,17,130,0,Clear,27.0,0.0,54.33,10000.0,1,0
2025-10-28 20:00:00,Vinh Tuy Bridge,Inbound,20,35,0,Clear,26.0,0.0,61.39,10000.0,1,0
2025-10-28 20:00:00,Vinh Tuy Bridge,Outbound,20,47,0,Clear,26.0,0.0,61.39,10000.0,1,0
2025-10-28 22:30:00,Vinh Tuy Bridge,Inbound,22,0,0,Partially cloudy,25.1,0.0,70.04,10000.0,1,0
2025-10-28 22:30:00,Vinh Tuy Bridge,Outbound,22,0,0,Partially cloudy,25.1,0.0,70.04,10000.0,1,0
2025-10-27 03:00:00,Vinh Tuy Bridge,Inbound,3,0,0,Clear,24.0,0.0,64.93,10000.0,0,0
2025-10-27 03:00:00,Vinh Tuy Bridge,Outbound,3,0,0,Clear,24.0,0.0,64.93,10000.0,0,0
2025-10-27 07:10:00,Vinh Tuy Bridge,Inbound,7,139,1,Partially cloudy,23.9,0.0,67.37,10200.0,0,0
2025-10-27 07:10:00,Vinh Tuy Bridge,Outbound,7,275,1,Partially cloudy,23.9,0.0,67.37,10200.0,0,0
2025-10-27 07:30:00,Vinh Tuy Bridge,Inbound,7,178,1,Partially cloudy,23.9,0.0,67.37,10200.0,0,0
2025-10-27 07:30:00,Vinh Tuy Bridge,Outbound,7,373,1,Partially cloudy,23.9,0.0,67.37,10200.0,0,0
2025-10-27 10:00:00,Vinh Tuy Bridge,Inbound,10,45,0,Partially cloudy,26.0,0.0,59.71,10200.0,0,0
2025-10-27 10:00:00,Vinh Tuy Bridge,Outbound,10,72,0,Partially cloudy,26.0,0.0,59.71,10200.0,0,0
2025-10-27 12:00:00,Vinh Tuy Bridge,Inbound,12,33,0,Clear,26.0,0.0,57.63,10000.0,0,0
2025-10-27 12:00:00,Vinh Tuy Bridge,Outbound,12,56,0,Clear,26.0,0.0,57.63,10000.0,0,0
2025-10-27 15:00:00,Vinh Tuy Bridge,Inbound,15,46,0,Clear,27.0,0.0,54.33,10000.0,0,0
2025-10-27 15:00:00,Vinh Tuy Bridge,Outbound,15,75,0,Clear,27.0,0.0,54.33,10000.0,0,0
2025-10-27 16:00:00,Vinh Tuy Bridge,Inbound,16,76,0,Partially cloudy,27.6,0.0,54.44,10200.0,0,0
2025-10-27 16:00:00,Vinh Tuy Bridge,Outbound,16,108,0,Partially cloudy,27.6,0.0,54.44,10200.0,0,0
2025-10-27 17:10:00,Vinh Tuy Bridge,Inbound,17,132,1,Clear,26.0,0.0,61.39,10000.0,0,0
2025-10-27 17:10:00,Vinh Tuy Bridge,Outbound,17,165,1,Clear,26.0,0.0,61.39,10000.0,0,0
2025-10-27 20:00:00,Vinh Tuy Bridge,Inbound,20,23,0,Clear,25.0,0.0,73.8,10000.0,0,0
2025-10-27 20:00:00,Vinh Tuy Bridge,Outbound,20,59,0,Clear,25.0,0.0,73.8,10000.0,0,0
2025-10-27 22:30:00,Vinh Tuy Bridge,Inbound,22,0,0,Partially cloudy,24.6,0.0,74.67,10000.0,0,0
2025-10-27 22:30:00,Vinh Tuy Bridge,Outbound,22,0,0,Partially cloudy,24.6,0.0,74.67,10000.0,0,0
2025-10-26 03:00:00,Vinh Tuy Bridge,Inbound,3,0,0,Clear,21.0,0.0,94.02,6000.0,6,0
2025-10-26 03:00:00,Vinh Tuy Bridge,Outbound,3,0,0,Clear,21.0,0.0,94.02,6000.0,6,0
2025-10-26 07:10:00,Vinh Tuy Bridge,Inbound,7,17,0,Partially cloudy,22.4,0.0,84.81,10200.0,6,0
2025-10-26 07:10:00,Vinh Tuy Bridge,Outbound,7,20,0,Partially cloudy,22.4,0.0,84.81,10200.0,6,0
2025-10-26 07:30:00,Vinh Tuy Bridge,Inbound,7,24,0,Partially cloudy,22.4,0.0,84.81,10200.0,6,0
2025-10-26 07:30:00,Vinh Tuy Bridge,Outbound,7,27,0,Partially cloudy,22.4,0.0,84.81,10200.0,6,0
2025-10-26 10:00:00,Vinh Tuy Bridge,Inbound,10,34,0,Partially cloudy,26.2,0.0,57.37,10200.0,6,0
2025-10-26 10:00:00,Vinh Tuy Bridge,Outbound,10,44,0,Partially cloudy,26.2,0.0,57.37,10200.0,6,0
2025-10-26 12:00:00,Vinh Tuy Bridge,Inbound,12,43,0,Clear,28.0,0.0,54.58,10000.0,6,0
2025-10-26 12:00:00,Vinh Tuy Bridge,Outbound,12,58,0,Clear,28.0,0.0,54.58,10000.0,6,0
2025-10-26 15:00:00,Vinh Tuy Bridge,Inbound,15,66,0,Partially cloudy,28.0,0.0,54.58,10000.0,6,0
2025-10-26 15:00:00,Vinh Tuy Bridge,Outbound,15,87,0,Partially cloudy,28.0,0.0,54.58,10000.0,6,0
2025-10-26 16:00:00,Vinh Tuy Bridge,Inbound,16,92,1,Partially cloudy,28.2,0.0,54.66,10200.0,6,0
2025-10-26 16:00:00,Vinh Tuy Bridge,Outbound,16,115,0,Partially cloudy,28.2,0.0,54.66,10200.0,6,0
2025-10-26 17:10:00,Vinh Tuy Bridge,Inbound,17,96,1,Partially cloudy,27.0,0.0,65.56,10000.0,6,0
2025-10-26 17:10:00,Vinh Tuy Bridge,Outbound,17,149,1,Partially cloudy,27.0,0.0,65.56,10000.0,6,0
2025-10-26 20:00:00,Vinh Tuy Bridge,Inbound,20,24,0,Clear,25.0,0.0,65.15,10000.0,6,0
2025-10-26 20:00:00,Vinh Tuy Bridge,Outbound,20,62,0,Clear,25.0,0.0,65.15,10000.0,6,0
2025-10-26 22:30:00,Vinh Tuy Bridge,Inbound,22,0,0,Partially cloudy,25.2,0.0,63.28,10000.0,6,0
2025-10-26 22:30:00,Vinh Tuy Bridge,Outbound,22,0,0,Partially cloudy,25.2,0.0,63.28,10000.0,6,0
2025-10-25 03:00:00,Vinh Tuy Bridge,Inbound,3,0,0,Overcast,21.0,0.0,82.99,10000.0,5,0
2025-10-25 03:00:00,Vinh Tuy Bridge,Outbound,3,0,0,Overcast,21.0,0.0,82.99,10000.0,5,0
2025-10-25 07:10:00,Vinh Tuy Bridge,Inbound,7,48,0,Partially cloudy,20.9,0.0,85.45,10200.0,5,0
2025-10-25 07:10:00,Vinh Tuy Bridge,Outbound,7,51,0,Partially cloudy,20.9,0.0,85.45,10200.0,5,0
2025-10-25 07:30:00,Vinh Tuy Bridge,Inbound,7,75,0,Partially cloudy,20.9,0.0,85.45,10200.0,5,0
2025-10-25 07:30:00,Vinh Tuy Bridge,Outbound,7,73,0,Partially cloudy,20.9,0.0,85.45,10200.0,5,0
2025-10-25 10:00:00,Vinh Tuy Bridge,Inbound,10,134,1,Overcast,23.5,0.0,64.1,10000.0,5,0
2025-10-25 10:00:00,Vinh Tuy Bridge,Outbound,10,120,0,Overcast,23.5,0.0,64.1,10000.0,5,0
2025-10-25 12:00:00,Vinh Tuy Bridge,Inbound,12,148,1,Clear,25.0,0.0,57.39,10000.0,5,0
2025-10-25 12:00:00,Vinh Tuy Bridge,Outbound,12,127,0,Clear,25.0,0.0,57.39,10000.0,5,0
2025-10-25 15:00:00,Vinh Tuy Bridge,Inbound,15,174,1,Partially cloudy,25.0,0.0,69.36,10000.0,5,0
2025-10-25 15:00:00,Vinh Tuy Bridge,Outbound,15,145,0,Partially cloudy,25.0,0.0,69.36,10000.0,5,0
2025-10-25 16:00:00,Vinh Tuy Bridge,Inbound,16,219,1,Partially cloudy,25.2,0.0,66.34,10200.0,5,0
2025-10-25 16:00:00,Vinh Tuy Bridge,Outbound,16,193,1,Partially cloudy,25.2,0.0,66.34,10200.0,5,0
2025-10-25 17:10:00,Vinh Tuy Bridge,Inbound,17,250,1,Clear,24.0,0.0,73.63,10000.0,5,0
2025-10-25 17:10:00,Vinh Tuy Bridge,Outbound,17,232,1,Clear,24.0,0.0,73.63,10000.0,5,0
2025-10-25 20:00:00,Vinh Tuy Bridge,Inbound,20,55,0,Clear,22.0,0.0,83.11,8000.0,5,0
2025-10-25 20:00:00,Vinh Tuy Bridge,Outbound,20,68,0,Clear,22.0,0.0,83.11,8000.0,5,0
2025-10-25 22:30:00,Vinh Tuy Bridge,Inbound,22,0,0,Partially cloudy,21.7,0.0,89.32,9400.0,5,0
2025-10-25 22:30:00,Vinh Tuy Bridge,Outbound,22,0,0,Partially cloudy,21.7,0.0,89.32,9400.0,5,0
2025-10-24 03:00:00,Vinh Tuy Bridge,Inbound,3,0,0,Overcast,20.0,0.1,82.87,10000.0,4,0
2025-10-24 03:00:00,Vinh Tuy Bridge,Outbound,3,0,0,Overcast,20.0,0.1,82.87,10000.0,4,0
2025-10-24 07:10:00,Vinh Tuy Bridge,Inbound,7,46,0,Partially cloudy,20.2,0.0,80.44,10200.0,4,0
2025-10-24 07:10:00,Vinh Tuy Bridge,Outbound,7,67,0,Partially cloudy,20.2,0.0,80.44,10200.0,4,0
2025-10-24 07:30:00,Vinh Tuy Bridge,Inbound,7,68,0,Partially cloudy,20.2,0.0,80.44,10200.0,4,0
2025-10-24 07:30:00,Vinh Tuy Bridge,Outbound,7,94,0,Partially cloudy,20.2,0.0,80.44,10200.0,4,0
2025-10-24 10:00:00,Vinh Tuy Bridge,Inbound,10,49,0,Partially cloudy,21.8,0.0,67.2,10000.0,4,0
2025-10-24 10:00:00,Vinh Tuy Bridge,Outbound,10,55,0,Partially cloudy,21.8,0.0,67.2,10000.0,4,0
2025-10-24 12:00:00,Vinh Tuy Bridge,Inbound,12,55,0,Overcast,22.0,0.0,64.5,10000.0,4,0
2025-10-24 12:00:00,Vinh Tuy Bridge,Outbound,12,51,0,Overcast,22.0,0.0,64.5,10000.0,4,0
2025-10-24 15:00:00,Vinh Tuy Bridge,Inbound,15,80,0,Overcast,22.0,0.0,68.77,10000.0,4,0
2025-10-24 15:00:00,Vinh Tuy Bridge,Outbound,15,73,0,Overcast,22.0,0.0,68.77,10000.0,4,0
2025-10-24 16:00:00,Vinh Tuy Bridge,Inbound,16,140,1,Partially cloudy,21.8,0.0,69.25,10000.0,4,0
2025-10-24 16:00:00,Vinh Tuy Bridge,Outbound,16,137,0,Partially cloudy,21.8,0.0,69.25,10000.0,4,0
2025-10-24 17:10:00,Vinh Tuy Bridge,Inbound,17,255,1,Partially cloudy,21.0,0.0,77.92,10000.0,4,0
2025-10-24 17:10:00,Vinh Tuy Bridge,Outbound,17,273,1,Partially cloudy,21.0,0.0,77.92,10000.0,4,0
2025-10-24 20:00:00,Vinh Tuy Bridge,Inbound,20,77,0,Overcast,21.0,0.0,77.92,10000.0,4,0
2025-10-24 20:00:00,Vinh Tuy Bridge,Outbound,20,67,0,Overcast,21.0,0.0,77.92,10000.0,4,0
2025-10-24 22:30:00,Vinh Tuy Bridge,Inbound,22,0,0,Overcast,20.4,0.0,90.98,10000.0,4,0
2025-10-24 22:30:00,Vinh Tuy Bridge,Outbound,22,0,0,Overcast,20.4,0.0,90.98,10000.0,4,0
2025-10-23 03:00:00,Vinh Tuy Bridge,Inbound,3,0,0,Clear,20.0,0.0,72.94,10000.0,3,0
2025-10-23 03:00:00,Vinh Tuy Bridge,Outbound,3,0,0,Clear,20.0,0.0,72.94,10000.0,3,0
2025-10-23 07:10:00,Vinh Tuy Bridge,Inbound,7,63,0,Overcast,18.7,0.0,86.54,10000.0,3,0
2025-10-23 07:10:00,Vinh Tuy Bridge,Outbound,7,140,0,Overcast,18.7,0.0,86.54,10000.0,3,0
2025-10-23 07:30:00,Vinh Tuy Bridge,Inbound,7,97,1,Overcast,18.7,0.0,86.54,10000.0,3,0
2025-10-23 07:30:00,Vinh Tuy Bridge,Outbound,7,180,1,Overcast,18.7,0.0,86.54,10000.0,3,0
2025-10-23 10:00:00,Vinh Tuy Bridge,Inbound,10,46,0,Overcast,19.6,0.0,80.97,10000.0,3,0
2025-10-23 10:00:00,Vinh Tuy Bridge,Outbound,10,55,0,Overcast,19.6,0.0,80.97,10000.0,3,0
2025-10-23 12:00:00,Vinh Tuy Bridge,Inbound,12,36,0,Partially cloudy,21.0,0.2,73.11,10000.0,3,0
2025-10-23 12:00:00,Vinh Tuy Bridge,Outbound,12,48,0,Partially cloudy,21.0,0.2,73.11,10000.0,3,0
2025-10-23 15:00:00,Vinh Tuy Bridge,Inbound,15,46,0,Clear,21.0,0.0,73.11,10000.0,3,0
2025-10-23 15:00:00,Vinh Tuy Bridge,Outbound,15,61,0,Clear,21.0,0.0,73.11,10000.0,3,0
2025-10-23 16:00:00,Vinh Tuy Bridge,Inbound,16,74,0,Partially cloudy,21.2,0.0,72.32,10000.0,3,0
2025-10-23 16:00:00,Vinh Tuy Bridge,Outbound,16,88,0,Partially cloudy,21.2,0.0,72.32,10000.0,3,0
2025-10-23 17:10:00,Vinh Tuy Bridge,Inbound,17,131,1,Overcast,20.0,0.0,77.77,10000.0,3,0
2025-10-23 17:10:00,Vinh Tuy Bridge,Outbound,17,154,1,Overcast,20.0,0.0,77.77,10000.0,3,0
2025-10-23 20:00:00,Vinh Tuy Bridge,Inbound,20,26,0,Overcast,20.0,0.2,77.77,10000.0,3,0
2025-10-23 20:00:00,Vinh Tuy Bridge,Outbound,20,52,0,Overcast,20.0,0.2,77.77,10000.0,3,0
2025-10-23 22:30:00,Vinh Tuy Bridge,Inbound,22,0,0,Overcast,20.1,0.0,79.27,10000.0,3,0
2025-10-23 22:30:00,Vinh Tuy Bridge,Outbound,22,0,0,Overcast,20.1,0.0,79.27,10000.0,3,0
2025-10-22 03:00:00,Vinh Tuy Bridge,Inbound,3,0,0,Clear,22.0,0.0,68.77,10000.0,2,0
2025-10-22 03:00:00,Vinh Tuy Bridge,Outbound,3,0,0,Clear,22.0,0.0,68.77,10000.0,2,0
2025-10-22 07:10:00,Vinh Tuy Bridge,Inbound,7,66,0,Partially cloudy,22.3,0.0,59.75,10900.0,2,0
2025-10-22 07:10:00,Vinh Tuy Bridge,Outbound,7,157,1,Partially cloudy,22.3,0.0,59.75,10900.0,2,0
2025-10-22 07:30:00,Vinh Tuy Bridge,Inbound,7,96,1,Partially cloudy,22.3,0.0,59.75,10900.0,2,0
2025-10-22 07:30:00,Vinh Tuy Bridge,Outbound,7,200,1,Partially cloudy,22.3,0.0,59.75,10900.0,2,0
2025-10-22 10:00:00,Vinh Tuy Bridge,Inbound,10,52,0,Partially cloudy,24.0,0.0,52.65,10000.0,2,0
2025-10-22 10:00:00,Vinh Tuy Bridge,Outbound,10,57,0,Partially cloudy,24.0,0.0,52.65,10000.0,2,0
2025-10-22 12:00:00,Vinh Tuy Bridge,Inbound,12,45,0,Partially cloudy,26.0,0.0,50.73,10000.0,2,0
2025-10-22 12:00:00,Vinh Tuy Bridge,Outbound,12,51,0,Partially cloudy,26.0,0.0,50.73,10000.0,2,0
2025-10-22 15:00:00,Vinh Tuy Bridge,Inbound,15,54,0,Partially cloudy,26.0,0.0,57.63,10000.0,2,0
2025-10-22 15:00:00,Vinh Tuy Bridge,Outbound,15,68,0,Partially cloudy,26.0,0.0,57.63,10000.0,2,0
2025-10-22 16:00:00,Vinh Tuy Bridge,Inbound,16,82,0,Partially cloudy,25.1,0.0,56.75,10000.0,2,0
2025-10-22 16:00:00,Vinh Tuy Bridge,Outbound,16,104,0,Partially cloudy,25.1,0.0,56.75,10000.0,2,0
2025-10-22 17:10:00,Vinh Tuy Bridge,Inbound,17,138,1,Clear,24.0,0.0,64.93,10000.0,2,0
2025-10-22 17:10:00,Vinh Tuy Bridge,Outbound,17,156,1,Clear,24.0,0.0,64.93,10000.0,2,0
2025-10-22 20:00:00,Vinh Tuy Bridge,Inbound,20,30,0,Clear,23.0,0.0,64.72,10000.0,2,0
2025-10-22 20:00:00,Vinh Tuy Bridge,Outbound,20,41,0,Clear,23.0,0.0,64.72,10000.0,2,0
2025-10-22 22:30:00,Vinh Tuy Bridge,Inbound,22,0,0,Partially cloudy,23.1,0.0,62.65,10000.0,2,0
2025-10-22 22:30:00,Vinh Tuy Bridge,Outbound,22,0,0,Partially cloudy,23.1,0.0,62.65,10000.0,2,0
2025-10-21 03:00:00,Vinh Tuy Bridge,Inbound,3,0,0,Clear,24.0,0.0,69.16,10000.0,1,0
2025-10-21 03:00:00,Vinh Tuy Bridge,Outbound,3,0,0,Clear,24.0,0.0,69.16,10000.0,1,0
2025-10-21 07:10:00,Vinh Tuy Bridge,Inbound,7,68,0,Partially cloudy,24.4,0.0,67.6,17600.0,1,0
2025-10-21 07:10:00,Vinh Tuy Bridge,Outbound,7,155,1,Partially cloudy,24.4,0.0,67.6,17600.0,1,0
2025-10-21 07:30:00,Vinh Tuy Bridge,Inbound,7,94,1,Partially cloudy,24.4,0.0,67.6,17600.0,1,0
2025-10-21 07:30:00,Vinh Tuy Bridge,Outbound,7,204,1,Partially cloudy,24.4,0.0,67.6,17600.0,1,0
2025-10-21 10:00:00,Vinh Tuy Bridge,Inbound,10,61,0,Clear,27.6,0.0,56.26,16900.0,1,0
2025-10-21 10:00:00,Vinh Tuy Bridge,Outbound,10,53,0,Clear,27.6,0.0,56.26,16900.0,1,0
2025-10-21 12:00:00,Vinh Tuy Bridge,Inbound,12,57,0,Overcast,28.0,0.0,58.11,10000.0,1,0
2025-10-21 12:00:00,Vinh Tuy Bridge,Outbound,12,45,0,Overcast,28.0,0.0,58.11,10000.0,1,0
2025-10-21 15:00:00,Vinh Tuy Bridge,Inbound,15,67,0,Clear,28.0,0.0,54.58,10000.0,1,0
2025-10-21 15:00:00,Vinh Tuy Bridge,Outbound,15,56,0,Clear,28.0,0.0,54.58,10000.0,1,0
2025-10-21 16:00:00,Vinh Tuy Bridge,Inbound,16,96,1,Partially cloudy,27.7,0.0,54.66,10000.0,1,0
2025-10-21 16:00:00,Vinh Tuy Bridge,Outbound,16,79,0,Partially cloudy,27.7,0.0,54.66,10000.0,1,0
2025-10-21 17:10:00,Vinh Tuy Bridge,Inbound,17,155,1,Overcast,26.0,0.0,61.39,10000.0,1,0
2025-10-21 17:10:00,Vinh Tuy Bridge,Outbound,17,130,0,Overcast,26.0,0.0,61.39,10000.0,1,0
2025-10-21 20:00:00,Vinh Tuy Bridge,Inbound,20,35,0,Clear,25.0,0.0,61.16,10000.0,1,0
2025-10-21 20:00:00,Vinh Tuy Bridge,Outbound,20,47,0,Clear,25.0,0.0,61.16,10000.0,1,0
2025-10-21 22:30:00,Vinh Tuy Bridge,Inbound,22,0,0,Partially cloudy,24.7,0.0,61.11,10000.0,1,0
2025-10-21 22:30:00,Vinh Tuy Bridge,Outbound,22,0,0,Partially cloudy,24.7,0.0,61.11,10000.0,1,0
2025-10-20 03:00:00,Vinh Tuy Bridge,Inbound,3,0,0,Clear,26.0,0.0,78.64,10000.0,0,0
2025-10-20 03:00:00,Vinh Tuy Bridge,Outbound,3,0,0,Clear,26.0,0.0,78.64,10000.0,0,0
2025-10-20 07:10:00,Vinh Tuy Bridge,Inbound,7,139,1,Partially cloudy,25.4,0.0,78.69,10400.0,0,0
2025-10-20 07:10:00,Vinh Tuy Bridge,Outbound,7,275,1,Partially cloudy,25.4,0.0,78.69,10400.0,0,0
2025-10-20 07:30:00,Vinh Tuy Bridge,Inbound,7,178,1,Partially cloudy,25.4,0.0,78.69,10400.0,0,0
2025-10-20 07:30:00,Vinh Tuy Bridge,Outbound,7,373,1,Partially cloudy,25.4,0.0,78.69,10400.0,0,0
2025-10-20 10:00:00,Vinh Tuy Bridge,Inbound,10,45,0,Partially cloudy,29.2,0.0,59.66,16900.0,0,0
2025-10-20 10:00:00,Vinh Tuy Bridge,Outbound,10,72,0,Partially cloudy,29.2,0.0,59.66,16900.0,0,0
2025-10-20 12:00:00,Vinh Tuy Bridge,Inbound,12,33,0,Overcast,30.0,0.0,58.58,10000.0,0,0
2025-10-20 12:00:00,Vinh Tuy Bridge,Outbound,12,56,0,Overcast,30.0,0.0,58.58,10000.0,0,0
2025-10-20 15:00:00,Vinh Tuy Bridge,Inbound,15,46,0,Partially cloudy,30.0,0.0,58.58,10000.0,0,0
2025-10-20 15:00:00,Vinh Tuy Bridge,Outbound,15,75,0,Partially cloudy,30.0,0.0,58.58,10000.0,0,0
2025-10-20 16:00:00,Vinh Tuy Bridge,Inbound,16,76,0,Partially cloudy,29.9,0.0,56.82,16900.0,0,0
2025-10-20 16:00:00,Vinh Tuy Bridge,Outbound,16,108,0,Partially cloudy,29.9,0.0,56.82,16900.0,0,0
2025-10-20 17:10:00,Vinh Tuy Bridge,Inbound,17,132,1,Clear,28.0,0.0,65.77,10000.0,0,0
2025-10-20 17:10:00,Vinh Tuy Bridge,Outbound,17,165,1,Clear,28.0,0.0,65.77,10000.0,0,0
2025-10-20 20:00:00,Vinh Tuy Bridge,Inbound,20,23,0,Clear,26.0,0.0,69.55,10000.0,0,0
2025-10-20 20:00:00,Vinh Tuy Bridge,Outbound,20,59,0,Clear,26.0,0.0,69.55,10000.0,0,0
2025-10-20 22:30:00,Vinh Tuy Bridge,Inbound,22,0,0,Clear,25.7,0.0,65.71,16700.0,0,0
2025-10-20 22:30:00,Vinh Tuy Bridge,Outbound,22,0,0,Clear,25.7,0.0,65.71,16700.0,0,0
2025-10-19 03:00:00,Vinh Tuy Bridge,Inbound,3,0,0,Clear,25.0,0.0,94.19,8000.0,6,0
2025-10-19 03:00:00,Vinh Tuy Bridge,Outbound,3,0,0,Clear,25.0,0.0,94.19,8000.0,6,0
2025-10-19 07:10:00,Vinh Tuy Bridge,Inbound,7,17,0,Clear,26.0,0.0,89.88,9200.0,6,0
2025-10-19 07:10:00,Vinh Tuy Bridge,Outbound,7,20,0,Clear,26.0,0.0,89.88,9200.0,6,0
2025-10-19 07:30:00,Vinh Tuy Bridge,Inbound,7,24,0,Clear,26.0,0.0,89.88,9200.0,6,0
2025-10-19 07:30:00,Vinh Tuy Bridge,Outbound,7,27,0,Clear,26.0,0.0,89.88,9200.0,6,0
2025-10-19 10:00:00,Vinh Tuy Bridge,Inbound,10,34,0,"Rain, Partially cloudy",29.9,0.6,75.49,10200.0,6,0
2025-10-19 10:00:00,Vinh Tuy Bridge,Outbound,10,44,0,"Rain, Partially cloudy",29.9,0.6,75.49,10200.0,6,0
2025-10-19 12:00:00,Vinh Tuy Bridge,Inbound,12,43,0,Partially cloudy,32.0,0.1,62.71,10000.0,6,0
2025-10-19 12:00:00,Vinh Tuy Bridge,Outbound,12,58,0,Partially cloudy,32.0,0.1,62.71,10000.0,6,0
2025-10-19 15:00:00,Vinh Tuy Bridge,Inbound,15,66,0,"Rain, Partially cloudy",25.0,0.9,88.68,10000.0,6,0
2025-10-19 15:00:00,Vinh Tuy Bridge,Outbound,15,87,0,"Rain, Partially cloudy",25.0,0.9,88.68,10000.0,6,0
2025-10-19 16:00:00,Vinh Tuy Bridge,Inbound,16,92,1,Partially cloudy,26.8,0.1,85.02,10000.0,6,0
2025-10-19 16:00:00,Vinh Tuy Bridge,Outbound,16,115,0,Partially cloudy,26.8,0.1,85.02,10000.0,6,0
2025-10-19 17:10:00,Vinh Tuy Bridge,Inbound,17,96,1,Partially cloudy,27.0,0.0,83.68,10000.0,6,0
2025-10-19 17:10:00,Vinh Tuy Bridge,Outbound,17,149,1,Partially cloudy,27.0,0.0,83.68,10000.0,6,0
2025-10-19 20:00:00,Vinh Tuy Bridge,Inbound,20,24,0,Partially cloudy,26.0,0.1,94.23,9000.0,6,0
2025-10-19 20:00:00,Vinh Tuy Bridge,Outbound,20,62,0,Partially cloudy,26.0,0.1,94.23,9000.0,6,0
2025-10-19 22:30:00,Vinh Tuy Bridge,Inbound,22,0,0,Partially cloudy,26.0,0.0,89.22,9400.0,6,0
2025-10-19 22:30:00,Vinh Tuy Bridge,Outbound,22,0,0,Partially cloudy,26.0,0.0,89.22,9400.0,6,0
2025-10-18 03:00:00,Vinh Tuy Bridge,Inbound,3,0,0,Clear,25.0,0.0,88.68,9000.0,5,0
2025-10-18 03:00:00,Vinh Tuy Bridge,Outbound,3,0,0,Clear,25.0,0.0,88.68,9000.0,5,0
2025-10-18 07:10:00,Vinh Tuy Bridge,Inbound,7,48,0,Partially cloudy,25.4,0.0,89.7,9800.0,5,0
2025-10-18 07:10:00,Vinh Tuy Bridge,Outbound,7,51,0,Partially cloudy,25.4,0.0,89.7,9800.0,5,0
2025-10-18 07:30:00,Vinh Tuy Bridge,Inbound,7,75,0,Partially cloudy,25.4,0.0,89.7,9800.0,5,0
2025-10-18 07:30:00,Vinh Tuy Bridge,Outbound,7,73,0,Partially cloudy,25.4,0.0,89.7,9800.0,5,0
2025-10-18 10:00:00,Vinh Tuy Bridge,Inbound,10,134,1,Partially cloudy,30.2,0.1,68.48,10200.0,5,0
2025-10-18 10:00:00,Vinh Tuy Bridge,Outbound,10,120,0,Partially cloudy,30.2,0.1,68.48,10200.0,5,0
2025-10-18 12:00:00,Vinh Tuy Bridge,Inbound,12,148,1,Partially cloudy,32.0,0.0,55.56,10000.0,5,0
2025-10-18 12:00:00,Vinh Tuy Bridge,Outbound,12,127,0,Partially cloudy,32.0,0.0,55.56,10000.0,5,0
2025-10-18 15:00:00,Vinh Tuy Bridge,Inbound,15,174,1,Partially cloudy,33.0,0.0,55.81,10000.0,5,0
2025-10-18 15:00:00,Vinh Tuy Bridge,Outbound,15,145,0,Partially cloudy,33.0,0.0,55.81,10000.0,5,0
2025-10-18 16:00:00,Vinh Tuy Bridge,Inbound,16,219,1,Partially cloudy,32.9,0.0,53.6,10200.0,5,0
2025-10-18 16:00:00,Vinh Tuy Bridge,Outbound,16,193,1,Partially cloudy,32.9,0.0,53.6,10200.0,5,0
2025-10-18 17:10:00,Vinh Tuy Bridge,Inbound,17,250,1,Clear,32.0,0.0,55.56,10000.0,5,0
2025-10-18 17:10:00,Vinh Tuy Bridge,Outbound,17,232,1,Clear,32.0,0.0,55.56,10000.0,5,0
2025-10-18 20:00:00,Vinh Tuy Bridge,Inbound,20,55,0,Partially cloudy,28.0,0.0,78.92,10000.0,5,0
2025-10-18 20:00:00,Vinh Tuy Bridge,Outbound,20,68,0,Partially cloudy,28.0,0.0,78.92,10000.0,5,0
2025-10-18 22:30:00,Vinh Tuy Bridge,Inbound,22,0,0,Partially cloudy,27.4,0.0,85.05,10000.0,5,0
2025-10-18 22:30:00,Vinh Tuy Bridge,Outbound,22,0,0,Partially cloudy,27.4,0.0,85.05,10000.0,5,0
2025-10-17 03:00:00,Vinh Tuy Bridge,Inbound,3,0,0,Clear,24.0,0.0,94.15,8000.0,4,0
2025-10-17 03:00:00,Vinh Tuy Bridge,Outbound,3,0,0,Clear,24.0,0.0,94.15,8000.0,4,0
2025-10-17 07:10:00,Vinh Tuy Bridge,Inbound,7,46,0,Partially cloudy,24.8,0.0,95.85,5700.0,4,0
2025-10-17 07:10:00,Vinh Tuy Bridge,Outbound,7,67,0,Partially cloudy,24.8,0.0,95.85,5700.0,4,0
2025-10-17 07:30:00,Vinh Tuy Bridge,Inbound,7,68,0,Partially cloudy,24.8,0.0,95.85,5700.0,4,0
2025-10-17 07:30:00,Vinh Tuy Bridge,Outbound,7,94,0,Partially cloudy,24.8,0.0,95.85,5700.0,4,0
2025-10-17 10:00:00,Vinh Tuy Bridge,Inbound,10,49,0,Partially cloudy,30.1,0.2,70.47,10300.0,4,0
2025-10-17 10:00:00,Vinh Tuy Bridge,Outbound,10,55,0,Partially cloudy,30.1,0.2,70.47,10300.0,4,0
2025-10-17 12:00:00,Vinh Tuy Bridge,Inbound,12,55,0,Partially cloudy,32.0,0.1,55.56,10000.0,4,0
2025-10-17 12:00:00,Vinh Tuy Bridge,Outbound,12,51,0,Partially cloudy,32.0,0.1,55.56,10000.0,4,0
2025-10-17 15:00:00,Vinh Tuy Bridge,Inbound,15,80,0,Clear,33.0,0.0,55.81,10000.0,4,0
2025-10-17 15:00:00,Vinh Tuy Bridge,Outbound,15,73,0,Clear,33.0,0.0,55.81,10000.0,4,0
2025-10-17 16:00:00,Vinh Tuy Bridge,Inbound,16,140,1,Partially cloudy,31.9,0.1,56.65,16900.0,4,0
2025-10-17 16:00:00,Vinh Tuy Bridge,Outbound,16,137,0,Partially cloudy,31.9,0.1,56.65,16900.0,4,0
2025-10-17 17:10:00,Vinh Tuy Bridge,Inbound,17,255,1,Clear,31.0,0.1,62.5,10000.0,4,0
2025-10-17 17:10:00,Vinh Tuy Bridge,Outbound,17,273,1,Clear,31.0,0.1,62.5,10000.0,4,0
2025-10-17 20:00:00,Vinh Tuy Bridge,Inbound,20,77,0,Clear,28.0,0.0,83.79,10000.0,4,0
2025-10-17 20:00:00,Vinh Tuy Bridge,Outbound,20,67,0,Clear,28.0,0.0,83.79,10000.0,4,0
2025-10-17 22:30:00,Vinh Tuy Bridge,Inbound,22,0,0,Clear,27.2,0.0,84.51,10000.0,4,0
2025-10-17 22:30:00,Vinh Tuy Bridge,Outbound,22,0,0,Clear,27.2,0.0,84.51,10000.0,4,0
2025-10-16 03:00:00,Vinh Tuy Bridge,Inbound,3,0,0,"Rain, Partially cloudy",25.0,0.4,94.19,9000.0,3,0
2025-10-16 03:00:00,Vinh Tuy Bridge,Outbound,3,0,0,"Rain, Partially cloudy",25.0,0.4,94.19,9000.0,3,0
2025-10-16 07:10:00,Vinh Tuy Bridge,Inbound,7,63,0,Partially cloudy,23.1,0.0,96.21,10300.0,3,0
2025-10-16 07:10:00,Vinh Tuy Bridge,Outbound,7,140,0,Partially cloudy,23.1,0.0,96.21,10300.0,3,0
2025-10-16 07:30:00,Vinh Tuy Bridge,Inbound,7,97,1,Partially cloudy,23.1,0.0,96.21,10300.0,3,0
2025-10-16 07:30:00,Vinh Tuy Bridge,Outbound,7,180,1,Partially cloudy,23.1,0.0,96.21,10300.0,3,0
2025-10-16 10:00:00,Vinh Tuy Bridge,Inbound,10,46,0,Partially cloudy,28.1,0.0,77.29,10000.0,3,0
2025-10-16 10:00:00,Vinh Tuy Bridge,Outbound,10,55,0,Partially cloudy,28.1,0.0,77.29,10000.0,3,0
2025-10-16 12:00:00,Vinh Tuy Bridge,Inbound,12,36,0,Overcast,31.0,0.0,66.38,10000.0,3,0
2025-10-16 12:00:00,Vinh Tuy Bridge,Outbound,12,48,0,Overcast,31.0,0.0,66.38,10000.0,3,0
2025-10-16 15:00:00,Vinh Tuy Bridge,Inbound,15,46,0,"Rain, Overcast",32.0,0.3,62.71,10000.0,3,0
2025-10-16 15:00:00,Vinh Tuy Bridge,Outbound,15,61,0,"Rain, Overcast",32.0,0.3,62.71,10000.0,3,0
2025-10-16 16:00:00,Vinh Tuy Bridge,Inbound,16,74,0,Partially cloudy,29.5,0.2,71.89,10200.0,3,0
2025-10-16 16:00:00,Vinh Tuy Bridge,Outbound,16,88,0,Partially cloudy,29.5,0.2,71.89,10200.0,3,0
2025-10-16 17:10:00,Vinh Tuy Bridge,Inbound,17,131,1,Clear,26.0,0.0,83.57,10000.0,3,0
2025-10-16 17:10:00,Vinh Tuy Bridge,Outbound,17,154,1,Clear,26.0,0.0,83.57,10000.0,3,0
2025-10-16 20:00:00,Vinh Tuy Bridge,Inbound,20,26,0,Clear,26.0,0.0,88.76,10000.0,3,0
2025-10-16 20:00:00,Vinh Tuy Bridge,Outbound,20,52,0,Clear,26.0,0.0,88.76,10000.0,3,0
2025-10-16 22:30:00,Vinh Tuy Bridge,Inbound,22,0,0,Clear,26.1,0.0,89.2,10000.0,3,0
2025-10-16 22:30:00,Vinh Tuy Bridge,Outbound,22,0,0,Clear,26.1,0.0,89.2,10000.0,3,0
2025-10-15 03:00:00,Vinh Tuy Bridge,Inbound,3,0,0,"Rain, Overcast",25.0,0.8,94.19,8000.0,2,0
2025-10-15 03:00:00,Vinh Tuy Bridge,Outbound,3,0,0,"Rain, Overcast",25.0,0.8,94.19,8000.0,2,0
2025-10-15 07:10:00,Vinh Tuy Bridge,Inbound,7,66,0,"Rain, Overcast",25.4,0.4,94.24,9500.0,2,0
2025-10-15 07:10:00,Vinh Tuy Bridge,Outbound,7,157,1,"Rain, Overcast",25.4,0.4,94.24,9500.0,2,0
2025-10-15 07:30:00,Vinh Tuy Bridge,Inbound,7,96,1,"Rain, Overcast",25.4,0.4,94.24,9500.0,2,0
2025-10-15 07:30:00,Vinh Tuy Bridge,Outbound,7,200,1,"Rain, Overcast",25.4,0.4,94.24,9500.0,2,0
2025-10-15 10:00:00,Vinh Tuy Bridge,Inbound,10,52,0,"Rain, Partially cloudy",29.4,0.3,78.23,10200.0,2,0
2025-10-15 10:00:00,Vinh Tuy Bridge,Outbound,10,57,0,"Rain, Partially cloudy",29.4,0.3,78.23,10200.0,2,0
2025-10-15 12:00:00,Vinh Tuy Bridge,Inbound,12,45,0,Partially cloudy,31.0,0.1,70.48,10000.0,2,0
2025-10-15 12:00:00,Vinh Tuy Bridge,Outbound,12,51,0,Partially cloudy,31.0,0.1,70.48,10000.0,2,0
2025-10-15 15:00:00,Vinh Tuy Bridge,Inbound,15,54,0,Partially cloudy,31.0,0.1,70.48,10000.0,2,0
2025-10-15 15:00:00,Vinh Tuy Bridge,Outbound,15,68,0,Partially cloudy,31.0,0.1,70.48,10000.0,2,0
2025-10-15 16:00:00,Vinh Tuy Bridge,Inbound,16,82,0,Partially cloudy,28.4,0.1,77.42,10200.0,2,0
2025-10-15 16:00:00,Vinh Tuy Bridge,Outbound,16,104,0,Partially cloudy,28.4,0.1,77.42,10200.0,2,0
2025-10-15 17:10:00,Vinh Tuy Bridge,Inbound,17,138,1,Partially cloudy,28.0,0.0,74.3,10000.0,2,0
2025-10-15 17:10:00,Vinh Tuy Bridge,Outbound,17,156,1,Partially cloudy,28.0,0.0,74.3,10000.0,2,0
2025-10-15 20:00:00,Vinh Tuy Bridge,Inbound,20,30,0,Partially cloudy,26.0,0.0,88.76,10000.0,2,0
2025-10-15 20:00:00,Vinh Tuy Bridge,Outbound,20,41,0,Partially cloudy,26.0,0.0,88.76,10000.0,2,0
2025-10-15 22:30:00,Vinh Tuy Bridge,Inbound,22,0,0,Partially cloudy,26.4,0.1,90.84,10000.0,2,0
2025-10-15 22:30:00,Vinh Tuy Bridge,Outbound,22,0,0,Partially cloudy,26.4,0.1,90.84,10000.0,2,0
2025-10-14 03:00:00,Vinh Tuy Bridge,Inbound,3,0,0,"Rain, Overcast",25.0,1.2,94.19,10000.0,1,0
2025-10-14 03:00:00,Vinh Tuy Bridge,Outbound,3,0,0,"Rain, Overcast",25.0,1.2,94.19,10000.0,1,0
2025-10-14 07:10:00,Vinh Tuy Bridge,Inbound,7,68,0,"Rain, Overcast",25.1,2.5,95.64,5000.0,1,0
2025-10-14 07:10:00,Vinh Tuy Bridge,Outbound,7,155,1,"Rain, Overcast",25.1,2.5,95.64,5000.0,1,0
2025-10-14 07:30:00,Vinh Tuy Bridge,Inbound,7,94,1,"Rain, Overcast",25.1,2.5,95.64,5000.0,1,0
2025-10-14 07:30:00,Vinh Tuy Bridge,Outbound,7,204,1,"Rain, Overcast",25.1,2.5,95.64,5000.0,1,0
2025-10-14 10:00:00,Vinh Tuy Bridge,Inbound,10,61,0,"Rain, Overcast",25.4,0.8,96.33,9100.0,1,0
2025-10-14 10:00:00,Vinh Tuy Bridge,Outbound,10,53,0,"Rain, Overcast",25.4,0.8,96.33,9100.0,1,0
2025-10-14 12:00:00,Vinh Tuy Bridge,Inbound,12,57,0,"Rain, Partially cloudy",27.0,0.7,88.84,10000.0,1,0
2025-10-14 12:00:00,Vinh Tuy Bridge,Outbound,12,45,0,"Rain, Partially cloudy",27.0,0.7,88.84,10000.0,1,0
2025-10-14 15:00:00,Vinh Tuy Bridge,Inbound,15,67,0,"Rain, Overcast",27.4,0.3,86.77,10000.0,1,0
2025-10-14 15:00:00,Vinh Tuy Bridge,Outbound,15,56,0,"Rain, Overcast",27.4,0.3,86.77,10000.0,1,0
2025-10-14 16:00:00,Vinh Tuy Bridge,Inbound,16,96,1,Overcast,27.5,0.1,86.93,10000.0,1,0
2025-10-14 16:00:00,Vinh Tuy Bridge,Outbound,16,79,0,Overcast,27.5,0.1,86.93,10000.0,1,0
2025-10-14 17:10:00,Vinh Tuy Bridge,Inbound,17,155,1,Partially cloudy,27.0,0.1,83.68,10000.0,1,0
2025-10-14 17:10:00,Vinh Tuy Bridge,Outbound,17,130,0,Partially cloudy,27.0,0.1,83.68,10000.0,1,0
2025-10-14 20:00:00,Vinh Tuy Bridge,Inbound,20,35,0,Clear,26.0,0.1,88.76,10000.0,1,0
2025-10-14 20:00:00,Vinh Tuy Bridge,Outbound,20,47,0,Clear,26.0,0.1,88.76,10000.0,1,0
2025-10-14 22:30:00,Vinh Tuy Bridge,Inbound,22,0,0,"Rain, Partially cloudy",25.8,0.6,93.27,10000.0,1,0
2025-10-14 22:30:00,Vinh Tuy Bridge,Outbound,22,0,0,"Rain, Partially cloudy",25.8,0.6,93.27,10000.0,1,0
2025-10-13 03:00:00,Vinh Tuy Bridge,Inbound,3,0,0,Clear,26.0,0.0,94.23,10000.0,0,0
2025-10-13 03:00:00,Vinh Tuy Bridge,Outbound,3,0,0,Clear,26.0,0.0,94.23,10000.0,0,0
2025-10-13 07:10:00,Vinh Tuy Bridge,Inbound,7,139,1,Clear,26.7,0.1,92.57,8600.0,0,0
2025-10-13 07:10:00,Vinh Tuy Bridge,Outbound,7,275,1,Clear,26.7,0.1,92.57,8600.0,0,0
2025-10-13 07:30:00,Vinh Tuy Bridge,Inbound,7,178,1,Clear,26.7,0.1,92.57,8600.0,0,0
2025-10-13 07:30:00,Vinh Tuy Bridge,Outbound,7,373,1,Clear,26.7,0.1,92.57,8600.0,0,0
2025-10-13 10:00:00,Vinh Tuy Bridge,Inbound,10,45,0,Partially cloudy,29.7,0.0,76.88,10000.0,0,0
2025-10-13 10:00:00,Vinh Tuy Bridge,Outbound,10,72,0,Partially cloudy,29.7,0.0,76.88,10000.0,0,0
2025-10-13 12:00:00,Vinh Tuy Bridge,Inbound,12,33,0,"Rain, Partially cloudy",32.0,1.1,66.58,10000.0,0,0
2025-10-13 12:00:00,Vinh Tuy Bridge,Outbound,12,56,0,"Rain, Partially cloudy",32.0,1.1,66.58,10000.0,0,0
2025-10-13 15:00:00,Vinh Tuy Bridge,Inbound,15,46,0,Overcast,28.0,0.1,78.92,10000.0,0,0
2025-10-13 15:00:00,Vinh Tuy Bridge,Outbound,15,75,0,Overcast,28.0,0.1,78.92,10000.0,0,0
2025-10-13 16:00:00,Vinh Tuy Bridge,Inbound,16,76,0,Partially cloudy,26.1,0.2,90.64,9800.0,0,0
2025-10-13 16:00:00,Vinh Tuy Bridge,Outbound,16,108,0,Partially cloudy,26.1,0.2,90.64,9800.0,0,0
2025-10-13 17:10:00,Vinh Tuy Bridge,Inbound,17,132,1,Clear,25.0,0.1,94.19,6000.0,0,0
2025-10-13 17:10:00,Vinh Tuy Bridge,Outbound,17,165,1,Clear,25.0,0.1,94.19,6000.0,0,0
2025-10-13 20:00:00,Vinh Tuy Bridge,Inbound,20,23,0,Clear,26.0,0.1,94.23,10000.0,0,0
2025-10-13 20:00:00,Vinh Tuy Bridge,Outbound,20,59,0,Clear,26.0,0.1,94.23,10000.0,0,0
2025-10-13 22:30:00,Vinh Tuy Bridge,Inbound,22,0,0,"Rain, Partially cloudy",25.7,1.7,95.06,10000.0,0,0
2025-10-13 22:30:00,Vinh Tuy Bridge,Outbound,22,0,0,"Rain, Partially cloudy",25.7,1.7,95.06,10000.0,0,0
2025-10-12 03:00:00,Vinh Tuy Bridge,Inbound,3,0,0,Clear,26.0,0.0,94.23,5000.0,6,0
2025-10-12 03:00:00,Vinh Tuy Bridge,Outbound,3,0,0,Clear,26.0,0.0,94.23,5000.0,6,0
2025-10-12 07:10:00,Vinh Tuy Bridge,Inbound,7,17,0,Partially cloudy,25.7,0.0,95.68,4700.0,6,0
2025-10-12 07:10:00,Vinh Tuy Bridge,Outbound,7,20,0,Partially cloudy,25.7,0.0,95.68,4700.0,6,0
2025-10-12 07:30:00,Vinh Tuy Bridge,Inbound,7,24,0,Partially cloudy,25.7,0.0,95.68,4700.0,6,0
2025-10-12 07:30:00,Vinh Tuy Bridge,Outbound,7,27,0,Partially cloudy,25.7,0.0,95.68,4700.0,6,0
2025-10-12 10:00:00,Vinh Tuy Bridge,Inbound,10,34,0,Partially cloudy,30.1,0.0,72.47,10200.0,6,0
2025-10-12 10:00:00,Vinh Tuy Bridge,Outbound,10,44,0,Partially cloudy,30.1,0.0,72.47,10200.0,6,0
2025-10-12 12:00:00,Vinh Tuy Bridge,Inbound,12,43,0,Overcast,31.0,0.0,70.48,10000.0,6,0
2025-10-12 12:00:00,Vinh Tuy Bridge,Outbound,12,58,0,Overcast,31.0,0.0,70.48,10000.0,6,0
2025-10-12 15:00:00,Vinh Tuy Bridge,Inbound,15,66,0,Partially cloudy,33.0,0.1,59.27,10000.0,6,0
2025-10-12 15:00:00,Vinh Tuy Bridge,Outbound,15,87,0,Partially cloudy,33.0,0.1,59.27,10000.0,6,0
2025-10-12 16:00:00,Vinh Tuy Bridge,Inbound,16,92,1,Partially cloudy,32.0,0.2,63.74,10000.0,6,0
2025-10-12 16:00:00,Vinh Tuy Bridge,Outbound,16,115,0,Partially cloudy,32.0,0.2,63.74,10000.0,6,0
2025-10-12 17:10:00,Vinh Tuy Bridge,Inbound,17,96,1,Partially cloudy,32.0,0.0,62.71,10000.0,6,0
2025-10-12 17:10:00,Vinh Tuy Bridge,Outbound,17,149,1,Partially cloudy,32.0,0.0,62.71,10000.0,6,0
2025-10-12 20:00:00,Vinh Tuy Bridge,Inbound,20,24,0,Clear,29.0,0.0,74.47,10000.0,6,0
2025-10-12 20:00:00,Vinh Tuy Bridge,Outbound,20,62,0,Clear,29.0,0.0,74.47,10000.0,6,0
2025-10-12 22:30:00,Vinh Tuy Bridge,Inbound,22,0,0,Clear,28.1,0.0,83.9,10000.0,6,0
2025-10-12 22:30:00,Vinh Tuy Bridge,Outbound,22,0,0,Clear,28.1,0.0,83.9,10000.0,6,0
2025-10-11 03:00:00,Vinh Tuy Bridge,Inbound,3,0,0,Partially cloudy,26.0,0.0,94.23,7000.0,5,0
2025-10-11 03:00:00,Vinh Tuy Bridge,Outbound,3,0,0,Partially cloudy,26.0,0.0,94.23,7000.0,5,0
2025-10-11 07:10:00,Vinh Tuy Bridge,Inbound,7,48,0,Partially cloudy,25.1,0.1,94.93,8900.0,5,0
2025-10-11 07:10:00,Vinh Tuy Bridge,Outbound,7,51,0,Partially cloudy,25.1,0.1,94.93,8900.0,5,0
2025-10-11 07:30:00,Vinh Tuy Bridge,Inbound,7,75,0,Partially cloudy,25.1,0.1,94.93,8900.0,5,0
2025-10-11 07:30:00,Vinh Tuy Bridge,Outbound,7,73,0,Partially cloudy,25.1,0.1,94.93,8900.0,5,0
2025-10-11 10:00:00,Vinh Tuy Bridge,Inbound,10,134,1,Partially cloudy,25.8,0.0,92.28,8800.0,5,0
2025-10-11 10:00:00,Vinh Tuy Bridge,Outbound,10,120,0,Partially cloudy,25.8,0.0,92.28,8800.0,5,0
2025-10-11 12:00:00,Vinh Tuy Bridge,Inbound,12,148,1,Partially cloudy,29.0,0.1,79.06,6000.0,5,0
2025-10-11 12:00:00,Vinh Tuy Bridge,Outbound,12,127,0,Partially cloudy,29.0,0.1,79.06,6000.0,5,0
2025-10-11 15:00:00,Vinh Tuy Bridge,Inbound,15,174,1,Rain,29.0,1.1,79.06,7000.0,5,0
2025-10-11 15:00:00,Vinh Tuy Bridge,Outbound,15,145,0,Rain,29.0,1.1,79.06,7000.0,5,0
2025-10-11 16:00:00,Vinh Tuy Bridge,Inbound,16,219,1,"Rain, Partially cloudy",29.7,1.3,74.62,9000.0,5,0
2025-10-11 16:00:00,Vinh Tuy Bridge,Outbound,16,135,0,"Rain, Partially cloudy",29.7,1.3,74.62,9000.0,5,0
2025-10-11 17:10:00,Vinh Tuy Bridge,Inbound,17,250,1,Clear,29.0,0.0,79.06,7000.0,5,0
2025-10-11 17:10:00,Vinh Tuy Bridge,Outbound,17,172,1,Clear,29.0,0.0,79.06,7000.0,5,0
2025-10-11 20:00:00,Vinh Tuy Bridge,Inbound,20,55,0,Partially cloudy,28.0,0.0,83.79,9000.0,5,0
2025-10-11 20:00:00,Vinh Tuy Bridge,Outbound,20,68,0,Partially cloudy,28.0,0.0,83.79,9000.0,5,0
2025-10-11 22:30:00,Vinh Tuy Bridge,Inbound,22,0,0,Partially cloudy,27.7,0.0,89.06,9400.0,5,0
2025-10-11 22:30:00,Vinh Tuy Bridge,Outbound,22,0,0,Partially cloudy,27.7,0.0,89.06,9400.0,5,0
2025-10-10 03:00:00,Vinh Tuy Bridge,Inbound,3,0,0,Clear,26.0,0.0,94.23,5000.0,4,0
2025-10-10 03:00:00,Vinh Tuy Bridge,Outbound,3,0,0,Clear,26.0,0.0,94.23,5000.0,4,0
2025-10-10 07:10:00,Vinh Tuy Bridge,Inbound,7,46,0,Partially cloudy,25.7,0.0,92.55,4600.0,4,0
2025-10-10 07:10:00,Vinh Tuy Bridge,Outbound,7,67,0,Partially cloudy,25.7,0.0,92.55,4600.0,4,0
2025-10-10 07:30:00,Vinh Tuy Bridge,Inbound,7,68,0,Partially cloudy,25.7,0.0,92.55,4600.0,4,0
2025-10-10 07:30:00,Vinh Tuy Bridge,Outbound,7,94,0,Partially cloudy,25.7,0.0,92.55,4600.0,4,0
2025-10-10 10:00:00,Vinh Tuy Bridge,Inbound,10,49,0,Partially cloudy,29.4,0.0,71.74,10200.0,4,0
2025-10-10 10:00:00,Vinh Tuy Bridge,Outbound,10,55,0,Partially cloudy,29.4,0.0,71.74,10200.0,4,0
2025-10-10 12:00:00,Vinh Tuy Bridge,Inbound,12,55,0,Partially cloudy,32.0,0.0,59.04,10000.0,4,0
2025-10-10 12:00:00,Vinh Tuy Bridge,Outbound,12,51,0,Partially cloudy,32.0,0.0,59.04,10000.0,4,0
2025-10-10 15:00:00,Vinh Tuy Bridge,Inbound,15,80,0,Partially cloudy,32.0,0.0,59.04,10000.0,4,0
2025-10-10 15:00:00,Vinh Tuy Bridge,Outbound,15,73,0,Partially cloudy,32.0,0.0,59.04,10000.0,4,0
2025-10-10 16:00:00,Vinh Tuy Bridge,Inbound,16,140,1,Partially cloudy,32.7,0.0,56.28,10200.0,4,0
2025-10-10 16:00:00,Vinh Tuy Bridge,Outbound,16,137,0,Partially cloudy,32.7,0.0,56.28,10200.0,4,0
2025-10-10 17:10:00,Vinh Tuy Bridge,Inbound,17,255,1,Clear,32.0,0.0,59.04,10000.0,4,0
2025-10-10 17:10:00,Vinh Tuy Bridge,Outbound,17,220,1,Clear,32.0,0.0,59.04,10000.0,4,0
2025-10-10 20:00:00,Vinh Tuy Bridge,Inbound,20,77,0,Clear,28.0,0.0,78.92,10000.0,4,0
2025-10-10 20:00:00,Vinh Tuy Bridge,Outbound,20,67,0,Clear,28.0,0.0,78.92,10000.0,4,0
2025-10-10 22:30:00,Vinh Tuy Bridge,Inbound,22,0,0,Partially cloudy,31.2,0.0,62.66,9900.0,4,0
2025-10-10 22:30:00,Vinh Tuy Bridge,Outbound,22,0,0,Partially cloudy,31.2,0.0,62.66,9900.0,4,0
2025-10-09 03:00:00,Vinh Tuy Bridge,Inbound,3,0,0,Clear,24.0,0.0,94.15,10000.0,3,0
2025-10-09 03:00:00,Vinh Tuy Bridge,Outbound,3,0,0,Clear,24.0,0.0,94.15,10000.0,3,0
2025-10-09 07:10:00,Vinh Tuy Bridge,Inbound,7,63,0,Partially cloudy,24.7,0.0,96.09,4800.0,3,0
2025-10-09 07:10:00,Vinh Tuy Bridge,Outbound,7,140,0,Partially cloudy,24.7,0.0,96.09,4800.0,3,0
2025-10-09 07:30:00,Vinh Tuy Bridge,Inbound,7,97,1,Partially cloudy,24.7,0.0,96.09,4800.0,3,0
2025-10-09 07:30:00,Vinh Tuy Bridge,Outbound,7,180,1,Partially cloudy,24.7,0.0,96.09,4800.0,3,0
2025-10-09 10:00:00,Vinh Tuy Bridge,Inbound,10,46,0,Partially cloudy,29.4,0.0,76.15,10200.0,3,0
2025-10-09 10:00:00,Vinh Tuy Bridge,Outbound,10,55,0,Partially cloudy,29.4,0.0,76.15,10200.0,3,0
2025-10-09 12:00:00,Vinh Tuy Bridge,Inbound,12,36,0,Partially cloudy,32.0,0.1,62.71,10000.0,3,0
2025-10-09 12:00:00,Vinh Tuy Bridge,Outbound,12,48,0,Partially cloudy,32.0,0.1,62.71,10000.0,3,0
2025-10-09 15:00:00,Vinh Tuy Bridge,Inbound,15,46,0,Partially cloudy,32.0,0.1,59.04,10000.0,3,0
2025-10-09 15:00:00,Vinh Tuy Bridge,Outbound,15,61,0,Partially cloudy,32.0,0.1,59.04,10000.0,3,0
2025-10-09 16:00:00,Vinh Tuy Bridge,Inbound,16,74,0,Partially cloudy,31.7,0.1,59.17,10200.0,3,0
2025-10-09 16:00:00,Vinh Tuy Bridge,Outbound,16,88,0,Partially cloudy,31.7,0.1,59.17,10200.0,3,0
2025-10-09 17:10:00,Vinh Tuy Bridge,Inbound,17,131,1,Clear,32.0,0.0,59.04,10000.0,3,0
2025-10-09 17:10:00,Vinh Tuy Bridge,Outbound,17,154,1,Clear,32.0,0.0,59.04,10000.0,3,0
2025-10-09 20:00:00,Vinh Tuy Bridge,Inbound,20,26,0,Clear,28.0,0.0,83.79,10000.0,3,0
2025-10-09 20:00:00,Vinh Tuy Bridge,Outbound,20,52,0,Clear,28.0,0.0,83.79,10000.0,3,0
2025-10-09 22:30:00,Vinh Tuy Bridge,Inbound,22,0,0,Clear,27.3,0.0,85.02,10000.0,3,0
2025-10-09 22:30:00,Vinh Tuy Bridge,Outbound,22,0,0,Clear,27.3,0.0,85.02,10000.0,3,0
2025-10-08 03:00:00,Vinh Tuy Bridge,Inbound,3,0,0,"Rain, Overcast",24.0,0.5,100.0,6000.0,2,0
2025-10-08 03:00:00,Vinh Tuy Bridge,Outbound,3,0,0,"Rain, Overcast",24.0,0.5,100.0,6000.0,2,0
2025-10-08 07:10:00,Vinh Tuy Bridge,Inbound,7,66,0,Partially cloudy,24.7,0.0,96.41,10100.0,2,0
2025-10-08 07:10:00,Vinh Tuy Bridge,Outbound,7,157,1,Partially cloudy,24.7,0.0,96.41,10100.0,2,0
2025-10-08 07:30:00,Vinh Tuy Bridge,Inbound,7,96,1,Partially cloudy,24.7,0.0,96.41,10100.0,2,0
2025-10-08 07:30:00,Vinh Tuy Bridge,Outbound,7,200,1,Partially cloudy,24.7,0.0,96.41,10100.0,2,0
2025-10-08 10:00:00,Vinh Tuy Bridge,Inbound,10,52,0,Overcast,27.7,0.0,79.84,10200.0,2,0
2025-10-08 10:00:00,Vinh Tuy Bridge,Outbound,10,57,0,Overcast,27.7,0.0,79.84,10200.0,2,0
2025-10-08 12:00:00,Vinh Tuy Bridge,Inbound,12,45,0,Overcast,29.0,0.0,79.06,10000.0,2,0
2025-10-08 12:00:00,Vinh Tuy Bridge,Outbound,12,51,0,Overcast,29.0,0.0,79.06,10000.0,2,0
2025-10-08 15:00:00,Vinh Tuy Bridge,Inbound,15,54,0,Clear,31.0,0.1,66.38,10000.0,2,0
2025-10-08 15:00:00,Vinh Tuy Bridge,Outbound,15,68,0,Clear,31.0,0.1,66.38,10000.0,2,0
2025-10-08 16:00:00,Vinh Tuy Bridge,Inbound,16,82,0,Partially cloudy,30.4,0.0,69.25,10200.0,2,0
2025-10-08 16:00:00,Vinh Tuy Bridge,Outbound,16,104,0,Partially cloudy,30.4,0.0,69.25,10200.0,2,0
2025-10-08 17:10:00,Vinh Tuy Bridge,Inbound,17,138,1,Clear,30.0,0.0,66.18,10000.0,2,0
2025-10-08 17:10:00,Vinh Tuy Bridge,Outbound,17,156,1,Clear,30.0,0.0,66.18,10000.0,2,0
2025-10-08 20:00:00,Vinh Tuy Bridge,Inbound,20,30,0,Clear,26.0,0.0,94.23,10000.0,2,0
2025-10-08 20:00:00,Vinh Tuy Bridge,Outbound,20,41,0,Clear,26.0,0.0,94.23,10000.0,2,0
2025-10-08 22:30:00,Vinh Tuy Bridge,Inbound,22,0,0,Clear,25.1,0.1,93.72,10000.0,2,0
2025-10-08 22:30:00,Vinh Tuy Bridge,Outbound,22,0,0,Clear,25.1,0.1,93.72,10000.0,2,0
2025-10-07 03:00:00,Vinh Tuy Bridge,Inbound,3,0,0,"Rain, Overcast",25.0,1.8,100.0,8000.0,1,0
2025-10-07 03:00:00,Vinh Tuy Bridge,Outbound,3,0,0,"Rain, Overcast",25.0,1.8,100.0,8000.0,1,0
2025-10-07 07:10:00,Vinh Tuy Bridge,Inbound,7,68,0,"Rain, Overcast",24.5,0.7,94.15,3100.0,1,0
2025-10-07 07:10:00,Vinh Tuy Bridge,Outbound,7,155,1,"Rain, Overcast",24.5,0.7,94.15,3100.0,1,0
2025-10-07 07:30:00,Vinh Tuy Bridge,Inbound,7,94,1,"Rain, Overcast",24.5,0.7,94.15,3100.0,1,0
2025-10-07 07:30:00,Vinh Tuy Bridge,Outbound,7,204,1,"Rain, Overcast",24.5,0.7,94.15,3100.0,1,0
2025-10-07 10:00:00,Vinh Tuy Bridge,Inbound,10,61,0,"Rain, Overcast",26.4,2.0,96.89,9400.0,1,0
2025-10-07 10:00:00,Vinh Tuy Bridge,Outbound,10,53,0,"Rain, Overcast",26.4,2.0,96.89,9400.0,1,0
2025-10-07 12:00:00,Vinh Tuy Bridge,Inbound,12,57,0,"Rain, Overcast",26.0,1.3,88.76,7000.0,1,0
2025-10-07 12:00:00,Vinh Tuy Bridge,Outbound,12,45,0,"Rain, Overcast",26.0,1.3,88.76,7000.0,1,0
2025-10-07 15:00:00,Vinh Tuy Bridge,Inbound,15,67,0,"Rain, Overcast",24.0,0.3,94.15,10000.0,1,0
2025-10-07 15:00:00,Vinh Tuy Bridge,Outbound,15,56,0,"Rain, Overcast",24.0,0.3,94.15,10000.0,1,0
2025-10-07 16:00:00,Vinh Tuy Bridge,Inbound,16,96,1,Overcast,25.9,0.1,93.54,10000.0,1,0
2025-10-07 16:00:00,Vinh Tuy Bridge,Outbound,16,79,0,Overcast,25.9,0.1,93.54,10000.0,1,0
2025-10-07 17:10:00,Vinh Tuy Bridge,Inbound,17,155,1,Overcast,24.0,0.1,94.15,10000.0,1,0
2025-10-07 17:10:00,Vinh Tuy Bridge,Outbound,17,130,0,Overcast,24.0,0.1,94.15,10000.0,1,0
2025-10-07 20:00:00,Vinh Tuy Bridge,Inbound,20,35,0,Partially cloudy,25.0,0.0,88.68,10000.0,1,0
2025-10-07 20:00:00,Vinh Tuy Bridge,Outbound,20,47,0,Partially cloudy,25.0,0.0,88.68,10000.0,1,0
2025-10-07 22:30:00,Vinh Tuy Bridge,Inbound,22,0,0,Overcast,24.5,0.2,97.88,10000.0,1,0
2025-10-07 22:30:00,Vinh Tuy Bridge,Outbound,22,0,0,Overcast,24.5,0.2,97.88,10000.0,1,0
2025-10-06 03:00:00,Vinh Tuy Bridge,Inbound,3,0,0,Rain,28.0,0.4,88.92,10000.0,0,0
2025-10-06 03:00:00,Vinh Tuy Bridge,Outbound,3,0,0,Rain,28.0,0.4,88.92,10000.0,0,0
2025-10-06 07:10:00,Vinh Tuy Bridge,Inbound,7,139,1,"Rain, Partially cloudy",28.7,1.5,86.22,9200.0,0,0
2025-10-06 07:10:00,Vinh Tuy Bridge,Outbound,7,275,1,"Rain, Partially cloudy",28.7,1.5,86.22,9200.0,0,0
2025-10-06 07:30:00,Vinh Tuy Bridge,Inbound,7,178,1,"Rain, Partially cloudy",28.7,1.5,86.22,9200.0,0,0
2025-10-06 07:30:00,Vinh Tuy Bridge,Outbound,7,373,1,"Rain, Partially cloudy",28.7,1.5,86.22,9200.0,0,0
2025-10-06 10:00:00,Vinh Tuy Bridge,Inbound,10,45,0,"Rain, Overcast",29.1,2.3,78.15,9100.0,0,0
2025-10-06 10:00:00,Vinh Tuy Bridge,Outbound,10,72,0,"Rain, Overcast",29.1,2.3,78.15,9100.0,0,0
2025-10-06 12:00:00,Vinh Tuy Bridge,Inbound,12,33,0,"Rain, Overcast",25.0,1.7,94.19,3000.0,0,0
2025-10-06 12:00:00,Vinh Tuy Bridge,Outbound,12,56,0,"Rain, Overcast",25.0,1.7,94.19,3000.0,0,0
2025-10-06 15:00:00,Vinh Tuy Bridge,Inbound,15,46,0,Rain,25.0,1.1,94.19,10000.0,0,0
2025-10-06 15:00:00,Vinh Tuy Bridge,Outbound,15,75,0,Rain,25.0,1.1,94.19,10000.0,0,0
2025-10-06 16:00:00,Vinh Tuy Bridge,Inbound,16,76,0,"Rain, Partially cloudy",25.5,1.1,92.21,10000.0,0,0
2025-10-06 16:00:00,Vinh Tuy Bridge,Outbound,16,108,0,"Rain, Partially cloudy",25.5,1.1,92.21,10000.0,0,0
2025-10-06 17:10:00,Vinh Tuy Bridge,Inbound,17,132,1,"Rain, Overcast",25.0,1.3,94.19,10000.0,0,0
2025-10-06 17:10:00,Vinh Tuy Bridge,Outbound,17,165,1,"Rain, Overcast",25.0,1.3,94.19,10000.0,0,0
2025-10-06 20:00:00,Vinh Tuy Bridge,Inbound,20,23,0,"Rain, Overcast",25.0,4.0,94.19,10000.0,0,0
2025-10-06 20:00:00,Vinh Tuy Bridge,Outbound,20,59,0,"Rain, Overcast",25.0,4.0,94.19,10000.0,0,0
2025-10-06 22:30:00,Vinh Tuy Bridge,Inbound,22,0,0,"Rain, Partially cloudy",25.4,1.7,92.25,10000.0,0,0
2025-10-06 22:30:00,Vinh Tuy Bridge,Outbound,22,0,0,"Rain, Partially cloudy",25.4,1.7,92.25,10000.0,0,0
2025-10-05 03:00:00,Vinh Tuy Bridge,Inbound,3,0,0,Clear,26.0,0.0,94.23,6000.0,6,0
2025-10-05 03:00:00,Vinh Tuy Bridge,Outbound,3,0,0,Clear,26.0,0.0,94.23,6000.0,6,0
2025-10-05 07:10:00,Vinh Tuy Bridge,Inbound,7,17,0,Partially cloudy,26.8,0.0,94.96,9100.0,6,0
2025-10-05 07:10:00,Vinh Tuy Bridge,Outbound,7,20,0,Partially cloudy,26.8,0.0,94.96,9100.0,6,0
2025-10-05 07:30:00,Vinh Tuy Bridge,Inbound,7,24,0,Partially cloudy,26.8,0.0,94.96,9100.0,6,0
2025-10-05 07:30:00,Vinh Tuy Bridge,Outbound,7,27,0,Partially cloudy,26.8,0.0,94.96,9100.0,6,0
2025-10-05 10:00:00,Vinh Tuy Bridge,Inbound,10,34,0,Partially cloudy,31.7,0.0,71.35,10200.0,6,0
2025-10-05 10:00:00,Vinh Tuy Bridge,Outbound,10,44,0,Partially cloudy,31.7,0.0,71.35,10200.0,6,0
2025-10-05 12:00:00,Vinh Tuy Bridge,Inbound,12,43,0,Overcast,34.1,0.0,60.95,10000.0,6,0
2025-10-05 12:00:00,Vinh Tuy Bridge,Outbound,12,58,0,Overcast,34.1,0.0,60.95,10000.0,6,0
2025-10-05 15:00:00,Vinh Tuy Bridge,Inbound,15,66,0,Clear,35.0,0.0,56.28,10000.0,6,0
2025-10-05 15:00:00,Vinh Tuy Bridge,Outbound,15,87,0,Clear,35.0,0.0,56.28,10000.0,6,0
2025-10-05 16:00:00,Vinh Tuy Bridge,Inbound,16,92,1,Partially cloudy,34.4,0.0,58.46,10200.0,6,0
2025-10-05 16:00:00,Vinh Tuy Bridge,Outbound,16,115,0,Partially cloudy,34.4,0.0,58.46,10200.0,6,0
2025-10-05 17:10:00,Vinh Tuy Bridge,Inbound,17,96,1,Clear,33.0,0.0,66.78,10000.0,6,0
2025-10-05 17:10:00,Vinh Tuy Bridge,Outbound,17,149,1,Clear,33.0,0.0,66.78,10000.0,6,0
2025-10-05 20:00:00,Vinh Tuy Bridge,Inbound,20,24,0,Clear,31.0,0.0,79.33,8000.0,6,0
2025-10-05 20:00:00,Vinh Tuy Bridge,Outbound,20,62,0,Clear,31.0,0.0,79.33,8000.0,6,0
2025-10-05 22:30:00,Vinh Tuy Bridge,Inbound,22,0,0,Clear,29.4,0.0,84.18,9100.0,6,0
2025-10-05 22:30:00,Vinh Tuy Bridge,Outbound,22,0,0,Clear,29.4,0.0,84.18,9100.0,6,0
2025-10-04 03:00:00,Vinh Tuy Bridge,Inbound,3,0,0,Overcast,26.0,0.0,94.23,7000.0,5,0
2025-10-04 03:00:00,Vinh Tuy Bridge,Outbound,3,0,0,Overcast,26.0,0.0,94.23,7000.0,5,0
2025-10-04 07:10:00,Vinh Tuy Bridge,Inbound,7,48,0,Partially cloudy,26.8,0.0,91.48,9800.0,5,0
2025-10-04 07:10:00,Vinh Tuy Bridge,Outbound,7,51,0,Partially cloudy,26.8,0.0,91.48,9800.0,5,0
2025-10-04 07:30:00,Vinh Tuy Bridge,Inbound,7,75,0,Partially cloudy,26.8,0.0,91.48,9800.0,5,0
2025-10-04 07:30:00,Vinh Tuy Bridge,Outbound,7,73,0,Partially cloudy,26.8,0.0,91.48,9800.0,5,0
2025-10-04 10:00:00,Vinh Tuy Bridge,Inbound,10,134,1,Partially cloudy,30.8,0.0,68.93,10200.0,5,0
2025-10-04 10:00:00,Vinh Tuy Bridge,Outbound,10,120,0,Partially cloudy,30.8,0.0,68.93,10200.0,5,0
2025-10-04 12:00:00,Vinh Tuy Bridge,Inbound,12,148,1,Clear,32.0,0.0,66.58,10000.0,5,0
2025-10-04 12:00:00,Vinh Tuy Bridge,Outbound,12,127,0,Clear,32.0,0.0,66.58,10000.0,5,0
2025-10-04 15:00:00,Vinh Tuy Bridge,Inbound,15,174,1,Partially cloudy,32.0,0.0,66.58,10000.0,5,0
2025-10-04 15:00:00,Vinh Tuy Bridge,Outbound,15,145,0,Partially cloudy,32.0,0.0,66.58,10000.0,5,0
2025-10-04 16:00:00,Vinh Tuy Bridge,Inbound,16,219,1,Partially cloudy,33.0,0.0,56.56,10200.0,5,0
2025-10-04 16:00:00,Vinh Tuy Bridge,Outbound,16,193,1,Partially cloudy,33.0,0.0,56.56,10200.0,5,0
2025-10-04 17:10:00,Vinh Tuy Bridge,Inbound,17,250,1,Clear,32.0,0.0,62.71,10000.0,5,0
2025-10-04 17:10:00,Vinh Tuy Bridge,Outbound,17,232,1,Clear,32.0,0.0,62.71,10000.0,5,0
2025-10-04 20:00:00,Vinh Tuy Bridge,Inbound,20,55,0,Clear,29.0,0.0,79.06,10000.0,5,0
2025-10-04 20:00:00,Vinh Tuy Bridge,Outbound,20,68,0,Clear,29.0,0.0,79.06,10000.0,5,0
2025-10-04 22:30:00,Vinh Tuy Bridge,Inbound,22,0,0,Partially cloudy,28.0,0.0,87.5,9700.0,5,0
2025-10-04 22:30:00,Vinh Tuy Bridge,Outbound,22,0,0,Partially cloudy,28.0,0.0,87.5,9700.0,5,0
2025-10-03 03:00:00,Vinh Tuy Bridge,Inbound,3,0,0,Clear,25.0,0.0,94.19,8000.0,4,0
2025-10-03 03:00:00,Vinh Tuy Bridge,Outbound,3,0,0,Clear,25.0,0.0,94.19,8000.0,4,0
2025-10-03 07:10:00,Vinh Tuy Bridge,Inbound,7,46,0,Clear,26.1,0.0,93.77,15500.0,4,0
2025-10-03 07:10:00,Vinh Tuy Bridge,Outbound,7,67,0,Clear,26.1,0.0,93.77,15500.0,4,0
2025-10-03 07:30:00,Vinh Tuy Bridge,Inbound,7,68,0,Clear,26.1,0.0,93.77,15500.0,4,0
2025-10-03 07:30:00,Vinh Tuy Bridge,Outbound,7,94,0,Clear,26.1,0.0,93.77,15500.0,4,0
2025-10-03 10:00:00,Vinh Tuy Bridge,Inbound,10,49,0,Partially cloudy,30.4,0.0,69.19,16900.0,4,0
2025-10-03 10:00:00,Vinh Tuy Bridge,Outbound,10,55,0,Partially cloudy,30.4,0.0,69.19,16900.0,4,0
2025-10-03 12:00:00,Vinh Tuy Bridge,Inbound,12,55,0,Partially cloudy,32.0,0.0,62.71,10000.0,4,0
2025-10-03 12:00:00,Vinh Tuy Bridge,Outbound,12,51,0,Partially cloudy,32.0,0.0,62.71,10000.0,4,0
2025-10-03 15:00:00,Vinh Tuy Bridge,Inbound,15,80,0,Partially cloudy,33.0,0.0,55.81,10000.0,4,0
2025-10-03 15:00:00,Vinh Tuy Bridge,Outbound,15,73,0,Partially cloudy,33.0,0.0,55.81,10000.0,4,0
2025-10-03 16:00:00,Vinh Tuy Bridge,Inbound,16,140,1,Partially cloudy,33.3,0.0,56.21,10000.0,4,0
2025-10-03 16:00:00,Vinh Tuy Bridge,Outbound,16,137,0,Partially cloudy,33.3,0.0,56.21,10000.0,4,0
2025-10-03 17:10:00,Vinh Tuy Bridge,Inbound,17,255,1,Clear,32.0,0.0,59.04,10000.0,4,0
2025-10-03 17:10:00,Vinh Tuy Bridge,Outbound,17,273,1,Clear,32.0,0.0,59.04,10000.0,4,0
2025-10-03 20:00:00,Vinh Tuy Bridge,Inbound,20,77,0,Clear,29.0,0.0,79.06,10000.0,4,0
2025-10-03 20:00:00,Vinh Tuy Bridge,Outbound,20,67,0,Clear,29.0,0.0,79.06,10000.0,4,0
2025-10-03 22:30:00,Vinh Tuy Bridge,Inbound,22,0,0,Clear,28.0,0.0,84.19,10000.0,4,0
2025-10-03 22:30:00,Vinh Tuy Bridge,Outbound,22,0,0,Clear,28.0,0.0,84.19,10000.0,4,0
2025-10-02 03:00:00,Vinh Tuy Bridge,Inbound,3,0,0,Clear,25.0,0.0,100.0,5000.0,3,0
2025-10-02 03:00:00,Vinh Tuy Bridge,Outbound,3,0,0,Clear,25.0,0.0,100.0,5000.0,3,0
2025-10-02 07:10:00,Vinh Tuy Bridge,Inbound,7,63,0,Partially cloudy,25.8,0.0,95.02,8600.0,3,0
2025-10-02 07:10:00,Vinh Tuy Bridge,Outbound,7,140,0,Partially cloudy,25.8,0.0,95.02,8600.0,3,0
2025-10-02 07:30:00,Vinh Tuy Bridge,Inbound,7,97,1,Partially cloudy,25.8,0.0,95.02,8600.0,3,0
2025-10-02 07:30:00,Vinh Tuy Bridge,Outbound,7,180,1,Partially cloudy,25.8,0.0,95.02,8600.0,3,0
2025-10-02 10:00:00,Vinh Tuy Bridge,Inbound,10,46,0,Partially cloudy,30.1,0.0,73.07,16900.0,3,0
2025-10-02 10:00:00,Vinh Tuy Bridge,Outbound,10,55,0,Partially cloudy,30.1,0.0,73.07,16900.0,3,0
2025-10-02 12:00:00,Vinh Tuy Bridge,Outbound,12,48,0,Partially cloudy,32.0,0.1,59.04,10000.0,3,0
2025-10-02 15:00:00,Vinh Tuy Bridge,Inbound,15,46,0,Partially cloudy,33.0,0.0,59.27,10000.0,3,0
2025-10-02 15:00:00,Vinh Tuy Bridge,Outbound,15,61,0,Partially cloudy,33.0,0.0,59.27,10000.0,3,0
2025-10-02 16:00:00,Vinh Tuy Bridge,Inbound,16,74,0,Partially cloudy,32.7,0.0,59.75,16900.0,3,0
2025-10-02 16:00:00,Vinh Tuy Bridge,Outbound,16,88,0,Partially cloudy,32.7,0.0,59.75,16900.0,3,0
2025-10-02 17:10:00,Vinh Tuy Bridge,Inbound,17,131,1,Partially cloudy,32.0,0.0,66.58,10000.0,3,0
2025-10-02 17:10:00,Vinh Tuy Bridge,Outbound,17,154,1,Partially cloudy,32.0,0.0,66.58,10000.0,3,0
2025-10-02 20:00:00,Vinh Tuy Bridge,Inbound,20,26,0,Clear,29.0,0.0,79.06,10000.0,3,0
2025-10-02 20:00:00,Vinh Tuy Bridge,Outbound,20,52,0,Clear,29.0,0.0,79.06,10000.0,3,0
2025-10-02 22:30:00,Vinh Tuy Bridge,Inbound,22,0,0,Clear,28.0,0.0,84.83,10000.0,3,0
2025-10-02 22:30:00,Vinh Tuy Bridge,Outbound,22,0,0,Clear,28.0,0.0,84.83,10000.0,3,0
2025-10-01 03:00:00,Vinh Tuy Bridge,Inbound,3,0,0,"Rain, Overcast",24.0,2.1,100.0,5000.0,2,0
2025-10-01 03:00:00,Vinh Tuy Bridge,Outbound,3,0,0,"Rain, Overcast",24.0,2.1,100.0,5000.0,2,0
2025-10-01 07:10:00,Vinh Tuy Bridge,Inbound,7,66,0,"Rain, Partially cloudy",26.1,0.3,95.2,8300.0,2,0
2025-10-01 07:10:00,Vinh Tuy Bridge,Outbound,7,157,1,"Rain, Partially cloudy",26.1,0.3,95.2,8300.0,2,0
2025-10-01 07:30:00,Vinh Tuy Bridge,Inbound,7,96,1,"Rain, Partially cloudy",26.1,0.3,95.2,8300.0,2,0
2025-10-01 07:30:00,Vinh Tuy Bridge,Outbound,7,200,1,"Rain, Partially cloudy",26.1,0.3,95.2,8300.0,2,0
2025-10-01 10:00:00,Vinh Tuy Bridge,Inbound,10,52,0,Partially cloudy,28.8,0.1,82.91,5800.0,2,0
2025-10-01 10:00:00,Vinh Tuy Bridge,Outbound,10,57,0,Partially cloudy,28.8,0.1,82.91,5800.0,2,0
2025-10-01 12:00:00,Vinh Tuy Bridge,Inbound,12,45,0,Partially cloudy,27.0,0.1,100.0,6000.0,2,0
2025-10-01 12:00:00,Vinh Tuy Bridge,Outbound,12,51,0,Partially cloudy,27.0,0.1,100.0,6000.0,2,0
2025-10-01 15:00:00,Vinh Tuy Bridge,Inbound,15,54,0,Clear,29.0,0.1,79.06,10000.0,2,0
2025-10-01 15:00:00,Vinh Tuy Bridge,Outbound,15,68,0,Clear,29.0,0.1,79.06,10000.0,2,0
2025-10-01 16:00:00,Vinh Tuy Bridge,Inbound,16,82,0,Partially cloudy,29.1,0.0,79.55,10200.0,2,0
2025-10-01 16:00:00,Vinh Tuy Bridge,Outbound,16,104,0,Partially cloudy,29.1,0.0,79.55,10200.0,2,0
2025-10-01 17:10:00,Vinh Tuy Bridge,Inbound,17,138,1,Clear,29.0,0.2,79.06,10000.0,2,0
2025-10-01 17:10:00,Vinh Tuy Bridge,Outbound,17,156,1,Clear,29.0,0.2,79.06,10000.0,2,0
2025-10-01 20:00:00,Vinh Tuy Bridge,Inbound,20,30,0,Partially cloudy,27.0,0.0,94.27,10000.0,2,0
2025-10-01 20:00:00,Vinh Tuy Bridge,Outbound,20,41,0,Partially cloudy,27.0,0.0,94.27,10000.0,2,0
2025-10-01 22:30:00,Vinh Tuy Bridge,Inbound,22,0,0,Partially cloudy,26.8,0.2,94.22,9400.0,2,0
2025-10-01 22:30:00,Vinh Tuy Bridge,Outbound,22,0,0,Partially cloudy,26.8,0.2,94.22,9400.0,2,0
2025-09-30 03:00:00,Vinh Tuy Bridge,Inbound,3,0,0,"Rain, Overcast",27.0,9.9,94.27,10000.0,1,0
2025-09-30 03:00:00,Vinh Tuy Bridge,Outbound,3,0,0,"Rain, Overcast",27.0,9.9,94.27,10000.0,1,0
2025-09-30 07:10:00,Vinh Tuy Bridge,Inbound,7,68,0,"Rain, Overcast",24.8,7.8,95.9,4000.0,1,0
2025-09-30 07:10:00,Vinh Tuy Bridge,Outbound,7,155,1,"Rain, Overcast",24.8,7.8,95.9,4000.0,1,0
2025-09-30 07:30:00,Vinh Tuy Bridge,Inbound,7,94,1,"Rain, Overcast",24.8,7.8,95.9,4000.0,1,0
2025-09-30 07:30:00,Vinh Tuy Bridge,Outbound,7,204,1,"Rain, Overcast",24.8,7.8,95.9,4000.0,1,0
2025-09-30 10:00:00,Vinh Tuy Bridge,Inbound,10,61,0,"Rain, Overcast",25.2,1.6,97.96,7800.0,1,0
2025-09-30 10:00:00,Vinh Tuy Bridge,Outbound,10,53,0,"Rain, Overcast",25.2,1.6,97.96,7800.0,1,0
2025-09-30 12:00:00,Vinh Tuy Bridge,Inbound,12,57,0,"Rain, Overcast",24.0,0.4,100.0,4000.0,1,0
2025-09-30 12:00:00,Vinh Tuy Bridge,Outbound,12,45,0,"Rain, Overcast",24.0,0.4,100.0,4000.0,1,0
2025-10-02 12:00:00,Vinh Tuy Bridge,Inbound,12,36,0,Partially cloudy,32.0,0.1,59.04,10000.0,3,0
2025-09-30 15:00:00,Vinh Tuy Bridge,Inbound,15,67,0,"Rain, Overcast",27.5,1.6,88.87,10000.0,1,0
2025-09-30 15:00:00,Vinh Tuy Bridge,Outbound,15,56,0,"Rain, Overcast",27.5,1.6,88.87,10000.0,1,0
2025-09-30 16:00:00,Vinh Tuy Bridge,Inbound,16,96,1,"Rain, Overcast",24.2,0.4,97.62,4700.0,1,0
2025-09-30 16:00:00,Vinh Tuy Bridge,Outbound,16,79,0,"Rain, Overcast",24.2,0.4,97.62,4700.0,1,0
2025-09-30 17:10:00,Vinh Tuy Bridge,Outbound,17,130,0,"Rain, Overcast",24.0,2.6,94.15,5000.0,1,0
2025-09-30 20:00:00,Vinh Tuy Bridge,Inbound,20,35,0,"Rain, Overcast",24.0,1.3,100.0,10000.0,1,0
2025-09-30 20:00:00,Vinh Tuy Bridge,Outbound,20,47,0,"Rain, Overcast",24.0,1.3,100.0,10000.0,1,0
2025-09-30 22:30:00,Vinh Tuy Bridge,Inbound,22,0,0,Overcast,24.8,0.2,97.52,10000.0,1,0
2025-09-30 22:30:00,Vinh Tuy Bridge,Outbound,22,0,0,Overcast,24.8,0.2,97.52,10000.0,1,0
2025-09-29 03:00:00,Vinh Tuy Bridge,Inbound,3,0,0,"Rain, Partially cloudy",26.0,2.5,83.57,10000.0,0,0
2025-09-29 03:00:00,Vinh Tuy Bridge,Outbound,3,0,0,"Rain, Partially cloudy",26.0,2.5,83.57,10000.0,0,0
2025-09-29 07:10:00,Vinh Tuy Bridge,Inbound,7,139,1,"Rain, Overcast",25.4,3.2,89.84,6300.0,0,0
2025-09-29 07:10:00,Vinh Tuy Bridge,Outbound,7,275,1,"Rain, Overcast",25.4,3.2,89.84,6300.0,0,0
2025-09-29 07:30:00,Vinh Tuy Bridge,Inbound,7,178,1,"Rain, Overcast",25.4,3.2,89.84,6300.0,0,0
2025-09-29 07:30:00,Vinh Tuy Bridge,Outbound,7,373,1,"Rain, Overcast",25.4,3.2,89.84,6300.0,0,0
2025-09-29 10:00:00,Vinh Tuy Bridge,Inbound,10,45,0,"Rain, Overcast",25.8,2.7,92.45,9400.0,0,0
2025-09-29 10:00:00,Vinh Tuy Bridge,Outbound,10,72,0,"Rain, Overcast",25.8,2.7,92.45,9400.0,0,0
2025-09-29 12:00:00,Vinh Tuy Bridge,Inbound,12,33,0,"Rain, Overcast",25.0,7.9,100.0,3000.0,0,0
2025-09-29 12:00:00,Vinh Tuy Bridge,Outbound,12,56,0,"Rain, Overcast",25.0,7.9,100.0,3000.0,0,0
2025-09-29 15:00:00,Vinh Tuy Bridge,Inbound,15,46,0,"Rain, Overcast",26.5,6.7,91.49,10000.0,0,0
2025-09-29 15:00:00,Vinh Tuy Bridge,Outbound,15,75,0,"Rain, Overcast",26.5,6.7,91.49,10000.0,0,0
2025-09-29 16:00:00,Vinh Tuy Bridge,Inbound,16,76,0,"Rain, Overcast",27.1,6.1,91.36,10000.0,0,0
2025-09-29 16:00:00,Vinh Tuy Bridge,Outbound,16,108,0,"Rain, Overcast",27.1,6.1,91.36,10000.0,0,0
2025-09-29 17:10:00,Vinh Tuy Bridge,Inbound,17,132,1,"Rain, Overcast",27.0,6.4,88.84,10000.0,0,0
2025-09-29 17:10:00,Vinh Tuy Bridge,Outbound,17,165,1,"Rain, Overcast",27.0,6.4,88.84,10000.0,0,0
2025-09-29 20:00:00,Vinh Tuy Bridge,Inbound,20,23,0,"Rain, Overcast",27.0,2.3,88.84,10000.0,0,0
2025-09-29 20:00:00,Vinh Tuy Bridge,Outbound,20,59,0,"Rain, Overcast",27.0,2.3,88.84,10000.0,0,0
2025-09-29 22:30:00,Vinh Tuy Bridge,Inbound,22,0,0,"Rain, Overcast",26.7,5.3,96.38,10000.0,0,0
2025-09-29 22:30:00,Vinh Tuy Bridge,Outbound,22,0,0,"Rain, Overcast",26.7,5.3,96.38,10000.0,0,0
2025-09-28 03:00:00,Vinh Tuy Bridge,Inbound,3,0,0,Overcast,27.0,0.1,88.84,10000.0,6,0
2025-09-28 03:00:00,Vinh Tuy Bridge,Outbound,3,0,0,Overcast,27.0,0.1,88.84,10000.0,6,0
2025-09-28 07:10:00,Vinh Tuy Bridge,Inbound,7,17,0,Partially cloudy,26.7,0.0,92.59,9300.0,6,0
2025-09-28 07:10:00,Vinh Tuy Bridge,Outbound,7,20,0,Partially cloudy,26.7,0.0,92.59,9300.0,6,0
2025-09-28 07:30:00,Vinh Tuy Bridge,Inbound,7,24,0,Partially cloudy,26.7,0.0,92.59,9300.0,6,0
2025-09-28 07:30:00,Vinh Tuy Bridge,Outbound,7,27,0,Partially cloudy,26.7,0.0,92.59,9300.0,6,0
2025-09-28 10:00:00,Vinh Tuy Bridge,Inbound,10,34,0,"Rain, Partially cloudy",30.7,0.8,73.74,10000.0,6,0
2025-09-28 10:00:00,Vinh Tuy Bridge,Outbound,10,44,0,"Rain, Partially cloudy",30.7,0.8,73.74,10000.0,6,0
2025-09-28 12:00:00,Vinh Tuy Bridge,Inbound,12,43,0,"Rain, Partially cloudy",32.0,0.7,66.58,10000.0,6,0
2025-09-28 12:00:00,Vinh Tuy Bridge,Outbound,12,58,0,"Rain, Partially cloudy",32.0,0.7,66.58,10000.0,6,0
2025-09-28 15:00:00,Vinh Tuy Bridge,Inbound,15,66,0,"Rain, Partially cloudy",26.0,1.3,88.76,10000.0,6,0
2025-09-28 15:00:00,Vinh Tuy Bridge,Outbound,15,87,0,"Rain, Partially cloudy",26.0,1.3,88.76,10000.0,6,0
2025-09-28 16:00:00,Vinh Tuy Bridge,Inbound,16,92,1,"Rain, Partially cloudy",28.0,1.0,80.01,10000.0,6,0
2025-09-28 16:00:00,Vinh Tuy Bridge,Outbound,16,115,0,"Rain, Partially cloudy",28.0,1.0,80.01,10000.0,6,0
2025-09-28 17:10:00,Vinh Tuy Bridge,Inbound,17,96,1,"Rain, Overcast",27.0,0.8,83.68,10000.0,6,0
2025-09-28 17:10:00,Vinh Tuy Bridge,Outbound,17,149,1,"Rain, Overcast",27.0,0.8,83.68,10000.0,6,0
2025-09-28 20:00:00,Vinh Tuy Bridge,Inbound,20,24,0,"Rain, Partially cloudy",25.0,2.4,94.19,10000.0,6,0
2025-09-28 20:00:00,Vinh Tuy Bridge,Outbound,20,62,0,"Rain, Partially cloudy",25.0,2.4,94.19,10000.0,6,0
2025-09-28 22:30:00,Vinh Tuy Bridge,Inbound,22,0,0,"Rain, Overcast",25.4,2.4,91.36,10000.0,6,0
2025-09-28 22:30:00,Vinh Tuy Bridge,Outbound,22,0,0,"Rain, Overcast",25.4,2.4,91.36,10000.0,6,0
2025-09-27 03:00:00,Vinh Tuy Bridge,Inbound,3,0,0,"Rain, Partially cloudy",25.0,1.2,100.0,10000.0,5,0
2025-09-27 03:00:00,Vinh Tuy Bridge,Outbound,3,0,0,"Rain, Partially cloudy",25.0,1.2,100.0,10000.0,5,0
2025-09-27 07:10:00,Vinh Tuy Bridge,Inbound,7,48,0,"Rain, Partially cloudy",26.1,0.4,91.53,10200.0,5,0
2025-09-27 07:10:00,Vinh Tuy Bridge,Outbound,7,51,0,"Rain, Partially cloudy",26.1,0.4,91.53,10200.0,5,0
2025-09-27 07:30:00,Vinh Tuy Bridge,Inbound,7,75,0,"Rain, Partially cloudy",26.1,0.4,91.53,10200.0,5,0
2025-09-27 07:30:00,Vinh Tuy Bridge,Outbound,7,73,0,"Rain, Partially cloudy",26.1,0.4,91.53,10200.0,5,0
2025-09-27 10:00:00,Vinh Tuy Bridge,Inbound,10,134,1,"Rain, Partially cloudy",30.4,0.5,74.96,10000.0,5,0
2025-09-27 10:00:00,Vinh Tuy Bridge,Outbound,10,120,0,"Rain, Partially cloudy",30.4,0.5,74.96,10000.0,5,0
2025-09-27 12:00:00,Vinh Tuy Bridge,Inbound,12,148,1,Partially cloudy,33.0,0.2,59.27,10000.0,5,0
2025-09-27 12:00:00,Vinh Tuy Bridge,Outbound,12,127,0,Partially cloudy,33.0,0.2,59.27,10000.0,5,0
2025-09-27 15:00:00,Vinh Tuy Bridge,Inbound,15,174,1,"Rain, Partially cloudy",35.0,4.5,53.01,10000.0,5,0
2025-09-27 15:00:00,Vinh Tuy Bridge,Outbound,15,145,0,"Rain, Partially cloudy",35.0,4.5,53.01,10000.0,5,0
2025-09-27 16:00:00,Vinh Tuy Bridge,Inbound,16,219,1,"Rain, Partially cloudy",33.7,0.3,54.33,10200.0,5,0
2025-09-27 16:00:00,Vinh Tuy Bridge,Outbound,16,193,1,"Rain, Partially cloudy",33.7,0.3,54.33,10200.0,5,0
2025-09-27 17:10:00,Vinh Tuy Bridge,Inbound,17,250,1,Clear,32.0,0.0,62.71,10000.0,5,0
2025-09-27 17:10:00,Vinh Tuy Bridge,Outbound,17,172,1,Clear,32.0,0.0,62.71,10000.0,5,0
2025-09-27 20:00:00,Vinh Tuy Bridge,Inbound,20,55,0,Partially cloudy,29.0,0.0,79.06,10000.0,5,0
2025-09-27 20:00:00,Vinh Tuy Bridge,Outbound,20,68,0,Partially cloudy,29.0,0.0,79.06,10000.0,5,0
2025-09-27 22:30:00,Vinh Tuy Bridge,Inbound,22,0,0,Partially cloudy,26.7,0.1,88.98,10000.0,5,0
2025-09-27 22:30:00,Vinh Tuy Bridge,Outbound,22,0,0,Partially cloudy,26.7,0.1,88.98,10000.0,5,0
2025-09-26 03:00:00,Vinh Tuy Bridge,Inbound,3,0,0,Overcast,24.0,0.0,94.15,10000.0,4,0
2025-09-26 03:00:00,Vinh Tuy Bridge,Outbound,3,0,0,Overcast,24.0,0.0,94.15,10000.0,4,0
2025-09-26 07:10:00,Vinh Tuy Bridge,Inbound,7,46,0,"Rain, Overcast",24.8,0.5,93.16,10100.0,4,0
2025-09-26 07:10:00,Vinh Tuy Bridge,Outbound,7,67,0,"Rain, Overcast",24.8,0.5,93.16,10100.0,4,0
2025-09-26 07:30:00,Vinh Tuy Bridge,Inbound,7,68,0,"Rain, Overcast",24.8,0.5,93.16,10100.0,4,0
2025-09-26 07:30:00,Vinh Tuy Bridge,Outbound,7,94,0,"Rain, Overcast",24.8,0.5,93.16,10100.0,4,0
2025-09-26 10:00:00,Vinh Tuy Bridge,Inbound,10,49,0,"Rain, Overcast",26.4,2.4,87.97,10000.0,4,0
2025-09-26 10:00:00,Vinh Tuy Bridge,Outbound,10,55,0,"Rain, Overcast",26.4,2.4,87.97,10000.0,4,0
2025-09-26 12:00:00,Vinh Tuy Bridge,Inbound,12,55,0,"Rain, Overcast",27.0,1.7,83.68,10000.0,4,0
2025-09-26 12:00:00,Vinh Tuy Bridge,Outbound,12,51,0,"Rain, Overcast",27.0,1.7,83.68,10000.0,4,0
2025-09-26 15:00:00,Vinh Tuy Bridge,Inbound,15,80,0,"Rain, Overcast",28.0,5.0,83.79,10000.0,4,0
2025-09-26 15:00:00,Vinh Tuy Bridge,Outbound,15,73,0,"Rain, Overcast",28.0,5.0,83.79,10000.0,4,0
2025-09-26 16:00:00,Vinh Tuy Bridge,Inbound,16,140,1,"Rain, Overcast",27.4,0.7,84.54,10000.0,4,0
2025-09-26 16:00:00,Vinh Tuy Bridge,Outbound,16,137,0,"Rain, Overcast",27.4,0.7,84.54,10000.0,4,0
2025-09-26 17:10:00,Vinh Tuy Bridge,Inbound,17,255,1,"Rain, Overcast",26.0,0.3,94.23,7000.0,4,0
2025-09-26 17:10:00,Vinh Tuy Bridge,Outbound,17,273,1,"Rain, Overcast",26.0,0.3,94.23,7000.0,4,0
2025-09-26 20:00:00,Vinh Tuy Bridge,Inbound,20,77,0,Overcast,26.0,0.1,94.23,10000.0,4,0
2025-09-26 20:00:00,Vinh Tuy Bridge,Outbound,20,67,0,Overcast,26.0,0.1,94.23,10000.0,4,0
2025-09-26 22:30:00,Vinh Tuy Bridge,Inbound,22,0,0,"Rain, Overcast",26.0,3.4,94.64,9400.0,4,0
2025-09-26 22:30:00,Vinh Tuy Bridge,Outbound,22,0,0,"Rain, Overcast",26.0,3.4,94.64,9400.0,4,0
2025-09-25 03:00:00,Vinh Tuy Bridge,Inbound,3,0,0,Clear,28.0,0.0,69.92,10000.0,3,0
2025-09-25 03:00:00,Vinh Tuy Bridge,Outbound,3,0,0,Clear,28.0,0.0,69.92,10000.0,3,0
2025-09-25 07:10:00,Vinh Tuy Bridge,Inbound,7,63,0,"Rain, Overcast",28.0,0.9,73.39,10100.0,3,0
2025-09-25 07:10:00,Vinh Tuy Bridge,Outbound,7,140,0,"Rain, Overcast",28.0,0.9,73.39,10100.0,3,0
2025-09-25 07:30:00,Vinh Tuy Bridge,Inbound,7,97,1,"Rain, Overcast",28.0,0.9,73.39,10100.0,3,0
2025-09-25 07:30:00,Vinh Tuy Bridge,Outbound,7,180,1,"Rain, Overcast",28.0,0.9,73.39,10100.0,3,0
2025-09-25 10:00:00,Vinh Tuy Bridge,Inbound,10,46,0,"Rain, Overcast",26.1,5.7,89.5,10000.0,3,0
2025-09-25 10:00:00,Vinh Tuy Bridge,Outbound,10,55,0,"Rain, Overcast",26.1,5.7,89.5,10000.0,3,0
2025-09-25 12:00:00,Vinh Tuy Bridge,Inbound,12,36,0,"Rain, Overcast",25.0,1.3,94.19,6000.0,3,0
2025-09-25 12:00:00,Vinh Tuy Bridge,Outbound,12,48,0,"Rain, Overcast",25.0,1.3,94.19,6000.0,3,0
2025-09-25 15:00:00,Vinh Tuy Bridge,Inbound,15,46,0,Overcast,26.0,0.1,83.57,10000.0,3,0
2025-09-25 15:00:00,Vinh Tuy Bridge,Outbound,15,61,0,Overcast,26.0,0.1,83.57,10000.0,3,0
2025-09-25 16:00:00,Vinh Tuy Bridge,Inbound,16,74,0,Overcast,25.8,0.0,88.22,10000.0,3,0
2025-09-25 16:00:00,Vinh Tuy Bridge,Outbound,16,88,0,Overcast,25.8,0.0,88.22,10000.0,3,0
2025-09-25 17:10:00,Vinh Tuy Bridge,Inbound,17,131,1,Partially cloudy,25.0,0.0,94.19,10000.0,3,0
2025-09-25 17:10:00,Vinh Tuy Bridge,Outbound,17,154,1,Partially cloudy,25.0,0.0,94.19,10000.0,3,0
2025-09-25 20:00:00,Vinh Tuy Bridge,Inbound,20,26,0,Overcast,25.0,0.1,88.68,10000.0,3,0
2025-09-25 20:00:00,Vinh Tuy Bridge,Outbound,20,52,0,Overcast,25.0,0.1,88.68,10000.0,3,0
2025-09-25 22:30:00,Vinh Tuy Bridge,Inbound,22,0,0,Partially cloudy,25.1,0.0,92.0,10000.0,3,0
2025-09-25 22:30:00,Vinh Tuy Bridge,Outbound,22,0,0,Partially cloudy,25.1,0.0,92.0,10000.0,3,0
2025-09-24 03:00:00,Vinh Tuy Bridge,Inbound,3,0,0,Clear,27.0,0.1,88.84,9000.0,2,0
2025-09-24 03:00:00,Vinh Tuy Bridge,Outbound,3,0,0,Clear,27.0,0.1,88.84,9000.0,2,0
2025-09-24 07:10:00,Vinh Tuy Bridge,Inbound,7,66,0,Partially cloudy,27.1,0.0,88.5,10400.0,2,0
2025-09-24 07:10:00,Vinh Tuy Bridge,Outbound,7,157,1,Partially cloudy,27.1,0.0,88.5,10400.0,2,0
2025-09-24 07:30:00,Vinh Tuy Bridge,Inbound,7,96,1,Partially cloudy,27.1,0.0,88.5,10400.0,2,0
2025-09-24 07:30:00,Vinh Tuy Bridge,Outbound,7,200,1,Partially cloudy,27.1,0.0,88.5,10400.0,2,0
2025-09-24 10:00:00,Vinh Tuy Bridge,Inbound,10,52,0,Partially cloudy,30.8,0.0,72.07,10200.0,2,0
2025-09-24 10:00:00,Vinh Tuy Bridge,Outbound,10,57,0,Partially cloudy,30.8,0.0,72.07,10200.0,2,0
2025-09-24 12:00:00,Vinh Tuy Bridge,Inbound,12,45,0,Clear,34.0,0.0,46.71,10000.0,2,0
2025-09-24 12:00:00,Vinh Tuy Bridge,Outbound,12,51,0,Clear,34.0,0.0,46.71,10000.0,2,0
2025-09-24 15:00:00,Vinh Tuy Bridge,Inbound,15,54,0,Clear,35.0,0.0,49.91,10000.0,2,0
2025-09-24 15:00:00,Vinh Tuy Bridge,Outbound,15,68,0,Clear,35.0,0.0,49.91,10000.0,2,0
2025-09-24 16:00:00,Vinh Tuy Bridge,Inbound,16,82,0,Partially cloudy,33.4,0.0,49.37,10200.0,2,0
2025-09-24 16:00:00,Vinh Tuy Bridge,Outbound,16,104,0,Partially cloudy,33.4,0.0,49.37,10200.0,2,0
2025-09-24 17:10:00,Vinh Tuy Bridge,Inbound,17,138,1,Clear,33.0,0.0,55.81,10000.0,2,0
2025-09-24 17:10:00,Vinh Tuy Bridge,Outbound,17,156,1,Clear,33.0,0.0,55.81,10000.0,2,0
2025-09-24 20:00:00,Vinh Tuy Bridge,Inbound,20,30,0,Clear,30.0,0.0,62.28,10000.0,2,0
2025-09-24 20:00:00,Vinh Tuy Bridge,Outbound,20,41,0,Clear,30.0,0.0,62.28,10000.0,2,0
2025-09-24 22:30:00,Vinh Tuy Bridge,Inbound,22,0,0,Partially cloudy,29.1,0.0,73.57,10000.0,2,0
2025-09-24 22:30:00,Vinh Tuy Bridge,Outbound,22,0,0,Partially cloudy,29.1,0.0,73.57,10000.0,2,0
2025-09-23 03:00:00,Vinh Tuy Bridge,Inbound,3,0,0,Partially cloudy,27.0,0.0,88.84,10000.0,1,0
2025-09-23 03:00:00,Vinh Tuy Bridge,Outbound,3,0,0,Partially cloudy,27.0,0.0,88.84,10000.0,1,0
2025-09-23 07:10:00,Vinh Tuy Bridge,Inbound,7,68,0,Partially cloudy,27.1,0.0,82.36,10100.0,1,0
2025-09-23 07:10:00,Vinh Tuy Bridge,Outbound,7,155,1,Partially cloudy,27.1,0.0,82.36,10100.0,1,0
2025-09-23 07:30:00,Vinh Tuy Bridge,Inbound,7,94,1,Partially cloudy,27.1,0.0,82.36,10100.0,1,0
2025-09-23 07:30:00,Vinh Tuy Bridge,Outbound,7,204,1,Partially cloudy,27.1,0.0,82.36,10100.0,1,0
2025-09-23 10:00:00,Vinh Tuy Bridge,Inbound,10,61,0,Partially cloudy,30.1,0.0,68.13,10200.0,1,0
2025-09-23 10:00:00,Vinh Tuy Bridge,Outbound,10,53,0,Partially cloudy,30.1,0.0,68.13,10200.0,1,0
2025-09-23 12:00:00,Vinh Tuy Bridge,Inbound,12,57,0,Partially cloudy,31.0,0.1,70.48,10000.0,1,0
2025-09-23 12:00:00,Vinh Tuy Bridge,Outbound,12,45,0,Partially cloudy,31.0,0.1,70.48,10000.0,1,0
2025-09-23 15:00:00,Vinh Tuy Bridge,Inbound,15,67,0,Partially cloudy,33.0,0.2,59.27,10000.0,1,0
2025-09-23 15:00:00,Vinh Tuy Bridge,Outbound,15,56,0,Partially cloudy,33.0,0.2,59.27,10000.0,1,0
2025-09-23 16:00:00,Vinh Tuy Bridge,Inbound,16,96,1,"Rain, Partially cloudy",33.4,0.6,56.99,10200.0,1,0
2025-09-23 16:00:00,Vinh Tuy Bridge,Outbound,16,79,0,"Rain, Partially cloudy",33.4,0.6,56.99,10200.0,1,0
2025-09-23 17:10:00,Vinh Tuy Bridge,Inbound,17,155,1,Partially cloudy,33.0,0.1,59.27,10000.0,1,0
2025-09-23 17:10:00,Vinh Tuy Bridge,Outbound,17,130,0,Partially cloudy,33.0,0.1,59.27,10000.0,1,0
2025-09-23 20:00:00,Vinh Tuy Bridge,Inbound,20,35,0,Clear,30.0,0.0,74.63,10000.0,1,0
2025-09-23 20:00:00,Vinh Tuy Bridge,Outbound,20,47,0,Clear,30.0,0.0,74.63,10000.0,1,0
2025-09-23 22:30:00,Vinh Tuy Bridge,Inbound,22,0,0,Clear,27.8,0.0,83.66,10000.0,1,0
2025-09-23 22:30:00,Vinh Tuy Bridge,Outbound,22,0,0,Clear,27.8,0.0,83.66,10000.0,1,0
2025-09-22 03:00:00,Vinh Tuy Bridge,Inbound,3,0,0,Overcast,27.0,0.2,88.84,7000.0,0,0
2025-09-22 03:00:00,Vinh Tuy Bridge,Outbound,3,0,0,Overcast,27.0,0.2,88.84,7000.0,0,0
2025-09-22 07:10:00,Vinh Tuy Bridge,Inbound,7,139,1,Partially cloudy,25.8,0.0,94.21,9200.0,0,0
2025-09-22 07:10:00,Vinh Tuy Bridge,Outbound,7,275,1,Partially cloudy,25.8,0.0,94.21,9200.0,0,0
2025-09-22 07:30:00,Vinh Tuy Bridge,Inbound,7,178,1,Partially cloudy,25.8,0.0,94.21,9200.0,0,0
2025-09-22 07:30:00,Vinh Tuy Bridge,Outbound,7,373,1,Partially cloudy,25.8,0.0,94.21,9200.0,0,0
2025-09-22 10:00:00,Vinh Tuy Bridge,Inbound,10,45,0,Partially cloudy,29.1,0.0,80.85,10000.0,0,0
2025-09-22 10:00:00,Vinh Tuy Bridge,Outbound,10,72,0,Partially cloudy,29.1,0.0,80.85,10000.0,0,0
2025-09-22 12:00:00,Vinh Tuy Bridge,Inbound,12,33,0,Partially cloudy,28.0,0.1,83.79,10000.0,0,0
2025-09-22 12:00:00,Vinh Tuy Bridge,Outbound,12,56,0,Partially cloudy,28.0,0.1,83.79,10000.0,0,0
2025-09-22 15:00:00,Vinh Tuy Bridge,Inbound,15,46,0,Partially cloudy,30.0,0.2,74.63,10000.0,0,0
2025-09-22 15:00:00,Vinh Tuy Bridge,Outbound,15,75,0,Partially cloudy,30.0,0.2,74.63,10000.0,0,0
2025-09-22 16:00:00,Vinh Tuy Bridge,Inbound,16,76,0,Partially cloudy,30.7,0.1,69.45,10000.0,0,0
2025-09-22 16:00:00,Vinh Tuy Bridge,Outbound,16,108,0,Partially cloudy,30.7,0.1,69.45,10000.0,0,0
2025-09-22 17:10:00,Vinh Tuy Bridge,Inbound,17,132,1,Clear,29.0,0.2,74.47,10000.0,0,0
2025-09-22 17:10:00,Vinh Tuy Bridge,Outbound,17,165,1,Clear,29.0,0.2,74.47,10000.0,0,0
2025-09-22 20:00:00,Vinh Tuy Bridge,Inbound,20,23,0,Clear,28.0,0.0,83.79,10000.0,0,0
2025-09-22 20:00:00,Vinh Tuy Bridge,Outbound,20,59,0,Clear,28.0,0.0,83.79,10000.0,0,0
2025-09-22 22:30:00,Vinh Tuy Bridge,Inbound,22,0,0,Partially cloudy,28.0,0.0,84.85,10000.0,0,0
2025-09-22 22:30:00,Vinh Tuy Bridge,Outbound,22,0,0,Partially cloudy,28.0,0.0,84.85,10000.0,0,0
2025-09-21 03:00:00,Vinh Tuy Bridge,Inbound,3,0,0,Clear,28.0,0.0,88.92,7000.0,6,0
2025-09-21 03:00:00,Vinh Tuy Bridge,Outbound,3,0,0,Clear,28.0,0.0,88.92,7000.0,6,0
2025-09-21 07:10:00,Vinh Tuy Bridge,Inbound,7,17,0,Clear,27.7,0.0,91.75,8900.0,6,0
2025-09-21 07:10:00,Vinh Tuy Bridge,Outbound,7,20,0,Clear,27.7,0.0,91.75,8900.0,6,0
2025-09-21 07:30:00,Vinh Tuy Bridge,Inbound,7,24,0,Clear,27.7,0.0,91.75,8900.0,6,0
2025-09-21 07:30:00,Vinh Tuy Bridge,Outbound,7,27,0,Clear,27.7,0.0,91.75,8900.0,6,0
2025-09-21 10:00:00,Vinh Tuy Bridge,Inbound,10,34,0,Partially cloudy,32.4,0.1,72.44,9600.0,6,0
2025-09-21 10:00:00,Vinh Tuy Bridge,Outbound,10,44,0,Partially cloudy,32.4,0.1,72.44,9600.0,6,0
2025-09-21 12:00:00,Vinh Tuy Bridge,Inbound,12,43,0,Partially cloudy,33.0,0.0,70.84,10000.0,6,0
2025-09-21 12:00:00,Vinh Tuy Bridge,Outbound,12,58,0,Partially cloudy,33.0,0.0,70.84,10000.0,6,0
2025-09-21 15:00:00,Vinh Tuy Bridge,Inbound,15,66,0,"Rain, Partially cloudy",32.0,1.6,59.04,10000.0,6,0
2025-09-21 15:00:00,Vinh Tuy Bridge,Outbound,15,87,0,"Rain, Partially cloudy",32.0,1.6,59.04,10000.0,6,0
2025-09-21 16:00:00,Vinh Tuy Bridge,Inbound,16,92,1,"Rain, Partially cloudy",29.2,0.3,74.05,10200.0,6,0
2025-09-21 16:00:00,Vinh Tuy Bridge,Outbound,16,115,0,"Rain, Partially cloudy",29.2,0.3,74.05,10200.0,6,0
2025-09-21 17:10:00,Vinh Tuy Bridge,Inbound,17,96,1,Partially cloudy,27.0,0.1,88.84,10000.0,6,0
2025-09-21 17:10:00,Vinh Tuy Bridge,Outbound,17,149,1,Partially cloudy,27.0,0.1,88.84,10000.0,6,0
2025-09-21 20:00:00,Vinh Tuy Bridge,Inbound,20,24,0,Clear,27.0,0.0,88.84,9000.0,6,0
2025-09-21 20:00:00,Vinh Tuy Bridge,Outbound,20,62,0,Clear,27.0,0.0,88.84,9000.0,6,0
2025-09-21 22:30:00,Vinh Tuy Bridge,Inbound,22,0,0,"Rain, Partially cloudy",27.4,1.0,90.65,9400.0,6,0
2025-09-21 22:30:00,Vinh Tuy Bridge,Outbound,22,0,0,"Rain, Partially cloudy",27.4,1.0,90.65,9400.0,6,0
2025-09-20 03:00:00,Vinh Tuy Bridge,Inbound,3,0,0,Clear,27.0,0.0,88.84,10000.0,5,0
2025-09-20 03:00:00,Vinh Tuy Bridge,Outbound,3,0,0,Clear,27.0,0.0,88.84,10000.0,5,0
2025-09-20 07:10:00,Vinh Tuy Bridge,Inbound,7,48,0,Clear,26.8,0.0,92.54,10400.0,5,0
2025-09-20 07:10:00,Vinh Tuy Bridge,Outbound,7,51,0,Clear,26.8,0.0,92.54,10400.0,5,0
2025-09-20 07:30:00,Vinh Tuy Bridge,Inbound,7,75,0,Clear,26.8,0.0,92.54,10400.0,5,0
2025-09-20 07:30:00,Vinh Tuy Bridge,Outbound,7,73,0,Clear,26.8,0.0,92.54,10400.0,5,0
2025-09-20 10:00:00,Vinh Tuy Bridge,Inbound,10,134,1,Partially cloudy,31.7,0.0,70.56,10200.0,5,0
2025-09-20 10:00:00,Vinh Tuy Bridge,Outbound,10,120,0,Partially cloudy,31.7,0.0,70.56,10200.0,5,0
2025-09-20 12:00:00,Vinh Tuy Bridge,Inbound,12,148,1,Partially cloudy,34.0,0.0,56.05,10000.0,5,0
2025-09-20 12:00:00,Vinh Tuy Bridge,Outbound,12,127,0,Partially cloudy,34.0,0.0,56.05,10000.0,5,0
2025-09-20 15:00:00,Vinh Tuy Bridge,Inbound,15,174,1,Clear,35.0,0.0,56.28,10000.0,5,0
2025-09-20 15:00:00,Vinh Tuy Bridge,Outbound,15,145,0,Clear,35.0,0.0,56.28,10000.0,5,0
2025-09-20 16:00:00,Vinh Tuy Bridge,Inbound,16,219,1,Partially cloudy,35.0,0.0,53.64,10200.0,5,0
2025-09-20 16:00:00,Vinh Tuy Bridge,Outbound,16,193,1,Partially cloudy,35.0,0.0,53.64,10200.0,5,0
2025-09-20 17:10:00,Vinh Tuy Bridge,Inbound,17,250,1,Clear,34.0,0.0,56.05,10000.0,5,0
2025-09-20 17:10:00,Vinh Tuy Bridge,Outbound,17,232,1,Clear,34.0,0.0,56.05,10000.0,5,0
2025-09-20 20:00:00,Vinh Tuy Bridge,Inbound,20,55,0,Clear,32.0,0.0,66.58,10000.0,5,0
2025-09-20 20:00:00,Vinh Tuy Bridge,Outbound,20,68,0,Clear,32.0,0.0,66.58,10000.0,5,0
2025-09-20 22:30:00,Vinh Tuy Bridge,Inbound,22,0,0,Clear,30.4,0.0,77.69,10000.0,5,0
2025-09-20 22:30:00,Vinh Tuy Bridge,Outbound,22,0,0,Clear,30.4,0.0,77.69,10000.0,5,0
2025-09-19 03:00:00,Vinh Tuy Bridge,Inbound,3,0,0,Partially cloudy,26.0,0.1,88.76,10000.0,4,0
2025-09-19 03:00:00,Vinh Tuy Bridge,Outbound,3,0,0,Partially cloudy,26.0,0.1,88.76,10000.0,4,0
2025-09-19 07:10:00,Vinh Tuy Bridge,Inbound,7,46,0,Clear,27.1,0.0,91.48,10400.0,4,0
2025-09-19 07:10:00,Vinh Tuy Bridge,Outbound,7,67,0,Clear,27.1,0.0,91.48,10400.0,4,0
2025-09-19 07:30:00,Vinh Tuy Bridge,Inbound,7,68,0,Clear,27.1,0.0,91.48,10400.0,4,0
2025-09-19 07:30:00,Vinh Tuy Bridge,Outbound,7,94,0,Clear,27.1,0.0,91.48,10400.0,4,0
2025-09-19 10:00:00,Vinh Tuy Bridge,Inbound,10,49,0,Partially cloudy,31.7,0.1,68.1,10200.0,4,0
2025-09-19 10:00:00,Vinh Tuy Bridge,Outbound,10,55,0,Partially cloudy,31.7,0.1,68.1,10200.0,4,0
2025-09-19 12:00:00,Vinh Tuy Bridge,Outbound,12,51,0,Partially cloudy,34.0,0.1,56.05,10000.0,4,0
2025-09-19 15:00:00,Vinh Tuy Bridge,Inbound,15,80,0,Partially cloudy,33.0,0.1,59.27,10000.0,4,0
2025-09-19 15:00:00,Vinh Tuy Bridge,Outbound,15,73,0,Partially cloudy,33.0,0.1,59.27,10000.0,4,0
2025-09-19 16:00:00,Vinh Tuy Bridge,Inbound,16,140,1,Partially cloudy,31.7,0.1,66.84,10200.0,4,0
2025-09-19 16:00:00,Vinh Tuy Bridge,Outbound,16,137,0,Partially cloudy,31.7,0.1,66.84,10200.0,4,0
2025-09-19 17:10:00,Vinh Tuy Bridge,Inbound,17,255,1,Overcast,32.0,0.0,66.58,10000.0,4,0
2025-09-19 17:10:00,Vinh Tuy Bridge,Outbound,17,273,1,Overcast,32.0,0.0,66.58,10000.0,4,0
2025-09-19 20:00:00,Vinh Tuy Bridge,Inbound,20,77,0,Clear,30.0,0.0,74.63,10000.0,4,0
2025-09-19 20:00:00,Vinh Tuy Bridge,Outbound,20,67,0,Clear,30.0,0.0,74.63,10000.0,4,0
2025-09-19 22:30:00,Vinh Tuy Bridge,Inbound,22,0,0,Partially cloudy,28.1,0.0,86.42,10000.0,4,0
2025-09-18 03:00:00,Vinh Tuy Bridge,Inbound,3,0,0,Overcast,25.0,0.1,100.0,10000.0,3,0
2025-09-18 03:00:00,Vinh Tuy Bridge,Outbound,3,0,0,Overcast,25.0,0.1,100.0,10000.0,3,0
2025-09-18 07:10:00,Vinh Tuy Bridge,Inbound,7,63,0,"Rain, Partially cloudy",26.3,0.3,94.28,10200.0,3,0
2025-09-18 07:10:00,Vinh Tuy Bridge,Outbound,7,140,0,"Rain, Partially cloudy",26.3,0.3,94.28,10200.0,3,0
2025-09-18 07:30:00,Vinh Tuy Bridge,Inbound,7,97,1,"Rain, Partially cloudy",26.3,0.3,94.28,10200.0,3,0
2025-09-18 07:30:00,Vinh Tuy Bridge,Outbound,7,180,1,"Rain, Partially cloudy",26.3,0.3,94.28,10200.0,3,0
2025-09-18 10:00:00,Vinh Tuy Bridge,Inbound,10,46,0,Partially cloudy,29.7,0.1,77.77,10000.0,3,0
2025-09-18 10:00:00,Vinh Tuy Bridge,Outbound,10,55,0,Partially cloudy,29.7,0.1,77.77,10000.0,3,0
2025-09-18 12:00:00,Vinh Tuy Bridge,Inbound,12,36,0,"Rain, Overcast",32.0,0.3,66.58,10000.0,3,0
2025-09-18 12:00:00,Vinh Tuy Bridge,Outbound,12,48,0,"Rain, Overcast",32.0,0.3,66.58,10000.0,3,0
2025-09-18 15:00:00,Vinh Tuy Bridge,Inbound,15,46,0,"Rain, Partially cloudy",34.0,0.8,56.05,10000.0,3,0
2025-09-18 15:00:00,Vinh Tuy Bridge,Outbound,15,61,0,"Rain, Partially cloudy",34.0,0.8,56.05,10000.0,3,0
2025-09-18 16:00:00,Vinh Tuy Bridge,Inbound,16,74,0,"Rain, Partially cloudy",32.7,1.8,63.69,10000.0,3,0
2025-09-18 16:00:00,Vinh Tuy Bridge,Outbound,16,88,0,"Rain, Partially cloudy",32.7,1.8,63.69,10000.0,3,0
2025-09-18 17:10:00,Vinh Tuy Bridge,Inbound,17,131,1,Overcast,28.0,0.2,78.92,10000.0,3,0
2025-09-18 17:10:00,Vinh Tuy Bridge,Outbound,17,154,1,Overcast,28.0,0.2,78.92,10000.0,3,0
2025-09-18 20:00:00,Vinh Tuy Bridge,Inbound,20,26,0,Clear,27.0,0.0,94.27,10000.0,3,0
2025-09-18 20:00:00,Vinh Tuy Bridge,Outbound,20,52,0,Clear,27.0,0.0,94.27,10000.0,3,0
2025-09-18 22:30:00,Vinh Tuy Bridge,Inbound,22,0,0,Partially cloudy,26.8,0.0,91.37,10000.0,3,0
2025-09-18 22:30:00,Vinh Tuy Bridge,Outbound,22,0,0,Partially cloudy,26.8,0.0,91.37,10000.0,3,0
2025-09-17 03:00:00,Vinh Tuy Bridge,Inbound,3,0,0,Rain,26.0,1.2,94.23,10000.0,2,0
2025-09-17 03:00:00,Vinh Tuy Bridge,Outbound,3,0,0,Rain,26.0,1.2,94.23,10000.0,2,0
2025-09-17 07:10:00,Vinh Tuy Bridge,Inbound,7,66,0,Partially cloudy,27.3,0.1,87.48,16100.000000000002,2,0
2025-09-17 07:10:00,Vinh Tuy Bridge,Outbound,7,157,1,Partially cloudy,27.3,0.1,87.48,16100.000000000002,2,0
2025-09-17 07:30:00,Vinh Tuy Bridge,Inbound,7,96,1,Partially cloudy,27.3,0.1,87.48,16100.000000000002,2,0
2025-09-17 07:30:00,Vinh Tuy Bridge,Outbound,7,200,1,Partially cloudy,27.3,0.1,87.48,16100.000000000002,2,0
2025-09-17 10:00:00,Vinh Tuy Bridge,Inbound,10,52,0,Partially cloudy,30.7,0.1,67.68,10200.0,2,0
2025-09-17 10:00:00,Vinh Tuy Bridge,Outbound,10,57,0,Partially cloudy,30.7,0.1,67.68,10200.0,2,0
2025-09-17 12:00:00,Vinh Tuy Bridge,Inbound,12,45,0,Partially cloudy,32.0,0.2,66.58,10000.0,2,0
2025-09-17 12:00:00,Vinh Tuy Bridge,Outbound,12,51,0,Partially cloudy,32.0,0.2,66.58,10000.0,2,0
2025-09-17 15:00:00,Vinh Tuy Bridge,Inbound,15,54,0,"Rain, Partially cloudy",26.0,1.5,94.23,10000.0,2,0
2025-09-17 15:00:00,Vinh Tuy Bridge,Outbound,15,68,0,"Rain, Partially cloudy",26.0,1.5,94.23,10000.0,2,0
2025-09-17 16:00:00,Vinh Tuy Bridge,Inbound,16,82,0,Partially cloudy,26.1,0.0,93.97,10200.0,2,0
2025-09-17 16:00:00,Vinh Tuy Bridge,Outbound,16,104,0,Partially cloudy,26.1,0.0,93.97,10200.0,2,0
2025-09-17 17:10:00,Vinh Tuy Bridge,Inbound,17,138,1,Partially cloudy,27.0,0.1,88.84,10000.0,2,0
2025-09-17 17:10:00,Vinh Tuy Bridge,Outbound,17,156,1,Partially cloudy,27.0,0.1,88.84,10000.0,2,0
2025-09-17 20:00:00,Vinh Tuy Bridge,Inbound,20,30,0,Partially cloudy,26.0,0.0,94.23,10000.0,2,0
2025-09-17 20:00:00,Vinh Tuy Bridge,Outbound,20,41,0,Partially cloudy,26.0,0.0,94.23,10000.0,2,0
2025-09-17 22:30:00,Vinh Tuy Bridge,Inbound,22,0,0,Partially cloudy,25.8,0.0,94.92,10000.0,2,0
2025-09-17 22:30:00,Vinh Tuy Bridge,Outbound,22,0,0,Partially cloudy,25.8,0.0,94.92,10000.0,2,0
2025-09-16 03:00:00,Vinh Tuy Bridge,Inbound,3,0,0,Rain,26.0,1.6,94.23,10000.0,1,0
2025-09-16 03:00:00,Vinh Tuy Bridge,Outbound,3,0,0,Rain,26.0,1.6,94.23,10000.0,1,0
2025-09-16 07:10:00,Vinh Tuy Bridge,Inbound,7,68,0,Partially cloudy,27.3,0.0,89.07,10200.0,1,0
2025-09-16 07:10:00,Vinh Tuy Bridge,Outbound,7,155,1,Partially cloudy,27.3,0.0,89.07,10200.0,1,0
2025-09-16 07:30:00,Vinh Tuy Bridge,Inbound,7,94,1,Partially cloudy,27.3,0.0,89.07,10200.0,1,0
2025-09-16 07:30:00,Vinh Tuy Bridge,Outbound,7,204,1,Partially cloudy,27.3,0.0,89.07,10200.0,1,0
2025-09-16 10:00:00,Vinh Tuy Bridge,Inbound,10,61,0,Partially cloudy,30.7,0.1,65.66,16900.0,1,0
2025-09-16 10:00:00,Vinh Tuy Bridge,Outbound,10,53,0,Partially cloudy,30.7,0.1,65.66,16900.0,1,0
2025-09-16 12:00:00,Vinh Tuy Bridge,Inbound,12,57,0,Partially cloudy,33.0,0.1,62.93,10000.0,1,0
2025-09-16 12:00:00,Vinh Tuy Bridge,Outbound,12,45,0,Partially cloudy,33.0,0.1,62.93,10000.0,1,0
2025-09-16 15:00:00,Vinh Tuy Bridge,Inbound,15,67,0,Clear,35.0,0.0,53.01,10000.0,1,0
2025-09-16 15:00:00,Vinh Tuy Bridge,Outbound,15,56,0,Clear,35.0,0.0,53.01,10000.0,1,0
2025-09-16 16:00:00,Vinh Tuy Bridge,Inbound,16,96,1,"Rain, Partially cloudy",34.0,0.4,58.01,10200.0,1,0
2025-09-16 16:00:00,Vinh Tuy Bridge,Outbound,16,79,0,"Rain, Partially cloudy",34.0,0.4,58.01,10200.0,1,0
2025-09-16 17:10:00,Vinh Tuy Bridge,Inbound,17,155,1,Clear,34.0,0.0,56.05,10000.0,1,0
2025-09-16 17:10:00,Vinh Tuy Bridge,Outbound,17,130,0,Clear,34.0,0.0,56.05,10000.0,1,0
2025-09-16 20:00:00,Vinh Tuy Bridge,Inbound,20,35,0,Clear,29.0,0.0,79.06,10000.0,1,0
2025-09-16 20:00:00,Vinh Tuy Bridge,Outbound,20,47,0,Clear,29.0,0.0,79.06,10000.0,1,0
2025-09-16 22:30:00,Vinh Tuy Bridge,Inbound,22,0,0,Partially cloudy,28.4,0.2,81.63,16700.0,1,0
2025-09-16 22:30:00,Vinh Tuy Bridge,Outbound,22,0,0,Partially cloudy,28.4,0.2,81.63,16700.0,1,0
2025-09-15 03:00:00,Vinh Tuy Bridge,Inbound,3,0,0,Partially cloudy,28.0,0.0,88.92,10000.0,0,0
2025-09-15 03:00:00,Vinh Tuy Bridge,Outbound,3,0,0,Partially cloudy,28.0,0.0,88.92,10000.0,0,0
2025-09-15 07:10:00,Vinh Tuy Bridge,Inbound,7,139,1,Partially cloudy,28.1,0.0,91.4,9300.0,0,0
2025-09-15 07:10:00,Vinh Tuy Bridge,Outbound,7,275,1,Partially cloudy,28.1,0.0,91.4,9300.0,0,0
2025-09-15 07:30:00,Vinh Tuy Bridge,Inbound,7,178,1,Partially cloudy,28.1,0.0,91.4,9300.0,0,0
2025-09-15 07:30:00,Vinh Tuy Bridge,Outbound,7,373,1,Partially cloudy,28.1,0.0,91.4,9300.0,0,0
2025-09-15 10:00:00,Vinh Tuy Bridge,Inbound,10,45,0,Partially cloudy,31.7,0.1,72.71,10000.0,0,0
2025-09-15 10:00:00,Vinh Tuy Bridge,Outbound,10,72,0,Partially cloudy,31.7,0.1,72.71,10000.0,0,0
2025-09-15 12:00:00,Vinh Tuy Bridge,Inbound,12,33,0,"Rain, Partially cloudy",30.0,0.8,79.2,10000.0,0,0
2025-09-15 12:00:00,Vinh Tuy Bridge,Outbound,12,56,0,"Rain, Partially cloudy",30.0,0.8,79.2,10000.0,0,0
2025-09-15 15:00:00,Vinh Tuy Bridge,Inbound,15,46,0,Clear,31.0,0.0,74.79,10000.0,0,0
2025-09-15 15:00:00,Vinh Tuy Bridge,Outbound,15,75,0,Clear,31.0,0.0,74.79,10000.0,0,0
2025-09-15 16:00:00,Vinh Tuy Bridge,Inbound,16,76,0,"Rain, Partially cloudy",29.8,0.8,74.52,10200.0,0,0
2025-09-15 16:00:00,Vinh Tuy Bridge,Outbound,16,108,0,"Rain, Partially cloudy",29.8,0.8,74.52,10200.0,0,0
2025-09-15 17:10:00,Vinh Tuy Bridge,Inbound,17,132,1,Partially cloudy,30.0,0.1,79.2,10000.0,0,0
2025-09-15 17:10:00,Vinh Tuy Bridge,Outbound,17,165,1,Partially cloudy,30.0,0.1,79.2,10000.0,0,0
2025-09-15 20:00:00,Vinh Tuy Bridge,Inbound,20,23,0,Clear,28.0,0.0,83.79,10000.0,0,0
2025-09-15 20:00:00,Vinh Tuy Bridge,Outbound,20,59,0,Clear,28.0,0.0,83.79,10000.0,0,0
2025-09-15 22:30:00,Vinh Tuy Bridge,Inbound,22,0,0,"Rain, Partially cloudy",27.1,0.6,88.75,10000.0,0,0
2025-09-15 22:30:00,Vinh Tuy Bridge,Outbound,22,0,0,"Rain, Partially cloudy",27.1,0.6,88.75,10000.0,0,0
2025-09-14 03:00:00,Vinh Tuy Bridge,Inbound,3,0,0,Clear,28.0,0.0,83.79,10000.0,6,0
2025-09-14 03:00:00,Vinh Tuy Bridge,Outbound,3,0,0,Clear,28.0,0.0,83.79,10000.0,6,0
2025-09-14 07:10:00,Vinh Tuy Bridge,Inbound,7,17,0,Partially cloudy,27.5,0.0,92.98,8600.0,6,0
2025-09-14 07:10:00,Vinh Tuy Bridge,Outbound,7,20,0,Partially cloudy,27.5,0.0,92.98,8600.0,6,0
2025-09-14 07:30:00,Vinh Tuy Bridge,Inbound,7,24,0,Partially cloudy,27.5,0.0,92.98,8600.0,6,0
2025-09-14 07:30:00,Vinh Tuy Bridge,Outbound,7,27,0,Partially cloudy,27.5,0.0,92.98,8600.0,6,0
2025-09-14 10:00:00,Vinh Tuy Bridge,Inbound,10,34,0,Partially cloudy,31.4,0.1,72.28,10000.0,6,0
2025-09-14 10:00:00,Vinh Tuy Bridge,Outbound,10,44,0,Partially cloudy,31.4,0.1,72.28,10000.0,6,0
2025-09-14 12:00:00,Vinh Tuy Bridge,Inbound,12,43,0,Partially cloudy,32.0,0.2,70.66,10000.0,6,0
2025-09-14 12:00:00,Vinh Tuy Bridge,Outbound,12,58,0,Partially cloudy,32.0,0.2,70.66,10000.0,6,0
2025-09-14 15:00:00,Vinh Tuy Bridge,Inbound,15,66,0,"Rain, Overcast",33.0,0.8,62.93,10000.0,6,0
2025-09-14 15:00:00,Vinh Tuy Bridge,Outbound,15,87,0,"Rain, Overcast",33.0,0.8,62.93,10000.0,6,0
2025-09-14 16:00:00,Vinh Tuy Bridge,Inbound,16,92,1,"Rain, Partially cloudy",33.7,0.8,59.48,10000.0,6,0
2025-09-14 16:00:00,Vinh Tuy Bridge,Outbound,16,115,0,"Rain, Partially cloudy",33.7,0.8,59.48,10000.0,6,0
2025-09-14 17:10:00,Vinh Tuy Bridge,Inbound,17,96,1,Clear,33.0,0.2,66.78,10000.0,6,0
2025-09-14 17:10:00,Vinh Tuy Bridge,Outbound,17,149,1,Clear,33.0,0.2,66.78,10000.0,6,0
2025-09-14 20:00:00,Vinh Tuy Bridge,Inbound,20,24,0,Clear,31.0,0.0,70.48,10000.0,6,0
2025-09-14 20:00:00,Vinh Tuy Bridge,Outbound,20,62,0,Clear,31.0,0.0,70.48,10000.0,6,0
2025-09-14 22:30:00,Vinh Tuy Bridge,Inbound,22,0,0,Clear,29.0,0.0,82.74,10000.0,6,0
2025-09-14 22:30:00,Vinh Tuy Bridge,Outbound,22,0,0,Clear,29.0,0.0,82.74,10000.0,6,0
2025-09-13 03:00:00,Vinh Tuy Bridge,Inbound,3,0,0,Partially cloudy,27.0,0.2,94.27,9000.0,5,0
2025-09-13 03:00:00,Vinh Tuy Bridge,Outbound,3,0,0,Partially cloudy,27.0,0.2,94.27,9000.0,5,0
2025-09-13 07:10:00,Vinh Tuy Bridge,Inbound,7,48,0,Partially cloudy,27.4,0.0,88.06,9500.0,5,0
2025-09-13 07:10:00,Vinh Tuy Bridge,Outbound,7,51,0,Partially cloudy,27.4,0.0,88.06,9500.0,5,0
2025-09-13 07:30:00,Vinh Tuy Bridge,Inbound,7,75,0,Partially cloudy,27.4,0.0,88.06,9500.0,5,0
2025-09-13 07:30:00,Vinh Tuy Bridge,Outbound,7,73,0,Partially cloudy,27.4,0.0,88.06,9500.0,5,0
2025-09-13 10:00:00,Vinh Tuy Bridge,Inbound,10,134,1,Partially cloudy,31.5,0.0,69.68,16900.0,5,0
2025-09-13 10:00:00,Vinh Tuy Bridge,Outbound,10,120,0,Partially cloudy,31.5,0.0,69.68,16900.0,5,0
2025-09-13 12:00:00,Vinh Tuy Bridge,Inbound,12,148,1,Partially cloudy,34.0,0.1,56.05,10000.0,5,0
2025-09-13 12:00:00,Vinh Tuy Bridge,Outbound,12,127,0,Partially cloudy,34.0,0.1,56.05,10000.0,5,0
2025-09-13 15:00:00,Vinh Tuy Bridge,Inbound,15,174,1,Partially cloudy,33.0,0.1,62.93,10000.0,5,0
2025-09-13 15:00:00,Vinh Tuy Bridge,Outbound,15,145,0,Partially cloudy,33.0,0.1,62.93,10000.0,5,0
2025-09-13 16:00:00,Vinh Tuy Bridge,Inbound,16,219,1,Partially cloudy,33.4,0.2,61.85,10200.0,5,0
2025-09-13 16:00:00,Vinh Tuy Bridge,Outbound,16,193,1,Partially cloudy,33.4,0.2,61.85,10200.0,5,0
2025-09-13 17:10:00,Vinh Tuy Bridge,Inbound,17,250,1,Partially cloudy,32.0,0.2,66.58,10000.0,5,0
2025-09-13 17:10:00,Vinh Tuy Bridge,Outbound,17,232,1,Partially cloudy,32.0,0.2,66.58,10000.0,5,0
2025-09-13 20:00:00,Vinh Tuy Bridge,Inbound,20,55,0,Clear,30.0,0.0,79.2,10000.0,5,0
2025-09-13 20:00:00,Vinh Tuy Bridge,Outbound,20,68,0,Clear,30.0,0.0,79.2,10000.0,5,0
2025-09-13 22:30:00,Vinh Tuy Bridge,Inbound,22,0,0,Partially cloudy,29.0,0.0,82.38,10000.0,5,0
2025-09-13 22:30:00,Vinh Tuy Bridge,Outbound,22,0,0,Partially cloudy,29.0,0.0,82.38,10000.0,5,0
2025-09-12 03:00:00,Vinh Tuy Bridge,Inbound,3,0,0,Partially cloudy,27.0,0.0,94.27,10000.0,4,0
2025-09-12 03:00:00,Vinh Tuy Bridge,Outbound,3,0,0,Partially cloudy,27.0,0.0,94.27,10000.0,4,0
2025-09-12 07:10:00,Vinh Tuy Bridge,Inbound,7,46,0,Partially cloudy,26.7,0.0,87.5,10200.0,4,0
2025-09-12 07:10:00,Vinh Tuy Bridge,Outbound,7,67,0,Partially cloudy,26.7,0.0,87.5,10200.0,4,0
2025-09-12 07:30:00,Vinh Tuy Bridge,Inbound,7,68,0,Partially cloudy,26.7,0.0,87.5,10200.0,4,0
2025-09-12 07:30:00,Vinh Tuy Bridge,Outbound,7,94,0,Partially cloudy,26.7,0.0,87.5,10200.0,4,0
2025-09-12 10:00:00,Vinh Tuy Bridge,Inbound,10,49,0,Partially cloudy,31.1,0.1,76.03,16700.0,4,0
2025-09-12 10:00:00,Vinh Tuy Bridge,Outbound,10,55,0,Partially cloudy,31.1,0.1,76.03,16700.0,4,0
2025-09-12 12:00:00,Vinh Tuy Bridge,Inbound,12,55,0,"Rain, Partially cloudy",33.0,0.3,66.78,10000.0,4,0
2025-09-12 12:00:00,Vinh Tuy Bridge,Outbound,12,51,0,"Rain, Partially cloudy",33.0,0.3,66.78,10000.0,4,0
2025-09-12 15:00:00,Vinh Tuy Bridge,Inbound,15,80,0,Rain,32.0,5.8,70.66,10000.0,4,0
2025-09-12 15:00:00,Vinh Tuy Bridge,Outbound,15,73,0,Rain,32.0,5.8,70.66,10000.0,4,0
2025-09-12 16:00:00,Vinh Tuy Bridge,Inbound,16,140,1,"Rain, Partially cloudy",32.0,2.0,68.21,16900.0,4,0
2025-09-12 16:00:00,Vinh Tuy Bridge,Outbound,16,137,0,"Rain, Partially cloudy",32.0,2.0,68.21,16900.0,4,0
2025-09-12 17:10:00,Vinh Tuy Bridge,Inbound,17,255,1,Partially cloudy,31.0,0.0,74.79,10000.0,4,0
2025-09-12 17:10:00,Vinh Tuy Bridge,Outbound,17,273,1,Partially cloudy,31.0,0.0,74.79,10000.0,4,0
2025-09-12 20:00:00,Vinh Tuy Bridge,Inbound,20,77,0,Partially cloudy,29.6,0.0,81.51,10000.0,4,0
2025-09-12 20:00:00,Vinh Tuy Bridge,Outbound,20,67,0,Partially cloudy,29.6,0.0,81.51,10000.0,4,0
2025-09-12 22:30:00,Vinh Tuy Bridge,Inbound,22,0,0,Clear,28.4,0.0,85.52,16700.0,4,0
2025-09-12 22:30:00,Vinh Tuy Bridge,Outbound,22,0,0,Clear,28.4,0.0,85.52,16700.0,4,0
2025-09-11 03:00:00,Vinh Tuy Bridge,Inbound,3,0,0,"Rain, Overcast",28.0,1.5,88.92,10000.0,3,0
2025-09-11 03:00:00,Vinh Tuy Bridge,Outbound,3,0,0,"Rain, Overcast",28.0,1.5,88.92,10000.0,3,0
2025-09-11 07:10:00,Vinh Tuy Bridge,Inbound,7,63,0,Partially cloudy,26.7,0.2,91.74,10000.0,3,0
2025-09-11 07:10:00,Vinh Tuy Bridge,Outbound,7,140,0,Partially cloudy,26.7,0.2,91.74,10000.0,3,0
2025-09-11 07:30:00,Vinh Tuy Bridge,Inbound,7,97,1,Partially cloudy,26.7,0.2,91.74,10000.0,3,0
2025-09-11 07:30:00,Vinh Tuy Bridge,Outbound,7,180,1,Partially cloudy,26.7,0.2,91.74,10000.0,3,0
2025-09-11 10:00:00,Vinh Tuy Bridge,Inbound,10,46,0,Partially cloudy,29.1,0.2,80.02,10200.0,3,0
2025-09-11 10:00:00,Vinh Tuy Bridge,Outbound,10,55,0,Partially cloudy,29.1,0.2,80.02,10200.0,3,0
2025-09-11 12:00:00,Vinh Tuy Bridge,Inbound,12,36,0,Partially cloudy,30.0,0.2,84.01,10000.0,3,0
2025-09-11 12:00:00,Vinh Tuy Bridge,Outbound,12,48,0,Partially cloudy,30.0,0.2,84.01,10000.0,3,0
2025-09-11 15:00:00,Vinh Tuy Bridge,Inbound,15,46,0,"Rain, Partially cloudy",31.0,1.8,79.33,10000.0,3,0
2025-09-11 15:00:00,Vinh Tuy Bridge,Outbound,15,61,0,"Rain, Partially cloudy",31.0,1.8,79.33,10000.0,3,0
2025-09-11 16:00:00,Vinh Tuy Bridge,Inbound,16,74,0,"Rain, Partially cloudy",29.8,0.9,77.34,10000.0,3,0
2025-09-11 16:00:00,Vinh Tuy Bridge,Outbound,16,88,0,"Rain, Partially cloudy",29.8,0.9,77.34,10000.0,3,0
2025-09-11 17:10:00,Vinh Tuy Bridge,Inbound,17,131,1,"Rain, Partially cloudy",30.0,0.9,79.2,10000.0,3,0
2025-09-11 17:10:00,Vinh Tuy Bridge,Outbound,17,154,1,"Rain, Partially cloudy",30.0,0.9,79.2,10000.0,3,0
2025-09-11 20:00:00,Vinh Tuy Bridge,Inbound,20,26,0,Partially cloudy,28.0,0.0,83.79,10000.0,3,0
2025-09-11 20:00:00,Vinh Tuy Bridge,Outbound,20,52,0,Partially cloudy,28.0,0.0,83.79,10000.0,3,0
2025-09-11 22:30:00,Vinh Tuy Bridge,Inbound,22,0,0,"Rain, Partially cloudy",27.8,0.7,87.81,10000.0,3,0
2025-09-11 22:30:00,Vinh Tuy Bridge,Outbound,22,0,0,"Rain, Partially cloudy",27.8,0.7,87.81,10000.0,3,0
2025-09-10 03:00:00,Vinh Tuy Bridge,Inbound,3,0,0,Partially cloudy,26.0,0.0,88.76,10000.0,2,0
2025-09-10 03:00:00,Vinh Tuy Bridge,Outbound,3,0,0,Partially cloudy,26.0,0.0,88.76,10000.0,2,0
2025-09-10 07:10:00,Vinh Tuy Bridge,Inbound,7,66,0,Overcast,26.4,0.0,89.93,8700.0,2,0
2025-09-10 07:10:00,Vinh Tuy Bridge,Outbound,7,157,1,Overcast,26.4,0.0,89.93,8700.0,2,0
2025-09-10 07:30:00,Vinh Tuy Bridge,Inbound,7,96,1,Overcast,26.4,0.0,89.93,8700.0,2,0
2025-09-10 07:30:00,Vinh Tuy Bridge,Outbound,7,200,1,Overcast,26.4,0.0,89.93,8700.0,2,0
2025-09-10 10:00:00,Vinh Tuy Bridge,Inbound,10,52,0,Partially cloudy,30.1,0.1,80.78,10000.0,2,0
2025-09-10 10:00:00,Vinh Tuy Bridge,Outbound,10,57,0,Partially cloudy,30.1,0.1,80.78,10000.0,2,0
2025-09-10 12:00:00,Vinh Tuy Bridge,Inbound,12,45,0,Partially cloudy,32.0,0.2,70.66,10000.0,2,0
2025-09-10 12:00:00,Vinh Tuy Bridge,Outbound,12,51,0,Partially cloudy,32.0,0.2,70.66,10000.0,2,0
2025-09-10 15:00:00,Vinh Tuy Bridge,Inbound,15,54,0,"Rain, Partially cloudy",32.0,0.9,70.66,10000.0,2,0
2025-09-10 15:00:00,Vinh Tuy Bridge,Outbound,15,68,0,"Rain, Partially cloudy",32.0,0.9,70.66,10000.0,2,0
2025-09-10 16:00:00,Vinh Tuy Bridge,Inbound,16,82,0,"Rain, Partially cloudy",31.1,4.6,71.82,10000.0,2,0
2025-09-10 16:00:00,Vinh Tuy Bridge,Outbound,16,104,0,"Rain, Partially cloudy",31.1,4.6,71.82,10000.0,2,0
2025-09-10 17:10:00,Vinh Tuy Bridge,Inbound,17,138,1,Partially cloudy,31.0,0.1,70.48,10000.0,2,0
2025-09-10 17:10:00,Vinh Tuy Bridge,Outbound,17,156,1,Partially cloudy,31.0,0.1,70.48,10000.0,2,0
2025-09-10 20:00:00,Vinh Tuy Bridge,Inbound,20,30,0,"Rain, Partially cloudy",30.0,0.4,79.2,10000.0,2,0
2025-09-10 20:00:00,Vinh Tuy Bridge,Outbound,20,41,0,"Rain, Partially cloudy",30.0,0.4,79.2,10000.0,2,0
2025-09-10 22:30:00,Vinh Tuy Bridge,Inbound,22,0,0,Partially cloudy,28.8,0.0,88.0,10000.0,2,0
2025-09-10 22:30:00,Vinh Tuy Bridge,Outbound,22,0,0,Partially cloudy,28.8,0.0,88.0,10000.0,2,0
2025-09-09 03:00:00,Vinh Tuy Bridge,Inbound,3,0,0,Overcast,28.0,0.0,94.31,10000.0,1,0
2025-09-09 03:00:00,Vinh Tuy Bridge,Outbound,3,0,0,Overcast,28.0,0.0,94.31,10000.0,1,0
2025-09-09 07:10:00,Vinh Tuy Bridge,Inbound,7,68,0,Overcast,29.2,0.0,89.94,10200.0,1,0
2025-09-09 07:10:00,Vinh Tuy Bridge,Outbound,7,155,1,Overcast,29.2,0.0,89.94,10200.0,1,0
2025-09-09 07:30:00,Vinh Tuy Bridge,Inbound,7,94,1,Overcast,29.2,0.0,89.94,10200.0,1,0
2025-09-09 07:30:00,Vinh Tuy Bridge,Outbound,7,204,1,Overcast,29.2,0.0,89.94,10200.0,1,0
2025-09-09 10:00:00,Vinh Tuy Bridge,Inbound,10,61,0,Partially cloudy,32.0,0.1,76.2,10000.0,1,0
2025-09-09 10:00:00,Vinh Tuy Bridge,Outbound,10,53,0,Partially cloudy,32.0,0.1,76.2,10000.0,1,0
2025-09-09 12:00:00,Vinh Tuy Bridge,Inbound,12,57,0,Partially cloudy,24.0,0.1,100.0,10000.0,1,0
2025-09-09 12:00:00,Vinh Tuy Bridge,Outbound,12,45,0,Partially cloudy,24.0,0.1,100.0,10000.0,1,0
2025-09-09 15:00:00,Vinh Tuy Bridge,Inbound,15,67,0,"Rain, Partially cloudy",27.0,0.3,88.84,10000.0,1,0
2025-09-09 15:00:00,Vinh Tuy Bridge,Outbound,15,56,0,"Rain, Partially cloudy",27.0,0.3,88.84,10000.0,1,0
2025-09-09 16:00:00,Vinh Tuy Bridge,Inbound,16,96,1,Overcast,26.4,0.1,92.74,9700.0,1,0
2025-09-09 16:00:00,Vinh Tuy Bridge,Outbound,16,79,0,Overcast,26.4,0.1,92.74,9700.0,1,0
2025-09-09 17:10:00,Vinh Tuy Bridge,Inbound,17,155,1,"Rain, Partially cloudy",27.0,0.4,88.84,9000.0,1,0
2025-09-09 17:10:00,Vinh Tuy Bridge,Outbound,17,112,0,"Rain, Partially cloudy",27.0,0.4,88.84,9000.0,1,0
2025-09-09 20:00:00,Vinh Tuy Bridge,Inbound,20,35,0,Clear,26.0,0.0,94.23,6000.0,1,0
2025-09-09 20:00:00,Vinh Tuy Bridge,Outbound,20,47,0,Clear,26.0,0.0,94.23,6000.0,1,0
2025-09-09 22:30:00,Vinh Tuy Bridge,Inbound,22,0,0,Partially cloudy,25.7,0.0,92.67,10000.0,1,0
2025-09-09 22:30:00,Vinh Tuy Bridge,Outbound,22,0,0,Partially cloudy,25.7,0.0,92.67,10000.0,1,0
2025-09-08 03:00:00,Vinh Tuy Bridge,Inbound,3,0,0,Clear,28.0,0.0,88.92,10000.0,0,0
2025-09-08 03:00:00,Vinh Tuy Bridge,Outbound,3,0,0,Clear,28.0,0.0,88.92,10000.0,0,0
2025-09-08 07:10:00,Vinh Tuy Bridge,Inbound,7,139,1,Partially cloudy,28.4,0.0,89.02,10100.0,0,0
2025-09-08 07:10:00,Vinh Tuy Bridge,Outbound,7,275,1,Partially cloudy,28.4,0.0,89.02,10100.0,0,0
2025-09-08 07:30:00,Vinh Tuy Bridge,Inbound,7,178,1,Partially cloudy,28.4,0.0,89.02,10100.0,0,0
2025-09-08 07:30:00,Vinh Tuy Bridge,Outbound,7,373,1,Partially cloudy,28.4,0.0,89.02,10100.0,0,0
2025-09-08 10:00:00,Vinh Tuy Bridge,Inbound,10,45,0,Clear,32.4,0.0,74.05,9300.0,0,0
2025-09-08 10:00:00,Vinh Tuy Bridge,Outbound,10,72,0,Clear,32.4,0.0,74.05,9300.0,0,0
2025-09-08 12:00:00,Vinh Tuy Bridge,Inbound,12,33,0,Partially cloudy,34.0,0.0,66.98,10000.0,0,0
2025-09-08 12:00:00,Vinh Tuy Bridge,Outbound,12,56,0,Partially cloudy,34.0,0.0,66.98,10000.0,0,0
2025-09-08 15:00:00,Vinh Tuy Bridge,Inbound,15,46,0,Partially cloudy,36.0,0.0,56.52,10000.0,0,0
2025-09-08 15:00:00,Vinh Tuy Bridge,Outbound,15,75,0,Partially cloudy,36.0,0.0,56.52,10000.0,0,0
2025-09-08 16:00:00,Vinh Tuy Bridge,Inbound,16,76,0,Partially cloudy,36.4,0.0,50.47,10200.0,0,0
2025-09-08 16:00:00,Vinh Tuy Bridge,Outbound,16,92,0,Partially cloudy,36.4,0.0,50.47,10200.0,0,0
2025-09-08 17:10:00,Vinh Tuy Bridge,Inbound,17,132,1,Clear,33.0,0.0,66.78,10000.0,0,0
2025-09-08 17:10:00,Vinh Tuy Bridge,Outbound,17,128,0,Clear,33.0,0.0,66.78,10000.0,0,0
2025-09-08 20:00:00,Vinh Tuy Bridge,Inbound,20,23,0,Clear,31.0,0.0,79.33,6000.0,0,0
2025-09-08 20:00:00,Vinh Tuy Bridge,Outbound,20,42,0,Clear,31.0,0.0,79.33,6000.0,0,0
2025-09-08 22:30:00,Vinh Tuy Bridge,Inbound,22,0,0,Partially cloudy,30.5,0.0,78.96,9100.0,0,0
2025-09-08 22:30:00,Vinh Tuy Bridge,Outbound,22,0,0,Partially cloudy,30.5,0.0,78.96,9100.0,0,0
2025-09-07 03:00:00,Vinh Tuy Bridge,Inbound,3,0,0,Clear,28.0,0.0,88.92,10000.0,6,0
2025-09-07 03:00:00,Vinh Tuy Bridge,Outbound,3,0,0,Clear,28.0,0.0,88.92,10000.0,6,0
2025-09-07 07:10:00,Vinh Tuy Bridge,Inbound,7,17,0,Partially cloudy,28.7,0.0,89.89,10100.0,6,0
2025-09-07 07:10:00,Vinh Tuy Bridge,Outbound,7,20,0,Partially cloudy,28.7,0.0,89.89,10100.0,6,0
2025-09-07 07:30:00,Vinh Tuy Bridge,Inbound,7,24,0,Partially cloudy,28.7,0.0,89.89,10100.0,6,0
2025-09-07 07:30:00,Vinh Tuy Bridge,Outbound,7,27,0,Partially cloudy,28.7,0.0,89.89,10100.0,6,0
2025-09-07 10:00:00,Vinh Tuy Bridge,Inbound,10,34,0,Partially cloudy,32.4,0.0,62.45,16900.0,6,0
2025-09-07 10:00:00,Vinh Tuy Bridge,Outbound,10,44,0,Partially cloudy,32.4,0.0,62.45,16900.0,6,0
2025-09-07 12:00:00,Vinh Tuy Bridge,Inbound,12,43,0,Clear,34.0,0.0,56.05,10000.0,6,0
2025-09-07 12:00:00,Vinh Tuy Bridge,Outbound,12,58,0,Clear,34.0,0.0,56.05,10000.0,6,0
2025-09-07 15:00:00,Vinh Tuy Bridge,Inbound,15,66,0,Clear,34.0,0.0,56.05,10000.0,6,0
2025-09-07 15:00:00,Vinh Tuy Bridge,Outbound,15,65,0,Clear,34.0,0.0,56.05,10000.0,6,0
2025-09-07 16:00:00,Vinh Tuy Bridge,Inbound,16,92,1,Partially cloudy,34.8,0.1,51.88,10200.0,6,0
2025-09-07 16:00:00,Vinh Tuy Bridge,Outbound,16,93,0,Partially cloudy,34.8,0.1,51.88,10200.0,6,0
2025-09-07 17:10:00,Vinh Tuy Bridge,Inbound,17,96,1,Clear,35.0,0.0,53.01,10000.0,6,0
2025-09-07 17:10:00,Vinh Tuy Bridge,Outbound,17,149,1,Clear,35.0,0.0,53.01,10000.0,6,0
2025-09-07 20:00:00,Vinh Tuy Bridge,Inbound,20,24,0,Clear,31.0,0.0,70.48,10000.0,6,0
2025-09-07 20:00:00,Vinh Tuy Bridge,Outbound,20,62,0,Clear,31.0,0.0,70.48,10000.0,6,0
2025-09-07 22:30:00,Vinh Tuy Bridge,Inbound,22,0,0,Clear,29.7,0.0,74.88,9700.0,6,0
2025-09-07 22:30:00,Vinh Tuy Bridge,Outbound,22,0,0,Clear,29.7,0.0,74.88,9700.0,6,0
2025-09-06 03:00:00,Vinh Tuy Bridge,Inbound,3,0,0,Clear,28.0,0.0,88.92,10000.0,5,0
2025-09-06 03:00:00,Vinh Tuy Bridge,Outbound,3,0,0,Clear,28.0,0.0,88.92,10000.0,5,0
2025-09-06 07:10:00,Vinh Tuy Bridge,Inbound,7,48,0,Partially cloudy,28.7,0.0,90.0,9500.0,5,0
2025-09-06 07:10:00,Vinh Tuy Bridge,Outbound,7,51,0,Partially cloudy,28.7,0.0,90.0,9500.0,5,0
2025-09-06 07:30:00,Vinh Tuy Bridge,Inbound,7,75,0,Partially cloudy,28.7,0.0,90.0,9500.0,5,0
2025-09-06 07:30:00,Vinh Tuy Bridge,Outbound,7,73,0,Partially cloudy,28.7,0.0,90.0,9500.0,5,0
2025-09-06 10:00:00,Vinh Tuy Bridge,Inbound,10,134,1,Partially cloudy,32.7,0.0,67.87,10200.0,5,0
2025-09-06 10:00:00,Vinh Tuy Bridge,Outbound,10,120,0,Partially cloudy,32.7,0.0,67.87,10200.0,5,0
2025-09-06 12:00:00,Vinh Tuy Bridge,Inbound,12,148,1,Partially cloudy,33.0,0.0,66.78,10000.0,5,0
2025-09-06 12:00:00,Vinh Tuy Bridge,Outbound,12,127,0,Partially cloudy,33.0,0.0,66.78,10000.0,5,0
2025-09-06 15:00:00,Vinh Tuy Bridge,Inbound,15,174,1,Clear,35.0,0.0,53.01,10000.0,5,0
2025-09-06 15:00:00,Vinh Tuy Bridge,Outbound,15,145,0,Clear,35.0,0.0,53.01,10000.0,5,0
2025-09-06 16:00:00,Vinh Tuy Bridge,Inbound,16,219,1,Partially cloudy,34.8,0.1,56.23,10200.0,5,0
2025-09-06 16:00:00,Vinh Tuy Bridge,Outbound,16,135,0,Partially cloudy,34.8,0.1,56.23,10200.0,5,0
2025-09-06 17:10:00,Vinh Tuy Bridge,Inbound,17,250,1,Clear,34.0,0.1,59.5,10000.0,5,0
2025-09-06 17:10:00,Vinh Tuy Bridge,Outbound,17,232,1,Clear,34.0,0.1,59.5,10000.0,5,0
2025-09-06 20:00:00,Vinh Tuy Bridge,Inbound,20,55,0,Clear,31.0,0.0,79.33,10000.0,5,0
2025-09-06 20:00:00,Vinh Tuy Bridge,Outbound,20,68,0,Clear,31.0,0.0,79.33,10000.0,5,0
2025-09-06 22:30:00,Vinh Tuy Bridge,Inbound,22,0,0,Clear,29.7,0.0,82.76,10000.0,5,0
2025-09-06 22:30:00,Vinh Tuy Bridge,Outbound,22,0,0,Clear,29.7,0.0,82.76,10000.0,5,0
2025-09-05 03:00:00,Vinh Tuy Bridge,Inbound,3,0,0,Clear,27.0,0.0,94.27,10000.0,4,0
2025-09-05 03:00:00,Vinh Tuy Bridge,Outbound,3,0,0,Clear,27.0,0.0,94.27,10000.0,4,0
2025-09-05 07:10:00,Vinh Tuy Bridge,Inbound,7,46,0,Partially cloudy,28.4,0.0,90.4,16000.0,4,0
2025-09-05 07:10:00,Vinh Tuy Bridge,Outbound,7,67,0,Partially cloudy,28.4,0.0,90.4,16000.0,4,0
2025-09-05 07:30:00,Vinh Tuy Bridge,Inbound,7,68,0,Partially cloudy,28.4,0.0,90.4,16000.0,4,0
2025-09-05 07:30:00,Vinh Tuy Bridge,Outbound,7,94,0,Partially cloudy,28.4,0.0,90.4,16000.0,4,0
2025-09-05 10:00:00,Vinh Tuy Bridge,Inbound,10,49,0,Partially cloudy,33.1,0.0,61.89,16900.0,4,0
2025-09-05 10:00:00,Vinh Tuy Bridge,Outbound,10,55,0,Partially cloudy,33.1,0.0,61.89,16900.0,4,0
2025-09-05 12:00:00,Vinh Tuy Bridge,Inbound,12,55,0,Partially cloudy,34.0,0.0,63.14,10000.0,4,0
2025-09-05 12:00:00,Vinh Tuy Bridge,Outbound,12,51,0,Partially cloudy,34.0,0.0,63.14,10000.0,4,0
2025-09-05 15:00:00,Vinh Tuy Bridge,Inbound,15,80,0,Partially cloudy,34.0,0.0,59.5,10000.0,4,0
2025-09-05 15:00:00,Vinh Tuy Bridge,Outbound,15,73,0,Partially cloudy,34.0,0.0,59.5,10000.0,4,0
2025-09-05 16:00:00,Vinh Tuy Bridge,Inbound,16,140,1,Partially cloudy,34.4,0.0,55.53,10200.0,4,0
2025-09-05 16:00:00,Vinh Tuy Bridge,Outbound,16,116,0,Partially cloudy,34.4,0.0,55.53,10200.0,4,0
2025-09-05 17:10:00,Vinh Tuy Bridge,Inbound,17,255,1,Clear,33.0,0.0,66.78,10000.0,4,0
2025-09-05 17:10:00,Vinh Tuy Bridge,Outbound,17,220,1,Clear,33.0,0.0,66.78,10000.0,4,0
2025-09-05 20:00:00,Vinh Tuy Bridge,Inbound,20,77,0,Clear,31.0,0.0,79.33,10000.0,4,0
2025-09-05 20:00:00,Vinh Tuy Bridge,Outbound,20,47,0,Clear,31.0,0.0,79.33,10000.0,4,0
2025-09-05 22:30:00,Vinh Tuy Bridge,Inbound,22,0,0,Clear,30.1,0.0,82.44,10000.0,4,0
2025-09-05 22:30:00,Vinh Tuy Bridge,Outbound,22,0,0,Clear,30.1,0.0,82.44,10000.0,4,0
2025-09-04 03:00:00,Vinh Tuy Bridge,Inbound,3,0,0,Clear,27.0,0.0,88.84,10000.0,3,0
2025-09-04 03:00:00,Vinh Tuy Bridge,Outbound,3,0,0,Clear,27.0,0.0,88.84,10000.0,3,0
2025-09-04 07:10:00,Vinh Tuy Bridge,Inbound,7,63,0,Clear,27.7,0.0,89.95,10400.0,3,0
2025-09-04 07:10:00,Vinh Tuy Bridge,Outbound,7,140,0,Clear,27.7,0.0,89.95,10400.0,3,0
2025-09-04 07:30:00,Vinh Tuy Bridge,Inbound,7,97,1,Clear,27.7,0.0,89.95,10400.0,3,0
2025-09-04 07:30:00,Vinh Tuy Bridge,Outbound,7,180,1,Clear,27.7,0.0,89.95,10400.0,3,0
2025-09-04 10:00:00,Vinh Tuy Bridge,Inbound,10,46,0,Partially cloudy,32.4,0.0,63.95,16900.0,3,0
2025-09-04 10:00:00,Vinh Tuy Bridge,Outbound,10,55,0,Partially cloudy,32.4,0.0,63.95,16900.0,3,0
2025-09-04 12:00:00,Vinh Tuy Bridge,Inbound,12,36,0,Overcast,34.0,0.1,59.5,10000.0,3,0
2025-09-04 12:00:00,Vinh Tuy Bridge,Outbound,12,48,0,Overcast,34.0,0.1,59.5,10000.0,3,0
2025-09-04 15:00:00,Vinh Tuy Bridge,Inbound,15,46,0,Partially cloudy,35.0,0.0,59.73,10000.0,3,0
2025-09-04 15:00:00,Vinh Tuy Bridge,Outbound,15,61,0,Partially cloudy,35.0,0.0,59.73,10000.0,3,0
2025-09-04 16:00:00,Vinh Tuy Bridge,Inbound,16,74,0,Clear,34.4,0.0,55.15,16900.0,3,0
2025-09-04 16:00:00,Vinh Tuy Bridge,Outbound,16,88,0,Clear,34.4,0.0,55.15,16900.0,3,0
2025-09-04 17:10:00,Vinh Tuy Bridge,Inbound,17,131,1,Clear,34.0,0.0,59.5,10000.0,3,0
2025-09-04 17:10:00,Vinh Tuy Bridge,Outbound,17,154,1,Clear,34.0,0.0,59.5,10000.0,3,0
2025-09-04 20:00:00,Vinh Tuy Bridge,Inbound,20,26,0,Clear,31.0,0.0,74.79,10000.0,3,0
2025-09-04 20:00:00,Vinh Tuy Bridge,Outbound,20,52,0,Clear,31.0,0.0,74.79,10000.0,3,0
2025-09-04 22:30:00,Vinh Tuy Bridge,Inbound,22,0,0,Clear,29.7,0.0,82.34,16700.0,3,0
2025-09-04 22:30:00,Vinh Tuy Bridge,Outbound,22,0,0,Clear,29.7,0.0,82.34,16700.0,3,0
2025-09-03 03:00:00,Vinh Tuy Bridge,Inbound,3,0,0,Clear,27.0,0.0,94.27,8000.0,2,0
2025-09-03 03:00:00,Vinh Tuy Bridge,Outbound,3,0,0,Clear,27.0,0.0,94.27,8000.0,2,0
2025-09-03 07:10:00,Vinh Tuy Bridge,Inbound,7,66,0,Partially cloudy,27.4,0.0,93.85,8600.0,2,0
2025-09-03 07:10:00,Vinh Tuy Bridge,Outbound,7,157,1,Partially cloudy,27.4,0.0,93.85,8600.0,2,0
2025-09-03 07:30:00,Vinh Tuy Bridge,Inbound,7,96,1,Partially cloudy,27.4,0.0,93.85,8600.0,2,0
2025-09-03 07:30:00,Vinh Tuy Bridge,Outbound,7,200,1,Partially cloudy,27.4,0.0,93.85,8600.0,2,0
2025-09-03 10:00:00,Vinh Tuy Bridge,Inbound,10,52,0,Partially cloudy,31.0,0.1,72.25,10200.0,2,0
2025-09-03 10:00:00,Vinh Tuy Bridge,Outbound,10,57,0,Partially cloudy,31.0,0.1,72.25,10200.0,2,0
2025-09-03 12:00:00,Vinh Tuy Bridge,Inbound,12,45,0,Partially cloudy,33.0,0.1,66.78,10000.0,2,0
2025-09-03 12:00:00,Vinh Tuy Bridge,Outbound,12,51,0,Partially cloudy,33.0,0.1,66.78,10000.0,2,0
2025-09-03 15:00:00,Vinh Tuy Bridge,Inbound,15,54,0,Clear,34.0,0.1,56.05,10000.0,2,0
2025-09-03 15:00:00,Vinh Tuy Bridge,Outbound,15,68,0,Clear,34.0,0.1,56.05,10000.0,2,0
2025-09-03 16:00:00,Vinh Tuy Bridge,Inbound,16,82,0,Clear,34.1,0.0,58.51,10200.0,2,0
2025-09-03 16:00:00,Vinh Tuy Bridge,Outbound,16,104,0,Clear,34.1,0.0,58.51,10200.0,2,0
2025-09-03 17:10:00,Vinh Tuy Bridge,Inbound,17,138,1,Clear,34.0,0.0,59.5,10000.0,2,0
2025-09-03 17:10:00,Vinh Tuy Bridge,Outbound,17,156,1,Clear,34.0,0.0,59.5,10000.0,2,0
2025-09-03 20:00:00,Vinh Tuy Bridge,Inbound,20,30,0,Clear,30.0,0.0,79.2,10000.0,2,0
2025-09-03 20:00:00,Vinh Tuy Bridge,Outbound,20,41,0,Clear,30.0,0.0,79.2,10000.0,2,0
2025-09-03 22:30:00,Vinh Tuy Bridge,Inbound,22,0,0,Clear,29.0,0.0,83.98,10000.0,2,0
2025-09-03 22:30:00,Vinh Tuy Bridge,Outbound,22,0,0,Clear,29.0,0.0,83.98,10000.0,2,0
2025-09-02 03:00:00,Vinh Tuy Bridge,Inbound,3,0,0,Partially cloudy,26.0,0.2,100.0,5000.0,1,1
2025-09-02 03:00:00,Vinh Tuy Bridge,Outbound,3,0,0,Partially cloudy,26.0,0.2,100.0,5000.0,1,1
2025-09-02 07:10:00,Vinh Tuy Bridge,Inbound,7,68,0,Partially cloudy,26.3,0.0,94.27,9200.0,1,1
2025-09-02 07:10:00,Vinh Tuy Bridge,Outbound,7,155,1,Partially cloudy,26.3,0.0,94.27,9200.0,1,1
2025-09-02 07:30:00,Vinh Tuy Bridge,Inbound,7,94,1,Partially cloudy,26.3,0.0,94.27,9200.0,1,1
2025-09-02 07:30:00,Vinh Tuy Bridge,Outbound,7,204,1,Partially cloudy,26.3,0.0,94.27,9200.0,1,1
2025-09-02 10:00:00,Vinh Tuy Bridge,Inbound,10,61,0,Partially cloudy,28.4,0.1,86.28,10200.0,1,1
2025-09-02 10:00:00,Vinh Tuy Bridge,Outbound,10,53,0,Partially cloudy,28.4,0.1,86.28,10200.0,1,1
2025-09-02 12:00:00,Vinh Tuy Bridge,Inbound,12,57,0,Partially cloudy,31.0,0.2,70.47,10000.0,1,1
2025-09-02 12:00:00,Vinh Tuy Bridge,Outbound,12,45,0,Partially cloudy,31.0,0.2,70.47,10000.0,1,1
2025-09-02 15:00:00,Vinh Tuy Bridge,Inbound,15,67,0,"Rain, Partially cloudy",33.0,0.4,62.92,10000.0,1,1
2025-09-02 15:00:00,Vinh Tuy Bridge,Outbound,15,56,0,"Rain, Partially cloudy",33.0,0.4,62.92,10000.0,1,1
2025-09-02 16:00:00,Vinh Tuy Bridge,Inbound,16,96,1,"Rain, Partially cloudy",32.8,0.5,78.86,10000.0,1,1
2025-09-02 16:00:00,Vinh Tuy Bridge,Outbound,16,79,0,"Rain, Partially cloudy",32.8,0.5,78.86,10000.0,1,1
2025-09-02 17:10:00,Vinh Tuy Bridge,Inbound,17,155,1,Overcast,29.7,0.2,80.57,10000.0,1,1
2025-09-02 17:10:00,Vinh Tuy Bridge,Outbound,17,130,0,Overcast,29.7,0.2,80.57,10000.0,1,1
2025-09-02 20:00:00,Vinh Tuy Bridge,Inbound,20,35,0,Partially cloudy,29.0,0.0,83.89,10000.0,1,1
2025-09-02 20:00:00,Vinh Tuy Bridge,Outbound,20,47,0,Partially cloudy,29.0,0.0,83.89,10000.0,1,1
2025-09-02 22:30:00,Vinh Tuy Bridge,Inbound,22,0,0,Clear,28.0,0.0,88.21,10000.0,1,1
2025-09-02 22:30:00,Vinh Tuy Bridge,Outbound,22,0,0,Clear,28.0,0.0,88.21,10000.0,1,1
2025-09-01 03:00:00,Vinh Tuy Bridge,Inbound,3,0,0,Partially cloudy,26.0,0.0,94.23,9000.0,0,1
2025-09-01 03:00:00,Vinh Tuy Bridge,Outbound,3,0,0,Partially cloudy,26.0,0.0,94.23,9000.0,0,1
2025-09-01 07:10:00,Vinh Tuy Bridge,Inbound,7,139,1,Partially cloudy,27.0,0.0,94.27,8000.0,0,1
2025-09-01 07:10:00,Vinh Tuy Bridge,Outbound,7,275,1,Partially cloudy,27.0,0.0,94.27,8000.0,0,1
2025-09-01 07:30:00,Vinh Tuy Bridge,Inbound,7,178,1,Partially cloudy,27.0,0.0,94.27,8000.0,0,1
2025-09-01 07:30:00,Vinh Tuy Bridge,Outbound,7,373,1,Partially cloudy,27.0,0.0,94.27,8000.0,0,1
2025-09-01 10:00:00,Vinh Tuy Bridge,Inbound,10,45,0,Partially cloudy,30.0,0.0,79.19,10000.0,0,1
2025-09-01 10:00:00,Vinh Tuy Bridge,Outbound,10,72,0,Partially cloudy,30.0,0.0,79.19,10000.0,0,1
2025-09-01 12:00:00,Vinh Tuy Bridge,Inbound,12,33,0,Partially cloudy,31.0,0.1,70.47,10000.0,0,1
2025-09-01 12:00:00,Vinh Tuy Bridge,Outbound,12,56,0,Partially cloudy,31.0,0.1,70.47,10000.0,0,1
2025-09-01 15:00:00,Vinh Tuy Bridge,Inbound,15,46,0,"Rain, Overcast",30.5,0.4,74.7,10000.0,0,1
2025-09-01 15:00:00,Vinh Tuy Bridge,Outbound,15,75,0,"Rain, Overcast",30.5,0.4,74.7,10000.0,0,1
2025-09-01 16:00:00,Vinh Tuy Bridge,Inbound,16,76,0,Partially cloudy,30.1,0.1,75.93,10300.0,0,1
2025-09-01 16:00:00,Vinh Tuy Bridge,Outbound,16,108,0,Partially cloudy,30.1,0.1,75.93,10300.0,0,1
2025-09-01 17:10:00,Vinh Tuy Bridge,Inbound,17,132,1,Partially cloudy,29.0,0.1,83.89,10000.0,0,1
2025-09-01 17:10:00,Vinh Tuy Bridge,Outbound,17,165,1,Partially cloudy,29.0,0.1,83.89,10000.0,0,1
2025-09-01 20:00:00,Vinh Tuy Bridge,Inbound,20,23,0,Overcast,26.0,0.0,100.0,10000.0,0,1
2025-09-01 20:00:00,Vinh Tuy Bridge,Outbound,20,59,0,Overcast,26.0,0.0,100.0,10000.0,0,1
2025-09-01 22:30:00,Vinh Tuy Bridge,Inbound,22,0,0,Partially cloudy,26.7,0.1,94.28,10000.0,0,1
2025-09-01 22:30:00,Vinh Tuy Bridge,Outbound,22,0,0,Partially cloudy,26.7,0.1,94.28,10000.0,0,1
2025-08-31 03:00:00,Vinh Tuy Bridge,Inbound,3,0,0,"Rain, Partially cloudy",25.0,2.2,94.19,10000.0,6,0
2025-08-31 03:00:00,Vinh Tuy Bridge,Outbound,3,0,0,"Rain, Partially cloudy",25.0,2.2,94.19,10000.0,6,0
2025-08-31 07:10:00,Vinh Tuy Bridge,Inbound,7,17,0,"Rain, Partially cloudy",26.0,0.7,94.23,10000.0,6,0
2025-08-31 07:10:00,Vinh Tuy Bridge,Outbound,7,20,0,"Rain, Partially cloudy",26.0,0.7,94.23,10000.0,6,0
2025-08-31 07:30:00,Vinh Tuy Bridge,Inbound,7,24,0,"Rain, Partially cloudy",26.0,0.7,94.23,10000.0,6,0
2025-08-31 07:30:00,Vinh Tuy Bridge,Outbound,7,27,0,"Rain, Partially cloudy",26.0,0.7,94.23,10000.0,6,0
2025-08-31 10:00:00,Vinh Tuy Bridge,Inbound,10,34,0,Overcast,30.0,0.0,79.19,10000.0,6,0
2025-08-31 10:00:00,Vinh Tuy Bridge,Outbound,10,44,0,Overcast,30.0,0.0,79.19,10000.0,6,0
2025-08-31 12:00:00,Vinh Tuy Bridge,Inbound,12,43,0,Partially cloudy,31.0,0.1,74.78,10000.0,6,0
2025-08-31 12:00:00,Vinh Tuy Bridge,Outbound,12,58,0,Partially cloudy,31.0,0.1,74.78,10000.0,6,0
2025-08-31 15:00:00,Vinh Tuy Bridge,Inbound,15,66,0,"Rain, Partially cloudy",33.0,1.6,62.92,10000.0,6,0
2025-08-31 15:00:00,Vinh Tuy Bridge,Outbound,15,87,0,"Rain, Partially cloudy",33.0,1.6,62.92,10000.0,6,0
2025-08-31 16:00:00,Vinh Tuy Bridge,Inbound,16,92,1,"Rain, Partially cloudy",31.0,0.4,70.47,10000.0,6,0
2025-08-31 16:00:00,Vinh Tuy Bridge,Outbound,16,115,0,"Rain, Partially cloudy",31.0,0.4,70.47,10000.0,6,0
2025-08-31 17:10:00,Vinh Tuy Bridge,Inbound,17,96,1,"Rain, Partially cloudy",30.0,0.5,74.62,10000.0,6,0
2025-08-31 17:10:00,Vinh Tuy Bridge,Outbound,17,149,1,"Rain, Partially cloudy",30.0,0.5,74.62,10000.0,6,0
2025-08-31 20:00:00,Vinh Tuy Bridge,Inbound,20,24,0,Overcast,27.0,0.0,88.83,10000.0,6,0
2025-08-31 20:00:00,Vinh Tuy Bridge,Outbound,20,62,0,Overcast,27.0,0.0,88.83,10000.0,6,0
2025-08-31 22:30:00,Vinh Tuy Bridge,Inbound,22,0,0,"Rain, Overcast",27.0,0.3,88.83,10000.0,6,0
2025-08-31 22:30:00,Vinh Tuy Bridge,Outbound,22,0,0,"Rain, Overcast",27.0,0.3,88.83,10000.0,6,0
2025-08-30 03:00:00,Vinh Tuy Bridge,Inbound,3,0,0,"Rain, Partially cloudy",25.0,2.5,100.0,10000.0,5,0
2025-08-30 03:00:00,Vinh Tuy Bridge,Outbound,3,0,0,"Rain, Partially cloudy",25.0,2.5,100.0,10000.0,5,0
2025-08-30 07:10:00,Vinh Tuy Bridge,Inbound,7,48,0,"Rain, Partially cloudy",26.0,0.5,88.75,10000.0,5,0
2025-08-30 07:10:00,Vinh Tuy Bridge,Outbound,7,51,0,"Rain, Partially cloudy",26.0,0.5,88.75,10000.0,5,0
2025-08-30 07:30:00,Vinh Tuy Bridge,Inbound,7,75,0,"Rain, Partially cloudy",26.0,0.5,88.75,10000.0,5,0
2025-08-30 07:30:00,Vinh Tuy Bridge,Outbound,7,73,0,"Rain, Partially cloudy",26.0,0.5,88.75,10000.0,5,0
2025-08-30 10:00:00,Vinh Tuy Bridge,Inbound,10,134,1,Partially cloudy,31.0,0.2,70.47,10000.0,5,0
2025-08-30 10:00:00,Vinh Tuy Bridge,Outbound,10,120,0,Partially cloudy,31.0,0.2,70.47,10000.0,5,0
2025-08-30 12:00:00,Vinh Tuy Bridge,Inbound,12,148,1,"Rain, Partially cloudy",31.0,0.9,70.47,10000.0,5,0
2025-08-30 12:00:00,Vinh Tuy Bridge,Outbound,12,127,0,"Rain, Partially cloudy",31.0,0.9,70.47,10000.0,5,0
2025-08-30 15:00:00,Vinh Tuy Bridge,Inbound,15,174,1,"Rain, Partially cloudy",32.0,2.2,74.94,10000.0,5,0
2025-08-30 15:00:00,Vinh Tuy Bridge,Outbound,15,145,0,"Rain, Partially cloudy",32.0,2.2,74.94,10000.0,5,0
2025-08-30 16:00:00,Vinh Tuy Bridge,Inbound,16,219,1,"Rain, Partially cloudy",27.0,0.4,94.27,10000.0,5,0
2025-08-30 16:00:00,Vinh Tuy Bridge,Outbound,16,193,1,"Rain, Partially cloudy",27.0,0.4,94.27,10000.0,5,0
2025-08-30 17:10:00,Vinh Tuy Bridge,Inbound,17,250,1,Overcast,28.0,0.1,88.91,10000.0,5,0
2025-08-30 17:10:00,Vinh Tuy Bridge,Outbound,17,232,1,Overcast,28.0,0.1,88.91,10000.0,5,0
2025-08-30 20:00:00,Vinh Tuy Bridge,Inbound,20,55,0,"Rain, Overcast",26.0,0.4,88.75,10000.0,5,0
2025-08-30 20:00:00,Vinh Tuy Bridge,Outbound,20,68,0,"Rain, Overcast",26.0,0.4,88.75,10000.0,5,0
2025-08-30 22:30:00,Vinh Tuy Bridge,Inbound,22,0,0,Overcast,26.0,0.1,88.75,10000.0,5,0
2025-08-30 22:30:00,Vinh Tuy Bridge,Outbound,22,0,0,Overcast,26.0,0.1,88.75,10000.0,5,0
2025-08-29 03:00:00,Vinh Tuy Bridge,Inbound,3,0,0,Clear,26.0,0.1,94.23,10000.0,4,0
2025-08-29 03:00:00,Vinh Tuy Bridge,Outbound,3,0,0,Clear,26.0,0.1,94.23,10000.0,4,0
2025-08-29 07:10:00,Vinh Tuy Bridge,Inbound,7,46,0,"Rain, Partially cloudy",25.8,1.5,94.1,8900.0,4,0
2025-08-29 07:10:00,Vinh Tuy Bridge,Outbound,7,67,0,"Rain, Partially cloudy",25.8,1.5,94.1,8900.0,4,0
2025-08-29 07:30:00,Vinh Tuy Bridge,Inbound,7,68,0,"Rain, Partially cloudy",25.8,1.5,94.1,8900.0,4,0
2025-08-29 07:30:00,Vinh Tuy Bridge,Outbound,7,94,0,"Rain, Partially cloudy",25.8,1.5,94.1,8900.0,4,0
2025-08-29 10:00:00,Vinh Tuy Bridge,Inbound,10,49,0,"Rain, Partially cloudy",29.8,0.4,80.59,10000.0,4,0
2025-08-29 10:00:00,Vinh Tuy Bridge,Outbound,10,55,0,"Rain, Partially cloudy",29.8,0.4,80.59,10000.0,4,0
2025-08-29 12:00:00,Vinh Tuy Bridge,Inbound,12,55,0,Partially cloudy,32.0,0.1,66.58,10000.0,4,0
2025-08-29 12:00:00,Vinh Tuy Bridge,Outbound,12,51,0,Partially cloudy,32.0,0.1,66.58,10000.0,4,0
2025-08-29 15:00:00,Vinh Tuy Bridge,Inbound,15,80,0,"Rain, Partially cloudy",26.0,1.6,94.23,10000.0,4,0
2025-08-29 15:00:00,Vinh Tuy Bridge,Outbound,15,73,0,"Rain, Partially cloudy",26.0,1.6,94.23,10000.0,4,0
2025-08-29 16:00:00,Vinh Tuy Bridge,Inbound,16,140,1,"Rain, Partially cloudy",28.4,0.3,82.96,10000.0,4,0
2025-08-29 16:00:00,Vinh Tuy Bridge,Outbound,16,137,0,"Rain, Partially cloudy",28.4,0.3,82.96,10000.0,4,0
2025-08-29 17:10:00,Vinh Tuy Bridge,Inbound,17,255,1,Rain,27.0,0.4,88.84,10000.0,4,0
2025-08-29 17:10:00,Vinh Tuy Bridge,Outbound,17,273,1,Rain,27.0,0.4,88.84,10000.0,4,0
2025-08-29 20:00:00,Vinh Tuy Bridge,Inbound,20,77,0,"Rain, Partially cloudy",27.0,0.4,88.84,10000.0,4,0
2025-08-29 20:00:00,Vinh Tuy Bridge,Outbound,20,67,0,"Rain, Partially cloudy",27.0,0.4,88.84,10000.0,4,0
2025-08-29 22:30:00,Vinh Tuy Bridge,Inbound,22,0,0,"Rain, Partially cloudy",26.1,0.5,93.84,10000.0,4,0
2025-08-29 22:30:00,Vinh Tuy Bridge,Outbound,22,0,0,"Rain, Partially cloudy",26.1,0.5,93.84,10000.0,4,0
2025-08-28 03:00:00,Vinh Tuy Bridge,Inbound,3,0,0,"Rain, Partially cloudy",25.0,4.4,100.0,10000.0,3,0
2025-08-28 03:00:00,Vinh Tuy Bridge,Outbound,3,0,0,"Rain, Partially cloudy",25.0,4.4,100.0,10000.0,3,0
2025-08-28 07:10:00,Vinh Tuy Bridge,Inbound,7,63,0,Partially cloudy,25.7,0.0,94.62,5200.0,3,0
2025-08-28 07:10:00,Vinh Tuy Bridge,Outbound,7,140,0,Partially cloudy,25.7,0.0,94.62,5200.0,3,0
2025-08-28 07:30:00,Vinh Tuy Bridge,Inbound,7,97,1,Partially cloudy,25.7,0.0,94.62,5200.0,3,0
2025-08-28 07:30:00,Vinh Tuy Bridge,Outbound,7,180,1,Partially cloudy,25.7,0.0,94.62,5200.0,3,0
2025-08-28 10:00:00,Vinh Tuy Bridge,Inbound,10,46,0,Overcast,30.0,0.2,75.58,10200.0,3,0
2025-08-28 10:00:00,Vinh Tuy Bridge,Outbound,10,55,0,Overcast,30.0,0.2,75.58,10200.0,3,0
2025-08-28 12:00:00,Vinh Tuy Bridge,Inbound,12,36,0,Partially cloudy,32.0,0.2,66.58,10000.0,3,0
2025-08-28 12:00:00,Vinh Tuy Bridge,Outbound,12,48,0,Partially cloudy,32.0,0.2,66.58,10000.0,3,0
2025-08-28 15:00:00,Vinh Tuy Bridge,Inbound,15,46,0,Rain,33.0,4.1,59.27,10000.0,3,0
2025-08-28 15:00:00,Vinh Tuy Bridge,Outbound,15,61,0,Rain,33.0,4.1,59.27,10000.0,3,0
2025-08-28 16:00:00,Vinh Tuy Bridge,Inbound,16,74,0,"Rain, Partially cloudy",32.0,1.4,66.77,10200.0,3,0
2025-08-28 16:00:00,Vinh Tuy Bridge,Outbound,16,88,0,"Rain, Partially cloudy",32.0,1.4,66.77,10200.0,3,0
2025-08-28 17:10:00,Vinh Tuy Bridge,Inbound,17,131,1,Partially cloudy,32.0,0.1,62.71,10000.0,3,0
2025-08-28 17:10:00,Vinh Tuy Bridge,Outbound,17,154,1,Partially cloudy,32.0,0.1,62.71,10000.0,3,0
2025-08-28 20:00:00,Vinh Tuy Bridge,Inbound,20,26,0,Partially cloudy,28.0,0.0,74.3,10000.0,3,0
2025-08-28 20:00:00,Vinh Tuy Bridge,Outbound,20,52,0,Partially cloudy,28.0,0.0,74.3,10000.0,3,0
2025-08-28 22:30:00,Vinh Tuy Bridge,Inbound,22,0,0,Partially cloudy,27.0,0.0,90.7,10000.0,3,0
2025-08-28 22:30:00,Vinh Tuy Bridge,Outbound,22,0,0,Partially cloudy,27.0,0.0,90.7,10000.0,3,0
2025-08-27 03:00:00,Vinh Tuy Bridge,Inbound,3,0,0,"Rain, Overcast",25.0,0.3,94.19,10000.0,2,0
2025-08-27 03:00:00,Vinh Tuy Bridge,Outbound,3,0,0,"Rain, Overcast",25.0,0.3,94.19,10000.0,2,0
2025-08-27 07:10:00,Vinh Tuy Bridge,Inbound,7,66,0,"Rain, Overcast",24.8,1.4,96.83,8900.0,2,0
2025-08-27 07:10:00,Vinh Tuy Bridge,Outbound,7,157,1,"Rain, Overcast",24.8,1.4,96.83,8900.0,2,0
2025-08-27 07:30:00,Vinh Tuy Bridge,Inbound,7,96,1,"Rain, Overcast",24.8,1.4,96.83,8900.0,2,0
2025-08-27 07:30:00,Vinh Tuy Bridge,Outbound,7,200,1,"Rain, Overcast",24.8,1.4,96.83,8900.0,2,0
2025-08-27 10:00:00,Vinh Tuy Bridge,Inbound,10,52,0,"Rain, Overcast",25.4,1.2,96.19,10000.0,2,0
2025-08-27 10:00:00,Vinh Tuy Bridge,Outbound,10,57,0,"Rain, Overcast",25.4,1.2,96.19,10000.0,2,0
2025-08-27 12:00:00,Vinh Tuy Bridge,Inbound,12,45,0,"Rain, Overcast",27.0,1.5,88.84,10000.0,2,0
2025-08-27 12:00:00,Vinh Tuy Bridge,Outbound,12,51,0,"Rain, Overcast",27.0,1.5,88.84,10000.0,2,0
2025-08-27 15:00:00,Vinh Tuy Bridge,Inbound,15,54,0,"Rain, Partially cloudy",28.0,0.8,83.79,10000.0,2,0
2025-08-27 15:00:00,Vinh Tuy Bridge,Outbound,15,68,0,"Rain, Partially cloudy",28.0,0.8,83.79,10000.0,2,0
2025-08-27 16:00:00,Vinh Tuy Bridge,Inbound,16,82,0,"Rain, Partially cloudy",28.7,0.7,79.52,10000.0,2,0
2025-08-27 16:00:00,Vinh Tuy Bridge,Outbound,16,104,0,"Rain, Partially cloudy",28.7,0.7,79.52,10000.0,2,0
2025-08-27 17:10:00,Vinh Tuy Bridge,Inbound,17,138,1,"Rain, Partially cloudy",29.0,0.7,79.06,10000.0,2,0
2025-08-27 17:10:00,Vinh Tuy Bridge,Outbound,17,156,1,"Rain, Partially cloudy",29.0,0.7,79.06,10000.0,2,0
2025-08-27 20:00:00,Vinh Tuy Bridge,Inbound,20,30,0,Clear,27.0,0.0,88.84,10000.0,2,0
2025-08-27 20:00:00,Vinh Tuy Bridge,Outbound,20,41,0,Clear,27.0,0.0,88.84,10000.0,2,0
2025-08-27 22:30:00,Vinh Tuy Bridge,Inbound,22,0,0,Partially cloudy,25.8,0.0,94.28,10000.0,2,0
2025-08-27 22:30:00,Vinh Tuy Bridge,Outbound,22,0,0,Partially cloudy,25.8,0.0,94.28,10000.0,2,0
2025-08-26 03:00:00,Vinh Tuy Bridge,Inbound,3,0,0,"Rain, Overcast",25.0,3.2,94.19,10000.0,1,0
2025-08-26 03:00:00,Vinh Tuy Bridge,Outbound,3,0,0,"Rain, Overcast",25.0,3.2,94.19,10000.0,1,0
2025-08-26 07:10:00,Vinh Tuy Bridge,Inbound,7,68,0,"Rain, Overcast",25.1,4.6,97.1,8000.0,1,0
2025-08-26 07:10:00,Vinh Tuy Bridge,Outbound,7,155,1,"Rain, Overcast",25.1,4.6,97.1,8000.0,1,0
2025-08-26 07:30:00,Vinh Tuy Bridge,Inbound,7,94,1,"Rain, Overcast",25.1,4.6,97.1,8000.0,1,0
2025-08-26 07:30:00,Vinh Tuy Bridge,Outbound,7,204,1,"Rain, Overcast",25.1,4.6,97.1,8000.0,1,0
2025-08-26 10:00:00,Vinh Tuy Bridge,Inbound,10,61,0,"Rain, Overcast",26.1,1.4,94.63,5900.0,1,0
2025-08-26 10:00:00,Vinh Tuy Bridge,Outbound,10,53,0,"Rain, Overcast",26.1,1.4,94.63,5900.0,1,0
2025-08-26 12:00:00,Vinh Tuy Bridge,Inbound,12,57,0,"Rain, Overcast",25.0,1.6,100.0,10000.0,1,0
2025-08-26 12:00:00,Vinh Tuy Bridge,Outbound,12,45,0,"Rain, Overcast",25.0,1.6,100.0,10000.0,1,0
2025-08-26 15:00:00,Vinh Tuy Bridge,Inbound,15,67,0,"Rain, Overcast",26.0,2.2,94.23,10000.0,1,0
2025-08-26 15:00:00,Vinh Tuy Bridge,Outbound,15,56,0,"Rain, Overcast",26.0,2.2,94.23,10000.0,1,0
2025-08-26 16:00:00,Vinh Tuy Bridge,Inbound,16,96,1,"Rain, Overcast",26.8,0.4,96.07,10000.0,1,0
2025-08-26 16:00:00,Vinh Tuy Bridge,Outbound,16,79,0,"Rain, Overcast",26.8,0.4,96.07,10000.0,1,0
2025-08-26 17:10:00,Vinh Tuy Bridge,Inbound,17,155,1,Partially cloudy,27.0,0.2,94.27,9000.0,1,0
2025-08-26 17:10:00,Vinh Tuy Bridge,Outbound,17,130,0,Partially cloudy,27.0,0.2,94.27,9000.0,1,0
2025-08-26 20:00:00,Vinh Tuy Bridge,Inbound,20,35,0,"Rain, Overcast",26.0,0.6,94.23,5000.0,1,0
2025-08-26 20:00:00,Vinh Tuy Bridge,Outbound,20,47,0,"Rain, Overcast",26.0,0.6,94.23,5000.0,1,0
2025-08-26 22:30:00,Vinh Tuy Bridge,Inbound,22,0,0,"Rain, Overcast",25.5,0.3,97.59,10000.0,1,0
2025-08-26 22:30:00,Vinh Tuy Bridge,Outbound,22,0,0,"Rain, Overcast",25.5,0.3,97.59,10000.0,1,0
2025-08-25 03:00:00,Vinh Tuy Bridge,Inbound,3,0,0,Rain,24.0,2.0,94.15,9000.0,0,0
2025-08-25 03:00:00,Vinh Tuy Bridge,Outbound,3,0,0,Rain,24.0,2.0,94.15,9000.0,0,0
2025-08-25 07:10:00,Vinh Tuy Bridge,Inbound,7,139,1,"Rain, Partially cloudy",26.3,0.5,85.22,10200.0,0,0
2025-08-25 07:10:00,Vinh Tuy Bridge,Outbound,7,275,1,"Rain, Partially cloudy",26.3,0.5,85.22,10200.0,0,0
2025-08-25 07:30:00,Vinh Tuy Bridge,Inbound,7,178,1,"Rain, Partially cloudy",26.3,0.5,85.22,10200.0,0,0
2025-08-25 07:30:00,Vinh Tuy Bridge,Outbound,7,373,1,"Rain, Partially cloudy",26.3,0.5,85.22,10200.0,0,0
2025-08-25 10:00:00,Vinh Tuy Bridge,Inbound,10,45,0,"Rain, Overcast",26.9,0.6,89.88,10000.0,0,0
2025-08-25 10:00:00,Vinh Tuy Bridge,Outbound,10,72,0,"Rain, Overcast",26.9,0.6,89.88,10000.0,0,0
2025-08-25 12:00:00,Vinh Tuy Bridge,Inbound,12,33,0,Rain,29.0,0.8,74.47,10000.0,0,0
2025-08-25 12:00:00,Vinh Tuy Bridge,Outbound,12,56,0,Rain,29.0,0.8,74.47,10000.0,0,0
2025-08-25 15:00:00,Vinh Tuy Bridge,Inbound,15,46,0,"Rain, Overcast",26.0,1.3,94.23,6000.0,0,0
2025-08-25 15:00:00,Vinh Tuy Bridge,Outbound,15,75,0,"Rain, Overcast",26.0,1.3,94.23,6000.0,0,0
2025-08-25 16:00:00,Vinh Tuy Bridge,Inbound,16,76,0,"Rain, Overcast",25.7,1.8,92.73,6000.0,0,0
2025-08-25 16:00:00,Vinh Tuy Bridge,Outbound,16,108,0,"Rain, Overcast",25.7,1.8,92.73,6000.0,0,0
2025-08-25 17:10:00,Vinh Tuy Bridge,Inbound,17,132,1,"Rain, Overcast",25.0,2.5,94.19,8000.0,0,0
2025-08-25 17:10:00,Vinh Tuy Bridge,Outbound,17,165,1,"Rain, Overcast",25.0,2.5,94.19,8000.0,0,0
2025-08-25 20:00:00,Vinh Tuy Bridge,Inbound,20,23,0,Rain,26.0,2.3,88.76,10000.0,0,0
2025-08-25 20:00:00,Vinh Tuy Bridge,Outbound,20,59,0,Rain,26.0,2.3,88.76,10000.0,0,0
2025-08-25 22:30:00,Vinh Tuy Bridge,Inbound,22,0,0,"Rain, Overcast",25.4,2.1,92.04,6000.0,0,0
2025-08-25 22:30:00,Vinh Tuy Bridge,Outbound,22,0,0,"Rain, Overcast",25.4,2.1,92.04,6000.0,0,0
2025-08-24 03:00:00,Vinh Tuy Bridge,Inbound,3,0,0,Clear,26.0,0.0,94.23,10000.0,6,0
2025-08-24 03:00:00,Vinh Tuy Bridge,Outbound,3,0,0,Clear,26.0,0.0,94.23,10000.0,6,0
2025-08-24 07:10:00,Vinh Tuy Bridge,Inbound,7,17,0,Partially cloudy,26.8,0.0,92.24,9300.0,6,0
2025-08-24 07:10:00,Vinh Tuy Bridge,Outbound,7,20,0,Partially cloudy,26.8,0.0,92.24,9300.0,6,0
2025-08-24 07:30:00,Vinh Tuy Bridge,Inbound,7,24,0,Partially cloudy,26.8,0.0,92.24,9300.0,6,0
2025-08-24 07:30:00,Vinh Tuy Bridge,Outbound,7,27,0,Partially cloudy,26.8,0.0,92.24,9300.0,6,0
2025-08-24 10:00:00,Vinh Tuy Bridge,Inbound,10,34,0,Clear,31.0,0.0,74.79,10000.0,6,0
2025-08-24 10:00:00,Vinh Tuy Bridge,Outbound,10,44,0,Clear,31.0,0.0,74.79,10000.0,6,0
2025-08-24 12:00:00,Vinh Tuy Bridge,Inbound,12,43,0,Partially cloudy,34.0,0.0,63.15,10000.0,6,0
2025-08-24 12:00:00,Vinh Tuy Bridge,Outbound,12,58,0,Partially cloudy,34.0,0.0,63.15,10000.0,6,0
2025-08-24 15:00:00,Vinh Tuy Bridge,Inbound,15,66,0,Partially cloudy,25.0,0.0,94.19,10000.0,6,0
2025-08-24 15:00:00,Vinh Tuy Bridge,Outbound,15,87,0,Partially cloudy,25.0,0.0,94.19,10000.0,6,0
2025-08-24 16:00:00,Vinh Tuy Bridge,Inbound,16,92,1,Partially cloudy,26.4,0.0,88.06,10000.0,6,0
2025-08-24 16:00:00,Vinh Tuy Bridge,Outbound,16,115,0,Partially cloudy,26.4,0.0,88.06,10000.0,6,0
2025-08-24 17:10:00,Vinh Tuy Bridge,Inbound,17,96,1,Overcast,25.0,0.0,94.19,10000.0,6,0
2025-08-24 17:10:00,Vinh Tuy Bridge,Outbound,17,149,1,Overcast,25.0,0.0,94.19,10000.0,6,0
2025-08-24 20:00:00,Vinh Tuy Bridge,Inbound,20,24,0,Partially cloudy,25.0,0.0,94.19,10000.0,6,0
2025-08-24 20:00:00,Vinh Tuy Bridge,Outbound,20,62,0,Partially cloudy,25.0,0.0,94.19,10000.0,6,0
2025-08-24 22:30:00,Vinh Tuy Bridge,Inbound,22,0,0,Overcast,25.1,0.0,90.11,10000.0,6,0
2025-08-24 22:30:00,Vinh Tuy Bridge,Outbound,22,0,0,Overcast,25.1,0.0,90.11,10000.0,6,0
2025-08-23 03:00:00,Vinh Tuy Bridge,Inbound,3,0,0,Partially cloudy,27.0,0.0,94.28,7000.0,5,0
2025-08-23 03:00:00,Vinh Tuy Bridge,Outbound,3,0,0,Partially cloudy,27.0,0.0,94.28,7000.0,5,0
2025-08-23 07:10:00,Vinh Tuy Bridge,Inbound,7,48,0,Partially cloudy,27.4,0.0,94.26,9500.0,5,0
2025-08-23 07:10:00,Vinh Tuy Bridge,Outbound,7,51,0,Partially cloudy,27.4,0.0,94.26,9500.0,5,0
2025-08-23 07:30:00,Vinh Tuy Bridge,Inbound,7,75,0,Partially cloudy,27.4,0.0,94.26,9500.0,5,0
2025-08-23 07:30:00,Vinh Tuy Bridge,Outbound,7,73,0,Partially cloudy,27.4,0.0,94.26,9500.0,5,0
2025-08-23 10:00:00,Vinh Tuy Bridge,Inbound,10,134,1,Partially cloudy,31.5,0.0,70.87,10000.0,5,0
2025-08-23 10:00:00,Vinh Tuy Bridge,Outbound,10,120,0,Partially cloudy,31.5,0.0,70.87,10000.0,5,0
2025-08-23 12:00:00,Vinh Tuy Bridge,Inbound,12,148,1,Overcast,28.0,0.0,83.79,10000.0,5,0
2025-08-23 12:00:00,Vinh Tuy Bridge,Outbound,12,127,0,Overcast,28.0,0.0,83.79,10000.0,5,0
2025-08-23 15:00:00,Vinh Tuy Bridge,Inbound,15,174,1,Partially cloudy,32.0,0.0,66.59,10000.0,5,0
2025-08-23 15:00:00,Vinh Tuy Bridge,Outbound,15,145,0,Partially cloudy,32.0,0.0,66.59,10000.0,5,0
2025-08-23 16:00:00,Vinh Tuy Bridge,Inbound,16,219,1,Partially cloudy,31.7,0.0,69.04,10100.0,5,0
2025-08-23 16:00:00,Vinh Tuy Bridge,Outbound,16,193,1,Partially cloudy,31.7,0.0,69.04,10100.0,5,0
2025-08-23 17:10:00,Vinh Tuy Bridge,Inbound,17,250,1,Partially cloudy,32.0,0.0,66.59,10000.0,5,0
2025-08-23 17:10:00,Vinh Tuy Bridge,Outbound,17,232,1,Partially cloudy,32.0,0.0,66.59,10000.0,5,0
2025-08-23 20:00:00,Vinh Tuy Bridge,Inbound,20,55,0,Clear,29.0,0.0,79.06,10000.0,5,0
2025-08-23 20:00:00,Vinh Tuy Bridge,Outbound,20,68,0,Clear,29.0,0.0,79.06,10000.0,5,0
2025-08-23 22:30:00,Vinh Tuy Bridge,Inbound,22,0,0,Partially cloudy,28.4,0.0,86.31,10000.0,5,0
2025-08-23 22:30:00,Vinh Tuy Bridge,Outbound,22,0,0,Partially cloudy,28.4,0.0,86.31,10000.0,5,0
2025-08-22 03:00:00,Vinh Tuy Bridge,Inbound,3,0,0,Clear,27.0,0.0,94.28,10000.0,4,0
2025-08-22 03:00:00,Vinh Tuy Bridge,Outbound,3,0,0,Clear,27.0,0.0,94.28,10000.0,4,0
2025-08-22 07:10:00,Vinh Tuy Bridge,Inbound,7,46,0,Partially cloudy,27.5,0.0,95.09,9000.0,4,0
2025-08-22 07:10:00,Vinh Tuy Bridge,Outbound,7,67,0,Partially cloudy,27.5,0.0,95.09,9000.0,4,0
2025-08-22 07:30:00,Vinh Tuy Bridge,Inbound,7,68,0,Partially cloudy,27.5,0.0,95.09,9000.0,4,0
2025-08-22 07:30:00,Vinh Tuy Bridge,Outbound,7,94,0,Partially cloudy,27.5,0.0,95.09,9000.0,4,0
2025-08-22 10:00:00,Vinh Tuy Bridge,Inbound,10,49,0,Partially cloudy,30.4,0.0,80.27,10100.0,4,0
2025-08-22 10:00:00,Vinh Tuy Bridge,Outbound,10,55,0,Partially cloudy,30.4,0.0,80.27,10100.0,4,0
2025-08-22 12:00:00,Vinh Tuy Bridge,Inbound,12,55,0,"Rain, Partially cloudy",33.0,0.3,66.78,10000.0,4,0
2025-08-22 12:00:00,Vinh Tuy Bridge,Outbound,12,51,0,"Rain, Partially cloudy",33.0,0.3,66.78,10000.0,4,0
2025-08-22 15:00:00,Vinh Tuy Bridge,Inbound,15,80,0,Partially cloudy,33.0,0.2,62.93,10000.0,4,0
2025-08-22 15:00:00,Vinh Tuy Bridge,Outbound,15,73,0,Partially cloudy,33.0,0.2,62.93,10000.0,4,0
2025-08-22 16:00:00,Vinh Tuy Bridge,Inbound,16,140,1,Partially cloudy,32.8,0.0,66.94,10100.0,4,0
2025-08-22 16:00:00,Vinh Tuy Bridge,Outbound,16,137,0,Partially cloudy,32.8,0.0,66.94,10100.0,4,0
2025-08-22 17:10:00,Vinh Tuy Bridge,Inbound,17,255,1,Partially cloudy,32.0,0.1,62.72,10000.0,4,0
2025-08-22 17:10:00,Vinh Tuy Bridge,Outbound,17,273,1,Partially cloudy,32.0,0.1,62.72,10000.0,4,0
2025-08-22 20:00:00,Vinh Tuy Bridge,Inbound,20,77,0,Partially cloudy,29.0,0.0,83.9,10000.0,4,0
2025-08-22 20:00:00,Vinh Tuy Bridge,Outbound,20,67,0,Partially cloudy,29.0,0.0,83.9,10000.0,4,0
2025-08-22 22:30:00,Vinh Tuy Bridge,Inbound,22,0,0,Partially cloudy,28.4,0.0,87.45,10000.0,4,0
2025-08-22 22:30:00,Vinh Tuy Bridge,Outbound,22,0,0,Partially cloudy,28.4,0.0,87.45,10000.0,4,0
2025-08-21 03:00:00,Vinh Tuy Bridge,Inbound,3,0,0,Partially cloudy,28.0,0.0,94.32,7000.0,3,0
2025-08-21 03:00:00,Vinh Tuy Bridge,Outbound,3,0,0,Partially cloudy,28.0,0.0,94.32,7000.0,3,0
2025-08-21 07:10:00,Vinh Tuy Bridge,Inbound,7,63,0,"Rain, Partially cloudy",28.0,0.3,94.75,9500.0,3,0
2025-08-21 07:10:00,Vinh Tuy Bridge,Outbound,7,140,0,"Rain, Partially cloudy",28.0,0.3,94.75,9500.0,3,0
2025-08-21 07:30:00,Vinh Tuy Bridge,Inbound,7,97,1,"Rain, Partially cloudy",28.0,0.3,94.75,9500.0,3,0
2025-08-21 07:30:00,Vinh Tuy Bridge,Outbound,7,180,1,"Rain, Partially cloudy",28.0,0.3,94.75,9500.0,3,0
2025-08-21 10:00:00,Vinh Tuy Bridge,Inbound,10,46,0,Partially cloudy,28.5,0.0,90.34,10000.0,3,0
2025-08-21 10:00:00,Vinh Tuy Bridge,Outbound,10,55,0,Partially cloudy,28.5,0.0,90.34,10000.0,3,0
2025-08-21 12:00:00,Vinh Tuy Bridge,Inbound,12,36,0,Overcast,26.0,0.0,94.23,10000.0,3,0
2025-08-21 12:00:00,Vinh Tuy Bridge,Outbound,12,48,0,Overcast,26.0,0.0,94.23,10000.0,3,0
2025-08-21 15:00:00,Vinh Tuy Bridge,Inbound,15,46,0,Partially cloudy,28.0,0.0,83.79,10000.0,3,0
2025-08-21 15:00:00,Vinh Tuy Bridge,Outbound,15,61,0,Partially cloudy,28.0,0.0,83.79,10000.0,3,0
2025-08-21 16:00:00,Vinh Tuy Bridge,Inbound,16,74,0,Partially cloudy,29.5,0.0,83.92,10000.0,3,0
2025-08-21 16:00:00,Vinh Tuy Bridge,Outbound,16,88,0,Partially cloudy,29.5,0.0,83.92,10000.0,3,0
2025-08-21 17:10:00,Vinh Tuy Bridge,Inbound,17,131,1,Partially cloudy,27.0,0.0,88.84,10000.0,3,0
2025-08-21 17:10:00,Vinh Tuy Bridge,Outbound,17,154,1,Partially cloudy,27.0,0.0,88.84,10000.0,3,0
2025-08-21 20:00:00,Vinh Tuy Bridge,Inbound,20,26,0,Overcast,27.0,0.0,94.28,10000.0,3,0
2025-08-21 20:00:00,Vinh Tuy Bridge,Outbound,20,52,0,Overcast,27.0,0.0,94.28,10000.0,3,0
2025-08-21 22:30:00,Vinh Tuy Bridge,Inbound,22,0,0,Clear,27.9,0.0,92.28,10000.0,3,0
2025-08-21 22:30:00,Vinh Tuy Bridge,Outbound,22,0,0,Clear,27.9,0.0,92.28,10000.0,3,0
2025-08-20 03:00:00,Vinh Tuy Bridge,Inbound,3,0,0,Overcast,27.0,0.0,94.28,9000.0,2,0
2025-08-20 03:00:00,Vinh Tuy Bridge,Outbound,3,0,0,Overcast,27.0,0.0,94.28,9000.0,2,0
2025-08-20 07:10:00,Vinh Tuy Bridge,Inbound,7,66,0,Partially cloudy,27.4,0.0,92.71,9000.0,2,0
2025-08-20 07:10:00,Vinh Tuy Bridge,Outbound,7,157,1,Partially cloudy,27.4,0.0,92.71,9000.0,2,0
2025-08-20 07:30:00,Vinh Tuy Bridge,Inbound,7,96,1,Partially cloudy,27.4,0.0,92.71,9000.0,2,0
2025-08-20 07:30:00,Vinh Tuy Bridge,Outbound,7,200,1,Partially cloudy,27.4,0.0,92.71,9000.0,2,0
2025-08-20 10:00:00,Vinh Tuy Bridge,Inbound,10,52,0,Partially cloudy,31.7,0.0,75.9,10100.0,2,0
2025-08-20 10:00:00,Vinh Tuy Bridge,Outbound,10,57,0,Partially cloudy,31.7,0.0,75.9,10100.0,2,0
2025-08-20 12:00:00,Vinh Tuy Bridge,Inbound,12,45,0,Partially cloudy,32.0,0.0,70.66,10000.0,2,0
2025-08-20 12:00:00,Vinh Tuy Bridge,Outbound,12,51,0,Partially cloudy,32.0,0.0,70.66,10000.0,2,0
2025-08-20 15:00:00,Vinh Tuy Bridge,Inbound,15,54,0,Partially cloudy,33.0,0.0,66.78,10000.0,2,0
2025-08-20 15:00:00,Vinh Tuy Bridge,Outbound,15,68,0,Partially cloudy,33.0,0.0,66.78,10000.0,2,0
2025-08-20 16:00:00,Vinh Tuy Bridge,Inbound,16,82,0,Overcast,31.5,0.0,72.8,10100.0,2,0
2025-08-20 16:00:00,Vinh Tuy Bridge,Outbound,16,104,0,Overcast,31.5,0.0,72.8,10100.0,2,0
2025-08-20 17:10:00,Vinh Tuy Bridge,Inbound,17,138,1,Partially cloudy,29.0,0.0,88.99,10000.0,2,0
2025-08-20 17:10:00,Vinh Tuy Bridge,Outbound,17,156,1,Partially cloudy,29.0,0.0,88.99,10000.0,2,0
2025-08-20 20:00:00,Vinh Tuy Bridge,Inbound,20,30,0,Partially cloudy,28.0,0.0,94.32,10000.0,2,0
2025-08-20 20:00:00,Vinh Tuy Bridge,Outbound,20,41,0,Partially cloudy,28.0,0.0,94.32,10000.0,2,0
2025-08-20 22:30:00,Vinh Tuy Bridge,Inbound,22,0,0,Overcast,27.3,0.0,94.23,10000.0,2,0
2025-08-20 22:30:00,Vinh Tuy Bridge,Outbound,22,0,0,Overcast,27.3,0.0,94.23,10000.0,2,0
2025-08-19 03:00:00,Vinh Tuy Bridge,Inbound,3,0,0,Overcast,26.0,0.0,94.23,7000.0,1,0
2025-08-19 03:00:00,Vinh Tuy Bridge,Outbound,3,0,0,Overcast,26.0,0.0,94.23,7000.0,1,0
2025-08-19 07:10:00,Vinh Tuy Bridge,Inbound,7,68,0,Overcast,25.7,0.18,95.51,8500.0,1,0
2025-08-19 07:10:00,Vinh Tuy Bridge,Outbound,7,155,1,Overcast,25.7,0.18,95.51,8500.0,1,0
2025-08-19 07:30:00,Vinh Tuy Bridge,Inbound,7,94,1,Overcast,25.7,0.18,95.51,8500.0,1,0
2025-08-19 07:30:00,Vinh Tuy Bridge,Outbound,7,204,1,Overcast,25.7,0.18,95.51,8500.0,1,0
2025-08-19 10:00:00,Vinh Tuy Bridge,Inbound,10,61,0,Overcast,26.4,0.0,92.6,9200.0,1,0
2025-08-19 10:00:00,Vinh Tuy Bridge,Outbound,10,53,0,Overcast,26.4,0.0,92.6,9200.0,1,0
2025-08-19 12:00:00,Vinh Tuy Bridge,Inbound,12,57,0,Partially cloudy,27.0,0.0,94.28,10000.0,1,0
2025-08-19 12:00:00,Vinh Tuy Bridge,Outbound,12,45,0,Partially cloudy,27.0,0.0,94.28,10000.0,1,0
2025-08-19 15:00:00,Vinh Tuy Bridge,Inbound,15,67,0,Clear,30.0,0.0,74.63,10000.0,1,0
2025-08-19 15:00:00,Vinh Tuy Bridge,Outbound,15,56,0,Clear,30.0,0.0,74.63,10000.0,1,0
2025-08-19 16:00:00,Vinh Tuy Bridge,Inbound,16,96,1,Partially cloudy,29.1,0.0,82.33,10100.0,1,0
2025-08-19 16:00:00,Vinh Tuy Bridge,Outbound,16,79,0,Partially cloudy,29.1,0.0,82.33,10100.0,1,0
2025-08-19 17:10:00,Vinh Tuy Bridge,Inbound,17,155,1,Partially cloudy,29.0,0.0,79.06,10000.0,1,0
2025-08-19 17:10:00,Vinh Tuy Bridge,Outbound,17,130,0,Partially cloudy,29.0,0.0,79.06,10000.0,1,0
2025-08-19 20:00:00,Vinh Tuy Bridge,Inbound,20,35,0,Clear,28.0,0.0,88.92,10000.0,1,0
2025-08-19 20:00:00,Vinh Tuy Bridge,Outbound,20,47,0,Clear,28.0,0.0,88.92,10000.0,1,0
2025-08-19 22:30:00,Vinh Tuy Bridge,Inbound,22,0,0,Partially cloudy,27.1,0.0,91.05,10000.0,1,0
2025-08-19 22:30:00,Vinh Tuy Bridge,Outbound,22,0,0,Partially cloudy,27.1,0.0,91.05,10000.0,1,0
2025-08-18 03:00:00,Vinh Tuy Bridge,Inbound,3,0,0,Clear,25.0,0.0,94.19,10000.0,0,0
2025-08-18 03:00:00,Vinh Tuy Bridge,Outbound,3,0,0,Clear,25.0,0.0,94.19,10000.0,0,0
2025-08-18 07:10:00,Vinh Tuy Bridge,Inbound,7,139,1,Partially cloudy,25.7,0.0,92.77,10000.0,0,0
2025-08-18 07:10:00,Vinh Tuy Bridge,Outbound,7,275,1,Partially cloudy,25.7,0.0,92.77,10000.0,0,0
2025-08-18 07:30:00,Vinh Tuy Bridge,Inbound,7,178,1,Partially cloudy,25.7,0.0,92.77,10000.0,0,0
2025-08-18 07:30:00,Vinh Tuy Bridge,Outbound,7,373,1,Partially cloudy,25.7,0.0,92.77,10000.0,0,0
2025-08-18 10:00:00,Vinh Tuy Bridge,Inbound,10,45,0,Partially cloudy,30.1,0.0,75.86,10000.0,0,0
2025-08-18 10:00:00,Vinh Tuy Bridge,Outbound,10,72,0,Partially cloudy,30.1,0.0,75.86,10000.0,0,0
2025-08-18 12:00:00,Vinh Tuy Bridge,Inbound,12,33,0,Overcast,30.0,0.0,70.3,10000.0,0,0
2025-08-18 12:00:00,Vinh Tuy Bridge,Outbound,12,56,0,Overcast,30.0,0.0,70.3,10000.0,0,0
2025-08-18 15:00:00,Vinh Tuy Bridge,Inbound,15,46,0,Clear,31.0,0.0,70.48,10000.0,0,0
2025-08-18 15:00:00,Vinh Tuy Bridge,Outbound,15,75,0,Clear,31.0,0.0,70.48,10000.0,0,0
2025-08-18 16:00:00,Vinh Tuy Bridge,Inbound,16,76,0,Overcast,29.3,0.0,75.4,7900.0,0,0
2025-08-18 16:00:00,Vinh Tuy Bridge,Outbound,16,108,0,Overcast,29.3,0.0,75.4,7900.0,0,0
2025-08-18 17:10:00,Vinh Tuy Bridge,Inbound,17,132,1,Overcast,26.0,0.0,100.0,10000.0,0,0
2025-08-18 17:10:00,Vinh Tuy Bridge,Outbound,17,165,1,Overcast,26.0,0.0,100.0,10000.0,0,0
2025-08-18 20:00:00,Vinh Tuy Bridge,Inbound,20,23,0,Clear,26.0,0.0,94.23,10000.0,0,0
2025-08-18 20:00:00,Vinh Tuy Bridge,Outbound,20,59,0,Clear,26.0,0.0,94.23,10000.0,0,0
2025-08-18 22:30:00,Vinh Tuy Bridge,Inbound,22,0,0,Partially cloudy,25.7,0.0,95.08,9700.0,0,0
2025-08-18 22:30:00,Vinh Tuy Bridge,Outbound,22,0,0,Partially cloudy,25.7,0.0,95.08,9700.0,0,0
2025-08-17 03:00:00,Vinh Tuy Bridge,Inbound,3,0,0,Clear,25.0,0.0,94.19,10000.0,6,0
2025-08-17 03:00:00,Vinh Tuy Bridge,Outbound,3,0,0,Clear,25.0,0.0,94.19,10000.0,6,0
2025-08-17 07:10:00,Vinh Tuy Bridge,Inbound,7,17,0,Overcast,25.8,0.18,94.64,10000.0,6,0
2025-08-17 07:10:00,Vinh Tuy Bridge,Outbound,7,20,0,Overcast,25.8,0.18,94.64,10000.0,6,0
2025-08-17 07:30:00,Vinh Tuy Bridge,Inbound,7,24,0,Overcast,25.8,0.18,94.64,10000.0,6,0
2025-08-17 07:30:00,Vinh Tuy Bridge,Outbound,7,27,0,Overcast,25.8,0.18,94.64,10000.0,6,0
2025-08-17 10:00:00,Vinh Tuy Bridge,Inbound,10,34,0,Partially cloudy,28.3,0.0,85.37,10000.0,6,0
2025-08-17 10:00:00,Vinh Tuy Bridge,Outbound,10,44,0,Partially cloudy,28.3,0.0,85.37,10000.0,6,0
2025-08-17 12:00:00,Vinh Tuy Bridge,Inbound,12,43,0,Clear,31.0,0.0,70.48,10000.0,6,0
2025-08-17 12:00:00,Vinh Tuy Bridge,Outbound,12,58,0,Clear,31.0,0.0,70.48,10000.0,6,0
2025-08-17 15:00:00,Vinh Tuy Bridge,Inbound,15,66,0,Clear,32.0,0.0,70.66,10000.0,6,0
2025-08-17 15:00:00,Vinh Tuy Bridge,Outbound,15,87,0,Clear,32.0,0.0,70.66,10000.0,6,0
2025-08-17 16:00:00,Vinh Tuy Bridge,Inbound,16,92,1,Partially cloudy,31.1,0.0,80.9,4100.0,6,0
2025-08-17 16:00:00,Vinh Tuy Bridge,Outbound,16,115,0,Partially cloudy,31.1,0.0,80.9,4100.0,6,0
2025-08-17 17:10:00,Vinh Tuy Bridge,Inbound,17,96,1,Partially cloudy,30.0,0.0,74.63,10000.0,6,0
2025-08-17 17:10:00,Vinh Tuy Bridge,Outbound,17,149,1,Partially cloudy,30.0,0.0,74.63,10000.0,6,0
2025-08-17 20:00:00,Vinh Tuy Bridge,Inbound,20,24,0,Clear,27.0,0.0,83.68,10000.0,6,0
2025-08-17 20:00:00,Vinh Tuy Bridge,Outbound,20,62,0,Clear,27.0,0.0,83.68,10000.0,6,0
2025-08-17 22:30:00,Vinh Tuy Bridge,Inbound,22,0,0,Partially cloudy,25.9,0.0,93.21,10000.0,6,0
2025-08-17 22:30:00,Vinh Tuy Bridge,Outbound,22,0,0,Partially cloudy,25.9,0.0,93.21,10000.0,6,0
2025-08-16 03:00:00,Vinh Tuy Bridge,Inbound,3,0,0,Clear,26.0,0.0,88.76,10000.0,5,0
2025-08-16 03:00:00,Vinh Tuy Bridge,Outbound,3,0,0,Clear,26.0,0.0,88.76,10000.0,5,0
2025-08-16 07:10:00,Vinh Tuy Bridge,Inbound,7,48,0,Partially cloudy,25.0,0.18,95.87,3600.0,5,0
2025-08-16 07:10:00,Vinh Tuy Bridge,Outbound,7,51,0,Partially cloudy,25.0,0.18,95.87,3600.0,5,0
2025-08-16 07:30:00,Vinh Tuy Bridge,Inbound,7,75,0,Partially cloudy,25.0,0.18,95.87,3600.0,5,0
2025-08-16 07:30:00,Vinh Tuy Bridge,Outbound,7,73,0,Partially cloudy,25.0,0.18,95.87,3600.0,5,0
2025-08-16 10:00:00,Vinh Tuy Bridge,Inbound,10,134,1,Overcast,26.5,0.0,92.86,9900.0,5,0
2025-08-16 10:00:00,Vinh Tuy Bridge,Outbound,10,120,0,Overcast,26.5,0.0,92.86,9900.0,5,0
2025-08-16 12:00:00,Vinh Tuy Bridge,Inbound,12,148,1,Partially cloudy,27.0,0.0,94.28,4000.0,5,0
2025-08-16 12:00:00,Vinh Tuy Bridge,Outbound,12,127,0,Partially cloudy,27.0,0.0,94.28,4000.0,5,0
2025-08-16 15:00:00,Vinh Tuy Bridge,Inbound,15,174,1,Partially cloudy,30.0,0.0,74.63,10000.0,5,0
2025-08-16 15:00:00,Vinh Tuy Bridge,Outbound,15,145,0,Partially cloudy,30.0,0.0,74.63,10000.0,5,0
2025-08-16 16:00:00,Vinh Tuy Bridge,Inbound,16,219,1,Overcast,28.6,0.0,83.59,10000.0,5,0
2025-08-16 16:00:00,Vinh Tuy Bridge,Outbound,16,193,1,Overcast,28.6,0.0,83.59,10000.0,5,0
2025-08-16 17:10:00,Vinh Tuy Bridge,Inbound,17,250,1,Partially cloudy,27.0,0.0,88.84,10000.0,5,0
2025-08-16 17:10:00,Vinh Tuy Bridge,Outbound,17,232,1,Partially cloudy,27.0,0.0,88.84,10000.0,5,0
2025-08-16 20:00:00,Vinh Tuy Bridge,Inbound,20,55,0,Clear,26.0,0.0,88.76,10000.0,5,0
2025-08-16 20:00:00,Vinh Tuy Bridge,Outbound,20,68,0,Clear,26.0,0.0,88.76,10000.0,5,0
2025-08-16 22:30:00,Vinh Tuy Bridge,Inbound,22,0,0,Partially cloudy,25.7,0.0,93.61,10000.0,5,0
2025-08-16 22:30:00,Vinh Tuy Bridge,Outbound,22,0,0,Partially cloudy,25.7,0.0,93.61,10000.0,5,0
2025-08-15 03:00:00,Vinh Tuy Bridge,Inbound,3,0,0,Overcast,25.0,0.0,94.19,5000.0,4,0
2025-08-15 03:00:00,Vinh Tuy Bridge,Outbound,3,0,0,Overcast,25.0,0.0,94.19,5000.0,4,0
2025-08-15 07:10:00,Vinh Tuy Bridge,Inbound,7,46,0,Overcast,25.1,0.09,95.87,9900.0,4,0
2025-08-15 07:10:00,Vinh Tuy Bridge,Outbound,7,67,0,Overcast,25.1,0.09,95.87,9900.0,4,0
2025-08-15 07:30:00,Vinh Tuy Bridge,Inbound,7,68,0,Overcast,25.1,0.09,95.87,9900.0,4,0
2025-08-15 07:30:00,Vinh Tuy Bridge,Outbound,7,94,0,Overcast,25.1,0.09,95.87,9900.0,4,0
2025-08-15 10:00:00,Vinh Tuy Bridge,Inbound,10,49,0,Overcast,27.4,0.0,88.92,10000.0,4,0
2025-08-15 10:00:00,Vinh Tuy Bridge,Outbound,10,55,0,Overcast,27.4,0.0,88.92,10000.0,4,0
2025-08-15 12:00:00,Vinh Tuy Bridge,Inbound,12,55,0,Overcast,27.0,0.0,88.84,2000.0,4,0
2025-08-15 12:00:00,Vinh Tuy Bridge,Outbound,12,51,0,Overcast,27.0,0.0,88.84,2000.0,4,0
2025-08-15 15:00:00,Vinh Tuy Bridge,Inbound,15,80,0,Partially cloudy,29.0,0.0,79.06,10000.0,4,0
2025-08-15 15:00:00,Vinh Tuy Bridge,Outbound,15,73,0,Partially cloudy,29.0,0.0,79.06,10000.0,4,0
2025-08-15 16:00:00,Vinh Tuy Bridge,Inbound,16,140,1,Partially cloudy,30.1,0.0,76.03,10000.0,4,0
2025-08-15 16:00:00,Vinh Tuy Bridge,Outbound,16,137,0,Partially cloudy,30.1,0.0,76.03,10000.0,4,0
2025-08-15 17:10:00,Vinh Tuy Bridge,Inbound,17,255,1,Partially cloudy,30.0,0.0,74.63,10000.0,4,0
2025-08-15 17:10:00,Vinh Tuy Bridge,Outbound,17,273,1,Partially cloudy,30.0,0.0,74.63,10000.0,4,0
2025-08-15 20:00:00,Vinh Tuy Bridge,Inbound,20,77,0,Partially cloudy,27.0,0.0,88.84,10000.0,4,0
2025-08-15 20:00:00,Vinh Tuy Bridge,Outbound,20,67,0,Partially cloudy,27.0,0.0,88.84,10000.0,4,0
2025-08-15 22:30:00,Vinh Tuy Bridge,Inbound,22,0,0,Partially cloudy,27.0,0.0,88.61,10000.0,4,0
2025-08-15 22:30:00,Vinh Tuy Bridge,Outbound,22,0,0,Partially cloudy,27.0,0.0,88.61,10000.0,4,0
2025-08-14 03:00:00,Vinh Tuy Bridge,Inbound,3,0,0,Clear,29.0,0.0,88.99,8000.0,3,0
2025-08-14 03:00:00,Vinh Tuy Bridge,Outbound,3,0,0,Clear,29.0,0.0,88.99,8000.0,3,0
2025-08-14 07:10:00,Vinh Tuy Bridge,Inbound,7,63,0,Overcast,28.7,0.0,94.3,4200.0,3,0
2025-08-14 07:10:00,Vinh Tuy Bridge,Outbound,7,140,0,Overcast,28.7,0.0,94.3,4200.0,3,0
2025-08-14 07:30:00,Vinh Tuy Bridge,Inbound,7,97,1,Overcast,28.7,0.0,94.3,4200.0,3,0
2025-08-14 07:30:00,Vinh Tuy Bridge,Outbound,7,180,1,Overcast,28.7,0.0,94.3,4200.0,3,0
2025-08-14 10:00:00,Vinh Tuy Bridge,Inbound,10,46,0,Partially cloudy,32.0,0.0,80.52,8800.0,3,0
2025-08-14 10:00:00,Vinh Tuy Bridge,Outbound,10,55,0,Partially cloudy,32.0,0.0,80.52,8800.0,3,0
2025-08-14 12:00:00,Vinh Tuy Bridge,Inbound,12,36,0,Partially cloudy,35.0,0.0,67.18,10000.0,3,0
2025-08-14 12:00:00,Vinh Tuy Bridge,Outbound,12,48,0,Partially cloudy,35.0,0.0,67.18,10000.0,3,0
2025-08-14 15:00:00,Vinh Tuy Bridge,Inbound,15,46,0,Clear,29.0,0.0,74.47,10000.0,3,0
2025-08-14 15:00:00,Vinh Tuy Bridge,Outbound,15,61,0,Clear,29.0,0.0,74.47,10000.0,3,0
2025-08-14 16:00:00,Vinh Tuy Bridge,Inbound,16,74,0,Partially cloudy,31.3,0.0,71.96,10100.0,3,0
2025-08-14 16:00:00,Vinh Tuy Bridge,Outbound,16,88,0,Partially cloudy,31.3,0.0,71.96,10100.0,3,0
2025-08-14 17:10:00,Vinh Tuy Bridge,Inbound,17,131,1,Clear,30.0,0.0,74.63,10000.0,3,0
2025-08-14 17:10:00,Vinh Tuy Bridge,Outbound,17,154,1,Clear,30.0,0.0,74.63,10000.0,3,0
2025-08-14 20:00:00,Vinh Tuy Bridge,Inbound,20,26,0,Partially cloudy,29.0,0.0,83.9,6000.0,3,0
2025-08-14 20:00:00,Vinh Tuy Bridge,Outbound,20,52,0,Partially cloudy,29.0,0.0,83.9,6000.0,3,0
2025-08-14 22:30:00,Vinh Tuy Bridge,Inbound,22,0,0,Partially cloudy,29.1,0.0,87.57,8700.0,3,0
2025-08-14 22:30:00,Vinh Tuy Bridge,Outbound,22,0,0,Partially cloudy,29.1,0.0,87.57,8700.0,3,0
2025-08-13 03:00:00,Vinh Tuy Bridge,Inbound,3,0,0,Clear,28.0,0.0,94.32,10000.0,2,0
2025-08-13 03:00:00,Vinh Tuy Bridge,Outbound,3,0,0,Clear,28.0,0.0,94.32,10000.0,2,0
2025-08-13 07:10:00,Vinh Tuy Bridge,Inbound,7,66,0,Partially cloudy,29.7,0.0,92.51,8700.0,2,0
2025-08-13 07:10:00,Vinh Tuy Bridge,Outbound,7,157,1,Partially cloudy,29.7,0.0,92.51,8700.0,2,0
2025-08-13 07:30:00,Vinh Tuy Bridge,Inbound,7,96,1,Partially cloudy,29.7,0.0,92.51,8700.0,2,0
2025-08-13 07:30:00,Vinh Tuy Bridge,Outbound,7,200,1,Partially cloudy,29.7,0.0,92.51,8700.0,2,0
2025-08-13 10:00:00,Vinh Tuy Bridge,Inbound,10,52,0,Partially cloudy,31.3,0.0,79.0,10000.0,2,0
2025-08-13 10:00:00,Vinh Tuy Bridge,Outbound,10,57,0,Partially cloudy,31.3,0.0,79.0,10000.0,2,0
2025-08-13 12:00:00,Vinh Tuy Bridge,Inbound,12,45,0,Partially cloudy,30.0,0.0,79.2,10000.0,2,0
2025-08-13 12:00:00,Vinh Tuy Bridge,Outbound,12,51,0,Partially cloudy,30.0,0.0,79.2,10000.0,2,0
2025-08-13 15:00:00,Vinh Tuy Bridge,Inbound,15,54,0,Clear,34.0,0.0,66.98,10000.0,2,0
2025-08-13 15:00:00,Vinh Tuy Bridge,Outbound,15,68,0,Clear,34.0,0.0,66.98,10000.0,2,0
2025-08-13 16:00:00,Vinh Tuy Bridge,Inbound,16,82,0,Partially cloudy,31.4,0.0,74.04,10100.0,2,0
2025-08-13 16:00:00,Vinh Tuy Bridge,Outbound,16,104,0,Partially cloudy,31.4,0.0,74.04,10100.0,2,0
2025-08-13 17:10:00,Vinh Tuy Bridge,Inbound,17,138,1,Clear,34.0,0.0,59.51,10000.0,2,0
2025-08-13 17:10:00,Vinh Tuy Bridge,Outbound,17,156,1,Clear,34.0,0.0,59.51,10000.0,2,0
2025-08-13 20:00:00,Vinh Tuy Bridge,Inbound,20,30,0,Clear,31.0,0.0,79.33,10000.0,2,0
2025-08-13 20:00:00,Vinh Tuy Bridge,Outbound,20,41,0,Clear,31.0,0.0,79.33,10000.0,2,0
2025-08-13 22:30:00,Vinh Tuy Bridge,Inbound,22,0,0,Partially cloudy,29.6,0.0,88.22,10000.0,2,0
2025-08-13 22:30:00,Vinh Tuy Bridge,Outbound,22,0,0,Partially cloudy,29.6,0.0,88.22,10000.0,2,0
2025-08-12 03:00:00,Vinh Tuy Bridge,Inbound,3,0,0,Partially cloudy,29.0,0.0,88.99,10000.0,1,0
2025-08-12 03:00:00,Vinh Tuy Bridge,Outbound,3,0,0,Partially cloudy,29.0,0.0,88.99,10000.0,1,0
2025-08-12 07:10:00,Vinh Tuy Bridge,Inbound,7,68,0,Partially cloudy,29.4,0.06,93.43,9100.0,1,0
2025-08-12 07:10:00,Vinh Tuy Bridge,Outbound,7,155,1,Partially cloudy,29.4,0.06,93.43,9100.0,1,0
2025-08-12 07:30:00,Vinh Tuy Bridge,Inbound,7,94,1,Partially cloudy,29.4,0.06,93.43,9100.0,1,0
2025-08-12 07:30:00,Vinh Tuy Bridge,Outbound,7,204,1,Partially cloudy,29.4,0.06,93.43,9100.0,1,0
2025-08-12 10:00:00,Vinh Tuy Bridge,Inbound,10,61,0,Partially cloudy,33.0,0.0,69.19,10100.0,1,0
2025-08-12 10:00:00,Vinh Tuy Bridge,Outbound,10,53,0,Partially cloudy,33.0,0.0,69.19,10100.0,1,0
2025-08-12 12:00:00,Vinh Tuy Bridge,Inbound,12,57,0,Partially cloudy,34.0,0.0,63.15,10000.0,1,0
2025-08-12 12:00:00,Vinh Tuy Bridge,Outbound,12,45,0,Partially cloudy,34.0,0.0,63.15,10000.0,1,0
2025-08-12 15:00:00,Vinh Tuy Bridge,Inbound,15,67,0,Clear,34.0,0.0,66.98,10000.0,1,0
2025-08-12 15:00:00,Vinh Tuy Bridge,Outbound,15,56,0,Clear,34.0,0.0,66.98,10000.0,1,0
2025-08-12 16:00:00,Vinh Tuy Bridge,Inbound,16,96,1,Partially cloudy,33.3,0.0,63.59,17400.0,1,0
2025-08-12 16:00:00,Vinh Tuy Bridge,Outbound,16,79,0,Partially cloudy,33.3,0.0,63.59,17400.0,1,0
2025-08-12 17:10:00,Vinh Tuy Bridge,Inbound,17,155,1,Clear,32.0,0.0,70.66,10000.0,1,0
2025-08-12 17:10:00,Vinh Tuy Bridge,Outbound,17,130,0,Clear,32.0,0.0,70.66,10000.0,1,0
2025-08-12 20:00:00,Vinh Tuy Bridge,Inbound,20,35,0,Clear,30.0,0.0,74.63,10000.0,1,0
2025-08-12 20:00:00,Vinh Tuy Bridge,Outbound,20,47,0,Clear,30.0,0.0,74.63,10000.0,1,0
2025-08-12 22:30:00,Vinh Tuy Bridge,Inbound,22,0,0,Clear,30.1,0.0,85.47,10000.0,1,0
2025-08-12 22:30:00,Vinh Tuy Bridge,Outbound,22,0,0,Clear,30.1,0.0,85.47,10000.0,1,0
2025-08-11 03:00:00,Vinh Tuy Bridge,Inbound,3,0,0,Overcast,27.0,0.0,94.28,9000.0,0,0
2025-08-11 03:00:00,Vinh Tuy Bridge,Outbound,3,0,0,Overcast,27.0,0.0,94.28,9000.0,0,0
2025-08-11 07:10:00,Vinh Tuy Bridge,Inbound,7,139,1,Partially cloudy,28.4,0.0,92.77,9300.0,0,0
2025-08-11 07:10:00,Vinh Tuy Bridge,Outbound,7,275,1,Partially cloudy,28.4,0.0,92.77,9300.0,0,0
2025-08-11 07:30:00,Vinh Tuy Bridge,Inbound,7,178,1,Partially cloudy,28.4,0.0,92.77,9300.0,0,0
2025-08-11 07:30:00,Vinh Tuy Bridge,Outbound,7,373,1,Partially cloudy,28.4,0.0,92.77,9300.0,0,0
2025-08-11 10:00:00,Vinh Tuy Bridge,Inbound,10,45,0,Partially cloudy,31.8,0.0,77.64,10100.0,0,0
2025-08-11 10:00:00,Vinh Tuy Bridge,Outbound,10,72,0,Partially cloudy,31.8,0.0,77.64,10100.0,0,0
2025-08-11 12:00:00,Vinh Tuy Bridge,Inbound,12,33,0,Partially cloudy,33.0,0.0,75.11,10000.0,0,0
2025-08-11 12:00:00,Vinh Tuy Bridge,Outbound,12,56,0,Partially cloudy,33.0,0.0,75.11,10000.0,0,0
2025-08-11 15:00:00,Vinh Tuy Bridge,Inbound,15,46,0,Overcast,35.0,0.0,63.36,10000.0,0,0
2025-08-11 15:00:00,Vinh Tuy Bridge,Outbound,15,75,0,Overcast,35.0,0.0,63.36,10000.0,0,0
2025-08-11 16:00:00,Vinh Tuy Bridge,Inbound,16,76,0,Partially cloudy,34.2,0.0,67.21,10100.0,0,0
2025-08-11 16:00:00,Vinh Tuy Bridge,Outbound,16,108,0,Partially cloudy,34.2,0.0,67.21,10100.0,0,0
2025-08-11 17:10:00,Vinh Tuy Bridge,Inbound,17,132,1,Clear,33.0,0.0,70.84,10000.0,0,0
2025-08-11 17:10:00,Vinh Tuy Bridge,Outbound,17,165,1,Clear,33.0,0.0,70.84,10000.0,0,0
2025-08-11 20:00:00,Vinh Tuy Bridge,Inbound,20,23,0,Partially cloudy,31.0,0.0,79.33,10000.0,0,0
2025-08-11 20:00:00,Vinh Tuy Bridge,Outbound,20,59,0,Partially cloudy,31.0,0.0,79.33,10000.0,0,0
2025-08-11 22:30:00,Vinh Tuy Bridge,Inbound,22,0,0,Partially cloudy,30.1,0.0,87.73,10000.0,0,0
2025-08-11 22:30:00,Vinh Tuy Bridge,Outbound,22,0,0,Partially cloudy,30.1,0.0,87.73,10000.0,0,0
2025-08-10 03:00:00,Vinh Tuy Bridge,Inbound,3,0,0,Overcast,29.0,0.0,94.36,10000.0,6,0
2025-08-10 03:00:00,Vinh Tuy Bridge,Outbound,3,0,0,Overcast,29.0,0.0,94.36,10000.0,6,0
2025-08-10 07:10:00,Vinh Tuy Bridge,Inbound,7,17,0,Overcast,30.1,0.003,91.75,10000.0,6,0
2025-08-10 07:10:00,Vinh Tuy Bridge,Outbound,7,20,0,Overcast,30.1,0.003,91.75,10000.0,6,0
2025-08-10 07:30:00,Vinh Tuy Bridge,Inbound,7,24,0,Overcast,30.1,0.003,91.75,10000.0,6,0
2025-08-10 07:30:00,Vinh Tuy Bridge,Outbound,7,27,0,Overcast,30.1,0.003,91.75,10000.0,6,0
2025-08-10 10:00:00,Vinh Tuy Bridge,Inbound,10,34,0,Partially cloudy,32.5,0.0,76.1,17400.0,6,0
2025-08-10 10:00:00,Vinh Tuy Bridge,Outbound,10,44,0,Partially cloudy,32.5,0.0,76.1,17400.0,6,0
2025-08-10 12:00:00,Vinh Tuy Bridge,Inbound,12,43,0,Overcast,28.0,0.0,94.32,10000.0,6,0
2025-08-10 12:00:00,Vinh Tuy Bridge,Outbound,12,58,0,Overcast,28.0,0.0,94.32,10000.0,6,0
2025-08-10 15:00:00,Vinh Tuy Bridge,Inbound,15,66,0,Partially cloudy,27.0,0.0,88.84,10000.0,6,0
2025-08-10 15:00:00,Vinh Tuy Bridge,Outbound,15,87,0,Partially cloudy,27.0,0.0,88.84,10000.0,6,0
2025-08-10 16:00:00,Vinh Tuy Bridge,Inbound,16,92,1,Partially cloudy,27.1,0.0,85.05,10000.0,6,0
2025-08-10 16:00:00,Vinh Tuy Bridge,Outbound,16,115,0,Partially cloudy,27.1,0.0,85.05,10000.0,6,0
2025-08-10 17:10:00,Vinh Tuy Bridge,Inbound,17,96,1,Clear,28.0,0.0,83.79,10000.0,6,0
2025-08-10 17:10:00,Vinh Tuy Bridge,Outbound,17,149,1,Clear,28.0,0.0,83.79,10000.0,6,0
2025-08-10 20:00:00,Vinh Tuy Bridge,Inbound,20,24,0,Partially cloudy,27.0,0.0,88.84,10000.0,6,0
2025-08-10 20:00:00,Vinh Tuy Bridge,Outbound,20,62,0,Partially cloudy,27.0,0.0,88.84,10000.0,6,0
2025-08-10 22:30:00,Vinh Tuy Bridge,Inbound,22,0,0,Partially cloudy,27.5,0.0,91.0,10000.0,6,0
2025-08-10 22:30:00,Vinh Tuy Bridge,Outbound,22,0,0,Partially cloudy,27.5,0.0,91.0,10000.0,6,0
2025-08-09 03:00:00,Vinh Tuy Bridge,Inbound,3,0,0,Clear,29.0,0.0,83.9,10000.0,5,0
2025-08-09 03:00:00,Vinh Tuy Bridge,Outbound,3,0,0,Clear,29.0,0.0,83.9,10000.0,5,0
2025-08-09 07:10:00,Vinh Tuy Bridge,Inbound,7,48,0,Partially cloudy,29.5,0.0,89.82,17400.0,5,0
2025-08-09 07:10:00,Vinh Tuy Bridge,Outbound,7,51,0,Partially cloudy,29.5,0.0,89.82,17400.0,5,0
2025-08-09 07:30:00,Vinh Tuy Bridge,Inbound,7,75,0,Partially cloudy,29.5,0.0,89.82,17400.0,5,0
2025-08-09 07:30:00,Vinh Tuy Bridge,Outbound,7,73,0,Partially cloudy,29.5,0.0,89.82,17400.0,5,0
2025-08-09 10:00:00,Vinh Tuy Bridge,Inbound,10,134,1,Partially cloudy,34.1,0.0,60.55,17400.0,5,0
2025-08-09 10:00:00,Vinh Tuy Bridge,Outbound,10,120,0,Partially cloudy,34.1,0.0,60.55,17400.0,5,0
2025-08-09 12:00:00,Vinh Tuy Bridge,Inbound,12,148,1,Partially cloudy,34.0,0.0,59.51,10000.0,5,0
2025-08-09 12:00:00,Vinh Tuy Bridge,Outbound,12,127,0,Partially cloudy,34.0,0.0,59.51,10000.0,5,0
2025-08-09 15:00:00,Vinh Tuy Bridge,Inbound,15,174,1,Clear,36.0,0.0,53.26,10000.0,5,0
2025-08-09 15:00:00,Vinh Tuy Bridge,Outbound,15,145,0,Clear,36.0,0.0,53.26,10000.0,5,0
2025-08-09 16:00:00,Vinh Tuy Bridge,Inbound,16,219,1,Partially cloudy,36.2,0.0,52.34,10100.0,5,0
2025-08-09 16:00:00,Vinh Tuy Bridge,Outbound,16,193,1,Partially cloudy,36.2,0.0,52.34,10100.0,5,0
2025-08-09 17:10:00,Vinh Tuy Bridge,Inbound,17,250,1,Clear,36.0,0.0,56.52,10000.0,5,0
2025-08-09 17:10:00,Vinh Tuy Bridge,Outbound,17,232,1,Clear,36.0,0.0,56.52,10000.0,5,0
2025-08-09 20:00:00,Vinh Tuy Bridge,Inbound,20,55,0,Clear,32.0,0.0,74.95,10000.0,5,0
2025-08-09 20:00:00,Vinh Tuy Bridge,Outbound,20,68,0,Clear,32.0,0.0,74.95,10000.0,5,0
2025-08-09 22:30:00,Vinh Tuy Bridge,Inbound,22,0,0,Clear,31.0,0.0,82.13,10000.0,5,0
2025-08-09 22:30:00,Vinh Tuy Bridge,Outbound,22,0,0,Clear,31.0,0.0,82.13,10000.0,5,0
2025-08-08 03:00:00,Vinh Tuy Bridge,Inbound,3,0,0,Clear,27.0,0.0,94.28,5000.0,4,0
2025-08-08 03:00:00,Vinh Tuy Bridge,Outbound,3,0,0,Clear,27.0,0.0,94.28,5000.0,4,0
2025-08-08 07:10:00,Vinh Tuy Bridge,Inbound,7,46,0,Partially cloudy,28.5,0.0,95.31,8200.0,4,0
2025-08-08 07:10:00,Vinh Tuy Bridge,Outbound,7,67,0,Partially cloudy,28.5,0.0,95.31,8200.0,4,0
2025-08-08 07:30:00,Vinh Tuy Bridge,Inbound,7,68,0,Partially cloudy,28.5,0.0,95.31,8200.0,4,0
2025-08-08 07:30:00,Vinh Tuy Bridge,Outbound,7,94,0,Partially cloudy,28.5,0.0,95.31,8200.0,4,0
2025-08-08 10:00:00,Vinh Tuy Bridge,Inbound,10,49,0,Partially cloudy,32.1,0.0,73.95,10100.0,4,0
2025-08-08 10:00:00,Vinh Tuy Bridge,Outbound,10,55,0,Partially cloudy,32.1,0.0,73.95,10100.0,4,0
2025-08-08 12:00:00,Vinh Tuy Bridge,Inbound,12,55,0,Partially cloudy,34.0,0.0,66.98,10000.0,4,0
2025-08-08 12:00:00,Vinh Tuy Bridge,Outbound,12,51,0,Partially cloudy,34.0,0.0,66.98,10000.0,4,0
2025-08-08 15:00:00,Vinh Tuy Bridge,Inbound,15,80,0,Partially cloudy,35.3,0.0,58.73,10000.0,4,0
2025-08-08 15:00:00,Vinh Tuy Bridge,Outbound,15,73,0,Partially cloudy,35.3,0.0,58.73,10000.0,4,0
2025-08-08 16:00:00,Vinh Tuy Bridge,Inbound,16,140,1,Partially cloudy,36.4,0.0,52.58,17400.0,4,0
2025-08-08 16:00:00,Vinh Tuy Bridge,Outbound,16,137,0,Partially cloudy,36.4,0.0,52.58,17400.0,4,0
2025-08-08 17:10:00,Vinh Tuy Bridge,Inbound,17,255,1,Clear,36.0,0.0,50.17,10000.0,4,0
2025-08-08 17:10:00,Vinh Tuy Bridge,Outbound,17,273,1,Clear,36.0,0.0,50.17,10000.0,4,0
2025-08-08 20:00:00,Vinh Tuy Bridge,Inbound,20,77,0,Clear,32.0,0.0,74.95,10000.0,4,0
2025-08-08 20:00:00,Vinh Tuy Bridge,Outbound,20,67,0,Clear,32.0,0.0,74.95,10000.0,4,0
2025-08-08 22:30:00,Vinh Tuy Bridge,Inbound,22,0,0,Clear,30.7,0.0,80.53,17300.0,4,0
2025-08-08 22:30:00,Vinh Tuy Bridge,Outbound,22,0,0,Clear,30.7,0.0,80.53,17300.0,4,0
2025-08-07 03:00:00,Vinh Tuy Bridge,Inbound,3,0,0,Partially cloudy,24.0,0.0,100.0,10000.0,3,0
2025-08-07 03:00:00,Vinh Tuy Bridge,Outbound,3,0,0,Partially cloudy,24.0,0.0,100.0,10000.0,3,0
2025-08-07 07:10:00,Vinh Tuy Bridge,Inbound,7,63,0,Partially cloudy,25.4,0.0,93.29,10000.0,3,0
2025-08-07 07:10:00,Vinh Tuy Bridge,Outbound,7,140,0,Partially cloudy,25.4,0.0,93.29,10000.0,3,0
2025-08-07 07:30:00,Vinh Tuy Bridge,Inbound,7,97,1,Partially cloudy,25.4,0.0,93.29,10000.0,3,0
2025-08-07 07:30:00,Vinh Tuy Bridge,Outbound,7,180,1,Partially cloudy,25.4,0.0,93.29,10000.0,3,0
2025-08-07 10:00:00,Vinh Tuy Bridge,Inbound,10,46,0,Partially cloudy,27.8,0.0,86.16,10000.0,3,0
2025-08-07 10:00:00,Vinh Tuy Bridge,Outbound,10,55,0,Partially cloudy,27.8,0.0,86.16,10000.0,3,0
2025-08-07 12:00:00,Vinh Tuy Bridge,Inbound,12,36,0,Partially cloudy,29.0,0.0,79.06,10000.0,3,0
2025-08-07 12:00:00,Vinh Tuy Bridge,Outbound,12,48,0,Partially cloudy,29.0,0.0,79.06,10000.0,3,0
2025-08-07 15:00:00,Vinh Tuy Bridge,Inbound,15,46,0,Clear,30.0,0.0,84.01,10000.0,3,0
2025-08-07 15:00:00,Vinh Tuy Bridge,Outbound,15,61,0,Clear,30.0,0.0,84.01,10000.0,3,0
2025-08-07 16:00:00,Vinh Tuy Bridge,Inbound,16,74,0,Partially cloudy,31.1,0.0,76.26,10100.0,3,0
2025-08-07 16:00:00,Vinh Tuy Bridge,Outbound,16,88,0,Partially cloudy,31.1,0.0,76.26,10100.0,3,0
2025-08-07 17:10:00,Vinh Tuy Bridge,Inbound,17,131,1,Clear,30.0,0.0,84.01,10000.0,3,0
2025-08-07 17:10:00,Vinh Tuy Bridge,Outbound,17,154,1,Clear,30.0,0.0,84.01,10000.0,3,0
2025-08-07 20:00:00,Vinh Tuy Bridge,Inbound,20,26,0,Clear,29.0,0.0,88.99,8000.0,3,0
2025-08-07 20:00:00,Vinh Tuy Bridge,Outbound,20,52,0,Clear,29.0,0.0,88.99,8000.0,3,0
2025-08-07 22:30:00,Vinh Tuy Bridge,Inbound,22,0,0,Partially cloudy,29.1,0.0,87.27,10000.0,3,0
2025-08-07 22:30:00,Vinh Tuy Bridge,Outbound,22,0,0,Partially cloudy,29.1,0.0,87.27,10000.0,3,0
2025-08-06 03:00:00,Vinh Tuy Bridge,Inbound,3,0,0,Partially cloudy,25.0,0.0,100.0,9000.0,2,0
2025-08-06 03:00:00,Vinh Tuy Bridge,Outbound,3,0,0,Partially cloudy,25.0,0.0,100.0,9000.0,2,0
2025-08-06 07:10:00,Vinh Tuy Bridge,Inbound,7,66,0,Overcast,26.8,0.0,94.62,8700.0,2,0
2025-08-06 07:10:00,Vinh Tuy Bridge,Outbound,7,157,1,Overcast,26.8,0.0,94.62,8700.0,2,0
2025-08-06 07:30:00,Vinh Tuy Bridge,Inbound,7,96,1,Overcast,26.8,0.0,94.62,8700.0,2,0
2025-08-06 07:30:00,Vinh Tuy Bridge,Outbound,7,200,1,Overcast,26.8,0.0,94.62,8700.0,2,0
2025-08-06 10:00:00,Vinh Tuy Bridge,Inbound,10,52,0,Overcast,27.9,0.0,91.73,8200.0,2,0
2025-08-06 10:00:00,Vinh Tuy Bridge,Outbound,10,57,0,Overcast,27.9,0.0,91.73,8200.0,2,0
2025-08-06 12:00:00,Vinh Tuy Bridge,Inbound,12,45,0,Overcast,27.0,0.0,94.28,4000.0,2,0
2025-08-06 12:00:00,Vinh Tuy Bridge,Outbound,12,51,0,Overcast,27.0,0.0,94.28,4000.0,2,0
2025-08-06 15:00:00,Vinh Tuy Bridge,Inbound,15,54,0,Partially cloudy,29.0,0.0,88.99,8000.0,2,0
2025-08-06 15:00:00,Vinh Tuy Bridge,Outbound,15,68,0,Partially cloudy,29.0,0.0,88.99,8000.0,2,0
2025-08-06 16:00:00,Vinh Tuy Bridge,Inbound,16,82,0,Partially cloudy,30.0,0.0,84.01,10000.0,2,0
2025-08-06 16:00:00,Vinh Tuy Bridge,Outbound,16,104,0,Partially cloudy,30.0,0.0,84.01,10000.0,2,0
2025-08-06 17:10:00,Vinh Tuy Bridge,Inbound,17,138,1,Partially cloudy,29.0,0.0,88.99,10000.0,2,0
2025-08-06 17:10:00,Vinh Tuy Bridge,Outbound,17,156,1,Partially cloudy,29.0,0.0,88.99,10000.0,2,0
2025-08-06 20:00:00,Vinh Tuy Bridge,Inbound,20,30,0,Partially cloudy,28.0,0.0,94.32,9000.0,2,0
2025-08-06 20:00:00,Vinh Tuy Bridge,Outbound,20,41,0,Partially cloudy,28.0,0.0,94.32,9000.0,2,0
2025-08-06 22:30:00,Vinh Tuy Bridge,Inbound,22,0,0,Partially cloudy,29.2,0.0,87.27,9700.0,2,0
2025-08-06 22:30:00,Vinh Tuy Bridge,Outbound,22,0,0,Partially cloudy,29.2,0.0,87.27,9700.0,2,0
2025-08-05 03:00:00,Vinh Tuy Bridge,Inbound,3,0,0,Clear,31.0,0.0,84.11,10000.0,1,0
2025-08-05 03:00:00,Vinh Tuy Bridge,Outbound,3,0,0,Clear,31.0,0.0,84.11,10000.0,1,0
2025-08-05 07:10:00,Vinh Tuy Bridge,Inbound,7,68,0,Partially cloudy,30.7,0.0,82.88,17400.0,1,0
2025-08-05 07:10:00,Vinh Tuy Bridge,Outbound,7,155,1,Partially cloudy,30.7,0.0,82.88,17400.0,1,0
2025-08-05 07:30:00,Vinh Tuy Bridge,Inbound,7,94,1,Partially cloudy,30.7,0.0,82.88,17400.0,1,0
2025-08-05 07:30:00,Vinh Tuy Bridge,Outbound,7,204,1,Partially cloudy,30.7,0.0,82.88,17400.0,1,0
2025-08-05 10:00:00,Vinh Tuy Bridge,Inbound,10,61,0,Partially cloudy,34.5,0.0,62.76,10100.0,1,0
2025-08-05 10:00:00,Vinh Tuy Bridge,Outbound,10,53,0,Partially cloudy,34.5,0.0,62.76,10100.0,1,0
2025-08-05 12:00:00,Vinh Tuy Bridge,Inbound,12,57,0,Partially cloudy,33.0,0.0,75.11,10000.0,1,0
2025-08-05 12:00:00,Vinh Tuy Bridge,Outbound,12,45,0,Partially cloudy,33.0,0.0,75.11,10000.0,1,0
2025-08-05 15:00:00,Vinh Tuy Bridge,Inbound,15,67,0,Clear,34.0,0.0,63.15,10000.0,1,0
2025-08-05 15:00:00,Vinh Tuy Bridge,Outbound,15,56,0,Clear,34.0,0.0,63.15,10000.0,1,0
2025-08-05 16:00:00,Vinh Tuy Bridge,Inbound,16,96,1,Partially cloudy,35.5,0.0,59.4,10100.0,1,0
2025-08-05 16:00:00,Vinh Tuy Bridge,Outbound,16,79,0,Partially cloudy,35.5,0.0,59.4,10100.0,1,0
2025-08-05 17:10:00,Vinh Tuy Bridge,Inbound,17,155,1,Clear,34.0,0.0,63.15,10000.0,1,0
2025-08-05 17:10:00,Vinh Tuy Bridge,Outbound,17,130,0,Clear,34.0,0.0,63.15,10000.0,1,0
2025-08-05 20:00:00,Vinh Tuy Bridge,Inbound,20,35,0,Overcast,26.0,0.0,94.23,2000.0,1,0
2025-08-05 20:00:00,Vinh Tuy Bridge,Outbound,20,47,0,Overcast,26.0,0.0,94.23,2000.0,1,0
2025-08-05 22:30:00,Vinh Tuy Bridge,Inbound,22,0,0,Partially cloudy,26.2,0.0,94.44,10000.0,1,0
2025-08-05 22:30:00,Vinh Tuy Bridge,Outbound,22,0,0,Partially cloudy,26.2,0.0,94.44,10000.0,1,0
2025-08-04 03:00:00,Vinh Tuy Bridge,Inbound,3,0,0,Clear,32.0,0.0,62.72,10000.0,0,0
2025-08-04 03:00:00,Vinh Tuy Bridge,Outbound,3,0,0,Clear,32.0,0.0,62.72,10000.0,0,0
2025-08-04 07:10:00,Vinh Tuy Bridge,Inbound,7,139,1,Partially cloudy,31.4,0.0,71.29,10100.0,0,0
2025-08-04 07:10:00,Vinh Tuy Bridge,Outbound,7,275,1,Partially cloudy,31.4,0.0,71.29,10100.0,0,0
2025-08-04 07:30:00,Vinh Tuy Bridge,Inbound,7,178,1,Partially cloudy,31.4,0.0,71.29,10100.0,0,0
2025-08-04 07:30:00,Vinh Tuy Bridge,Outbound,7,373,1,Partially cloudy,31.4,0.0,71.29,10100.0,0,0
2025-08-04 10:00:00,Vinh Tuy Bridge,Inbound,10,45,0,Partially cloudy,35.8,0.0,54.23,17400.0,0,0
2025-08-04 10:00:00,Vinh Tuy Bridge,Outbound,10,72,0,Partially cloudy,35.8,0.0,54.23,17400.0,0,0
2025-08-04 12:00:00,Vinh Tuy Bridge,Inbound,12,33,0,Clear,37.0,0.0,53.51,10000.0,0,0
2025-08-04 12:00:00,Vinh Tuy Bridge,Outbound,12,56,0,Clear,37.0,0.0,53.51,10000.0,0,0
2025-08-04 15:00:00,Vinh Tuy Bridge,Inbound,15,46,0,Clear,38.0,0.0,50.67,10000.0,0,0
2025-08-04 15:00:00,Vinh Tuy Bridge,Outbound,15,75,0,Clear,38.0,0.0,50.67,10000.0,0,0
2025-08-04 16:00:00,Vinh Tuy Bridge,Inbound,16,76,0,Partially cloudy,38.5,0.0,45.79,17400.0,0,0
2025-08-04 16:00:00,Vinh Tuy Bridge,Outbound,16,108,0,Partially cloudy,38.5,0.0,45.79,17400.0,0,0
2025-08-04 17:10:00,Vinh Tuy Bridge,Inbound,17,132,1,Clear,38.0,0.0,44.98,10000.0,0,0
2025-08-04 17:10:00,Vinh Tuy Bridge,Outbound,17,165,1,Clear,38.0,0.0,44.98,10000.0,0,0
2025-08-04 20:00:00,Vinh Tuy Bridge,Inbound,20,23,0,Partially cloudy,36.0,0.0,53.26,10000.0,0,0
2025-08-04 20:00:00,Vinh Tuy Bridge,Outbound,20,59,0,Partially cloudy,36.0,0.0,53.26,10000.0,0,0
2025-08-04 22:30:00,Vinh Tuy Bridge,Inbound,22,0,0,Partially cloudy,33.5,0.0,60.51,17300.0,0,0
2025-08-04 22:30:00,Vinh Tuy Bridge,Outbound,22,0,0,Partially cloudy,33.5,0.0,60.51,17300.0,0,0
2025-08-03 03:00:00,Vinh Tuy Bridge,Inbound,3,0,0,Clear,29.0,0.0,88.99,10000.0,6,0
2025-08-03 03:00:00,Vinh Tuy Bridge,Outbound,3,0,0,Clear,29.0,0.0,88.99,10000.0,6,0
2025-08-03 07:10:00,Vinh Tuy Bridge,Inbound,7,17,0,Partially cloudy,30.5,0.0,86.7,9900.0,6,0
2025-08-03 07:10:00,Vinh Tuy Bridge,Outbound,7,20,0,Partially cloudy,30.5,0.0,86.7,9900.0,6,0
2025-08-03 07:30:00,Vinh Tuy Bridge,Inbound,7,24,0,Partially cloudy,30.5,0.0,86.7,9900.0,6,0
2025-08-03 07:30:00,Vinh Tuy Bridge,Outbound,7,27,0,Partially cloudy,30.5,0.0,86.7,9900.0,6,0
2025-08-03 10:00:00,Vinh Tuy Bridge,Inbound,10,34,0,Partially cloudy,34.5,0.0,62.75,10100.0,6,0
2025-08-03 10:00:00,Vinh Tuy Bridge,Outbound,10,44,0,Partially cloudy,34.5,0.0,62.75,10100.0,6,0
2025-08-03 12:00:00,Vinh Tuy Bridge,Inbound,12,43,0,Clear,36.0,0.0,56.52,10000.0,6,0
2025-08-03 12:00:00,Vinh Tuy Bridge,Outbound,12,58,0,Clear,36.0,0.0,56.52,10000.0,6,0
2025-08-03 15:00:00,Vinh Tuy Bridge,Inbound,15,66,0,Clear,38.0,0.0,50.67,10000.0,6,0
2025-08-03 15:00:00,Vinh Tuy Bridge,Outbound,15,87,0,Clear,38.0,0.0,50.67,10000.0,6,0
2025-08-03 16:00:00,Vinh Tuy Bridge,Inbound,16,92,1,Partially cloudy,38.5,0.0,48.43,10100.0,6,0
2025-08-03 16:00:00,Vinh Tuy Bridge,Outbound,16,115,0,Partially cloudy,38.5,0.0,48.43,10100.0,6,0
2025-08-03 17:10:00,Vinh Tuy Bridge,Inbound,17,96,1,Clear,37.0,0.0,50.42,10000.0,6,0
2025-08-03 17:10:00,Vinh Tuy Bridge,Outbound,17,149,1,Clear,37.0,0.0,50.42,10000.0,6,0
2025-08-03 20:00:00,Vinh Tuy Bridge,Inbound,20,24,0,Clear,36.0,0.0,53.26,10000.0,6,0
2025-08-03 20:00:00,Vinh Tuy Bridge,Outbound,20,62,0,Clear,36.0,0.0,53.26,10000.0,6,0
2025-08-03 22:30:00,Vinh Tuy Bridge,Inbound,22,0,0,Clear,34.0,0.0,59.07,10000.0,6,0
2025-08-03 22:30:00,Vinh Tuy Bridge,Outbound,22,0,0,Clear,34.0,0.0,59.07,10000.0,6,0
2025-08-02 03:00:00,Vinh Tuy Bridge,Inbound,3,0,0,Clear,28.0,0.0,83.79,10000.0,5,0
2025-08-02 03:00:00,Vinh Tuy Bridge,Outbound,3,0,0,Clear,28.0,0.0,83.79,10000.0,5,0
2025-08-02 07:10:00,Vinh Tuy Bridge,Inbound,7,48,0,Clear,28.7,0.0,87.64,10100.0,5,0
2025-08-02 07:10:00,Vinh Tuy Bridge,Outbound,7,51,0,Clear,28.7,0.0,87.64,10100.0,5,0
2025-08-02 07:30:00,Vinh Tuy Bridge,Inbound,7,75,0,Clear,28.7,0.0,87.64,10100.0,5,0
2025-08-02 07:30:00,Vinh Tuy Bridge,Outbound,7,73,0,Clear,28.7,0.0,87.64,10100.0,5,0
2025-08-02 10:00:00,Vinh Tuy Bridge,Inbound,10,134,1,Partially cloudy,32.8,0.0,69.28,10100.0,5,0
2025-08-02 10:00:00,Vinh Tuy Bridge,Outbound,10,120,0,Partially cloudy,32.8,0.0,69.28,10100.0,5,0
2025-08-02 12:00:00,Vinh Tuy Bridge,Inbound,12,148,1,Partially cloudy,34.0,0.0,66.98,10000.0,5,0
2025-08-02 12:00:00,Vinh Tuy Bridge,Outbound,12,127,0,Partially cloudy,34.0,0.0,66.98,10000.0,5,0
2025-08-02 15:00:00,Vinh Tuy Bridge,Inbound,15,174,1,Partially cloudy,36.0,0.0,56.52,10000.0,5,0
2025-08-02 15:00:00,Vinh Tuy Bridge,Outbound,15,145,0,Partially cloudy,36.0,0.0,56.52,10000.0,5,0
2025-08-02 16:00:00,Vinh Tuy Bridge,Inbound,16,219,1,Partially cloudy,36.4,0.0,55.83,10100.0,5,0
2025-08-02 16:00:00,Vinh Tuy Bridge,Outbound,16,193,1,Partially cloudy,36.4,0.0,55.83,10100.0,5,0
2025-08-02 17:10:00,Vinh Tuy Bridge,Inbound,17,250,1,Partially cloudy,35.0,0.2,59.73,10000.0,5,0
2025-08-02 17:10:00,Vinh Tuy Bridge,Outbound,17,232,1,Partially cloudy,35.0,0.2,59.73,10000.0,5,0
2025-08-02 20:00:00,Vinh Tuy Bridge,Inbound,20,55,0,Clear,34.0,0.0,66.98,10000.0,5,0
2025-08-02 20:00:00,Vinh Tuy Bridge,Outbound,20,68,0,Clear,34.0,0.0,66.98,10000.0,5,0
2025-08-02 22:30:00,Vinh Tuy Bridge,Inbound,22,0,0,Clear,32.1,0.0,75.05,10000.0,5,0
2025-08-02 22:30:00,Vinh Tuy Bridge,Outbound,22,0,0,Clear,32.1,0.0,75.05,10000.0,5,0
2025-08-01 03:00:00,Vinh Tuy Bridge,Inbound,3,0,0,Partially cloudy,25.0,0.0,100.0,10000.0,4,0
2025-08-01 03:00:00,Vinh Tuy Bridge,Outbound,3,0,0,Partially cloudy,25.0,0.0,100.0,10000.0,4,0
2025-08-01 07:10:00,Vinh Tuy Bridge,Inbound,7,46,0,Partially cloudy,25.8,0.0,94.98,10100.0,4,0
2025-08-01 07:10:00,Vinh Tuy Bridge,Outbound,7,67,0,Partially cloudy,25.8,0.0,94.98,10100.0,4,0
2025-08-01 07:30:00,Vinh Tuy Bridge,Inbound,7,68,0,Partially cloudy,25.8,0.0,94.98,10100.0,4,0
2025-08-01 07:30:00,Vinh Tuy Bridge,Outbound,7,94,0,Partially cloudy,25.8,0.0,94.98,10100.0,4,0
2025-08-01 10:00:00,Vinh Tuy Bridge,Inbound,10,49,0,Partially cloudy,29.5,0.0,77.4,10000.0,4,0
2025-08-01 10:00:00,Vinh Tuy Bridge,Outbound,10,55,0,Partially cloudy,29.5,0.0,77.4,10000.0,4,0
2025-08-01 12:00:00,Vinh Tuy Bridge,Inbound,12,55,0,Partially cloudy,31.0,0.0,74.79,10000.0,4,0
2025-08-01 12:00:00,Vinh Tuy Bridge,Outbound,12,51,0,Partially cloudy,31.0,0.0,74.79,10000.0,4,0
2025-08-01 15:00:00,Vinh Tuy Bridge,Inbound,15,80,0,Clear,33.0,0.0,66.78,10000.0,4,0
2025-08-01 15:00:00,Vinh Tuy Bridge,Outbound,15,73,0,Clear,33.0,0.0,66.78,10000.0,4,0
2025-08-01 16:00:00,Vinh Tuy Bridge,Inbound,16,140,1,Partially cloudy,34.1,0.0,60.19,17400.0,4,0
2025-08-01 16:00:00,Vinh Tuy Bridge,Outbound,16,137,0,Partially cloudy,34.1,0.0,60.19,17400.0,4,0
2025-08-01 17:10:00,Vinh Tuy Bridge,Inbound,17,255,1,Partially cloudy,34.0,0.0,59.51,10000.0,4,0
2025-08-01 17:10:00,Vinh Tuy Bridge,Outbound,17,273,1,Partially cloudy,34.0,0.0,59.51,10000.0,4,0
2025-08-01 20:00:00,Vinh Tuy Bridge,Inbound,20,77,0,Clear,31.0,0.0,74.79,10000.0,4,0
2025-08-01 20:00:00,Vinh Tuy Bridge,Outbound,20,67,0,Clear,31.0,0.0,74.79,10000.0,4,0
2025-08-01 22:30:00,Vinh Tuy Bridge,Inbound,22,0,0,Partially cloudy,29.5,0.0,84.7,10000.0,4,0
2025-08-01 22:30:00,Vinh Tuy Bridge,Outbound,22,0,0,Partially cloudy,29.5,0.0,84.7,10000.0,4,0
2025-07-31 03:00:00,Vinh Tuy Bridge,Inbound,3,0,0,Partially cloudy,26.0,0.0,100.0,8000.0,3,0
2025-07-31 03:00:00,Vinh Tuy Bridge,Outbound,3,0,0,Partially cloudy,26.0,0.0,100.0,8000.0,3,0
2025-07-31 07:10:00,Vinh Tuy Bridge,Inbound,7,63,0,Overcast,27.4,0.0,92.63,9900.0,3,0
2025-07-31 07:10:00,Vinh Tuy Bridge,Outbound,7,140,0,Overcast,27.4,0.0,92.63,9900.0,3,0
2025-07-31 07:30:00,Vinh Tuy Bridge,Inbound,7,97,1,Overcast,27.4,0.0,92.63,9900.0,3,0
2025-07-31 07:30:00,Vinh Tuy Bridge,Outbound,7,180,1,Overcast,27.4,0.0,92.63,9900.0,3,0
2025-07-31 10:00:00,Vinh Tuy Bridge,Inbound,10,46,0,Partially cloudy,30.1,0.0,78.22,10100.0,3,0
2025-07-31 10:00:00,Vinh Tuy Bridge,Outbound,10,55,0,Partially cloudy,30.1,0.0,78.22,10100.0,3,0
2025-07-31 12:00:00,Vinh Tuy Bridge,Inbound,12,36,0,Clear,32.0,0.0,70.66,10000.0,3,0
2025-07-31 12:00:00,Vinh Tuy Bridge,Outbound,12,48,0,Clear,32.0,0.0,70.66,10000.0,3,0
2025-07-31 15:00:00,Vinh Tuy Bridge,Inbound,15,46,0,Clear,35.0,0.0,59.73,10000.0,3,0
2025-07-31 15:00:00,Vinh Tuy Bridge,Outbound,15,61,0,Clear,35.0,0.0,59.73,10000.0,3,0
2025-07-31 16:00:00,Vinh Tuy Bridge,Inbound,16,74,0,Partially cloudy,34.7,0.0,62.91,10100.0,3,0
2025-07-31 16:00:00,Vinh Tuy Bridge,Outbound,16,88,0,Partially cloudy,34.7,0.0,62.91,10100.0,3,0
2025-07-31 17:10:00,Vinh Tuy Bridge,Inbound,17,131,1,Clear,35.0,0.0,59.73,10000.0,3,0
2025-07-31 17:10:00,Vinh Tuy Bridge,Outbound,17,154,1,Clear,35.0,0.0,59.73,10000.0,3,0
2025-07-31 20:00:00,Vinh Tuy Bridge,Inbound,20,26,0,Clear,33.0,0.0,70.84,10000.0,3,0
2025-07-31 20:00:00,Vinh Tuy Bridge,Outbound,20,52,0,Clear,33.0,0.0,70.84,10000.0,3,0
2025-07-31 22:30:00,Vinh Tuy Bridge,Inbound,22,0,0,Partially cloudy,30.7,0.0,78.1,10000.0,3,0
2025-07-31 22:30:00,Vinh Tuy Bridge,Outbound,22,0,0,Partially cloudy,30.7,0.0,78.1,10000.0,3,0
2025-07-30 03:00:00,Vinh Tuy Bridge,Inbound,3,0,0,Clear,30.0,0.0,89.07,8000.0,2,0
2025-07-30 03:00:00,Vinh Tuy Bridge,Outbound,3,0,0,Clear,30.0,0.0,89.07,8000.0,2,0
2025-07-30 07:10:00,Vinh Tuy Bridge,Inbound,7,66,0,Partially cloudy,30.5,0.0,89.08,9100.0,2,0
2025-07-30 07:10:00,Vinh Tuy Bridge,Outbound,7,157,1,Partially cloudy,30.5,0.0,89.08,9100.0,2,0
2025-07-30 07:30:00,Vinh Tuy Bridge,Inbound,7,96,1,Partially cloudy,30.5,0.0,89.08,9100.0,2,0
2025-07-30 07:30:00,Vinh Tuy Bridge,Outbound,7,200,1,Partially cloudy,30.5,0.0,89.08,9100.0,2,0
2025-07-30 10:00:00,Vinh Tuy Bridge,Inbound,10,52,0,Partially cloudy,34.2,0.0,73.83,9900.0,2,0
2025-07-30 10:00:00,Vinh Tuy Bridge,Outbound,10,57,0,Partially cloudy,34.2,0.0,73.83,9900.0,2,0
2025-07-30 12:00:00,Vinh Tuy Bridge,Inbound,12,45,0,Partially cloudy,35.0,0.0,71.19,10000.0,2,0
2025-07-30 12:00:00,Vinh Tuy Bridge,Outbound,12,51,0,Partially cloudy,35.0,0.0,71.19,10000.0,2,0
2025-07-30 15:00:00,Vinh Tuy Bridge,Inbound,15,54,0,Partially cloudy,36.0,0.0,63.57,10000.0,2,0
2025-07-30 15:00:00,Vinh Tuy Bridge,Outbound,15,68,0,Partially cloudy,36.0,0.0,63.57,10000.0,2,0
2025-07-30 16:00:00,Vinh Tuy Bridge,Inbound,16,82,0,Partially cloudy,36.9,0.0,58.59,10100.0,2,0
2025-07-30 16:00:00,Vinh Tuy Bridge,Outbound,16,104,0,Partially cloudy,36.9,0.0,58.59,10100.0,2,0
2025-07-30 17:10:00,Vinh Tuy Bridge,Inbound,17,138,1,Clear,35.0,0.0,67.18,10000.0,2,0
2025-07-30 17:10:00,Vinh Tuy Bridge,Outbound,17,156,1,Clear,35.0,0.0,67.18,10000.0,2,0
2025-07-30 20:00:00,Vinh Tuy Bridge,Inbound,20,30,0,Partially cloudy,26.0,0.0,94.23,10000.0,2,0
2025-07-30 20:00:00,Vinh Tuy Bridge,Outbound,20,41,0,Partially cloudy,26.0,0.0,94.23,10000.0,2,0
2025-07-30 22:30:00,Vinh Tuy Bridge,Inbound,22,0,0,Partially cloudy,26.7,0.0,91.42,9900.0,2,0
2025-07-30 22:30:00,Vinh Tuy Bridge,Outbound,22,0,0,Partially cloudy,26.7,0.0,91.42,9900.0,2,0
2025-07-29 03:00:00,Vinh Tuy Bridge,Inbound,3,0,0,Clear,28.0,0.0,88.92,5000.0,1,0
2025-07-29 03:00:00,Vinh Tuy Bridge,Outbound,3,0,0,Clear,28.0,0.0,88.92,5000.0,1,0
2025-07-29 07:10:00,Vinh Tuy Bridge,Inbound,7,68,0,Clear,29.6,0.0,93.71,9500.0,1,0
2025-07-29 07:10:00,Vinh Tuy Bridge,Outbound,7,155,1,Clear,29.6,0.0,93.71,9500.0,1,0
2025-07-29 07:30:00,Vinh Tuy Bridge,Inbound,7,94,1,Clear,29.6,0.0,93.71,9500.0,1,0
2025-07-29 07:30:00,Vinh Tuy Bridge,Outbound,7,204,1,Clear,29.6,0.0,93.71,9500.0,1,0
2025-07-29 10:00:00,Vinh Tuy Bridge,Inbound,10,61,0,Partially cloudy,33.5,0.0,73.66,9600.0,1,0
2025-07-29 10:00:00,Vinh Tuy Bridge,Outbound,10,53,0,Partially cloudy,33.5,0.0,73.66,9600.0,1,0
2025-07-29 12:00:00,Vinh Tuy Bridge,Inbound,12,57,0,Partially cloudy,35.0,0.0,67.18,9000.0,1,0
2025-07-29 12:00:00,Vinh Tuy Bridge,Outbound,12,45,0,Partially cloudy,35.0,0.0,67.18,9000.0,1,0
2025-07-29 15:00:00,Vinh Tuy Bridge,Inbound,15,67,0,Partially cloudy,37.0,0.0,56.76,10000.0,1,0
2025-07-29 15:00:00,Vinh Tuy Bridge,Outbound,15,56,0,Partially cloudy,37.0,0.0,56.76,10000.0,1,0
2025-07-29 16:00:00,Vinh Tuy Bridge,Inbound,16,96,1,Partially cloudy,37.1,0.0,52.03,17400.0,1,0
2025-07-29 16:00:00,Vinh Tuy Bridge,Outbound,16,79,0,Partially cloudy,37.1,0.0,52.03,17400.0,1,0
2025-07-29 17:10:00,Vinh Tuy Bridge,Inbound,17,155,1,Clear,37.0,0.0,53.51,10000.0,1,0
2025-07-29 17:10:00,Vinh Tuy Bridge,Outbound,17,130,0,Clear,37.0,0.0,53.51,10000.0,1,0
2025-07-29 20:00:00,Vinh Tuy Bridge,Inbound,20,35,0,Clear,34.0,0.0,63.15,10000.0,1,0
2025-07-29 20:00:00,Vinh Tuy Bridge,Outbound,20,47,0,Clear,34.0,0.0,63.15,10000.0,1,0
2025-07-29 22:30:00,Vinh Tuy Bridge,Inbound,22,0,0,Partially cloudy,32.7,0.0,76.91,10000.0,1,0
2025-07-29 22:30:00,Vinh Tuy Bridge,Outbound,22,0,0,Partially cloudy,32.7,0.0,76.91,10000.0,1,0
2025-07-28 03:00:00,Vinh Tuy Bridge,Inbound,3,0,0,Clear,28.0,0.0,88.92,10000.0,0,0
2025-07-28 03:00:00,Vinh Tuy Bridge,Outbound,3,0,0,Clear,28.0,0.0,88.92,10000.0,0,0
2025-07-28 07:10:00,Vinh Tuy Bridge,Inbound,7,139,1,Clear,27.7,0.0,92.87,8800.0,0,0
2025-07-28 07:10:00,Vinh Tuy Bridge,Outbound,7,275,1,Clear,27.7,0.0,92.87,8800.0,0,0
2025-07-28 07:30:00,Vinh Tuy Bridge,Inbound,7,178,1,Clear,27.7,0.0,92.87,8800.0,0,0
2025-07-28 07:30:00,Vinh Tuy Bridge,Outbound,7,373,1,Clear,27.7,0.0,92.87,8800.0,0,0
2025-07-28 10:00:00,Vinh Tuy Bridge,Inbound,10,45,0,Partially cloudy,32.1,0.0,71.25,9100.0,0,0
2025-07-28 10:00:00,Vinh Tuy Bridge,Outbound,10,72,0,Partially cloudy,32.1,0.0,71.25,9100.0,0,0
2025-07-28 12:00:00,Vinh Tuy Bridge,Inbound,12,33,0,Partially cloudy,33.0,0.0,70.84,9000.0,0,0
2025-07-28 12:00:00,Vinh Tuy Bridge,Outbound,12,56,0,Partially cloudy,33.0,0.0,70.84,9000.0,0,0
2025-07-28 15:00:00,Vinh Tuy Bridge,Inbound,15,46,0,Partially cloudy,35.0,0.1,63.36,10000.0,0,0
2025-07-28 15:00:00,Vinh Tuy Bridge,Outbound,15,75,0,Partially cloudy,35.0,0.1,63.36,10000.0,0,0
2025-07-28 16:00:00,Vinh Tuy Bridge,Inbound,16,76,0,Partially cloudy,36.1,0.0,51.72,17400.0,0,0
2025-07-28 16:00:00,Vinh Tuy Bridge,Outbound,16,108,0,Partially cloudy,36.1,0.0,51.72,17400.0,0,0
2025-07-28 17:10:00,Vinh Tuy Bridge,Inbound,17,132,1,Clear,36.0,0.1,53.26,10000.0,0,0
2025-07-28 17:10:00,Vinh Tuy Bridge,Outbound,17,165,1,Clear,36.0,0.1,53.26,10000.0,0,0
2025-07-28 20:00:00,Vinh Tuy Bridge,Inbound,20,23,0,Clear,31.0,0.0,70.48,9000.0,0,0
2025-07-28 20:00:00,Vinh Tuy Bridge,Outbound,20,59,0,Clear,31.0,0.0,70.48,9000.0,0,0
2025-07-28 22:30:00,Vinh Tuy Bridge,Inbound,22,0,0,Clear,30.8,0.0,84.11,16300.0,0,0
2025-07-28 22:30:00,Vinh Tuy Bridge,Outbound,22,0,0,Clear,30.8,0.0,84.11,16300.0,0,0
2025-07-27 03:00:00,Vinh Tuy Bridge,Inbound,3,0,0,Clear,26.0,0.0,94.23,10000.0,6,0
2025-07-27 03:00:00,Vinh Tuy Bridge,Outbound,3,0,0,Clear,26.0,0.0,94.23,10000.0,6,0
2025-07-27 07:10:00,Vinh Tuy Bridge,Inbound,7,17,0,Partially cloudy,26.7,0.0,92.05,9000.0,6,0
2025-07-27 07:10:00,Vinh Tuy Bridge,Outbound,7,20,0,Partially cloudy,26.7,0.0,92.05,9000.0,6,0
2025-07-27 07:30:00,Vinh Tuy Bridge,Inbound,7,24,0,Partially cloudy,26.7,0.0,92.05,9000.0,6,0
2025-07-27 07:30:00,Vinh Tuy Bridge,Outbound,7,27,0,Partially cloudy,26.7,0.0,92.05,9000.0,6,0
2025-07-27 10:00:00,Vinh Tuy Bridge,Inbound,10,34,0,Partially cloudy,30.4,0.0,76.29,10100.0,6,0
2025-07-27 10:00:00,Vinh Tuy Bridge,Outbound,10,44,0,Partially cloudy,30.4,0.0,76.29,10100.0,6,0
2025-07-27 12:00:00,Vinh Tuy Bridge,Inbound,12,43,0,Partially cloudy,32.0,0.0,74.95,10000.0,6,0
2025-07-27 12:00:00,Vinh Tuy Bridge,Outbound,12,58,0,Partially cloudy,32.0,0.0,74.95,10000.0,6,0
2025-07-27 15:00:00,Vinh Tuy Bridge,Inbound,15,66,0,Partially cloudy,35.0,0.0,56.29,10000.0,6,0
2025-07-27 15:00:00,Vinh Tuy Bridge,Outbound,15,87,0,Partially cloudy,35.0,0.0,56.29,10000.0,6,0
2025-07-27 16:00:00,Vinh Tuy Bridge,Inbound,16,92,1,Partially cloudy,34.7,0.0,58.13,10100.0,6,0
2025-07-27 16:00:00,Vinh Tuy Bridge,Outbound,16,115,0,Partially cloudy,34.7,0.0,58.13,10100.0,6,0
2025-07-27 17:10:00,Vinh Tuy Bridge,Inbound,17,96,1,Clear,35.0,0.0,56.29,10000.0,6,0
2025-07-27 17:10:00,Vinh Tuy Bridge,Outbound,17,149,1,Clear,35.0,0.0,56.29,10000.0,6,0
2025-07-27 20:00:00,Vinh Tuy Bridge,Inbound,20,24,0,Partially cloudy,30.0,0.0,70.3,10000.0,6,0
2025-07-27 20:00:00,Vinh Tuy Bridge,Outbound,20,62,0,Partially cloudy,30.0,0.0,70.3,10000.0,6,0
2025-07-27 22:30:00,Vinh Tuy Bridge,Inbound,22,0,0,Partially cloudy,29.0,0.0,85.28,10000.0,6,0
2025-07-27 22:30:00,Vinh Tuy Bridge,Outbound,22,0,0,Partially cloudy,29.0,0.0,85.28,10000.0,6,0
2025-07-26 03:00:00,Vinh Tuy Bridge,Inbound,3,0,0,Clear,26.0,0.0,88.76,10000.0,5,0
2025-07-26 03:00:00,Vinh Tuy Bridge,Outbound,3,0,0,Clear,26.0,0.0,88.76,10000.0,5,0
2025-07-26 07:10:00,Vinh Tuy Bridge,Inbound,7,48,0,Partially cloudy,27.5,0.0,88.97,10000.0,5,0
2025-07-26 07:10:00,Vinh Tuy Bridge,Outbound,7,51,0,Partially cloudy,27.5,0.0,88.97,10000.0,5,0
2025-07-26 07:30:00,Vinh Tuy Bridge,Inbound,7,75,0,Partially cloudy,27.5,0.0,88.97,10000.0,5,0
2025-07-26 07:30:00,Vinh Tuy Bridge,Outbound,7,73,0,Partially cloudy,27.5,0.0,88.97,10000.0,5,0
2025-07-26 10:00:00,Vinh Tuy Bridge,Inbound,10,134,1,Partially cloudy,30.4,0.0,78.11,10000.0,5,0
2025-07-26 10:00:00,Vinh Tuy Bridge,Outbound,10,120,0,Partially cloudy,30.4,0.0,78.11,10000.0,5,0
2025-07-26 12:00:00,Vinh Tuy Bridge,Inbound,12,148,1,Partially cloudy,32.0,0.0,70.66,10000.0,5,0
2025-07-26 12:00:00,Vinh Tuy Bridge,Outbound,12,127,0,Partially cloudy,32.0,0.0,70.66,10000.0,5,0
2025-07-26 15:00:00,Vinh Tuy Bridge,Inbound,15,174,1,Clear,34.0,0.0,59.51,10000.0,5,0
2025-07-26 15:00:00,Vinh Tuy Bridge,Outbound,15,145,0,Clear,34.0,0.0,59.51,10000.0,5,0
2025-07-26 16:00:00,Vinh Tuy Bridge,Inbound,16,219,1,Partially cloudy,33.3,0.0,64.15,10000.0,5,0
2025-07-26 16:00:00,Vinh Tuy Bridge,Outbound,16,193,1,Partially cloudy,33.3,0.0,64.15,10000.0,5,0
2025-07-26 17:10:00,Vinh Tuy Bridge,Inbound,17,250,1,Partially cloudy,33.0,0.0,66.78,10000.0,5,0
2025-07-26 17:10:00,Vinh Tuy Bridge,Outbound,17,232,1,Partially cloudy,33.0,0.0,66.78,10000.0,5,0
2025-07-26 20:00:00,Vinh Tuy Bridge,Inbound,20,55,0,Clear,27.0,0.0,88.84,10000.0,5,0
2025-07-26 20:00:00,Vinh Tuy Bridge,Outbound,20,68,0,Clear,27.0,0.0,88.84,10000.0,5,0
2025-07-26 22:30:00,Vinh Tuy Bridge,Inbound,22,0,0,Partially cloudy,26.4,0.0,93.64,10000.0,5,0
2025-07-26 22:30:00,Vinh Tuy Bridge,Outbound,22,0,0,Partially cloudy,26.4,0.0,93.64,10000.0,5,0
2025-07-25 03:00:00,Vinh Tuy Bridge,Inbound,3,0,0,Partially cloudy,27.0,0.0,94.28,8000.0,4,0
2025-07-25 03:00:00,Vinh Tuy Bridge,Outbound,3,0,0,Partially cloudy,27.0,0.0,94.28,8000.0,4,0
2025-07-25 07:10:00,Vinh Tuy Bridge,Inbound,7,46,0,Partially cloudy,26.8,0.0,95.05,9500.0,4,0
2025-07-25 07:10:00,Vinh Tuy Bridge,Outbound,7,67,0,Partially cloudy,26.8,0.0,95.05,9500.0,4,0
2025-07-25 07:30:00,Vinh Tuy Bridge,Inbound,7,68,0,Partially cloudy,26.8,0.0,95.05,9500.0,4,0
2025-07-25 07:30:00,Vinh Tuy Bridge,Outbound,7,94,0,Partially cloudy,26.8,0.0,95.05,9500.0,4,0
2025-07-25 10:00:00,Vinh Tuy Bridge,Inbound,10,49,0,Partially cloudy,30.7,0.0,76.02,10000.0,4,0
2025-07-25 10:00:00,Vinh Tuy Bridge,Outbound,10,55,0,Partially cloudy,30.7,0.0,76.02,10000.0,4,0
2025-07-25 12:00:00,Vinh Tuy Bridge,Inbound,12,55,0,Overcast,31.0,0.0,74.79,10000.0,4,0
2025-07-25 12:00:00,Vinh Tuy Bridge,Outbound,12,51,0,Overcast,31.0,0.0,74.79,10000.0,4,0
2025-07-25 15:00:00,Vinh Tuy Bridge,Inbound,15,80,0,Clear,31.0,0.0,74.79,10000.0,4,0
2025-07-25 15:00:00,Vinh Tuy Bridge,Outbound,15,73,0,Clear,31.0,0.0,74.79,10000.0,4,0
2025-07-25 16:00:00,Vinh Tuy Bridge,Inbound,16,140,1,Partially cloudy,30.7,0.0,82.75,10000.0,4,0
2025-07-25 16:00:00,Vinh Tuy Bridge,Outbound,16,137,0,Partially cloudy,30.7,0.0,82.75,10000.0,4,0
2025-07-25 17:10:00,Vinh Tuy Bridge,Inbound,17,255,1,Partially cloudy,30.0,0.0,84.01,8000.0,4,0
2025-07-25 17:10:00,Vinh Tuy Bridge,Outbound,17,273,1,Partially cloudy,30.0,0.0,84.01,8000.0,4,0
2025-07-25 20:00:00,Vinh Tuy Bridge,Inbound,20,77,0,Partially cloudy,25.0,0.0,94.19,10000.0,4,0
2025-07-25 20:00:00,Vinh Tuy Bridge,Outbound,20,67,0,Partially cloudy,25.0,0.0,94.19,10000.0,4,0
2025-07-25 22:30:00,Vinh Tuy Bridge,Inbound,22,0,0,Partially cloudy,26.5,0.0,93.65,10000.0,4,0
2025-07-25 22:30:00,Vinh Tuy Bridge,Outbound,22,0,0,Partially cloudy,26.5,0.0,93.65,10000.0,4,0
2025-07-24 03:00:00,Vinh Tuy Bridge,Inbound,3,0,0,Overcast,27.0,0.0,88.84,10000.0,3,0
2025-07-24 03:00:00,Vinh Tuy Bridge,Outbound,3,0,0,Overcast,27.0,0.0,88.84,10000.0,3,0
2025-07-24 07:10:00,Vinh Tuy Bridge,Inbound,7,63,0,Overcast,27.7,0.0,87.03,10000.0,3,0
2025-07-24 07:10:00,Vinh Tuy Bridge,Outbound,7,140,0,Overcast,27.7,0.0,87.03,10000.0,3,0
2025-07-24 07:30:00,Vinh Tuy Bridge,Inbound,7,97,1,Overcast,27.7,0.0,87.03,10000.0,3,0
2025-07-24 07:30:00,Vinh Tuy Bridge,Outbound,7,180,1,Overcast,27.7,0.0,87.03,10000.0,3,0
2025-07-24 10:00:00,Vinh Tuy Bridge,Inbound,10,46,0,Partially cloudy,27.8,0.0,89.52,10000.0,3,0
2025-07-24 10:00:00,Vinh Tuy Bridge,Outbound,10,55,0,Partially cloudy,27.8,0.0,89.52,10000.0,3,0
2025-07-24 12:00:00,Vinh Tuy Bridge,Inbound,12,36,0,Overcast,28.0,0.0,88.92,10000.0,3,0
2025-07-24 12:00:00,Vinh Tuy Bridge,Outbound,12,48,0,Overcast,28.0,0.0,88.92,10000.0,3,0
2025-07-24 15:00:00,Vinh Tuy Bridge,Inbound,15,46,0,Overcast,30.0,0.0,79.2,10000.0,3,0
2025-07-24 15:00:00,Vinh Tuy Bridge,Outbound,15,61,0,Overcast,30.0,0.0,79.2,10000.0,3,0
2025-07-24 16:00:00,Vinh Tuy Bridge,Inbound,16,74,0,Partially cloudy,30.7,0.0,76.84,10000.0,3,0
2025-07-24 16:00:00,Vinh Tuy Bridge,Outbound,16,88,0,Partially cloudy,30.7,0.0,76.84,10000.0,3,0
2025-07-24 17:10:00,Vinh Tuy Bridge,Inbound,17,131,1,Partially cloudy,29.0,0.0,88.99,10000.0,3,0
2025-07-24 17:10:00,Vinh Tuy Bridge,Outbound,17,154,1,Partially cloudy,29.0,0.0,88.99,10000.0,3,0
2025-07-24 20:00:00,Vinh Tuy Bridge,Inbound,20,26,0,Partially cloudy,28.0,0.0,88.92,10000.0,3,0
2025-07-24 20:00:00,Vinh Tuy Bridge,Outbound,20,52,0,Partially cloudy,28.0,0.0,88.92,10000.0,3,0
2025-07-24 22:30:00,Vinh Tuy Bridge,Inbound,22,0,0,Overcast,27.9,0.0,91.09,10000.0,3,0
2025-07-24 22:30:00,Vinh Tuy Bridge,Outbound,22,0,0,Overcast,27.9,0.0,91.09,10000.0,3,0
2025-07-23 03:00:00,Vinh Tuy Bridge,Inbound,3,0,0,Partially cloudy,26.0,0.0,94.23,10000.0,2,0
2025-07-23 03:00:00,Vinh Tuy Bridge,Outbound,3,0,0,Partially cloudy,26.0,0.0,94.23,10000.0,2,0
2025-07-23 07:10:00,Vinh Tuy Bridge,Inbound,7,66,0,Partially cloudy,26.5,0.0,93.01,10000.0,2,0
2025-07-23 07:10:00,Vinh Tuy Bridge,Outbound,7,157,1,Partially cloudy,26.5,0.0,93.01,10000.0,2,0
2025-07-23 07:30:00,Vinh Tuy Bridge,Inbound,7,96,1,Partially cloudy,26.5,0.0,93.01,10000.0,2,0
2025-07-23 07:30:00,Vinh Tuy Bridge,Outbound,7,200,1,Partially cloudy,26.5,0.0,93.01,10000.0,2,0
2025-07-23 10:00:00,Vinh Tuy Bridge,Inbound,10,52,0,Overcast,28.8,0.0,81.42,10100.0,2,0
2025-07-23 10:00:00,Vinh Tuy Bridge,Outbound,10,57,0,Overcast,28.8,0.0,81.42,10100.0,2,0
2025-07-23 12:00:00,Vinh Tuy Bridge,Inbound,12,45,0,Partially cloudy,28.0,0.0,83.79,10000.0,2,0
2025-07-23 12:00:00,Vinh Tuy Bridge,Outbound,12,51,0,Partially cloudy,28.0,0.0,83.79,10000.0,2,0
2025-07-23 15:00:00,Vinh Tuy Bridge,Inbound,15,54,0,Overcast,27.0,0.0,94.28,10000.0,2,0
2025-07-23 15:00:00,Vinh Tuy Bridge,Outbound,15,68,0,Overcast,27.0,0.0,94.28,10000.0,2,0
2025-07-23 16:00:00,Vinh Tuy Bridge,Inbound,16,82,0,Partially cloudy,29.4,0.0,83.34,10100.0,2,0
2025-07-23 16:00:00,Vinh Tuy Bridge,Outbound,16,104,0,Partially cloudy,29.4,0.0,83.34,10100.0,2,0
2025-07-23 17:10:00,Vinh Tuy Bridge,Inbound,17,138,1,Partially cloudy,28.0,0.0,88.92,10000.0,2,0
2025-07-23 17:10:00,Vinh Tuy Bridge,Outbound,17,156,1,Partially cloudy,28.0,0.0,88.92,10000.0,2,0
2025-07-23 20:00:00,Vinh Tuy Bridge,Inbound,20,30,0,Clear,27.0,0.0,94.28,10000.0,2,0
2025-07-23 20:00:00,Vinh Tuy Bridge,Outbound,20,41,0,Clear,27.0,0.0,94.28,10000.0,2,0
2025-07-23 22:30:00,Vinh Tuy Bridge,Inbound,22,0,0,Overcast,27.9,0.0,90.24,10000.0,2,0
2025-07-23 22:30:00,Vinh Tuy Bridge,Outbound,22,0,0,Overcast,27.9,0.0,90.24,10000.0,2,0
2025-07-22 03:00:00,Vinh Tuy Bridge,Inbound,3,0,0,Overcast,29.0,0.0,79.06,10000.0,1,0
2025-07-22 03:00:00,Vinh Tuy Bridge,Outbound,3,0,0,Overcast,29.0,0.0,79.06,10000.0,1,0
2025-07-22 07:10:00,Vinh Tuy Bridge,Inbound,7,68,0,"Rain, Partially cloudy",28.0,0.841,85.19,10000.0,1,0
2025-07-22 07:10:00,Vinh Tuy Bridge,Outbound,7,155,1,"Rain, Partially cloudy",28.0,0.841,85.19,10000.0,1,0
2025-07-22 07:30:00,Vinh Tuy Bridge,Inbound,7,94,1,"Rain, Partially cloudy",28.0,0.841,85.19,10000.0,1,0
2025-07-22 07:30:00,Vinh Tuy Bridge,Outbound,7,204,1,"Rain, Partially cloudy",28.0,0.841,85.19,10000.0,1,0
2025-07-22 10:00:00,Vinh Tuy Bridge,Inbound,10,61,0,Overcast,28.3,0.06,85.01,10000.0,1,0
2025-07-22 10:00:00,Vinh Tuy Bridge,Outbound,10,53,0,Overcast,28.3,0.06,85.01,10000.0,1,0
2025-07-22 12:00:00,Vinh Tuy Bridge,Inbound,12,57,0,Overcast,30.0,0.0,79.2,10000.0,1,0
2025-07-22 12:00:00,Vinh Tuy Bridge,Outbound,12,45,0,Overcast,30.0,0.0,79.2,10000.0,1,0
2025-07-22 15:00:00,Vinh Tuy Bridge,Inbound,15,67,0,Overcast,27.0,0.0,94.28,5000.0,1,0
2025-07-22 15:00:00,Vinh Tuy Bridge,Outbound,15,56,0,Overcast,27.0,0.0,94.28,5000.0,1,0
2025-07-22 16:00:00,Vinh Tuy Bridge,Inbound,16,96,1,Overcast,27.4,0.0,89.65,10000.0,1,0
2025-07-22 16:00:00,Vinh Tuy Bridge,Outbound,16,79,0,Overcast,27.4,0.0,89.65,10000.0,1,0
2025-07-22 17:10:00,Vinh Tuy Bridge,Inbound,17,155,1,Overcast,28.0,0.0,83.79,10000.0,1,0
2025-07-22 17:10:00,Vinh Tuy Bridge,Outbound,17,130,0,Overcast,28.0,0.0,83.79,10000.0,1,0
2025-07-22 20:00:00,Vinh Tuy Bridge,Inbound,20,35,0,Overcast,25.0,0.0,94.19,7000.0,1,0
2025-07-22 20:00:00,Vinh Tuy Bridge,Outbound,20,47,0,Overcast,25.0,0.0,94.19,7000.0,1,0
2025-07-22 22:30:00,Vinh Tuy Bridge,Inbound,22,0,0,"Rain, Overcast",25.4,0.27,94.89,9500.0,1,0
2025-07-22 22:30:00,Vinh Tuy Bridge,Outbound,22,0,0,"Rain, Overcast",25.4,0.27,94.89,9500.0,1,0
2025-07-21 03:00:00,Vinh Tuy Bridge,Inbound,3,0,0,Clear,29.0,0.0,88.99,8000.0,0,0
2025-07-21 03:00:00,Vinh Tuy Bridge,Outbound,3,0,0,Clear,29.0,0.0,88.99,8000.0,0,0
2025-07-21 07:10:00,Vinh Tuy Bridge,Inbound,7,139,1,Partially cloudy,28.5,0.0,89.59,10000.0,0,0
2025-07-21 07:10:00,Vinh Tuy Bridge,Outbound,7,275,1,Partially cloudy,28.5,0.0,89.59,10000.0,0,0
2025-07-21 07:30:00,Vinh Tuy Bridge,Inbound,7,178,1,Partially cloudy,28.5,0.0,89.59,10000.0,0,0
2025-07-21 07:30:00,Vinh Tuy Bridge,Outbound,7,373,1,Partially cloudy,28.5,0.0,89.59,10000.0,0,0
2025-07-21 10:00:00,Vinh Tuy Bridge,Inbound,10,45,0,Partially cloudy,28.7,0.0,89.22,10000.0,0,0
2025-07-21 10:00:00,Vinh Tuy Bridge,Outbound,10,72,0,Partially cloudy,28.7,0.0,89.22,10000.0,0,0
2025-07-21 12:00:00,Vinh Tuy Bridge,Inbound,12,33,0,Partially cloudy,29.0,0.0,83.9,10000.0,0,0
2025-07-21 12:00:00,Vinh Tuy Bridge,Outbound,12,56,0,Partially cloudy,29.0,0.0,83.9,10000.0,0,0
2025-07-21 15:00:00,Vinh Tuy Bridge,Inbound,15,46,0,Overcast,27.0,0.0,88.84,9000.0,0,0
2025-07-21 15:00:00,Vinh Tuy Bridge,Outbound,15,75,0,Overcast,27.0,0.0,88.84,9000.0,0,0
2025-07-21 16:00:00,Vinh Tuy Bridge,Inbound,16,76,0,Overcast,26.7,0.18,94.68,9400.0,0,0
2025-07-21 16:00:00,Vinh Tuy Bridge,Outbound,16,108,0,Overcast,26.7,0.18,94.68,9400.0,0,0
2025-07-21 17:10:00,Vinh Tuy Bridge,Inbound,17,132,1,Overcast,27.0,0.0,94.28,6000.0,0,0
2025-07-21 17:10:00,Vinh Tuy Bridge,Outbound,17,165,1,Overcast,27.0,0.0,94.28,6000.0,0,0
2025-07-21 20:00:00,Vinh Tuy Bridge,Inbound,20,23,0,Overcast,26.0,0.0,100.0,7000.0,0,0
2025-07-21 20:00:00,Vinh Tuy Bridge,Outbound,20,59,0,Overcast,26.0,0.0,100.0,7000.0,0,0
2025-07-21 22:30:00,Vinh Tuy Bridge,Inbound,22,0,0,"Rain, Overcast",26.4,0.781,95.1,8900.0,0,0
2025-07-21 22:30:00,Vinh Tuy Bridge,Outbound,22,0,0,"Rain, Overcast",26.4,0.781,95.1,8900.0,0,0
2025-07-20 03:00:00,Vinh Tuy Bridge,Inbound,3,0,0,Partially cloudy,25.0,0.0,94.19,10000.0,6,0
2025-07-20 03:00:00,Vinh Tuy Bridge,Outbound,3,0,0,Partially cloudy,25.0,0.0,94.19,10000.0,6,0
2025-07-20 07:10:00,Vinh Tuy Bridge,Inbound,7,17,0,Partially cloudy,26.5,0.0,90.17,10100.0,6,0
2025-07-20 07:10:00,Vinh Tuy Bridge,Outbound,7,20,0,Partially cloudy,26.5,0.0,90.17,10100.0,6,0
2025-07-20 07:30:00,Vinh Tuy Bridge,Inbound,7,24,0,Partially cloudy,26.5,0.0,90.17,10100.0,6,0
2025-07-20 07:30:00,Vinh Tuy Bridge,Outbound,7,27,0,Partially cloudy,26.5,0.0,90.17,10100.0,6,0
2025-07-20 10:00:00,Vinh Tuy Bridge,Inbound,10,34,0,Partially cloudy,29.1,0.0,78.11,10000.0,6,0
2025-07-20 10:00:00,Vinh Tuy Bridge,Outbound,10,44,0,Partially cloudy,29.1,0.0,78.11,10000.0,6,0
2025-07-20 12:00:00,Vinh Tuy Bridge,Inbound,12,43,0,Clear,32.0,0.0,70.66,10000.0,6,0
2025-07-20 12:00:00,Vinh Tuy Bridge,Outbound,12,58,0,Clear,32.0,0.0,70.66,10000.0,6,0
2025-07-20 15:00:00,Vinh Tuy Bridge,Inbound,15,66,0,Clear,33.0,0.0,70.84,10000.0,6,0
2025-07-20 15:00:00,Vinh Tuy Bridge,Outbound,15,87,0,Clear,33.0,0.0,70.84,10000.0,6,0
2025-07-20 16:00:00,Vinh Tuy Bridge,Inbound,16,92,1,Partially cloudy,32.4,0.0,75.19,10000.0,6,0
2025-07-20 16:00:00,Vinh Tuy Bridge,Outbound,16,115,0,Partially cloudy,32.4,0.0,75.19,10000.0,6,0
2025-07-20 17:10:00,Vinh Tuy Bridge,Inbound,17,96,1,Partially cloudy,32.0,0.0,79.47,10000.0,6,0
2025-07-20 17:10:00,Vinh Tuy Bridge,Outbound,17,149,1,Partially cloudy,32.0,0.0,79.47,10000.0,6,0
2025-07-20 20:00:00,Vinh Tuy Bridge,Inbound,20,24,0,Clear,28.0,0.0,88.92,10000.0,6,0
2025-07-20 20:00:00,Vinh Tuy Bridge,Outbound,20,62,0,Clear,28.0,0.0,88.92,10000.0,6,0
2025-07-20 22:30:00,Vinh Tuy Bridge,Inbound,22,0,0,Partially cloudy,28.4,0.0,94.74,10000.0,6,0
2025-07-20 22:30:00,Vinh Tuy Bridge,Outbound,22,0,0,Partially cloudy,28.4,0.0,94.74,10000.0,6,0
2025-07-19 03:00:00,Vinh Tuy Bridge,Inbound,3,0,0,Clear,30.0,0.0,89.07,7000.0,5,0
2025-07-19 03:00:00,Vinh Tuy Bridge,Outbound,3,0,0,Clear,30.0,0.0,89.07,7000.0,5,0
2025-07-19 07:10:00,Vinh Tuy Bridge,Inbound,7,48,0,Partially cloudy,30.9,0.0,80.02,16000.0,5,0
2025-07-19 07:10:00,Vinh Tuy Bridge,Outbound,7,51,0,Partially cloudy,30.9,0.0,80.02,16000.0,5,0
2025-07-19 07:30:00,Vinh Tuy Bridge,Inbound,7,75,0,Partially cloudy,30.9,0.0,80.02,16000.0,5,0
2025-07-19 07:30:00,Vinh Tuy Bridge,Outbound,7,73,0,Partially cloudy,30.9,0.0,80.02,16000.0,5,0
2025-07-19 10:00:00,Vinh Tuy Bridge,Inbound,10,134,1,Partially cloudy,34.4,0.0,66.97,9600.0,5,0
2025-07-19 10:00:00,Vinh Tuy Bridge,Outbound,10,120,0,Partially cloudy,34.4,0.0,66.97,9600.0,5,0
2025-07-19 12:00:00,Vinh Tuy Bridge,Inbound,12,148,1,Clear,35.0,0.0,67.18,10000.0,5,0
2025-07-19 12:00:00,Vinh Tuy Bridge,Outbound,12,127,0,Clear,35.0,0.0,67.18,10000.0,5,0
2025-07-19 15:00:00,Vinh Tuy Bridge,Inbound,15,174,1,Partially cloudy,37.0,0.0,60.18,10000.0,5,0
2025-07-19 15:00:00,Vinh Tuy Bridge,Outbound,15,145,0,Partially cloudy,37.0,0.0,60.18,10000.0,5,0
2025-07-19 16:00:00,Vinh Tuy Bridge,Inbound,16,219,1,Overcast,34.7,0.0,59.4,10100.0,5,0
2025-07-19 16:00:00,Vinh Tuy Bridge,Outbound,16,193,1,Overcast,34.7,0.0,59.4,10100.0,5,0
2025-07-19 17:10:00,Vinh Tuy Bridge,Inbound,17,250,1,Overcast,24.0,0.0,100.0,10000.0,5,0
2025-07-19 17:10:00,Vinh Tuy Bridge,Outbound,17,232,1,Overcast,24.0,0.0,100.0,10000.0,5,0
2025-07-19 20:00:00,Vinh Tuy Bridge,Inbound,20,55,0,Partially cloudy,25.0,0.0,94.19,10000.0,5,0
2025-07-19 20:00:00,Vinh Tuy Bridge,Outbound,20,68,0,Partially cloudy,25.0,0.0,94.19,10000.0,5,0
2025-07-19 22:30:00,Vinh Tuy Bridge,Inbound,22,0,0,Partially cloudy,26.0,0.0,88.04,10000.0,5,0
2025-07-19 22:30:00,Vinh Tuy Bridge,Outbound,22,0,0,Partially cloudy,26.0,0.0,88.04,10000.0,5,0
2025-07-18 03:00:00,Vinh Tuy Bridge,Inbound,3,0,0,Clear,29.0,0.0,88.99,10000.0,4,0
2025-07-18 03:00:00,Vinh Tuy Bridge,Outbound,3,0,0,Clear,29.0,0.0,88.99,10000.0,4,0
2025-07-18 07:10:00,Vinh Tuy Bridge,Inbound,7,46,0,Partially cloudy,30.1,0.0,84.74,9900.0,4,0
2025-07-18 07:10:00,Vinh Tuy Bridge,Outbound,7,67,0,Partially cloudy,30.1,0.0,84.74,9900.0,4,0
2025-07-18 07:30:00,Vinh Tuy Bridge,Inbound,7,68,0,Partially cloudy,30.1,0.0,84.74,9900.0,4,0
2025-07-18 07:30:00,Vinh Tuy Bridge,Outbound,7,94,0,Partially cloudy,30.1,0.0,84.74,9900.0,4,0
2025-07-18 10:00:00,Vinh Tuy Bridge,Inbound,10,49,0,Partially cloudy,33.8,0.0,65.9,10100.0,4,0
2025-07-18 10:00:00,Vinh Tuy Bridge,Outbound,10,55,0,Partially cloudy,33.8,0.0,65.9,10100.0,4,0
2025-07-18 12:00:00,Vinh Tuy Bridge,Inbound,12,55,0,Partially cloudy,35.0,0.0,67.18,10000.0,4,0
2025-07-18 12:00:00,Vinh Tuy Bridge,Outbound,12,51,0,Partially cloudy,35.0,0.0,67.18,10000.0,4,0
2025-07-18 15:00:00,Vinh Tuy Bridge,Inbound,15,80,0,Partially cloudy,36.0,0.0,59.96,10000.0,4,0
2025-07-18 15:00:00,Vinh Tuy Bridge,Outbound,15,73,0,Partially cloudy,36.0,0.0,59.96,10000.0,4,0
2025-07-18 16:00:00,Vinh Tuy Bridge,Inbound,16,140,1,Partially cloudy,37.1,0.0,53.08,10100.0,4,0
2025-07-18 16:00:00,Vinh Tuy Bridge,Outbound,16,137,0,Partially cloudy,37.1,0.0,53.08,10100.0,4,0
2025-07-18 17:10:00,Vinh Tuy Bridge,Inbound,17,255,1,Clear,35.0,0.0,59.73,10000.0,4,0
2025-07-18 17:10:00,Vinh Tuy Bridge,Outbound,17,273,1,Clear,35.0,0.0,59.73,10000.0,4,0
2025-07-18 20:00:00,Vinh Tuy Bridge,Inbound,20,77,0,Clear,33.0,0.0,70.84,7000.0,4,0
2025-07-18 20:00:00,Vinh Tuy Bridge,Outbound,20,67,0,Clear,33.0,0.0,70.84,7000.0,4,0
2025-07-18 22:30:00,Vinh Tuy Bridge,Inbound,22,0,0,Partially cloudy,33.0,0.0,69.33,10000.0,4,0
2025-07-18 22:30:00,Vinh Tuy Bridge,Outbound,22,0,0,Partially cloudy,33.0,0.0,69.33,10000.0,4,0
2025-07-17 03:00:00,Vinh Tuy Bridge,Inbound,3,0,0,Partially cloudy,28.0,0.0,94.32,4000.0,3,0
2025-07-17 03:00:00,Vinh Tuy Bridge,Outbound,3,0,0,Partially cloudy,28.0,0.0,94.32,4000.0,3,0
2025-07-17 07:10:00,Vinh Tuy Bridge,Inbound,7,63,0,Partially cloudy,28.8,0.0,90.74,17400.0,3,0
2025-07-17 07:10:00,Vinh Tuy Bridge,Outbound,7,140,0,Partially cloudy,28.8,0.0,90.74,17400.0,3,0
2025-07-17 07:30:00,Vinh Tuy Bridge,Inbound,7,97,1,Partially cloudy,28.8,0.0,90.74,17400.0,3,0
2025-07-17 07:30:00,Vinh Tuy Bridge,Outbound,7,180,1,Partially cloudy,28.8,0.0,90.74,17400.0,3,0
2025-07-17 10:00:00,Vinh Tuy Bridge,Inbound,10,46,0,Partially cloudy,33.1,0.0,67.84,10100.0,3,0
2025-07-17 10:00:00,Vinh Tuy Bridge,Outbound,10,55,0,Partially cloudy,33.1,0.0,67.84,10100.0,3,0
2025-07-17 12:00:00,Vinh Tuy Bridge,Inbound,12,36,0,Clear,35.0,0.1,63.36,10000.0,3,0
2025-07-17 12:00:00,Vinh Tuy Bridge,Outbound,12,48,0,Clear,35.0,0.1,63.36,10000.0,3,0
2025-07-17 15:00:00,Vinh Tuy Bridge,Inbound,15,46,0,Clear,36.0,0.0,53.26,10000.0,3,0
2025-07-17 15:00:00,Vinh Tuy Bridge,Outbound,15,61,0,Clear,36.0,0.0,53.26,10000.0,3,0
2025-07-17 16:00:00,Vinh Tuy Bridge,Inbound,16,74,0,Partially cloudy,35.7,0.0,53.71,17400.0,3,0
2025-07-17 16:00:00,Vinh Tuy Bridge,Outbound,16,88,0,Partially cloudy,35.7,0.0,53.71,17400.0,3,0
2025-07-17 17:10:00,Vinh Tuy Bridge,Inbound,17,131,1,Clear,36.0,0.0,53.26,10000.0,3,0
2025-07-17 17:10:00,Vinh Tuy Bridge,Outbound,17,154,1,Clear,36.0,0.0,53.26,10000.0,3,0
2025-07-17 20:00:00,Vinh Tuy Bridge,Inbound,20,26,0,Clear,34.0,0.0,63.15,10000.0,3,0
2025-07-17 20:00:00,Vinh Tuy Bridge,Outbound,20,52,0,Clear,34.0,0.0,63.15,10000.0,3,0
2025-07-17 22:30:00,Vinh Tuy Bridge,Inbound,22,0,0,Partially cloudy,31.7,0.0,73.8,10000.0,3,0
2025-07-17 22:30:00,Vinh Tuy Bridge,Outbound,22,0,0,Partially cloudy,31.7,0.0,73.8,10000.0,3,0
2025-07-16 03:00:00,Vinh Tuy Bridge,Inbound,3,0,0,Overcast,28.0,0.0,100.0,9000.0,2,0
2025-07-16 03:00:00,Vinh Tuy Bridge,Outbound,3,0,0,Overcast,28.0,0.0,100.0,9000.0,2,0
2025-07-16 07:10:00,Vinh Tuy Bridge,Inbound,7,66,0,Partially cloudy,29.0,0.06,92.71,10100.0,2,0
2025-07-16 07:10:00,Vinh Tuy Bridge,Outbound,7,157,1,Partially cloudy,29.0,0.06,92.71,10100.0,2,0
2025-07-16 07:30:00,Vinh Tuy Bridge,Inbound,7,96,1,Partially cloudy,29.0,0.06,92.71,10100.0,2,0
2025-07-16 07:30:00,Vinh Tuy Bridge,Outbound,7,200,1,Partially cloudy,29.0,0.06,92.71,10100.0,2,0
2025-07-16 10:00:00,Vinh Tuy Bridge,Inbound,10,52,0,Partially cloudy,30.5,0.0,83.29,10100.0,2,0
2025-07-16 10:00:00,Vinh Tuy Bridge,Outbound,10,57,0,Partially cloudy,30.5,0.0,83.29,10100.0,2,0
2025-07-16 12:00:00,Vinh Tuy Bridge,Inbound,12,45,0,Partially cloudy,33.0,0.0,75.11,10000.0,2,0
2025-07-16 12:00:00,Vinh Tuy Bridge,Outbound,12,51,0,Partially cloudy,33.0,0.0,75.11,10000.0,2,0
2025-07-16 15:00:00,Vinh Tuy Bridge,Inbound,15,54,0,Partially cloudy,34.0,0.0,71.02,10000.0,2,0
2025-07-16 15:00:00,Vinh Tuy Bridge,Outbound,15,68,0,Partially cloudy,34.0,0.0,71.02,10000.0,2,0
2025-07-16 16:00:00,Vinh Tuy Bridge,Inbound,16,82,0,Partially cloudy,34.2,0.0,60.46,16100.000000000002,2,0
2025-07-16 16:00:00,Vinh Tuy Bridge,Outbound,16,104,0,Partially cloudy,34.2,0.0,60.46,16100.000000000002,2,0
2025-07-16 17:10:00,Vinh Tuy Bridge,Inbound,17,138,1,Partially cloudy,32.0,0.0,79.47,10000.0,2,0
2025-07-16 17:10:00,Vinh Tuy Bridge,Outbound,17,156,1,Partially cloudy,32.0,0.0,79.47,10000.0,2,0
2025-07-16 20:00:00,Vinh Tuy Bridge,Inbound,20,30,0,Overcast,30.8,0.0,79.77,10000.0,2,0
2025-07-16 20:00:00,Vinh Tuy Bridge,Outbound,20,41,0,Overcast,30.8,0.0,79.77,10000.0,2,0
2025-07-16 22:30:00,Vinh Tuy Bridge,Inbound,22,0,0,Partially cloudy,29.8,0.0,83.6,10000.0,2,0
2025-07-16 22:30:00,Vinh Tuy Bridge,Outbound,22,0,0,Partially cloudy,29.8,0.0,83.6,10000.0,2,0
2025-07-15 03:00:00,Vinh Tuy Bridge,Inbound,3,0,0,Partially cloudy,28.0,0.0,88.92,7000.0,1,0
2025-07-15 03:00:00,Vinh Tuy Bridge,Outbound,3,0,0,Partially cloudy,28.0,0.0,88.92,7000.0,1,0
2025-07-15 07:10:00,Vinh Tuy Bridge,Inbound,7,68,0,Partially cloudy,27.8,0.03,92.49,8700.0,1,0
2025-07-15 07:10:00,Vinh Tuy Bridge,Outbound,7,155,1,Partially cloudy,27.8,0.03,92.49,8700.0,1,0
2025-07-15 07:30:00,Vinh Tuy Bridge,Inbound,7,94,1,Partially cloudy,27.8,0.03,92.49,8700.0,1,0
2025-07-15 07:30:00,Vinh Tuy Bridge,Outbound,7,204,1,Partially cloudy,27.8,0.03,92.49,8700.0,1,0
2025-07-15 10:00:00,Vinh Tuy Bridge,Inbound,10,61,0,Overcast,30.1,0.0,81.16,8500.0,1,0
2025-07-15 10:00:00,Vinh Tuy Bridge,Outbound,10,53,0,Overcast,30.1,0.0,81.16,8500.0,1,0
2025-07-15 12:00:00,Vinh Tuy Bridge,Inbound,12,57,0,Partially cloudy,31.0,0.0,79.33,5000.0,1,0
2025-07-15 12:00:00,Vinh Tuy Bridge,Outbound,12,45,0,Partially cloudy,31.0,0.0,79.33,5000.0,1,0
2025-07-15 15:00:00,Vinh Tuy Bridge,Inbound,15,67,0,Overcast,32.0,0.0,74.95,5000.0,1,0
2025-07-15 15:00:00,Vinh Tuy Bridge,Outbound,15,56,0,Overcast,32.0,0.0,74.95,5000.0,1,0
2025-07-15 16:00:00,Vinh Tuy Bridge,Inbound,16,96,1,Partially cloudy,33.5,0.0,64.06,8800.0,1,0
2025-07-15 16:00:00,Vinh Tuy Bridge,Outbound,16,79,0,Partially cloudy,33.5,0.0,64.06,8800.0,1,0
2025-07-15 17:10:00,Vinh Tuy Bridge,Inbound,17,155,1,Partially cloudy,32.0,0.0,74.95,6000.0,1,0
2025-07-15 17:10:00,Vinh Tuy Bridge,Outbound,17,130,0,Partially cloudy,32.0,0.0,74.95,6000.0,1,0
2025-07-15 20:00:00,Vinh Tuy Bridge,Inbound,20,35,0,Clear,31.0,0.0,79.33,8000.0,1,0
2025-07-15 20:00:00,Vinh Tuy Bridge,Outbound,20,47,0,Clear,31.0,0.0,79.33,8000.0,1,0
2025-07-15 22:30:00,Vinh Tuy Bridge,Inbound,22,0,0,Partially cloudy,30.4,0.0,85.73,10000.0,1,0
2025-07-15 22:30:00,Vinh Tuy Bridge,Outbound,22,0,0,Partially cloudy,30.4,0.0,85.73,10000.0,1,0
2025-07-14 03:00:00,Vinh Tuy Bridge,Inbound,3,0,0,Clear,28.0,0.0,94.32,6000.0,0,0
2025-07-14 03:00:00,Vinh Tuy Bridge,Outbound,3,0,0,Clear,28.0,0.0,94.32,6000.0,0,0
2025-07-14 07:10:00,Vinh Tuy Bridge,Inbound,7,139,1,Partially cloudy,29.0,0.0,88.99,2000.0,0,0
2025-07-14 07:10:00,Vinh Tuy Bridge,Outbound,7,275,1,Partially cloudy,29.0,0.0,88.99,2000.0,0,0
2025-07-14 07:30:00,Vinh Tuy Bridge,Inbound,7,178,1,Partially cloudy,29.0,0.0,88.99,2000.0,0,0
2025-07-14 07:30:00,Vinh Tuy Bridge,Outbound,7,373,1,Partially cloudy,29.0,0.0,88.99,2000.0,0,0
2025-07-14 10:00:00,Vinh Tuy Bridge,Inbound,10,45,0,Partially cloudy,31.3,0.0,76.92,8300.0,0,0
2025-07-14 10:00:00,Vinh Tuy Bridge,Outbound,10,72,0,Partially cloudy,31.3,0.0,76.92,8300.0,0,0
2025-07-14 12:00:00,Vinh Tuy Bridge,Inbound,12,33,0,Partially cloudy,32.0,0.0,74.95,5000.0,0,0
2025-07-14 12:00:00,Vinh Tuy Bridge,Outbound,12,56,0,Partially cloudy,32.0,0.0,74.95,5000.0,0,0
2025-07-14 15:00:00,Vinh Tuy Bridge,Inbound,15,46,0,Partially cloudy,30.0,0.0,84.01,6000.0,0,0
2025-07-14 15:00:00,Vinh Tuy Bridge,Outbound,15,75,0,Partially cloudy,30.0,0.0,84.01,6000.0,0,0
2025-07-14 16:00:00,Vinh Tuy Bridge,Inbound,16,76,0,Partially cloudy,28.7,0.0,83.74,9500.0,0,0
2025-07-14 16:00:00,Vinh Tuy Bridge,Outbound,16,108,0,Partially cloudy,28.7,0.0,83.74,9500.0,0,0
2025-07-14 17:10:00,Vinh Tuy Bridge,Inbound,17,132,1,Overcast,29.0,0.0,88.99,5000.0,0,0
2025-07-14 17:10:00,Vinh Tuy Bridge,Outbound,17,165,1,Overcast,29.0,0.0,88.99,5000.0,0,0
2025-07-14 20:00:00,Vinh Tuy Bridge,Inbound,20,23,0,Partially cloudy,29.0,0.0,83.9,10000.0,0,0
2025-07-14 20:00:00,Vinh Tuy Bridge,Outbound,20,59,0,Partially cloudy,29.0,0.0,83.9,10000.0,0,0
2025-07-14 22:30:00,Vinh Tuy Bridge,Inbound,22,0,0,Partially cloudy,27.7,0.0,90.63,9500.0,0,0
2025-07-14 22:30:00,Vinh Tuy Bridge,Outbound,22,0,0,Partially cloudy,27.7,0.0,90.63,9500.0,0,0
2025-07-13 03:00:00,Vinh Tuy Bridge,Inbound,3,0,0,Overcast,26.0,0.0,94.23,4000.0,6,0
2025-07-13 03:00:00,Vinh Tuy Bridge,Outbound,3,0,0,Overcast,26.0,0.0,94.23,4000.0,6,0
2025-07-13 07:10:00,Vinh Tuy Bridge,Inbound,7,17,0,Partially cloudy,26.5,0.0,95.26,8800.0,6,0
2025-07-13 07:10:00,Vinh Tuy Bridge,Outbound,7,20,0,Partially cloudy,26.5,0.0,95.26,8800.0,6,0
2025-07-13 07:30:00,Vinh Tuy Bridge,Inbound,7,24,0,Partially cloudy,26.5,0.0,95.26,8800.0,6,0
2025-07-13 07:30:00,Vinh Tuy Bridge,Outbound,7,27,0,Partially cloudy,26.5,0.0,95.26,8800.0,6,0
2025-07-13 10:00:00,Vinh Tuy Bridge,Inbound,10,34,0,Partially cloudy,30.8,0.0,76.24,10100.0,6,0
2025-07-13 10:00:00,Vinh Tuy Bridge,Outbound,10,44,0,Partially cloudy,30.8,0.0,76.24,10100.0,6,0
2025-07-13 12:00:00,Vinh Tuy Bridge,Inbound,12,43,0,Partially cloudy,32.0,0.0,70.66,10000.0,6,0
2025-07-13 12:00:00,Vinh Tuy Bridge,Outbound,12,58,0,Partially cloudy,32.0,0.0,70.66,10000.0,6,0
2025-07-13 15:00:00,Vinh Tuy Bridge,Inbound,15,66,0,Partially cloudy,34.0,0.0,63.15,10000.0,6,0
2025-07-13 15:00:00,Vinh Tuy Bridge,Outbound,15,87,0,Partially cloudy,34.0,0.0,63.15,10000.0,6,0
2025-07-13 16:00:00,Vinh Tuy Bridge,Inbound,16,92,1,Partially cloudy,33.4,0.0,66.48,10000.0,6,0
2025-07-13 16:00:00,Vinh Tuy Bridge,Outbound,16,115,0,Partially cloudy,33.4,0.0,66.48,10000.0,6,0
2025-07-13 17:10:00,Vinh Tuy Bridge,Inbound,17,96,1,Partially cloudy,34.0,0.0,63.15,10000.0,6,0
2025-07-13 17:10:00,Vinh Tuy Bridge,Outbound,17,149,1,Partially cloudy,34.0,0.0,63.15,10000.0,6,0
2025-07-13 20:00:00,Vinh Tuy Bridge,Inbound,20,24,0,Partially cloudy,30.0,0.0,79.2,10000.0,6,0
2025-07-13 20:00:00,Vinh Tuy Bridge,Outbound,20,62,0,Partially cloudy,30.0,0.0,79.2,10000.0,6,0
2025-07-13 22:30:00,Vinh Tuy Bridge,Inbound,22,0,0,Partially cloudy,30.0,0.0,83.92,10000.0,6,0
2025-07-13 22:30:00,Vinh Tuy Bridge,Outbound,22,0,0,Partially cloudy,30.0,0.0,83.92,10000.0,6,0
2025-07-12 03:00:00,Vinh Tuy Bridge,Inbound,3,0,0,Overcast,26.0,0.0,94.23,10000.0,5,0
2025-07-12 03:00:00,Vinh Tuy Bridge,Outbound,3,0,0,Overcast,26.0,0.0,94.23,10000.0,5,0
2025-07-12 07:10:00,Vinh Tuy Bridge,Inbound,7,48,0,Partially cloudy,26.5,0.0,91.79,9600.0,5,0
2025-07-12 07:10:00,Vinh Tuy Bridge,Outbound,7,51,0,Partially cloudy,26.5,0.0,91.79,9600.0,5,0
2025-07-12 07:30:00,Vinh Tuy Bridge,Inbound,7,75,0,Partially cloudy,26.5,0.0,91.79,9600.0,5,0
2025-07-12 07:30:00,Vinh Tuy Bridge,Outbound,7,73,0,Partially cloudy,26.5,0.0,91.79,9600.0,5,0
2025-07-12 10:00:00,Vinh Tuy Bridge,Inbound,10,134,1,Overcast,29.8,0.0,77.32,10000.0,5,0
2025-07-12 10:00:00,Vinh Tuy Bridge,Outbound,10,120,0,Overcast,29.8,0.0,77.32,10000.0,5,0
2025-07-12 12:00:00,Vinh Tuy Bridge,Inbound,12,148,1,Partially cloudy,31.0,0.0,74.79,10000.0,5,0
2025-07-12 12:00:00,Vinh Tuy Bridge,Outbound,12,127,0,Partially cloudy,31.0,0.0,74.79,10000.0,5,0
2025-07-12 15:00:00,Vinh Tuy Bridge,Inbound,15,174,1,Partially cloudy,34.0,0.0,63.15,10000.0,5,0
2025-07-12 15:00:00,Vinh Tuy Bridge,Outbound,15,145,0,Partially cloudy,34.0,0.0,63.15,10000.0,5,0
2025-07-12 16:00:00,Vinh Tuy Bridge,Inbound,16,219,1,Partially cloudy,33.1,0.0,66.08,17400.0,5,0
2025-07-12 16:00:00,Vinh Tuy Bridge,Outbound,16,193,1,Partially cloudy,33.1,0.0,66.08,17400.0,5,0
2025-07-12 17:10:00,Vinh Tuy Bridge,Inbound,17,250,1,Overcast,26.0,0.0,94.23,2000.0,5,0
2025-07-12 17:10:00,Vinh Tuy Bridge,Outbound,17,232,1,Overcast,26.0,0.0,94.23,2000.0,5,0
2025-07-12 20:00:00,Vinh Tuy Bridge,Inbound,20,55,0,Overcast,26.0,0.0,94.23,8000.0,5,0
2025-07-12 20:00:00,Vinh Tuy Bridge,Outbound,20,68,0,Overcast,26.0,0.0,94.23,8000.0,5,0
2025-07-12 22:30:00,Vinh Tuy Bridge,Inbound,22,0,0,Overcast,26.4,0.0,93.45,8700.0,5,0
2025-07-12 22:30:00,Vinh Tuy Bridge,Outbound,22,0,0,Overcast,26.4,0.0,93.45,8700.0,5,0
2025-07-11 03:00:00,Vinh Tuy Bridge,Inbound,3,0,0,Partially cloudy,26.0,0.0,94.23,10000.0,4,0
2025-07-11 03:00:00,Vinh Tuy Bridge,Outbound,3,0,0,Partially cloudy,26.0,0.0,94.23,10000.0,4,0
2025-07-11 07:10:00,Vinh Tuy Bridge,Inbound,7,46,0,Overcast,26.4,0.0,92.62,9500.0,4,0
2025-07-11 07:10:00,Vinh Tuy Bridge,Outbound,7,67,0,Overcast,26.4,0.0,92.62,9500.0,4,0
2025-07-11 07:30:00,Vinh Tuy Bridge,Inbound,7,68,0,Overcast,26.4,0.0,92.62,9500.0,4,0
2025-07-11 07:30:00,Vinh Tuy Bridge,Outbound,7,94,0,Overcast,26.4,0.0,92.62,9500.0,4,0
2025-07-11 10:00:00,Vinh Tuy Bridge,Inbound,10,49,0,Overcast,28.5,0.0,86.8,9900.0,4,0
2025-07-11 10:00:00,Vinh Tuy Bridge,Outbound,10,55,0,Overcast,28.5,0.0,86.8,9900.0,4,0
2025-07-11 12:00:00,Vinh Tuy Bridge,Inbound,12,55,0,Partially cloudy,27.0,0.0,94.28,9000.0,4,0
2025-07-11 12:00:00,Vinh Tuy Bridge,Outbound,12,51,0,Partially cloudy,27.0,0.0,94.28,9000.0,4,0
2025-07-11 15:00:00,Vinh Tuy Bridge,Inbound,15,80,0,Overcast,31.8,0.0,75.35,10000.0,4,0
2025-07-11 15:00:00,Vinh Tuy Bridge,Outbound,15,73,0,Overcast,31.8,0.0,75.35,10000.0,4,0
2025-07-11 16:00:00,Vinh Tuy Bridge,Inbound,16,140,1,Partially cloudy,29.9,0.0,74.95,10000.0,4,0
2025-07-11 16:00:00,Vinh Tuy Bridge,Outbound,16,137,0,Partially cloudy,29.9,0.0,74.95,10000.0,4,0
2025-07-11 17:10:00,Vinh Tuy Bridge,Inbound,17,255,1,Clear,30.0,0.0,79.2,10000.0,4,0
2025-07-11 17:10:00,Vinh Tuy Bridge,Outbound,17,273,1,Clear,30.0,0.0,79.2,10000.0,4,0
2025-07-11 20:00:00,Vinh Tuy Bridge,Inbound,20,77,0,Partially cloudy,28.0,0.0,88.92,10000.0,4,0
2025-07-11 20:00:00,Vinh Tuy Bridge,Outbound,20,67,0,Partially cloudy,28.0,0.0,88.92,10000.0,4,0
2025-07-11 22:30:00,Vinh Tuy Bridge,Inbound,22,0,0,Overcast,27.3,0.0,84.54,10000.0,4,0
2025-07-11 22:30:00,Vinh Tuy Bridge,Outbound,22,0,0,Overcast,27.3,0.0,84.54,10000.0,4,0
2025-07-10 03:00:00,Vinh Tuy Bridge,Inbound,3,0,0,Overcast,26.0,0.0,94.23,10000.0,3,0
2025-07-10 03:00:00,Vinh Tuy Bridge,Outbound,3,0,0,Overcast,26.0,0.0,94.23,10000.0,3,0
2025-07-10 07:10:00,Vinh Tuy Bridge,Inbound,7,63,0,Partially cloudy,26.8,0.0,90.73,10000.0,3,0
2025-07-10 07:10:00,Vinh Tuy Bridge,Outbound,7,140,0,Partially cloudy,26.8,0.0,90.73,10000.0,3,0
2025-07-10 07:30:00,Vinh Tuy Bridge,Inbound,7,97,1,Partially cloudy,26.8,0.0,90.73,10000.0,3,0
2025-07-10 07:30:00,Vinh Tuy Bridge,Outbound,7,180,1,Partially cloudy,26.8,0.0,90.73,10000.0,3,0
2025-07-10 10:00:00,Vinh Tuy Bridge,Inbound,10,46,0,Partially cloudy,29.1,0.0,79.06,10000.0,3,0
2025-07-10 10:00:00,Vinh Tuy Bridge,Outbound,10,55,0,Partially cloudy,29.1,0.0,79.06,10000.0,3,0
2025-07-10 12:00:00,Vinh Tuy Bridge,Inbound,12,36,0,Clear,32.0,0.0,66.59,10000.0,3,0
2025-07-10 12:00:00,Vinh Tuy Bridge,Outbound,12,48,0,Clear,32.0,0.0,66.59,10000.0,3,0
2025-07-10 15:00:00,Vinh Tuy Bridge,Inbound,15,46,0,Clear,34.0,0.0,63.15,10000.0,3,0
2025-07-10 15:00:00,Vinh Tuy Bridge,Outbound,15,61,0,Clear,34.0,0.0,63.15,10000.0,3,0
2025-07-10 16:00:00,Vinh Tuy Bridge,Inbound,16,74,0,Partially cloudy,34.5,0.0,57.18,10100.0,3,0
2025-07-10 16:00:00,Vinh Tuy Bridge,Outbound,16,88,0,Partially cloudy,34.5,0.0,57.18,10100.0,3,0
2025-07-10 17:10:00,Vinh Tuy Bridge,Inbound,17,131,1,Clear,34.0,0.0,59.51,10000.0,3,0
2025-07-10 17:10:00,Vinh Tuy Bridge,Outbound,17,154,1,Clear,34.0,0.0,59.51,10000.0,3,0
2025-07-10 20:00:00,Vinh Tuy Bridge,Inbound,20,26,0,Overcast,31.2,0.0,76.15,10000.0,3,0
2025-07-10 20:00:00,Vinh Tuy Bridge,Outbound,20,52,0,Overcast,31.2,0.0,76.15,10000.0,3,0
2025-07-10 22:30:00,Vinh Tuy Bridge,Inbound,22,0,0,Partially cloudy,29.8,0.0,80.92,10000.0,3,0
2025-07-10 22:30:00,Vinh Tuy Bridge,Outbound,22,0,0,Partially cloudy,29.8,0.0,80.92,10000.0,3,0
2025-07-09 03:00:00,Vinh Tuy Bridge,Inbound,3,0,0,Clear,29.0,0.0,94.36,10000.0,2,0
2025-07-09 03:00:00,Vinh Tuy Bridge,Outbound,3,0,0,Clear,29.0,0.0,94.36,10000.0,2,0
2025-07-09 07:10:00,Vinh Tuy Bridge,Inbound,7,66,0,Partially cloudy,31.0,0.0,87.64,17400.0,2,0
2025-07-09 07:10:00,Vinh Tuy Bridge,Outbound,7,157,1,Partially cloudy,31.0,0.0,87.64,17400.0,2,0
2025-07-09 07:30:00,Vinh Tuy Bridge,Inbound,7,96,1,Partially cloudy,31.0,0.0,87.64,17400.0,2,0
2025-07-09 07:30:00,Vinh Tuy Bridge,Outbound,7,200,1,Partially cloudy,31.0,0.0,87.64,17400.0,2,0
2025-07-09 10:00:00,Vinh Tuy Bridge,Inbound,10,52,0,Partially cloudy,34.5,0.0,64.55,10100.0,2,0
2025-07-09 10:00:00,Vinh Tuy Bridge,Outbound,10,57,0,Partially cloudy,34.5,0.0,64.55,10100.0,2,0
2025-07-09 12:00:00,Vinh Tuy Bridge,Inbound,12,45,0,Clear,35.0,0.0,63.36,10000.0,2,0
2025-07-09 12:00:00,Vinh Tuy Bridge,Outbound,12,51,0,Clear,35.0,0.0,63.36,10000.0,2,0
2025-07-09 15:00:00,Vinh Tuy Bridge,Inbound,15,54,0,Clear,38.0,0.0,47.75,10000.0,2,0
2025-07-09 15:00:00,Vinh Tuy Bridge,Outbound,15,68,0,Clear,38.0,0.0,47.75,10000.0,2,0
2025-07-09 16:00:00,Vinh Tuy Bridge,Inbound,16,82,0,Partially cloudy,37.4,0.0,51.5,10000.0,2,0
2025-07-09 16:00:00,Vinh Tuy Bridge,Outbound,16,104,0,Partially cloudy,37.4,0.0,51.5,10000.0,2,0
2025-07-09 17:10:00,Vinh Tuy Bridge,Inbound,17,138,1,Partially cloudy,36.0,0.0,50.17,10000.0,2,0
2025-07-09 17:10:00,Vinh Tuy Bridge,Outbound,17,156,1,Partially cloudy,36.0,0.0,50.17,10000.0,2,0
2025-07-09 20:00:00,Vinh Tuy Bridge,Inbound,20,30,0,Partially cloudy,31.0,0.1,84.11,9000.0,2,0
2025-07-09 20:00:00,Vinh Tuy Bridge,Outbound,20,41,0,Partially cloudy,31.0,0.1,84.11,9000.0,2,0
2025-07-09 22:30:00,Vinh Tuy Bridge,Inbound,22,0,0,Partially cloudy,31.2,0.0,80.02,10000.0,2,0
2025-07-09 22:30:00,Vinh Tuy Bridge,Outbound,22,0,0,Partially cloudy,31.2,0.0,80.02,10000.0,2,0
2025-07-08 03:00:00,Vinh Tuy Bridge,Inbound,3,0,0,Clear,28.0,0.0,88.92,10000.0,1,0
2025-07-08 03:00:00,Vinh Tuy Bridge,Outbound,3,0,0,Clear,28.0,0.0,88.92,10000.0,1,0
2025-07-08 07:10:00,Vinh Tuy Bridge,Inbound,7,68,0,Partially cloudy,29.1,0.0,89.75,16400.0,1,0
2025-07-08 07:10:00,Vinh Tuy Bridge,Outbound,7,155,1,Partially cloudy,29.1,0.0,89.75,16400.0,1,0
2025-07-08 07:30:00,Vinh Tuy Bridge,Inbound,7,94,1,Partially cloudy,29.1,0.0,89.75,16400.0,1,0
2025-07-08 07:30:00,Vinh Tuy Bridge,Outbound,7,204,1,Partially cloudy,29.1,0.0,89.75,16400.0,1,0
2025-07-08 10:00:00,Vinh Tuy Bridge,Inbound,10,61,0,Partially cloudy,33.2,0.0,62.69,17400.0,1,0
2025-07-08 10:00:00,Vinh Tuy Bridge,Outbound,10,53,0,Partially cloudy,33.2,0.0,62.69,17400.0,1,0
2025-07-08 12:00:00,Vinh Tuy Bridge,Inbound,12,57,0,Clear,34.0,0.1,66.98,10000.0,1,0
2025-07-08 12:00:00,Vinh Tuy Bridge,Outbound,12,45,0,Clear,34.0,0.1,66.98,10000.0,1,0
2025-07-08 15:00:00,Vinh Tuy Bridge,Inbound,15,67,0,Clear,32.0,0.0,74.95,10000.0,1,0
2025-07-08 15:00:00,Vinh Tuy Bridge,Outbound,15,56,0,Clear,32.0,0.0,74.95,10000.0,1,0
2025-07-08 16:00:00,Vinh Tuy Bridge,Inbound,16,96,1,Partially cloudy,36.1,0.0,55.89,17400.0,1,0
2025-07-08 16:00:00,Vinh Tuy Bridge,Outbound,16,79,0,Partially cloudy,36.1,0.0,55.89,17400.0,1,0
2025-07-08 17:10:00,Vinh Tuy Bridge,Inbound,17,155,1,Clear,35.0,0.0,63.36,10000.0,1,0
2025-07-08 17:10:00,Vinh Tuy Bridge,Outbound,17,130,0,Clear,35.0,0.0,63.36,10000.0,1,0
2025-07-08 20:00:00,Vinh Tuy Bridge,Inbound,20,35,0,Clear,33.0,0.0,70.84,8000.0,1,0
2025-07-08 20:00:00,Vinh Tuy Bridge,Outbound,20,47,0,Clear,33.0,0.0,70.84,8000.0,1,0
2025-07-08 22:30:00,Vinh Tuy Bridge,Inbound,22,0,0,Clear,31.5,0.0,82.31,10000.0,1,0
2025-07-08 22:30:00,Vinh Tuy Bridge,Outbound,22,0,0,Clear,31.5,0.0,82.31,10000.0,1,0
2025-07-07 03:00:00,Vinh Tuy Bridge,Inbound,3,0,0,Clear,27.0,0.0,88.84,10000.0,0,0
2025-07-07 03:00:00,Vinh Tuy Bridge,Outbound,3,0,0,Clear,27.0,0.0,88.84,10000.0,0,0
2025-07-07 07:10:00,Vinh Tuy Bridge,Inbound,7,139,1,Partially cloudy,28.0,0.0,89.14,8500.0,0,0
2025-07-07 07:10:00,Vinh Tuy Bridge,Outbound,7,275,1,Partially cloudy,28.0,0.0,89.14,8500.0,0,0
2025-07-07 07:30:00,Vinh Tuy Bridge,Inbound,7,178,1,Partially cloudy,28.0,0.0,89.14,8500.0,0,0
2025-07-07 07:30:00,Vinh Tuy Bridge,Outbound,7,373,1,Partially cloudy,28.0,0.0,89.14,8500.0,0,0
2025-07-07 10:00:00,Vinh Tuy Bridge,Inbound,10,45,0,Partially cloudy,30.8,0.0,74.57,16400.0,0,0
2025-07-07 10:00:00,Vinh Tuy Bridge,Outbound,10,72,0,Partially cloudy,30.8,0.0,74.57,16400.0,0,0
2025-07-07 12:00:00,Vinh Tuy Bridge,Inbound,12,33,0,Partially cloudy,32.0,0.1,70.66,8000.0,0,0
2025-07-07 12:00:00,Vinh Tuy Bridge,Outbound,12,56,0,Partially cloudy,32.0,0.1,70.66,8000.0,0,0
2025-07-07 15:00:00,Vinh Tuy Bridge,Inbound,15,46,0,Partially cloudy,34.0,0.0,59.51,10000.0,0,0
2025-07-07 15:00:00,Vinh Tuy Bridge,Outbound,15,75,0,Partially cloudy,34.0,0.0,59.51,10000.0,0,0
2025-07-07 16:00:00,Vinh Tuy Bridge,Inbound,16,76,0,Partially cloudy,34.5,0.0,59.82,17400.0,0,0
2025-07-07 16:00:00,Vinh Tuy Bridge,Outbound,16,108,0,Partially cloudy,34.5,0.0,59.82,17400.0,0,0
2025-07-07 17:10:00,Vinh Tuy Bridge,Inbound,17,132,1,"Rain, Partially cloudy",34.0,0.7,59.51,10000.0,0,0
2025-07-07 17:10:00,Vinh Tuy Bridge,Outbound,17,165,1,"Rain, Partially cloudy",34.0,0.7,59.51,10000.0,0,0
2025-07-07 20:00:00,Vinh Tuy Bridge,Inbound,20,23,0,Partially cloudy,31.0,0.0,74.79,10000.0,0,0
2025-07-07 20:00:00,Vinh Tuy Bridge,Outbound,20,59,0,Partially cloudy,31.0,0.0,74.79,10000.0,0,0
2025-07-07 22:30:00,Vinh Tuy Bridge,Inbound,22,0,0,Partially cloudy,29.9,0.0,79.02,17300.0,0,0
2025-07-07 22:30:00,Vinh Tuy Bridge,Outbound,22,0,0,Partially cloudy,29.9,0.0,79.02,17300.0,0,0
2025-07-06 03:00:00,Vinh Tuy Bridge,Inbound,3,0,0,Clear,27.0,0.0,94.28,10000.0,6,0
2025-07-06 03:00:00,Vinh Tuy Bridge,Outbound,3,0,0,Clear,27.0,0.0,94.28,10000.0,6,0
2025-07-06 07:10:00,Vinh Tuy Bridge,Inbound,7,17,0,Partially cloudy,28.3,0.0,93.5,9200.0,6,0
2025-07-06 07:10:00,Vinh Tuy Bridge,Outbound,7,20,0,Partially cloudy,28.3,0.0,93.5,9200.0,6,0
2025-07-06 07:30:00,Vinh Tuy Bridge,Inbound,7,24,0,Partially cloudy,28.3,0.0,93.5,9200.0,6,0
2025-07-06 07:30:00,Vinh Tuy Bridge,Outbound,7,27,0,Partially cloudy,28.3,0.0,93.5,9200.0,6,0
2025-07-06 10:00:00,Vinh Tuy Bridge,Inbound,10,34,0,Partially cloudy,32.2,0.0,72.42,10000.0,6,0
2025-07-06 10:00:00,Vinh Tuy Bridge,Outbound,10,44,0,Partially cloudy,32.2,0.0,72.42,10000.0,6,0
2025-07-06 12:00:00,Vinh Tuy Bridge,Inbound,12,43,0,Partially cloudy,32.0,0.0,66.59,10000.0,6,0
2025-07-06 12:00:00,Vinh Tuy Bridge,Outbound,12,58,0,Partially cloudy,32.0,0.0,66.59,10000.0,6,0
2025-07-06 15:00:00,Vinh Tuy Bridge,Inbound,15,66,0,"Rain, Partially cloudy",31.0,1.5,70.48,10000.0,6,0
2025-07-06 15:00:00,Vinh Tuy Bridge,Outbound,15,87,0,"Rain, Partially cloudy",31.0,1.5,70.48,10000.0,6,0
2025-07-06 16:00:00,Vinh Tuy Bridge,Inbound,16,92,1,Partially cloudy,33.0,0.0,62.43,10100.0,6,0
2025-07-06 16:00:00,Vinh Tuy Bridge,Outbound,16,115,0,Partially cloudy,33.0,0.0,62.43,10100.0,6,0
2025-07-06 17:10:00,Vinh Tuy Bridge,Inbound,17,96,1,Rain,33.0,0.7,59.28,10000.0,6,0
2025-07-06 17:10:00,Vinh Tuy Bridge,Outbound,17,149,1,Rain,33.0,0.7,59.28,10000.0,6,0
2025-07-06 20:00:00,Vinh Tuy Bridge,Inbound,20,24,0,Clear,30.0,0.0,74.63,10000.0,6,0
2025-07-06 20:00:00,Vinh Tuy Bridge,Outbound,20,62,0,Clear,30.0,0.0,74.63,10000.0,6,0
2025-07-06 22:30:00,Vinh Tuy Bridge,Inbound,22,0,0,Partially cloudy,28.1,0.0,82.01,10000.0,6,0
2025-07-06 22:30:00,Vinh Tuy Bridge,Outbound,22,0,0,Partially cloudy,28.1,0.0,82.01,10000.0,6,0
2025-07-05 03:00:00,Vinh Tuy Bridge,Inbound,3,0,0,Clear,27.0,0.0,94.28,10000.0,5,0
2025-07-05 03:00:00,Vinh Tuy Bridge,Outbound,3,0,0,Clear,27.0,0.0,94.28,10000.0,5,0
2025-07-05 07:10:00,Vinh Tuy Bridge,Inbound,7,48,0,Partially cloudy,28.3,0.0,88.89,9100.0,5,0
2025-07-05 07:10:00,Vinh Tuy Bridge,Outbound,7,51,0,Partially cloudy,28.3,0.0,88.89,9100.0,5,0
2025-07-05 07:30:00,Vinh Tuy Bridge,Inbound,7,75,0,Partially cloudy,28.3,0.0,88.89,9100.0,5,0
2025-07-05 07:30:00,Vinh Tuy Bridge,Outbound,7,73,0,Partially cloudy,28.3,0.0,88.89,9100.0,5,0
2025-07-05 10:00:00,Vinh Tuy Bridge,Inbound,10,134,1,Partially cloudy,32.0,0.0,64.55,17400.0,5,0
2025-07-05 10:00:00,Vinh Tuy Bridge,Outbound,10,120,0,Partially cloudy,32.0,0.0,64.55,17400.0,5,0
2025-07-05 12:00:00,Vinh Tuy Bridge,Inbound,12,148,1,Clear,33.0,0.0,62.93,10000.0,5,0
2025-07-05 12:00:00,Vinh Tuy Bridge,Outbound,12,127,0,Clear,33.0,0.0,62.93,10000.0,5,0
2025-07-05 15:00:00,Vinh Tuy Bridge,Inbound,15,174,1,Clear,34.0,0.0,59.51,10000.0,5,0
2025-07-05 15:00:00,Vinh Tuy Bridge,Outbound,15,145,0,Clear,34.0,0.0,59.51,10000.0,5,0
2025-07-05 16:00:00,Vinh Tuy Bridge,Inbound,16,219,1,Partially cloudy,34.4,0.0,58.32,10100.0,5,0
2025-07-05 16:00:00,Vinh Tuy Bridge,Outbound,16,193,1,Partially cloudy,34.4,0.0,58.32,10100.0,5,0
2025-07-05 17:10:00,Vinh Tuy Bridge,Inbound,17,250,1,Rain,35.0,2.0,53.02,10000.0,5,0
2025-07-05 17:10:00,Vinh Tuy Bridge,Outbound,17,232,1,Rain,35.0,2.0,53.02,10000.0,5,0
2025-07-05 20:00:00,Vinh Tuy Bridge,Inbound,20,55,0,"Rain, Partially cloudy",31.0,0.5,74.79,10000.0,5,0
2025-07-05 20:00:00,Vinh Tuy Bridge,Outbound,20,68,0,"Rain, Partially cloudy",31.0,0.5,74.79,10000.0,5,0
2025-07-05 22:30:00,Vinh Tuy Bridge,Inbound,22,0,0,Partially cloudy,29.9,0.0,79.74,10000.0,5,0
2025-07-05 22:30:00,Vinh Tuy Bridge,Outbound,22,0,0,Partially cloudy,29.9,0.0,79.74,10000.0,5,0
2025-07-04 03:00:00,Vinh Tuy Bridge,Inbound,3,0,0,Clear,26.0,0.1,94.23,7000.0,4,0
2025-07-04 03:00:00,Vinh Tuy Bridge,Outbound,3,0,0,Clear,26.0,0.1,94.23,7000.0,4,0
2025-07-04 07:10:00,Vinh Tuy Bridge,Inbound,7,46,0,Partially cloudy,26.4,0.0,93.66,10100.0,4,0
2025-07-04 07:10:00,Vinh Tuy Bridge,Outbound,7,67,0,Partially cloudy,26.4,0.0,93.66,10100.0,4,0
2025-07-04 07:30:00,Vinh Tuy Bridge,Inbound,7,68,0,Partially cloudy,26.4,0.0,93.66,10100.0,4,0
2025-07-04 07:30:00,Vinh Tuy Bridge,Outbound,7,94,0,Partially cloudy,26.4,0.0,93.66,10100.0,4,0
2025-07-04 10:00:00,Vinh Tuy Bridge,Inbound,10,49,0,Partially cloudy,30.1,0.0,74.71,10100.0,4,0
2025-07-04 10:00:00,Vinh Tuy Bridge,Outbound,10,55,0,Partially cloudy,30.1,0.0,74.71,10100.0,4,0
2025-07-04 12:00:00,Vinh Tuy Bridge,Inbound,12,55,0,Partially cloudy,32.0,0.1,66.59,10000.0,4,0
2025-07-04 12:00:00,Vinh Tuy Bridge,Outbound,12,51,0,Partially cloudy,32.0,0.1,66.59,10000.0,4,0
2025-07-04 15:00:00,Vinh Tuy Bridge,Inbound,15,80,0,Partially cloudy,34.0,0.1,59.51,10000.0,4,0
2025-07-04 15:00:00,Vinh Tuy Bridge,Outbound,15,73,0,Partially cloudy,34.0,0.1,59.51,10000.0,4,0
2025-07-04 16:00:00,Vinh Tuy Bridge,Inbound,16,140,1,Partially cloudy,33.0,0.0,61.88,10100.0,4,0
2025-07-04 16:00:00,Vinh Tuy Bridge,Outbound,16,137,0,Partially cloudy,33.0,0.0,61.88,10100.0,4,0
2025-07-04 17:10:00,Vinh Tuy Bridge,Inbound,17,255,1,Partially cloudy,33.0,0.0,62.93,10000.0,4,0
2025-07-04 17:10:00,Vinh Tuy Bridge,Outbound,17,273,1,Partially cloudy,33.0,0.0,62.93,10000.0,4,0
2025-07-04 20:00:00,Vinh Tuy Bridge,Inbound,20,77,0,Rain,30.0,0.4,74.63,10000.0,4,0
2025-07-04 20:00:00,Vinh Tuy Bridge,Outbound,20,67,0,Rain,30.0,0.4,74.63,10000.0,4,0
2025-07-04 22:30:00,Vinh Tuy Bridge,Inbound,22,0,0,Partially cloudy,28.7,0.0,83.7,10000.0,4,0
2025-07-04 22:30:00,Vinh Tuy Bridge,Outbound,22,0,0,Partially cloudy,28.7,0.0,83.7,10000.0,4,0
2025-07-03 03:00:00,Vinh Tuy Bridge,Inbound,3,0,0,Clear,26.0,0.0,94.23,9000.0,3,0
2025-07-03 03:00:00,Vinh Tuy Bridge,Outbound,3,0,0,Clear,26.0,0.0,94.23,9000.0,3,0
2025-07-03 07:10:00,Vinh Tuy Bridge,Inbound,7,63,0,Partially cloudy,27.5,0.021,90.32,9700.0,3,0
2025-07-03 07:10:00,Vinh Tuy Bridge,Outbound,7,140,0,Partially cloudy,27.5,0.021,90.32,9700.0,3,0
2025-07-03 07:30:00,Vinh Tuy Bridge,Inbound,7,97,1,Partially cloudy,27.5,0.021,90.32,9700.0,3,0
2025-07-03 07:30:00,Vinh Tuy Bridge,Outbound,7,180,1,Partially cloudy,27.5,0.021,90.32,9700.0,3,0
2025-07-03 10:00:00,Vinh Tuy Bridge,Inbound,10,46,0,Partially cloudy,27.6,0.0,87.98,4100.0,3,0
2025-07-03 10:00:00,Vinh Tuy Bridge,Outbound,10,55,0,Partially cloudy,27.6,0.0,87.98,4100.0,3,0
2025-07-03 12:00:00,Vinh Tuy Bridge,Inbound,12,36,0,Overcast,25.0,0.0,100.0,9000.0,3,0
2025-07-03 12:00:00,Vinh Tuy Bridge,Outbound,12,48,0,Overcast,25.0,0.0,100.0,9000.0,3,0
2025-07-03 15:00:00,Vinh Tuy Bridge,Inbound,15,46,0,Partially cloudy,29.0,0.0,83.9,10000.0,3,0
2025-07-03 15:00:00,Vinh Tuy Bridge,Outbound,15,61,0,Partially cloudy,29.0,0.0,83.9,10000.0,3,0
2025-07-03 16:00:00,Vinh Tuy Bridge,Inbound,16,74,0,Partially cloudy,28.6,0.0,84.63,10100.0,3,0
2025-07-03 16:00:00,Vinh Tuy Bridge,Outbound,16,88,0,Partially cloudy,28.6,0.0,84.63,10100.0,3,0
2025-07-03 17:10:00,Vinh Tuy Bridge,Inbound,17,131,1,Partially cloudy,30.0,0.0,79.2,10000.0,3,0
2025-07-03 17:10:00,Vinh Tuy Bridge,Outbound,17,154,1,Partially cloudy,30.0,0.0,79.2,10000.0,3,0
2025-07-03 20:00:00,Vinh Tuy Bridge,Inbound,20,26,0,Overcast,27.9,0.0,87.86,10000.0,3,0
2025-07-03 20:00:00,Vinh Tuy Bridge,Outbound,20,52,0,Overcast,27.9,0.0,87.86,10000.0,3,0
2025-07-03 22:30:00,Vinh Tuy Bridge,Inbound,22,0,0,Overcast,26.3,0.0,94.24,10000.0,3,0
2025-07-03 22:30:00,Vinh Tuy Bridge,Outbound,22,0,0,Overcast,26.3,0.0,94.24,10000.0,3,0
2025-07-02 03:00:00,Vinh Tuy Bridge,Inbound,3,0,0,Overcast,26.0,0.0,94.23,2000.0,2,0
2025-07-02 03:00:00,Vinh Tuy Bridge,Outbound,3,0,0,Overcast,26.0,0.0,94.23,2000.0,2,0
2025-07-02 07:10:00,Vinh Tuy Bridge,Inbound,7,66,0,"Rain, Overcast",25.1,28.279,96.53,8700.0,2,0
2025-07-02 07:10:00,Vinh Tuy Bridge,Outbound,7,157,1,"Rain, Overcast",25.1,28.279,96.53,8700.0,2,0
2025-07-02 07:30:00,Vinh Tuy Bridge,Inbound,7,96,1,"Rain, Overcast",25.1,28.279,96.53,8700.0,2,0
2025-07-02 07:30:00,Vinh Tuy Bridge,Outbound,7,200,1,"Rain, Overcast",25.1,28.279,96.53,8700.0,2,0
2025-07-02 10:00:00,Vinh Tuy Bridge,Inbound,10,52,0,Partially cloudy,27.9,0.0,87.82,10000.0,2,0
2025-07-02 10:00:00,Vinh Tuy Bridge,Outbound,10,57,0,Partially cloudy,27.9,0.0,87.82,10000.0,2,0
2025-07-02 12:00:00,Vinh Tuy Bridge,Inbound,12,45,0,Overcast,29.0,0.0,88.99,10000.0,2,0
2025-07-02 12:00:00,Vinh Tuy Bridge,Outbound,12,51,0,Overcast,29.0,0.0,88.99,10000.0,2,0
2025-07-02 15:00:00,Vinh Tuy Bridge,Inbound,15,54,0,Partially cloudy,30.0,0.0,79.2,10000.0,2,0
2025-07-02 15:00:00,Vinh Tuy Bridge,Outbound,15,68,0,Partially cloudy,30.0,0.0,79.2,10000.0,2,0
2025-07-02 16:00:00,Vinh Tuy Bridge,Inbound,16,82,0,Partially cloudy,30.4,0.0,76.39,10000.0,2,0
2025-07-02 16:00:00,Vinh Tuy Bridge,Outbound,16,104,0,Partially cloudy,30.4,0.0,76.39,10000.0,2,0
2025-07-02 17:10:00,Vinh Tuy Bridge,Inbound,17,138,1,Partially cloudy,30.0,0.0,79.2,10000.0,2,0
2025-07-02 17:10:00,Vinh Tuy Bridge,Outbound,17,156,1,Partially cloudy,30.0,0.0,79.2,10000.0,2,0
2025-07-02 20:00:00,Vinh Tuy Bridge,Inbound,20,30,0,Clear,28.0,0.0,83.79,10000.0,2,0
2025-07-02 20:00:00,Vinh Tuy Bridge,Outbound,20,41,0,Clear,28.0,0.0,83.79,10000.0,2,0
2025-07-02 22:30:00,Vinh Tuy Bridge,Inbound,22,0,0,Partially cloudy,27.5,0.0,89.71,10000.0,2,0
2025-07-02 22:30:00,Vinh Tuy Bridge,Outbound,22,0,0,Partially cloudy,27.5,0.0,89.71,10000.0,2,0
2025-07-01 03:00:00,Vinh Tuy Bridge,Inbound,3,0,0,Overcast,24.0,0.0,100.0,8000.0,1,0
2025-07-01 03:00:00,Vinh Tuy Bridge,Outbound,3,0,0,Overcast,24.0,0.0,100.0,8000.0,1,0
2025-07-01 07:10:00,Vinh Tuy Bridge,Inbound,7,68,0,"Rain, Partially cloudy",25.1,3.721,95.08,9900.0,1,0
2025-07-01 07:10:00,Vinh Tuy Bridge,Outbound,7,155,1,"Rain, Partially cloudy",25.1,3.721,95.08,9900.0,1,0
2025-07-01 07:30:00,Vinh Tuy Bridge,Inbound,7,94,1,"Rain, Partially cloudy",25.1,3.721,95.08,9900.0,1,0
2025-07-01 07:30:00,Vinh Tuy Bridge,Outbound,7,204,1,"Rain, Partially cloudy",25.1,3.721,95.08,9900.0,1,0
2025-07-01 10:00:00,Vinh Tuy Bridge,Inbound,10,61,0,Overcast,26.1,0.0,94.27,9700.0,1,0
2025-07-01 10:00:00,Vinh Tuy Bridge,Outbound,10,53,0,Overcast,26.1,0.0,94.27,9700.0,1,0
2025-07-01 12:00:00,Vinh Tuy Bridge,Inbound,12,57,0,Overcast,28.0,0.0,83.79,10000.0,1,0
2025-07-01 12:00:00,Vinh Tuy Bridge,Outbound,12,45,0,Overcast,28.0,0.0,83.79,10000.0,1,0
2025-07-01 15:00:00,Vinh Tuy Bridge,Inbound,15,67,0,Overcast,29.0,0.0,79.06,10000.0,1,0
2025-07-01 15:00:00,Vinh Tuy Bridge,Outbound,15,56,0,Overcast,29.0,0.0,79.06,10000.0,1,0
2025-07-01 16:00:00,Vinh Tuy Bridge,Inbound,16,96,1,Partially cloudy,29.5,0.0,79.02,10000.0,1,0
2025-07-01 16:00:00,Vinh Tuy Bridge,Outbound,16,79,0,Partially cloudy,29.5,0.0,79.02,10000.0,1,0
2025-07-01 17:10:00,Vinh Tuy Bridge,Inbound,17,155,1,Partially cloudy,29.0,0.0,79.06,10000.0,1,0
2025-07-01 17:10:00,Vinh Tuy Bridge,Outbound,17,130,0,Partially cloudy,29.0,0.0,79.06,10000.0,1,0
2025-07-01 20:00:00,Vinh Tuy Bridge,Inbound,20,35,0,Partially cloudy,28.0,0.0,83.79,10000.0,1,0
2025-07-01 20:00:00,Vinh Tuy Bridge,Outbound,20,47,0,Partially cloudy,28.0,0.0,83.79,10000.0,1,0
2025-07-01 22:30:00,Vinh Tuy Bridge,Inbound,22,0,0,Overcast,27.1,0.0,90.45,10000.0,1,0
2025-07-01 22:30:00,Vinh Tuy Bridge,Outbound,22,0,0,Overcast,27.1,0.0,90.45,10000.0,1,0
2025-06-30 03:00:00,Vinh Tuy Bridge,Inbound,3,0,0,Overcast,27.0,0.0,94.28,10000.0,0,0
2025-06-30 03:00:00,Vinh Tuy Bridge,Outbound,3,0,0,Overcast,27.0,0.0,94.28,10000.0,0,0
2025-06-30 07:10:00,Vinh Tuy Bridge,Inbound,7,139,1,Overcast,27.9,0.0,94.31,10000.0,0,0
2025-06-30 07:10:00,Vinh Tuy Bridge,Outbound,7,275,1,Overcast,27.9,0.0,94.31,10000.0,0,0
2025-06-30 07:30:00,Vinh Tuy Bridge,Inbound,7,178,1,Overcast,27.9,0.0,94.31,10000.0,0,0
2025-06-30 07:30:00,Vinh Tuy Bridge,Outbound,7,373,1,Overcast,27.9,0.0,94.31,10000.0,0,0
2025-06-30 10:00:00,Vinh Tuy Bridge,Inbound,10,45,0,Partially cloudy,31.3,0.0,78.68,10000.0,0,0
2025-06-30 10:00:00,Vinh Tuy Bridge,Outbound,10,72,0,Partially cloudy,31.3,0.0,78.68,10000.0,0,0
2025-06-30 12:00:00,Vinh Tuy Bridge,Inbound,12,33,0,Partially cloudy,32.0,0.0,74.95,10000.0,0,0
2025-06-30 12:00:00,Vinh Tuy Bridge,Outbound,12,56,0,Partially cloudy,32.0,0.0,74.95,10000.0,0,0
2025-06-30 15:00:00,Vinh Tuy Bridge,Inbound,15,46,0,Overcast,31.2,0.0,74.81,10000.0,0,0
2025-06-30 15:00:00,Vinh Tuy Bridge,Outbound,15,75,0,Overcast,31.2,0.0,74.81,10000.0,0,0
2025-06-30 16:00:00,Vinh Tuy Bridge,Inbound,16,76,0,Overcast,29.6,0.0,79.33,5600.0,0,0
2025-06-30 16:00:00,Vinh Tuy Bridge,Outbound,16,108,0,Overcast,29.6,0.0,79.33,5600.0,0,0
2025-06-30 17:10:00,Vinh Tuy Bridge,Inbound,17,132,1,Overcast,26.0,0.0,94.23,3000.0,0,0
2025-06-30 17:10:00,Vinh Tuy Bridge,Outbound,17,165,1,Overcast,26.0,0.0,94.23,3000.0,0,0
2025-06-30 20:00:00,Vinh Tuy Bridge,Inbound,20,23,0,Partially cloudy,25.0,0.0,100.0,10000.0,0,0
2025-06-30 20:00:00,Vinh Tuy Bridge,Outbound,20,59,0,Partially cloudy,25.0,0.0,100.0,10000.0,0,0
2025-06-30 22:30:00,Vinh Tuy Bridge,Inbound,22,0,0,Partially cloudy,25.9,0.0,96.55,10000.0,0,0
2025-06-30 22:30:00,Vinh Tuy Bridge,Outbound,22,0,0,Partially cloudy,25.9,0.0,96.55,10000.0,0,0
2025-06-29 03:00:00,Vinh Tuy Bridge,Inbound,3,0,0,"Rain, Overcast",27.0,8.0,94.28,9000.0,6,0
2025-06-29 03:00:00,Vinh Tuy Bridge,Outbound,3,0,0,"Rain, Overcast",27.0,8.0,94.28,9000.0,6,0
2025-06-29 07:10:00,Vinh Tuy Bridge,Inbound,7,17,0,Overcast,27.2,0.0,93.46,9000.0,6,0
2025-06-29 07:10:00,Vinh Tuy Bridge,Outbound,7,20,0,Overcast,27.2,0.0,93.46,9000.0,6,0
2025-06-29 07:30:00,Vinh Tuy Bridge,Inbound,7,24,0,Overcast,27.2,0.0,93.46,9000.0,6,0
2025-06-29 07:30:00,Vinh Tuy Bridge,Outbound,7,27,0,Overcast,27.2,0.0,93.46,9000.0,6,0
2025-06-29 10:00:00,Vinh Tuy Bridge,Inbound,10,34,0,Overcast,29.0,0.0,89.38,10000.0,6,0
2025-06-29 10:00:00,Vinh Tuy Bridge,Outbound,10,44,0,Overcast,29.0,0.0,89.38,10000.0,6,0
2025-06-29 12:00:00,Vinh Tuy Bridge,Inbound,12,43,0,"Rain, Partially cloudy",29.0,1.0,88.99,10000.0,6,0
2025-06-29 12:00:00,Vinh Tuy Bridge,Outbound,12,58,0,"Rain, Partially cloudy",29.0,1.0,88.99,10000.0,6,0
2025-06-29 15:00:00,Vinh Tuy Bridge,Inbound,15,66,0,Overcast,31.0,0.1,79.33,10000.0,6,0
2025-06-29 15:00:00,Vinh Tuy Bridge,Outbound,15,87,0,Overcast,31.0,0.1,79.33,10000.0,6,0
2025-06-29 16:00:00,Vinh Tuy Bridge,Inbound,16,92,1,Partially cloudy,31.0,0.0,75.29,10000.0,6,0
2025-06-29 16:00:00,Vinh Tuy Bridge,Outbound,16,115,0,Partially cloudy,31.0,0.0,75.29,10000.0,6,0
2025-06-29 17:10:00,Vinh Tuy Bridge,Inbound,17,96,1,Partially cloudy,30.0,0.0,84.01,10000.0,6,0
2025-06-29 17:10:00,Vinh Tuy Bridge,Outbound,17,149,1,Partially cloudy,30.0,0.0,84.01,10000.0,6,0
2025-06-29 20:00:00,Vinh Tuy Bridge,Inbound,20,24,0,Partially cloudy,28.0,0.0,83.79,10000.0,6,0
2025-06-29 20:00:00,Vinh Tuy Bridge,Outbound,20,62,0,Partially cloudy,28.0,0.0,83.79,10000.0,6,0
2025-06-29 22:30:00,Vinh Tuy Bridge,Inbound,22,0,0,Overcast,27.9,0.0,78.92,10000.0,6,0
2025-06-29 22:30:00,Vinh Tuy Bridge,Outbound,22,0,0,Overcast,27.9,0.0,78.92,10000.0,6,0
2025-06-28 03:00:00,Vinh Tuy Bridge,Inbound,3,0,0,Partially cloudy,27.0,0.0,94.28,8000.0,5,0
2025-06-28 03:00:00,Vinh Tuy Bridge,Outbound,3,0,0,Partially cloudy,27.0,0.0,94.28,8000.0,5,0
2025-06-28 07:10:00,Vinh Tuy Bridge,Inbound,7,48,0,"Rain, Partially cloudy",26.2,3.7,95.08,10000.0,5,0
2025-06-28 07:10:00,Vinh Tuy Bridge,Outbound,7,51,0,"Rain, Partially cloudy",26.2,3.7,95.08,10000.0,5,0
2025-06-28 07:30:00,Vinh Tuy Bridge,Inbound,7,75,0,"Rain, Partially cloudy",26.2,3.7,95.08,10000.0,5,0
2025-06-28 07:30:00,Vinh Tuy Bridge,Outbound,7,73,0,"Rain, Partially cloudy",26.2,3.7,95.08,10000.0,5,0
2025-06-28 10:00:00,Vinh Tuy Bridge,Inbound,10,134,1,Overcast,27.6,0.0,93.89,10000.0,5,0
2025-06-28 10:00:00,Vinh Tuy Bridge,Outbound,10,120,0,Overcast,27.6,0.0,93.89,10000.0,5,0
2025-06-28 12:00:00,Vinh Tuy Bridge,Inbound,12,148,1,Partially cloudy,29.0,0.0,83.9,10000.0,5,0
2025-06-28 12:00:00,Vinh Tuy Bridge,Outbound,12,127,0,Partially cloudy,29.0,0.0,83.9,10000.0,5,0
2025-06-28 15:00:00,Vinh Tuy Bridge,Inbound,15,174,1,Partially cloudy,30.0,0.0,74.63,10000.0,5,0
2025-06-28 15:00:00,Vinh Tuy Bridge,Outbound,15,145,0,Partially cloudy,30.0,0.0,74.63,10000.0,5,0
2025-06-28 16:00:00,Vinh Tuy Bridge,Inbound,16,219,1,Partially cloudy,29.6,0.0,76.92,10000.0,5,0
2025-06-28 16:00:00,Vinh Tuy Bridge,Outbound,16,193,1,Partially cloudy,29.6,0.0,76.92,10000.0,5,0
2025-06-28 17:10:00,Vinh Tuy Bridge,Inbound,17,250,1,Partially cloudy,29.0,0.0,83.9,10000.0,5,0
2025-06-28 17:10:00,Vinh Tuy Bridge,Outbound,17,232,1,Partially cloudy,29.0,0.0,83.9,10000.0,5,0
2025-06-28 20:00:00,Vinh Tuy Bridge,Inbound,20,55,0,Overcast,28.0,0.0,88.92,10000.0,5,0
2025-06-28 20:00:00,Vinh Tuy Bridge,Outbound,20,68,0,Overcast,28.0,0.0,88.92,10000.0,5,0
2025-06-28 22:30:00,Vinh Tuy Bridge,Inbound,22,0,0,Partially cloudy,27.7,0.0,88.9,9500.0,5,0
2025-06-28 22:30:00,Vinh Tuy Bridge,Outbound,22,0,0,Partially cloudy,27.7,0.0,88.9,9500.0,5,0
2025-06-27 03:00:00,Vinh Tuy Bridge,Inbound,3,0,0,Clear,26.0,0.0,94.23,10000.0,4,0
2025-06-27 03:00:00,Vinh Tuy Bridge,Outbound,3,0,0,Clear,26.0,0.0,94.23,10000.0,4,0
2025-06-27 07:10:00,Vinh Tuy Bridge,Inbound,7,46,0,Partially cloudy,27.4,0.0,90.65,9200.0,4,0
2025-06-27 07:10:00,Vinh Tuy Bridge,Outbound,7,67,0,Partially cloudy,27.4,0.0,90.65,9200.0,4,0
2025-06-27 07:30:00,Vinh Tuy Bridge,Inbound,7,68,0,Partially cloudy,27.4,0.0,90.65,9200.0,4,0
2025-06-27 07:30:00,Vinh Tuy Bridge,Outbound,7,94,0,Partially cloudy,27.4,0.0,90.65,9200.0,4,0
2025-06-27 10:00:00,Vinh Tuy Bridge,Inbound,10,49,0,Overcast,27.9,0.0,87.94,8400.0,4,0
2025-06-27 10:00:00,Vinh Tuy Bridge,Outbound,10,55,0,Overcast,27.9,0.0,87.94,8400.0,4,0
2025-06-27 12:00:00,Vinh Tuy Bridge,Inbound,12,55,0,Overcast,27.0,0.0,94.28,4000.0,4,0
2025-06-27 12:00:00,Vinh Tuy Bridge,Outbound,12,51,0,Overcast,27.0,0.0,94.28,4000.0,4,0
2025-06-27 15:00:00,Vinh Tuy Bridge,Inbound,15,80,0,Overcast,28.0,0.0,88.92,10000.0,4,0
2025-06-27 15:00:00,Vinh Tuy Bridge,Outbound,15,73,0,Overcast,28.0,0.0,88.92,10000.0,4,0
2025-06-27 16:00:00,Vinh Tuy Bridge,Inbound,16,140,1,Overcast,28.5,0.0,81.3,10000.0,4,0
2025-06-27 16:00:00,Vinh Tuy Bridge,Outbound,16,137,0,Overcast,28.5,0.0,81.3,10000.0,4,0
2025-06-27 17:10:00,Vinh Tuy Bridge,Inbound,17,255,1,Partially cloudy,28.0,0.0,88.92,10000.0,4,0
2025-06-27 17:10:00,Vinh Tuy Bridge,Outbound,17,273,1,Partially cloudy,28.0,0.0,88.92,10000.0,4,0
2025-06-27 20:00:00,Vinh Tuy Bridge,Inbound,20,77,0,Partially cloudy,27.0,0.0,88.84,10000.0,4,0
2025-06-27 20:00:00,Vinh Tuy Bridge,Outbound,20,67,0,Partially cloudy,27.0,0.0,88.84,10000.0,4,0
2025-06-27 22:30:00,Vinh Tuy Bridge,Inbound,22,0,0,Partially cloudy,28.0,0.0,90.29,10000.0,4,0
2025-06-27 22:30:00,Vinh Tuy Bridge,Outbound,22,0,0,Partially cloudy,28.0,0.0,90.29,10000.0,4,0
2025-06-26 03:00:00,Vinh Tuy Bridge,Inbound,3,0,0,Partially cloudy,27.0,0.0,94.28,10000.0,3,0
2025-06-26 03:00:00,Vinh Tuy Bridge,Outbound,3,0,0,Partially cloudy,27.0,0.0,94.28,10000.0,3,0
2025-06-26 07:10:00,Vinh Tuy Bridge,Inbound,7,63,0,Partially cloudy,28.9,0.0,90.15,10000.0,3,0
2025-06-26 07:10:00,Vinh Tuy Bridge,Outbound,7,140,0,Partially cloudy,28.9,0.0,90.15,10000.0,3,0
2025-06-26 07:30:00,Vinh Tuy Bridge,Inbound,7,97,1,Partially cloudy,28.9,0.0,90.15,10000.0,3,0
2025-06-26 07:30:00,Vinh Tuy Bridge,Outbound,7,180,1,Partially cloudy,28.9,0.0,90.15,10000.0,3,0
2025-06-26 10:00:00,Vinh Tuy Bridge,Inbound,10,46,0,Partially cloudy,31.5,0.0,73.09,10000.0,3,0
2025-06-26 10:00:00,Vinh Tuy Bridge,Outbound,10,55,0,Partially cloudy,31.5,0.0,73.09,10000.0,3,0
2025-06-26 12:00:00,Vinh Tuy Bridge,Inbound,12,36,0,Partially cloudy,33.0,0.1,66.78,10000.0,3,0
2025-06-26 12:00:00,Vinh Tuy Bridge,Outbound,12,48,0,Partially cloudy,33.0,0.1,66.78,10000.0,3,0
2025-06-26 15:00:00,Vinh Tuy Bridge,Inbound,15,46,0,"Rain, Overcast",34.0,0.3,63.15,10000.0,3,0
2025-06-26 15:00:00,Vinh Tuy Bridge,Outbound,15,61,0,"Rain, Overcast",34.0,0.3,63.15,10000.0,3,0
2025-06-26 16:00:00,Vinh Tuy Bridge,Inbound,16,74,0,Partially cloudy,34.5,0.0,56.79,10000.0,3,0
2025-06-26 16:00:00,Vinh Tuy Bridge,Outbound,16,88,0,Partially cloudy,34.5,0.0,56.79,10000.0,3,0
2025-06-26 17:10:00,Vinh Tuy Bridge,Inbound,17,131,1,"Rain, Partially cloudy",33.0,0.5,66.78,10000.0,3,0
2025-06-26 17:10:00,Vinh Tuy Bridge,Outbound,17,154,1,"Rain, Partially cloudy",33.0,0.5,66.78,10000.0,3,0
2025-06-26 20:00:00,Vinh Tuy Bridge,Inbound,20,26,0,"Rain, Overcast",26.0,2.4,94.23,1000.0,3,0
2025-06-26 20:00:00,Vinh Tuy Bridge,Outbound,20,52,0,"Rain, Overcast",26.0,2.4,94.23,1000.0,3,0
2025-06-26 22:30:00,Vinh Tuy Bridge,Inbound,22,0,0,Partially cloudy,26.9,0.0,89.82,10000.0,3,0
2025-06-26 22:30:00,Vinh Tuy Bridge,Outbound,22,0,0,Partially cloudy,26.9,0.0,89.82,10000.0,3,0
2025-06-25 03:00:00,Vinh Tuy Bridge,Inbound,3,0,0,Overcast,28.0,0.0,94.32,10000.0,2,0
2025-06-25 03:00:00,Vinh Tuy Bridge,Outbound,3,0,0,Overcast,28.0,0.0,94.32,10000.0,2,0
2025-06-25 07:10:00,Vinh Tuy Bridge,Inbound,7,66,0,Overcast,28.9,0.0,87.83,10000.0,2,0
2025-06-25 07:10:00,Vinh Tuy Bridge,Outbound,7,157,1,Overcast,28.9,0.0,87.83,10000.0,2,0
2025-06-25 07:30:00,Vinh Tuy Bridge,Inbound,7,96,1,Overcast,28.9,0.0,87.83,10000.0,2,0
2025-06-25 07:30:00,Vinh Tuy Bridge,Outbound,7,200,1,Overcast,28.9,0.0,87.83,10000.0,2,0
2025-06-25 10:00:00,Vinh Tuy Bridge,Inbound,10,52,0,Partially cloudy,26.6,0.0,89.39,10000.0,2,0
2025-06-25 10:00:00,Vinh Tuy Bridge,Outbound,10,57,0,Partially cloudy,26.6,0.0,89.39,10000.0,2,0
2025-06-25 12:00:00,Vinh Tuy Bridge,Inbound,12,45,0,Clear,32.0,0.0,66.59,10000.0,2,0
2025-06-25 12:00:00,Vinh Tuy Bridge,Outbound,12,51,0,Clear,32.0,0.0,66.59,10000.0,2,0
2025-06-25 15:00:00,Vinh Tuy Bridge,Inbound,15,54,0,Partially cloudy,35.0,0.0,59.73,10000.0,2,0
2025-06-25 15:00:00,Vinh Tuy Bridge,Outbound,15,68,0,Partially cloudy,35.0,0.0,59.73,10000.0,2,0
2025-06-25 16:00:00,Vinh Tuy Bridge,Inbound,16,82,0,Partially cloudy,32.7,0.0,69.26,17400.0,2,0
2025-06-25 16:00:00,Vinh Tuy Bridge,Outbound,16,104,0,Partially cloudy,32.7,0.0,69.26,17400.0,2,0
2025-06-25 17:10:00,Vinh Tuy Bridge,Inbound,17,138,1,Clear,33.0,0.0,62.93,10000.0,2,0
2025-06-25 17:10:00,Vinh Tuy Bridge,Outbound,17,156,1,Clear,33.0,0.0,62.93,10000.0,2,0
2025-06-25 20:00:00,Vinh Tuy Bridge,Inbound,20,30,0,Partially cloudy,31.0,0.0,79.33,10000.0,2,0
2025-06-25 20:00:00,Vinh Tuy Bridge,Outbound,20,41,0,Partially cloudy,31.0,0.0,79.33,10000.0,2,0
2025-06-25 22:30:00,Vinh Tuy Bridge,Inbound,22,0,0,Clear,29.4,0.0,84.31,10000.0,2,0
2025-06-25 22:30:00,Vinh Tuy Bridge,Outbound,22,0,0,Clear,29.4,0.0,84.31,10000.0,2,0
2025-06-24 03:00:00,Vinh Tuy Bridge,Inbound,3,0,0,Overcast,28.0,0.0,94.32,10000.0,1,0
2025-06-24 03:00:00,Vinh Tuy Bridge,Outbound,3,0,0,Overcast,28.0,0.0,94.32,10000.0,1,0
2025-06-24 07:10:00,Vinh Tuy Bridge,Inbound,7,68,0,Overcast,29.0,0.0,89.38,10000.0,1,0
2025-06-24 07:10:00,Vinh Tuy Bridge,Outbound,7,155,1,Overcast,29.0,0.0,89.38,10000.0,1,0
2025-06-24 07:30:00,Vinh Tuy Bridge,Inbound,7,94,1,Overcast,29.0,0.0,89.38,10000.0,1,0
2025-06-24 07:30:00,Vinh Tuy Bridge,Outbound,7,204,1,Overcast,29.0,0.0,89.38,10000.0,1,0
2025-06-24 10:00:00,Vinh Tuy Bridge,Inbound,10,61,0,Partially cloudy,32.0,0.0,77.6,10000.0,1,0
2025-06-24 10:00:00,Vinh Tuy Bridge,Outbound,10,53,0,Partially cloudy,32.0,0.0,77.6,10000.0,1,0
2025-06-24 12:00:00,Vinh Tuy Bridge,Inbound,12,57,0,Overcast,34.0,0.1,66.98,10000.0,1,0
2025-06-24 12:00:00,Vinh Tuy Bridge,Outbound,12,45,0,Overcast,34.0,0.1,66.98,10000.0,1,0
2025-06-24 15:00:00,Vinh Tuy Bridge,Inbound,15,67,0,"Rain, Partially cloudy",31.0,0.8,74.79,8000.0,1,0
2025-06-24 15:00:00,Vinh Tuy Bridge,Outbound,15,56,0,"Rain, Partially cloudy",31.0,0.8,74.79,8000.0,1,0
2025-06-24 16:00:00,Vinh Tuy Bridge,Inbound,16,96,1,Partially cloudy,31.1,0.0,70.82,10000.0,1,0
2025-06-24 16:00:00,Vinh Tuy Bridge,Outbound,16,79,0,Partially cloudy,31.1,0.0,70.82,10000.0,1,0
2025-06-24 17:10:00,Vinh Tuy Bridge,Inbound,17,155,1,Partially cloudy,29.0,0.0,94.36,10000.0,1,0
2025-06-24 17:10:00,Vinh Tuy Bridge,Outbound,17,130,0,Partially cloudy,29.0,0.0,94.36,10000.0,1,0
2025-06-24 20:00:00,Vinh Tuy Bridge,Inbound,20,35,0,"Rain, Overcast",29.0,0.4,88.99,10000.0,1,0
2025-06-24 20:00:00,Vinh Tuy Bridge,Outbound,20,47,0,"Rain, Overcast",29.0,0.4,88.99,10000.0,1,0
2025-06-24 22:30:00,Vinh Tuy Bridge,Inbound,22,0,0,Partially cloudy,29.5,0.0,85.99,10000.0,1,0
2025-06-24 22:30:00,Vinh Tuy Bridge,Outbound,22,0,0,Partially cloudy,29.5,0.0,85.99,10000.0,1,0
2025-06-23 03:00:00,Vinh Tuy Bridge,Inbound,3,0,0,Partially cloudy,25.0,0.0,100.0,10000.0,0,0
2025-06-23 03:00:00,Vinh Tuy Bridge,Outbound,3,0,0,Partially cloudy,25.0,0.0,100.0,10000.0,0,0
2025-06-23 07:10:00,Vinh Tuy Bridge,Inbound,7,139,1,Partially cloudy,28.0,0.0,90.29,9700.0,0,0
2025-06-23 07:10:00,Vinh Tuy Bridge,Outbound,7,275,1,Partially cloudy,28.0,0.0,90.29,9700.0,0,0
2025-06-23 07:30:00,Vinh Tuy Bridge,Inbound,7,178,1,Partially cloudy,28.0,0.0,90.29,9700.0,0,0
2025-06-23 07:30:00,Vinh Tuy Bridge,Outbound,7,373,1,Partially cloudy,28.0,0.0,90.29,9700.0,0,0
2025-06-23 10:00:00,Vinh Tuy Bridge,Inbound,10,45,0,Partially cloudy,31.7,0.0,77.23,17400.0,0,0
2025-06-23 10:00:00,Vinh Tuy Bridge,Outbound,10,72,0,Partially cloudy,31.7,0.0,77.23,17400.0,0,0
2025-06-23 12:00:00,Vinh Tuy Bridge,Inbound,12,33,0,Clear,33.0,0.1,75.11,10000.0,0,0
2025-06-23 12:00:00,Vinh Tuy Bridge,Outbound,12,56,0,Clear,33.0,0.1,75.11,10000.0,0,0
2025-06-23 15:00:00,Vinh Tuy Bridge,Inbound,15,46,0,Rain,33.0,0.7,70.84,10000.0,0,0
2025-06-23 15:00:00,Vinh Tuy Bridge,Outbound,15,75,0,Rain,33.0,0.7,70.84,10000.0,0,0
2025-06-23 16:00:00,Vinh Tuy Bridge,Inbound,16,76,0,Partially cloudy,31.9,0.0,68.95,17400.0,0,0
2025-06-23 16:00:00,Vinh Tuy Bridge,Outbound,16,108,0,Partially cloudy,31.9,0.0,68.95,17400.0,0,0
2025-06-23 17:10:00,Vinh Tuy Bridge,Inbound,17,132,1,Rain,32.0,1.4,74.95,10000.0,0,0
2025-06-23 17:10:00,Vinh Tuy Bridge,Outbound,17,165,1,Rain,32.0,1.4,74.95,10000.0,0,0
2025-06-23 20:00:00,Vinh Tuy Bridge,Inbound,20,23,0,Partially cloudy,30.0,0.0,84.01,10000.0,0,0
2025-06-23 20:00:00,Vinh Tuy Bridge,Outbound,20,59,0,Partially cloudy,30.0,0.0,84.01,10000.0,0,0
2025-06-23 22:30:00,Vinh Tuy Bridge,Inbound,22,0,0,Partially cloudy,29.3,0.0,85.22,17400.0,0,0
2025-06-23 22:30:00,Vinh Tuy Bridge,Outbound,22,0,0,Partially cloudy,29.3,0.0,85.22,17400.0,0,0
2025-06-22 03:00:00,Vinh Tuy Bridge,Inbound,3,0,0,Overcast,25.0,0.0,100.0,4000.0,6,0
2025-06-22 03:00:00,Vinh Tuy Bridge,Outbound,3,0,0,Overcast,25.0,0.0,100.0,4000.0,6,0
2025-06-22 07:10:00,Vinh Tuy Bridge,Inbound,7,17,0,"Rain, Partially cloudy",25.5,13.0,95.69,10000.0,6,0
2025-06-22 07:10:00,Vinh Tuy Bridge,Outbound,7,20,0,"Rain, Partially cloudy",25.5,13.0,95.69,10000.0,6,0
2025-06-22 07:30:00,Vinh Tuy Bridge,Inbound,7,24,0,"Rain, Partially cloudy",25.5,13.0,95.69,10000.0,6,0
2025-06-22 07:30:00,Vinh Tuy Bridge,Outbound,7,27,0,"Rain, Partially cloudy",25.5,13.0,95.69,10000.0,6,0
2025-06-22 10:00:00,Vinh Tuy Bridge,Inbound,10,34,0,Overcast,27.5,0.0,91.46,10000.0,6,0
2025-06-22 10:00:00,Vinh Tuy Bridge,Outbound,10,44,0,Overcast,27.5,0.0,91.46,10000.0,6,0
2025-06-22 12:00:00,Vinh Tuy Bridge,Inbound,12,43,0,Partially cloudy,29.0,0.0,83.9,9000.0,6,0
2025-06-22 12:00:00,Vinh Tuy Bridge,Outbound,12,58,0,Partially cloudy,29.0,0.0,83.9,9000.0,6,0
2025-06-22 15:00:00,Vinh Tuy Bridge,Inbound,15,66,0,Partially cloudy,29.0,0.0,83.9,10000.0,6,0
2025-06-22 15:00:00,Vinh Tuy Bridge,Outbound,15,87,0,Partially cloudy,29.0,0.0,83.9,10000.0,6,0
2025-06-22 16:00:00,Vinh Tuy Bridge,Inbound,16,92,1,Partially cloudy,30.5,0.0,79.96,10000.0,6,0
2025-06-22 16:00:00,Vinh Tuy Bridge,Outbound,16,115,0,Partially cloudy,30.5,0.0,79.96,10000.0,6,0
2025-06-22 17:10:00,Vinh Tuy Bridge,Inbound,17,96,1,Partially cloudy,30.0,0.0,84.01,10000.0,6,0
2025-06-22 17:10:00,Vinh Tuy Bridge,Outbound,17,149,1,Partially cloudy,30.0,0.0,84.01,10000.0,6,0
2025-06-22 20:00:00,Vinh Tuy Bridge,Inbound,20,24,0,Overcast,28.0,0.0,88.92,10000.0,6,0
2025-06-22 20:00:00,Vinh Tuy Bridge,Outbound,20,62,0,Overcast,28.0,0.0,88.92,10000.0,6,0
2025-06-22 22:30:00,Vinh Tuy Bridge,Inbound,22,0,0,Partially cloudy,28.1,0.0,93.1,9700.0,6,0
2025-06-22 22:30:00,Vinh Tuy Bridge,Outbound,22,0,0,Partially cloudy,28.1,0.0,93.1,9700.0,6,0
2025-06-21 03:00:00,Vinh Tuy Bridge,Inbound,3,0,0,Overcast,29.0,0.0,88.99,10000.0,5,0
2025-06-21 03:00:00,Vinh Tuy Bridge,Outbound,3,0,0,Overcast,29.0,0.0,88.99,10000.0,5,0
2025-06-21 07:10:00,Vinh Tuy Bridge,Inbound,7,48,0,"Rain, Overcast",27.4,19.0,94.7,10000.0,5,0
2025-06-21 07:10:00,Vinh Tuy Bridge,Outbound,7,51,0,"Rain, Overcast",27.4,19.0,94.7,10000.0,5,0
2025-06-21 07:30:00,Vinh Tuy Bridge,Inbound,7,75,0,"Rain, Overcast",27.4,19.0,94.7,10000.0,5,0
2025-06-21 07:30:00,Vinh Tuy Bridge,Outbound,7,73,0,"Rain, Overcast",27.4,19.0,94.7,10000.0,5,0
2025-06-21 10:00:00,Vinh Tuy Bridge,Inbound,10,134,1,Overcast,29.8,0.0,89.64,10000.0,5,0
2025-06-21 10:00:00,Vinh Tuy Bridge,Outbound,10,120,0,Overcast,29.8,0.0,89.64,10000.0,5,0
2025-06-21 12:00:00,Vinh Tuy Bridge,Inbound,12,148,1,Clear,31.0,0.0,79.33,10000.0,5,0
2025-06-21 12:00:00,Vinh Tuy Bridge,Outbound,12,127,0,Clear,31.0,0.0,79.33,10000.0,5,0
2025-06-21 15:00:00,Vinh Tuy Bridge,Inbound,15,174,1,Partially cloudy,27.0,0.0,94.28,10000.0,5,0
2025-06-21 15:00:00,Vinh Tuy Bridge,Outbound,15,145,0,Partially cloudy,27.0,0.0,94.28,10000.0,5,0
2025-06-21 16:00:00,Vinh Tuy Bridge,Inbound,16,219,1,Partially cloudy,28.1,0.0,87.58,9200.0,5,0
2025-06-21 16:00:00,Vinh Tuy Bridge,Outbound,16,193,1,Partially cloudy,28.1,0.0,87.58,9200.0,5,0
2025-06-21 17:10:00,Vinh Tuy Bridge,Inbound,17,250,1,Partially cloudy,26.0,0.0,94.23,7000.0,5,0
2025-06-21 17:10:00,Vinh Tuy Bridge,Outbound,17,232,1,Partially cloudy,26.0,0.0,94.23,7000.0,5,0
2025-06-21 20:00:00,Vinh Tuy Bridge,Inbound,20,55,0,Overcast,25.0,0.0,94.19,8000.0,5,0
2025-06-21 20:00:00,Vinh Tuy Bridge,Outbound,20,68,0,Overcast,25.0,0.0,94.19,8000.0,5,0
2025-06-21 22:30:00,Vinh Tuy Bridge,Inbound,22,0,0,Overcast,25.3,0.0,95.46,4100.0,5,0
2025-06-21 22:30:00,Vinh Tuy Bridge,Outbound,22,0,0,Overcast,25.3,0.0,95.46,4100.0,5,0
2025-06-20 03:00:00,Vinh Tuy Bridge,Inbound,3,0,0,Overcast,29.0,0.1,88.99,10000.0,4,0
2025-06-20 03:00:00,Vinh Tuy Bridge,Outbound,3,0,0,Overcast,29.0,0.1,88.99,10000.0,4,0
2025-06-20 07:10:00,Vinh Tuy Bridge,Inbound,7,46,0,Overcast,29.3,0.0,92.35,10000.0,4,0
2025-06-20 07:10:00,Vinh Tuy Bridge,Outbound,7,67,0,Overcast,29.3,0.0,92.35,10000.0,4,0
2025-06-20 07:30:00,Vinh Tuy Bridge,Inbound,7,68,0,Overcast,29.3,0.0,92.35,10000.0,4,0
2025-06-20 07:30:00,Vinh Tuy Bridge,Outbound,7,94,0,Overcast,29.3,0.0,92.35,10000.0,4,0
2025-06-20 10:00:00,Vinh Tuy Bridge,Inbound,10,49,0,Partially cloudy,31.0,0.0,77.63,10000.0,4,0
2025-06-20 10:00:00,Vinh Tuy Bridge,Outbound,10,55,0,Partially cloudy,31.0,0.0,77.63,10000.0,4,0
2025-06-20 12:00:00,Vinh Tuy Bridge,Inbound,12,55,0,Partially cloudy,33.0,0.0,70.84,10000.0,4,0
2025-06-20 12:00:00,Vinh Tuy Bridge,Outbound,12,51,0,Partially cloudy,33.0,0.0,70.84,10000.0,4,0
2025-06-20 15:00:00,Vinh Tuy Bridge,Inbound,15,80,0,Partially cloudy,34.0,0.1,56.05,10000.0,4,0
2025-06-20 15:00:00,Vinh Tuy Bridge,Outbound,15,73,0,Partially cloudy,34.0,0.1,56.05,10000.0,4,0
2025-06-20 16:00:00,Vinh Tuy Bridge,Inbound,16,140,1,Partially cloudy,32.5,0.0,66.84,10000.0,4,0
2025-06-20 16:00:00,Vinh Tuy Bridge,Outbound,16,137,0,Partially cloudy,32.5,0.0,66.84,10000.0,4,0
2025-06-20 17:10:00,Vinh Tuy Bridge,Inbound,17,255,1,Clear,29.0,0.0,83.9,10000.0,4,0
2025-06-20 17:10:00,Vinh Tuy Bridge,Outbound,17,273,1,Clear,29.0,0.0,83.9,10000.0,4,0
2025-06-20 20:00:00,Vinh Tuy Bridge,Inbound,20,77,0,Partially cloudy,28.0,0.0,88.92,10000.0,4,0
2025-06-20 20:00:00,Vinh Tuy Bridge,Outbound,20,67,0,Partially cloudy,28.0,0.0,88.92,10000.0,4,0
2025-06-20 22:30:00,Vinh Tuy Bridge,Inbound,22,0,0,Partially cloudy,29.6,0.0,84.52,9700.0,4,0
2025-06-20 22:30:00,Vinh Tuy Bridge,Outbound,22,0,0,Partially cloudy,29.6,0.0,84.52,9700.0,4,0
2025-06-19 03:00:00,Vinh Tuy Bridge,Inbound,3,0,0,Partially cloudy,29.0,0.0,88.99,10000.0,3,0
2025-06-19 03:00:00,Vinh Tuy Bridge,Outbound,3,0,0,Partially cloudy,29.0,0.0,88.99,10000.0,3,0
2025-06-19 07:10:00,Vinh Tuy Bridge,Inbound,7,63,0,Partially cloudy,29.1,0.0,90.95,10000.0,3,0
2025-06-19 07:10:00,Vinh Tuy Bridge,Outbound,7,140,0,Partially cloudy,29.1,0.0,90.95,10000.0,3,0
2025-06-19 07:30:00,Vinh Tuy Bridge,Inbound,7,97,1,Partially cloudy,29.1,0.0,90.95,10000.0,3,0
2025-06-19 07:30:00,Vinh Tuy Bridge,Outbound,7,180,1,Partially cloudy,29.1,0.0,90.95,10000.0,3,0
2025-06-19 10:00:00,Vinh Tuy Bridge,Inbound,10,46,0,Partially cloudy,31.9,0.0,77.24,10000.0,3,0
2025-06-19 10:00:00,Vinh Tuy Bridge,Outbound,10,55,0,Partially cloudy,31.9,0.0,77.24,10000.0,3,0
2025-06-19 12:00:00,Vinh Tuy Bridge,Inbound,12,36,0,Partially cloudy,34.0,0.0,63.15,10000.0,3,0
2025-06-19 12:00:00,Vinh Tuy Bridge,Outbound,12,48,0,Partially cloudy,34.0,0.0,63.15,10000.0,3,0
2025-06-19 15:00:00,Vinh Tuy Bridge,Inbound,15,46,0,Partially cloudy,35.0,0.0,53.02,10000.0,3,0
2025-06-19 15:00:00,Vinh Tuy Bridge,Outbound,15,61,0,Partially cloudy,35.0,0.0,53.02,10000.0,3,0
2025-06-19 16:00:00,Vinh Tuy Bridge,Inbound,16,74,0,Partially cloudy,34.0,0.0,59.38,10000.0,3,0
2025-06-19 16:00:00,Vinh Tuy Bridge,Outbound,16,88,0,Partially cloudy,34.0,0.0,59.38,10000.0,3,0
2025-06-19 17:10:00,Vinh Tuy Bridge,Inbound,17,131,1,Clear,34.0,0.1,56.05,10000.0,3,0
2025-06-19 17:10:00,Vinh Tuy Bridge,Outbound,17,154,1,Clear,34.0,0.1,56.05,10000.0,3,0
2025-06-19 20:00:00,Vinh Tuy Bridge,Inbound,20,26,0,Partially cloudy,29.0,0.0,88.99,5000.0,3,0
2025-06-19 20:00:00,Vinh Tuy Bridge,Outbound,20,52,0,Partially cloudy,29.0,0.0,88.99,5000.0,3,0
2025-06-19 22:30:00,Vinh Tuy Bridge,Inbound,22,0,0,Partially cloudy,29.8,0.0,80.39,9200.0,3,0
2025-06-19 22:30:00,Vinh Tuy Bridge,Outbound,22,0,0,Partially cloudy,29.8,0.0,80.39,9200.0,3,0
2025-06-18 03:00:00,Vinh Tuy Bridge,Inbound,3,0,0,Clear,27.0,0.0,88.84,10000.0,2,0
2025-06-18 03:00:00,Vinh Tuy Bridge,Outbound,3,0,0,Clear,27.0,0.0,88.84,10000.0,2,0
2025-06-18 07:10:00,Vinh Tuy Bridge,Inbound,7,66,0,Partially cloudy,28.5,0.0,85.7,10000.0,2,0
2025-06-18 07:10:00,Vinh Tuy Bridge,Outbound,7,157,1,Partially cloudy,28.5,0.0,85.7,10000.0,2,0
2025-06-18 07:30:00,Vinh Tuy Bridge,Inbound,7,96,1,Partially cloudy,28.5,0.0,85.7,10000.0,2,0
2025-06-18 07:30:00,Vinh Tuy Bridge,Outbound,7,200,1,Partially cloudy,28.5,0.0,85.7,10000.0,2,0
2025-06-18 10:00:00,Vinh Tuy Bridge,Inbound,10,52,0,Partially cloudy,32.0,0.0,70.19,10000.0,2,0
2025-06-18 10:00:00,Vinh Tuy Bridge,Outbound,10,57,0,Partially cloudy,32.0,0.0,70.19,10000.0,2,0
2025-06-18 12:00:00,Vinh Tuy Bridge,Inbound,12,45,0,Clear,35.0,0.0,56.29,10000.0,2,0
2025-06-18 12:00:00,Vinh Tuy Bridge,Outbound,12,51,0,Clear,35.0,0.0,56.29,10000.0,2,0
2025-06-18 15:00:00,Vinh Tuy Bridge,Inbound,15,54,0,Partially cloudy,35.0,0.0,53.02,10000.0,2,0
2025-06-18 15:00:00,Vinh Tuy Bridge,Outbound,15,68,0,Partially cloudy,35.0,0.0,53.02,10000.0,2,0
2025-06-18 16:00:00,Vinh Tuy Bridge,Inbound,16,82,0,Partially cloudy,34.9,0.0,56.26,10000.0,2,0
2025-06-18 16:00:00,Vinh Tuy Bridge,Outbound,16,104,0,Partially cloudy,34.9,0.0,56.26,10000.0,2,0
2025-06-18 17:10:00,Vinh Tuy Bridge,Inbound,17,138,1,Clear,35.0,0.0,56.29,10000.0,2,0
2025-06-18 17:10:00,Vinh Tuy Bridge,Outbound,17,156,1,Clear,35.0,0.0,56.29,10000.0,2,0
2025-06-18 20:00:00,Vinh Tuy Bridge,Inbound,20,30,0,Clear,32.0,0.2,74.95,8000.0,2,0
2025-06-18 20:00:00,Vinh Tuy Bridge,Outbound,20,41,0,Clear,32.0,0.2,74.95,8000.0,2,0
2025-06-18 22:30:00,Vinh Tuy Bridge,Inbound,22,0,0,Partially cloudy,30.1,0.0,87.36,10000.0,2,0
2025-06-18 22:30:00,Vinh Tuy Bridge,Outbound,22,0,0,Partially cloudy,30.1,0.0,87.36,10000.0,2,0
2025-06-17 03:00:00,Vinh Tuy Bridge,Inbound,3,0,0,Overcast,26.0,0.0,94.23,10000.0,1,0
2025-06-17 03:00:00,Vinh Tuy Bridge,Outbound,3,0,0,Overcast,26.0,0.0,94.23,10000.0,1,0
2025-06-17 07:10:00,Vinh Tuy Bridge,Inbound,7,68,0,Overcast,27.3,0.0,95.74,8200.0,1,0
2025-06-17 07:10:00,Vinh Tuy Bridge,Outbound,7,155,1,Overcast,27.3,0.0,95.74,8200.0,1,0
2025-06-17 07:30:00,Vinh Tuy Bridge,Inbound,7,94,1,Overcast,27.3,0.0,95.74,8200.0,1,0
2025-06-17 07:30:00,Vinh Tuy Bridge,Outbound,7,204,1,Overcast,27.3,0.0,95.74,8200.0,1,0
2025-06-17 10:00:00,Vinh Tuy Bridge,Inbound,10,61,0,Overcast,28.8,0.0,90.29,9200.0,1,0
2025-06-17 10:00:00,Vinh Tuy Bridge,Outbound,10,53,0,Overcast,28.8,0.0,90.29,9200.0,1,0
2025-06-17 12:00:00,Vinh Tuy Bridge,Inbound,12,57,0,Clear,30.0,0.0,84.01,4000.0,1,0
2025-06-17 12:00:00,Vinh Tuy Bridge,Outbound,12,45,0,Clear,30.0,0.0,84.01,4000.0,1,0
2025-06-17 15:00:00,Vinh Tuy Bridge,Inbound,15,67,0,Partially cloudy,33.0,0.0,66.78,10000.0,1,0
2025-06-17 15:00:00,Vinh Tuy Bridge,Outbound,15,56,0,Partially cloudy,33.0,0.0,66.78,10000.0,1,0
2025-06-17 16:00:00,Vinh Tuy Bridge,Inbound,16,96,1,Partially cloudy,34.0,0.0,65.4,10000.0,1,0
2025-06-17 16:00:00,Vinh Tuy Bridge,Outbound,16,79,0,Partially cloudy,34.0,0.0,65.4,10000.0,1,0
2025-06-17 17:10:00,Vinh Tuy Bridge,Inbound,17,155,1,Partially cloudy,33.0,0.0,62.93,10000.0,1,0
2025-06-17 17:10:00,Vinh Tuy Bridge,Outbound,17,130,0,Partially cloudy,33.0,0.0,62.93,10000.0,1,0
2025-06-17 20:00:00,Vinh Tuy Bridge,Inbound,20,35,0,Partially cloudy,32.0,0.0,70.66,10000.0,1,0
2025-06-17 20:00:00,Vinh Tuy Bridge,Outbound,20,47,0,Partially cloudy,32.0,0.0,70.66,10000.0,1,0
2025-06-17 22:30:00,Vinh Tuy Bridge,Inbound,22,0,0,Partially cloudy,28.3,0.0,83.08,10000.0,1,0
2025-06-17 22:30:00,Vinh Tuy Bridge,Outbound,22,0,0,Partially cloudy,28.3,0.0,83.08,10000.0,1,0
2025-06-16 03:00:00,Vinh Tuy Bridge,Inbound,3,0,0,Overcast,25.0,0.0,94.19,10000.0,0,0
2025-06-16 03:00:00,Vinh Tuy Bridge,Outbound,3,0,0,Overcast,25.0,0.0,94.19,10000.0,0,0
2025-06-16 07:10:00,Vinh Tuy Bridge,Inbound,7,139,1,Overcast,26.6,0.0,88.81,10000.0,0,0
2025-06-16 07:10:00,Vinh Tuy Bridge,Outbound,7,275,1,Overcast,26.6,0.0,88.81,10000.0,0,0
2025-06-16 07:30:00,Vinh Tuy Bridge,Inbound,7,178,1,Overcast,26.6,0.0,88.81,10000.0,0,0
2025-06-16 07:30:00,Vinh Tuy Bridge,Outbound,7,373,1,Overcast,26.6,0.0,88.81,10000.0,0,0
2025-06-16 10:00:00,Vinh Tuy Bridge,Inbound,10,45,0,Overcast,28.0,0.0,84.91,8200.0,0,0
2025-06-16 10:00:00,Vinh Tuy Bridge,Outbound,10,72,0,Overcast,28.0,0.0,84.91,8200.0,0,0
2025-06-16 12:00:00,Vinh Tuy Bridge,Inbound,12,33,0,Partially cloudy,26.0,0.0,94.23,10000.0,0,0
2025-06-16 12:00:00,Vinh Tuy Bridge,Outbound,12,56,0,Partially cloudy,26.0,0.0,94.23,10000.0,0,0
2025-06-16 15:00:00,Vinh Tuy Bridge,Inbound,15,46,0,Partially cloudy,27.0,0.0,94.28,10000.0,0,0
2025-06-16 15:00:00,Vinh Tuy Bridge,Outbound,15,75,0,Partially cloudy,27.0,0.0,94.28,10000.0,0,0
2025-06-16 16:00:00,Vinh Tuy Bridge,Inbound,16,76,0,Partially cloudy,30.0,0.0,78.68,10000.0,0,0
2025-06-16 16:00:00,Vinh Tuy Bridge,Outbound,16,108,0,Partially cloudy,30.0,0.0,78.68,10000.0,0,0
2025-06-16 17:10:00,Vinh Tuy Bridge,Inbound,17,132,1,Partially cloudy,29.0,0.0,83.9,10000.0,0,0
2025-06-16 17:10:00,Vinh Tuy Bridge,Outbound,17,165,1,Partially cloudy,29.0,0.0,83.9,10000.0,0,0
2025-06-16 20:00:00,Vinh Tuy Bridge,Inbound,20,23,0,Partially cloudy,26.0,0.0,94.23,10000.0,0,0
2025-06-16 20:00:00,Vinh Tuy Bridge,Outbound,20,59,0,Partially cloudy,26.0,0.0,94.23,10000.0,0,0
2025-06-16 22:30:00,Vinh Tuy Bridge,Inbound,22,0,0,Partially cloudy,26.2,0.0,96.13,10000.0,0,0
2025-06-16 22:30:00,Vinh Tuy Bridge,Outbound,22,0,0,Partially cloudy,26.2,0.0,96.13,10000.0,0,0
2025-06-15 03:00:00,Vinh Tuy Bridge,Inbound,3,0,0,Partially cloudy,28.0,0.0,94.32,10000.0,6,0
2025-06-15 03:00:00,Vinh Tuy Bridge,Outbound,3,0,0,Partially cloudy,28.0,0.0,94.32,10000.0,6,0
2025-06-15 07:10:00,Vinh Tuy Bridge,Inbound,7,17,0,Partially cloudy,29.7,0.0,88.47,10000.0,6,0
2025-06-15 07:10:00,Vinh Tuy Bridge,Outbound,7,20,0,Partially cloudy,29.7,0.0,88.47,10000.0,6,0
2025-06-15 07:30:00,Vinh Tuy Bridge,Inbound,7,24,0,Partially cloudy,29.7,0.0,88.47,10000.0,6,0
2025-06-15 07:30:00,Vinh Tuy Bridge,Outbound,7,27,0,Partially cloudy,29.7,0.0,88.47,10000.0,6,0
2025-06-15 10:00:00,Vinh Tuy Bridge,Inbound,10,34,0,Partially cloudy,33.1,0.0,71.48,10000.0,6,0
2025-06-15 10:00:00,Vinh Tuy Bridge,Outbound,10,44,0,Partially cloudy,33.1,0.0,71.48,10000.0,6,0
2025-06-15 12:00:00,Vinh Tuy Bridge,Inbound,12,43,0,Partially cloudy,35.0,0.0,63.36,10000.0,6,0
2025-06-15 12:00:00,Vinh Tuy Bridge,Outbound,12,58,0,Partially cloudy,35.0,0.0,63.36,10000.0,6,0
2025-06-15 15:00:00,Vinh Tuy Bridge,Inbound,15,66,0,Clear,35.0,0.0,56.29,10000.0,6,0
2025-06-15 15:00:00,Vinh Tuy Bridge,Outbound,15,87,0,Clear,35.0,0.0,56.29,10000.0,6,0
2025-06-15 16:00:00,Vinh Tuy Bridge,Inbound,16,92,1,Partially cloudy,37.0,0.0,55.17,17400.0,6,0
2025-06-15 16:00:00,Vinh Tuy Bridge,Outbound,16,115,0,Partially cloudy,37.0,0.0,55.17,17400.0,6,0
2025-06-15 17:10:00,Vinh Tuy Bridge,Inbound,17,96,1,Clear,35.0,0.0,63.36,10000.0,6,0
2025-06-15 17:10:00,Vinh Tuy Bridge,Outbound,17,149,1,Clear,35.0,0.0,63.36,10000.0,6,0
2025-06-15 20:00:00,Vinh Tuy Bridge,Inbound,20,24,0,Partially cloudy,24.0,0.0,100.0,10000.0,6,0
2025-06-15 20:00:00,Vinh Tuy Bridge,Outbound,20,62,0,Partially cloudy,24.0,0.0,100.0,10000.0,6,0
2025-06-15 22:30:00,Vinh Tuy Bridge,Inbound,22,0,0,Partially cloudy,25.6,0.0,94.22,10000.0,6,0
2025-06-15 22:30:00,Vinh Tuy Bridge,Outbound,22,0,0,Partially cloudy,25.6,0.0,94.22,10000.0,6,0
2025-06-14 03:00:00,Vinh Tuy Bridge,Inbound,3,0,0,Clear,30.0,0.0,66.18,10000.0,5,0
2025-06-14 03:00:00,Vinh Tuy Bridge,Outbound,3,0,0,Clear,30.0,0.0,66.18,10000.0,5,0
2025-06-14 07:10:00,Vinh Tuy Bridge,Inbound,7,48,0,Partially cloudy,29.8,0.0,77.26,10000.0,5,0
2025-06-14 07:10:00,Vinh Tuy Bridge,Outbound,7,51,0,Partially cloudy,29.8,0.0,77.26,10000.0,5,0
2025-06-14 07:30:00,Vinh Tuy Bridge,Inbound,7,75,0,Partially cloudy,29.8,0.0,77.26,10000.0,5,0
2025-06-14 07:30:00,Vinh Tuy Bridge,Outbound,7,73,0,Partially cloudy,29.8,0.0,77.26,10000.0,5,0
2025-06-14 10:00:00,Vinh Tuy Bridge,Inbound,10,134,1,Partially cloudy,33.4,0.0,60.3,10000.0,5,0
2025-06-14 10:00:00,Vinh Tuy Bridge,Outbound,10,120,0,Partially cloudy,33.4,0.0,60.3,10000.0,5,0
2025-06-14 12:00:00,Vinh Tuy Bridge,Inbound,12,148,1,Clear,34.0,0.0,59.51,10000.0,5,0
2025-06-14 12:00:00,Vinh Tuy Bridge,Outbound,12,127,0,Clear,34.0,0.0,59.51,10000.0,5,0
2025-06-14 15:00:00,Vinh Tuy Bridge,Inbound,15,174,1,Clear,35.0,0.0,56.29,10000.0,5,0
2025-06-14 15:00:00,Vinh Tuy Bridge,Outbound,15,145,0,Clear,35.0,0.0,56.29,10000.0,5,0
2025-06-14 16:00:00,Vinh Tuy Bridge,Inbound,16,219,1,Partially cloudy,35.9,0.0,52.88,10000.0,5,0
2025-06-14 16:00:00,Vinh Tuy Bridge,Outbound,16,193,1,Partially cloudy,35.9,0.0,52.88,10000.0,5,0
2025-06-14 17:10:00,Vinh Tuy Bridge,Inbound,17,250,1,Clear,36.0,0.0,53.26,10000.0,5,0
2025-06-14 17:10:00,Vinh Tuy Bridge,Outbound,17,232,1,Clear,36.0,0.0,53.26,10000.0,5,0
2025-06-14 20:00:00,Vinh Tuy Bridge,Inbound,20,55,0,Clear,33.0,0.0,66.78,10000.0,5,0
2025-06-14 20:00:00,Vinh Tuy Bridge,Outbound,20,68,0,Clear,33.0,0.0,66.78,10000.0,5,0
2025-06-14 22:30:00,Vinh Tuy Bridge,Inbound,22,0,0,Partially cloudy,30.7,0.0,74.57,9000.0,5,0
2025-06-14 22:30:00,Vinh Tuy Bridge,Outbound,22,0,0,Partially cloudy,30.7,0.0,74.57,9000.0,5,0
2025-06-13 03:00:00,Vinh Tuy Bridge,Inbound,3,0,0,Partially cloudy,27.0,0.0,94.28,10000.0,4,0
2025-06-13 03:00:00,Vinh Tuy Bridge,Outbound,3,0,0,Partially cloudy,27.0,0.0,94.28,10000.0,4,0
2025-06-13 07:10:00,Vinh Tuy Bridge,Inbound,7,46,0,Partially cloudy,27.3,0.0,90.63,10000.0,4,0
2025-06-13 07:10:00,Vinh Tuy Bridge,Outbound,7,67,0,Partially cloudy,27.3,0.0,90.63,10000.0,4,0
2025-06-13 07:30:00,Vinh Tuy Bridge,Inbound,7,68,0,Partially cloudy,27.3,0.0,90.63,10000.0,4,0
2025-06-13 07:30:00,Vinh Tuy Bridge,Outbound,7,94,0,Partially cloudy,27.3,0.0,90.63,10000.0,4,0
2025-06-13 10:00:00,Vinh Tuy Bridge,Inbound,10,49,0,Partially cloudy,30.7,0.0,74.25,17400.0,4,0
2025-06-13 10:00:00,Vinh Tuy Bridge,Outbound,10,55,0,Partially cloudy,30.7,0.0,74.25,17400.0,4,0
2025-06-13 12:00:00,Vinh Tuy Bridge,Inbound,12,55,0,Partially cloudy,33.0,0.0,66.78,10000.0,4,0
2025-06-13 12:00:00,Vinh Tuy Bridge,Outbound,12,51,0,Partially cloudy,33.0,0.0,66.78,10000.0,4,0
2025-06-13 15:00:00,Vinh Tuy Bridge,Inbound,15,80,0,Partially cloudy,33.0,0.0,62.93,10000.0,4,0
2025-06-13 15:00:00,Vinh Tuy Bridge,Outbound,15,73,0,Partially cloudy,33.0,0.0,62.93,10000.0,4,0
2025-06-13 16:00:00,Vinh Tuy Bridge,Inbound,16,140,1,Partially cloudy,33.5,0.0,60.05,10000.0,4,0
2025-06-13 16:00:00,Vinh Tuy Bridge,Outbound,16,137,0,Partially cloudy,33.5,0.0,60.05,10000.0,4,0
2025-06-13 17:10:00,Vinh Tuy Bridge,Inbound,17,255,1,Partially cloudy,33.0,0.0,62.93,10000.0,4,0
2025-06-13 17:10:00,Vinh Tuy Bridge,Outbound,17,273,1,Partially cloudy,33.0,0.0,62.93,10000.0,4,0
2025-06-13 20:00:00,Vinh Tuy Bridge,Inbound,20,77,0,Clear,30.0,0.0,70.3,10000.0,4,0
2025-06-13 20:00:00,Vinh Tuy Bridge,Outbound,20,67,0,Clear,30.0,0.0,70.3,10000.0,4,0
2025-06-13 22:30:00,Vinh Tuy Bridge,Inbound,22,0,0,Partially cloudy,30.3,0.0,72.4,10000.0,4,0
2025-06-13 22:30:00,Vinh Tuy Bridge,Outbound,22,0,0,Partially cloudy,30.3,0.0,72.4,10000.0,4,0
2025-06-12 03:00:00,Vinh Tuy Bridge,Inbound,3,0,0,Clear,26.0,0.0,94.23,9000.0,3,0
2025-06-12 03:00:00,Vinh Tuy Bridge,Outbound,3,0,0,Clear,26.0,0.0,94.23,9000.0,3,0
2025-06-12 07:10:00,Vinh Tuy Bridge,Inbound,7,63,0,Overcast,27.0,0.0,88.83,8000.0,3,0
2025-06-12 07:10:00,Vinh Tuy Bridge,Outbound,7,140,0,Overcast,27.0,0.0,88.83,8000.0,3,0
2025-06-12 07:30:00,Vinh Tuy Bridge,Inbound,7,97,1,Overcast,27.0,0.0,88.83,8000.0,3,0
2025-06-12 07:30:00,Vinh Tuy Bridge,Outbound,7,180,1,Overcast,27.0,0.0,88.83,8000.0,3,0
2025-06-12 10:00:00,Vinh Tuy Bridge,Inbound,10,46,0,Partially cloudy,31.9,0.0,64.81,10000.0,3,0
2025-06-12 10:00:00,Vinh Tuy Bridge,Outbound,10,55,0,Partially cloudy,31.9,0.0,64.81,10000.0,3,0
2025-06-12 12:00:00,Vinh Tuy Bridge,Inbound,12,36,0,Partially cloudy,33.0,0.0,59.28,10000.0,3,0
2025-06-12 12:00:00,Vinh Tuy Bridge,Outbound,12,48,0,Partially cloudy,33.0,0.0,59.28,10000.0,3,0
2025-06-12 15:00:00,Vinh Tuy Bridge,Inbound,15,46,0,Overcast,33.0,0.0,62.93,10000.0,3,0
2025-06-12 15:00:00,Vinh Tuy Bridge,Outbound,15,61,0,Overcast,33.0,0.0,62.93,10000.0,3,0
2025-06-12 16:00:00,Vinh Tuy Bridge,Inbound,16,74,0,Partially cloudy,29.8,0.0,81.25,10000.0,3,0
2025-06-12 16:00:00,Vinh Tuy Bridge,Outbound,16,88,0,Partially cloudy,29.8,0.0,81.25,10000.0,3,0
2025-06-12 17:10:00,Vinh Tuy Bridge,Inbound,17,131,1,Clear,32.0,0.0,70.66,10000.0,3,0
2025-06-12 17:10:00,Vinh Tuy Bridge,Outbound,17,154,1,Clear,32.0,0.0,70.66,10000.0,3,0
2025-06-12 20:00:00,Vinh Tuy Bridge,Inbound,20,26,0,Clear,31.0,0.0,66.39,10000.0,3,0
2025-06-12 20:00:00,Vinh Tuy Bridge,Outbound,20,52,0,Clear,31.0,0.0,66.39,10000.0,3,0
2025-06-12 22:30:00,Vinh Tuy Bridge,Inbound,22,0,0,Partially cloudy,28.4,0.0,90.1,10000.0,3,0
2025-06-12 22:30:00,Vinh Tuy Bridge,Outbound,22,0,0,Partially cloudy,28.4,0.0,90.1,10000.0,3,0
2025-06-11 03:00:00,Vinh Tuy Bridge,Inbound,3,0,0,Clear,26.0,0.0,88.76,10000.0,2,0
2025-06-11 03:00:00,Vinh Tuy Bridge,Outbound,3,0,0,Clear,26.0,0.0,88.76,10000.0,2,0
2025-06-11 07:10:00,Vinh Tuy Bridge,Inbound,7,66,0,Partially cloudy,26.9,0.0,81.28,10000.0,2,0
2025-06-11 07:10:00,Vinh Tuy Bridge,Outbound,7,157,1,Partially cloudy,26.9,0.0,81.28,10000.0,2,0
2025-06-11 07:30:00,Vinh Tuy Bridge,Inbound,7,96,1,Partially cloudy,26.9,0.0,81.28,10000.0,2,0
2025-06-11 07:30:00,Vinh Tuy Bridge,Outbound,7,200,1,Partially cloudy,26.9,0.0,81.28,10000.0,2,0
2025-06-11 10:00:00,Vinh Tuy Bridge,Inbound,10,52,0,Partially cloudy,30.0,0.0,70.78,10000.0,2,0
2025-06-11 10:00:00,Vinh Tuy Bridge,Outbound,10,57,0,Partially cloudy,30.0,0.0,70.78,10000.0,2,0
2025-06-11 12:00:00,Vinh Tuy Bridge,Inbound,12,45,0,Partially cloudy,32.0,0.0,66.59,10000.0,2,0
2025-06-11 12:00:00,Vinh Tuy Bridge,Outbound,12,51,0,Partially cloudy,32.0,0.0,66.59,10000.0,2,0
2025-06-11 15:00:00,Vinh Tuy Bridge,Inbound,15,54,0,Clear,33.0,0.0,66.78,10000.0,2,0
2025-06-11 15:00:00,Vinh Tuy Bridge,Outbound,15,68,0,Clear,33.0,0.0,66.78,10000.0,2,0
2025-06-11 16:00:00,Vinh Tuy Bridge,Inbound,16,82,0,Partially cloudy,33.5,0.0,61.54,10000.0,2,0
2025-06-11 16:00:00,Vinh Tuy Bridge,Outbound,16,104,0,Partially cloudy,33.5,0.0,61.54,10000.0,2,0
2025-06-11 17:10:00,Vinh Tuy Bridge,Inbound,17,138,1,Rain,32.0,2.2,70.66,10000.0,2,0
2025-06-11 17:10:00,Vinh Tuy Bridge,Outbound,17,156,1,Rain,32.0,2.2,70.66,10000.0,2,0
2025-06-11 20:00:00,Vinh Tuy Bridge,Inbound,20,30,0,Partially cloudy,26.0,0.0,88.76,10000.0,2,0
2025-06-11 20:00:00,Vinh Tuy Bridge,Outbound,20,41,0,Partially cloudy,26.0,0.0,88.76,10000.0,2,0
2025-06-11 22:30:00,Vinh Tuy Bridge,Inbound,22,0,0,Partially cloudy,26.8,0.0,86.88,10000.0,2,0
2025-06-11 22:30:00,Vinh Tuy Bridge,Outbound,22,0,0,Partially cloudy,26.8,0.0,86.88,10000.0,2,0
2025-06-10 03:00:00,Vinh Tuy Bridge,Inbound,3,0,0,"Rain, Overcast",27.0,1.0,83.68,10000.0,1,0
2025-06-10 03:00:00,Vinh Tuy Bridge,Outbound,3,0,0,"Rain, Overcast",27.0,1.0,83.68,10000.0,1,0
2025-06-10 07:10:00,Vinh Tuy Bridge,Inbound,7,68,0,Overcast,26.4,0.0,92.6,8700.0,1,0
2025-06-10 07:10:00,Vinh Tuy Bridge,Outbound,7,155,1,Overcast,26.4,0.0,92.6,8700.0,1,0
2025-06-10 07:30:00,Vinh Tuy Bridge,Inbound,7,94,1,Overcast,26.4,0.0,92.6,8700.0,1,0
2025-06-10 07:30:00,Vinh Tuy Bridge,Outbound,7,204,1,Overcast,26.4,0.0,92.6,8700.0,1,0
2025-06-10 10:00:00,Vinh Tuy Bridge,Inbound,10,61,0,Overcast,27.6,0.0,84.5,8400.0,1,0
2025-06-10 10:00:00,Vinh Tuy Bridge,Outbound,10,53,0,Overcast,27.6,0.0,84.5,8400.0,1,0
2025-06-10 12:00:00,Vinh Tuy Bridge,Inbound,12,57,0,"Rain, Overcast",28.0,0.5,88.92,10000.0,1,0
2025-06-10 12:00:00,Vinh Tuy Bridge,Outbound,12,45,0,"Rain, Overcast",28.0,0.5,88.92,10000.0,1,0
2025-06-10 15:00:00,Vinh Tuy Bridge,Inbound,15,67,0,"Rain, Partially cloudy",28.0,2.5,83.79,10000.0,1,0
2025-06-10 15:00:00,Vinh Tuy Bridge,Outbound,15,56,0,"Rain, Partially cloudy",28.0,2.5,83.79,10000.0,1,0
2025-06-10 16:00:00,Vinh Tuy Bridge,Inbound,16,96,1,Partially cloudy,28.7,0.0,76.95,17400.0,1,0
2025-06-10 16:00:00,Vinh Tuy Bridge,Outbound,16,79,0,Partially cloudy,28.7,0.0,76.95,17400.0,1,0
2025-06-10 17:10:00,Vinh Tuy Bridge,Inbound,17,155,1,"Rain, Partially cloudy",29.0,0.3,79.06,10000.0,1,0
2025-06-10 17:10:00,Vinh Tuy Bridge,Outbound,17,130,0,"Rain, Partially cloudy",29.0,0.3,79.06,10000.0,1,0
2025-06-10 20:00:00,Vinh Tuy Bridge,Inbound,20,35,0,Clear,28.0,0.0,78.92,10000.0,1,0
2025-06-10 20:00:00,Vinh Tuy Bridge,Outbound,20,47,0,Clear,28.0,0.0,78.92,10000.0,1,0
2025-06-10 22:30:00,Vinh Tuy Bridge,Inbound,22,0,0,Partially cloudy,27.5,0.0,75.57,10000.0,1,0
2025-06-10 22:30:00,Vinh Tuy Bridge,Outbound,22,0,0,Partially cloudy,27.5,0.0,75.57,10000.0,1,0
2025-06-09 03:00:00,Vinh Tuy Bridge,Inbound,3,0,0,Clear,26.0,0.0,88.76,10000.0,0,0
2025-06-09 03:00:00,Vinh Tuy Bridge,Outbound,3,0,0,Clear,26.0,0.0,88.76,10000.0,0,0
2025-06-09 07:10:00,Vinh Tuy Bridge,Inbound,7,139,1,Partially cloudy,26.1,0.0,94.24,10000.0,0,0
2025-06-09 07:10:00,Vinh Tuy Bridge,Outbound,7,275,1,Partially cloudy,26.1,0.0,94.24,10000.0,0,0
2025-06-09 07:30:00,Vinh Tuy Bridge,Inbound,7,178,1,Partially cloudy,26.1,0.0,94.24,10000.0,0,0
2025-06-09 07:30:00,Vinh Tuy Bridge,Outbound,7,373,1,Partially cloudy,26.1,0.0,94.24,10000.0,0,0
2025-06-09 10:00:00,Vinh Tuy Bridge,Inbound,10,45,0,Partially cloudy,29.5,0.0,75.13,10000.0,0,0
2025-06-09 10:00:00,Vinh Tuy Bridge,Outbound,10,72,0,Partially cloudy,29.5,0.0,75.13,10000.0,0,0
2025-06-09 12:00:00,Vinh Tuy Bridge,Inbound,12,33,0,Clear,31.0,0.0,70.48,10000.0,0,0
2025-06-09 12:00:00,Vinh Tuy Bridge,Outbound,12,56,0,Clear,31.0,0.0,70.48,10000.0,0,0
2025-06-09 15:00:00,Vinh Tuy Bridge,Inbound,15,46,0,Partially cloudy,33.0,0.0,66.78,10000.0,0,0
2025-06-09 15:00:00,Vinh Tuy Bridge,Outbound,15,75,0,Partially cloudy,33.0,0.0,66.78,10000.0,0,0
2025-06-09 16:00:00,Vinh Tuy Bridge,Inbound,16,76,0,Partially cloudy,32.7,0.0,62.87,10000.0,0,0
2025-06-09 16:00:00,Vinh Tuy Bridge,Outbound,16,108,0,Partially cloudy,32.7,0.0,62.87,10000.0,0,0
2025-06-09 17:10:00,Vinh Tuy Bridge,Inbound,17,132,1,Partially cloudy,33.0,0.0,62.93,10000.0,0,0
2025-06-09 17:10:00,Vinh Tuy Bridge,Outbound,17,165,1,Partially cloudy,33.0,0.0,62.93,10000.0,0,0
2025-06-09 20:00:00,Vinh Tuy Bridge,Inbound,20,23,0,Partially cloudy,31.0,0.0,70.48,10000.0,0,0
2025-06-09 20:00:00,Vinh Tuy Bridge,Outbound,20,59,0,Partially cloudy,31.0,0.0,70.48,10000.0,0,0
2025-06-09 22:30:00,Vinh Tuy Bridge,Inbound,22,0,0,Partially cloudy,29.4,0.0,79.46,10000.0,0,0
2025-06-09 22:30:00,Vinh Tuy Bridge,Outbound,22,0,0,Partially cloudy,29.4,0.0,79.46,10000.0,0,0
2025-06-08 03:00:00,Vinh Tuy Bridge,Inbound,3,0,0,Overcast,28.0,0.0,94.32,5000.0,6,0
2025-06-08 03:00:00,Vinh Tuy Bridge,Outbound,3,0,0,Overcast,28.0,0.0,94.32,5000.0,6,0
2025-06-08 07:10:00,Vinh Tuy Bridge,Inbound,7,17,0,Partially cloudy,29.0,0.0,91.34,10000.0,6,0
2025-06-08 07:10:00,Vinh Tuy Bridge,Outbound,7,20,0,Partially cloudy,29.0,0.0,91.34,10000.0,6,0
2025-06-08 07:30:00,Vinh Tuy Bridge,Inbound,7,24,0,Partially cloudy,29.0,0.0,91.34,10000.0,6,0
2025-06-08 07:30:00,Vinh Tuy Bridge,Outbound,7,27,0,Partially cloudy,29.0,0.0,91.34,10000.0,6,0
2025-06-08 10:00:00,Vinh Tuy Bridge,Inbound,10,34,0,Partially cloudy,32.5,0.0,78.51,10000.0,6,0
2025-06-08 10:00:00,Vinh Tuy Bridge,Outbound,10,44,0,Partially cloudy,32.5,0.0,78.51,10000.0,6,0
2025-06-08 12:00:00,Vinh Tuy Bridge,Inbound,12,43,0,Partially cloudy,34.0,0.0,71.02,10000.0,6,0
2025-06-08 12:00:00,Vinh Tuy Bridge,Outbound,12,58,0,Partially cloudy,34.0,0.0,71.02,10000.0,6,0
2025-06-08 15:00:00,Vinh Tuy Bridge,Inbound,15,66,0,Partially cloudy,27.0,0.0,88.84,10000.0,6,0
2025-06-08 15:00:00,Vinh Tuy Bridge,Outbound,15,87,0,Partially cloudy,27.0,0.0,88.84,10000.0,6,0
2025-06-08 16:00:00,Vinh Tuy Bridge,Inbound,16,92,1,Partially cloudy,29.0,0.0,81.37,10000.0,6,0
2025-06-08 16:00:00,Vinh Tuy Bridge,Outbound,16,115,0,Partially cloudy,29.0,0.0,81.37,10000.0,6,0
2025-06-08 17:10:00,Vinh Tuy Bridge,Inbound,17,96,1,Clear,26.0,0.0,94.23,10000.0,6,0
2025-06-08 17:10:00,Vinh Tuy Bridge,Outbound,17,149,1,Clear,26.0,0.0,94.23,10000.0,6,0
2025-06-08 20:00:00,Vinh Tuy Bridge,Inbound,20,24,0,Partially cloudy,26.0,0.0,94.23,10000.0,6,0
2025-06-08 20:00:00,Vinh Tuy Bridge,Outbound,20,62,0,Partially cloudy,26.0,0.0,94.23,10000.0,6,0
2025-06-08 22:30:00,Vinh Tuy Bridge,Inbound,22,0,0,Partially cloudy,27.2,0.0,88.27,10000.0,6,0
2025-06-08 22:30:00,Vinh Tuy Bridge,Outbound,22,0,0,Partially cloudy,27.2,0.0,88.27,10000.0,6,0
2025-06-07 03:00:00,Vinh Tuy Bridge,Inbound,3,0,0,Overcast,28.0,0.0,94.32,10000.0,5,0
2025-06-07 03:00:00,Vinh Tuy Bridge,Outbound,3,0,0,Overcast,28.0,0.0,94.32,10000.0,5,0
2025-06-07 07:10:00,Vinh Tuy Bridge,Inbound,7,48,0,Partially cloudy,29.4,0.0,89.41,10000.0,5,0
2025-06-07 07:10:00,Vinh Tuy Bridge,Outbound,7,51,0,Partially cloudy,29.4,0.0,89.41,10000.0,5,0
2025-06-07 07:30:00,Vinh Tuy Bridge,Inbound,7,75,0,Partially cloudy,29.4,0.0,89.41,10000.0,5,0
2025-06-07 07:30:00,Vinh Tuy Bridge,Outbound,7,73,0,Partially cloudy,29.4,0.0,89.41,10000.0,5,0
2025-06-07 10:00:00,Vinh Tuy Bridge,Inbound,10,134,1,Partially cloudy,31.9,0.0,77.41,10000.0,5,0
2025-06-07 10:00:00,Vinh Tuy Bridge,Outbound,10,120,0,Partially cloudy,31.9,0.0,77.41,10000.0,5,0
2025-06-07 12:00:00,Vinh Tuy Bridge,Inbound,12,148,1,Partially cloudy,33.0,0.0,75.11,10000.0,5,0
2025-06-07 12:00:00,Vinh Tuy Bridge,Outbound,12,127,0,Partially cloudy,33.0,0.0,75.11,10000.0,5,0
2025-06-07 15:00:00,Vinh Tuy Bridge,Inbound,15,174,1,Overcast,33.0,0.0,75.11,10000.0,5,0
2025-06-07 15:00:00,Vinh Tuy Bridge,Outbound,15,145,0,Overcast,33.0,0.0,75.11,10000.0,5,0
2025-06-07 16:00:00,Vinh Tuy Bridge,Inbound,16,219,1,Overcast,32.9,0.0,72.54,9500.0,5,0
2025-06-07 16:00:00,Vinh Tuy Bridge,Outbound,16,193,1,Overcast,32.9,0.0,72.54,9500.0,5,0
2025-06-07 17:10:00,Vinh Tuy Bridge,Inbound,17,250,1,Overcast,29.0,0.0,88.99,10000.0,5,0
2025-06-07 17:10:00,Vinh Tuy Bridge,Outbound,17,232,1,Overcast,29.0,0.0,88.99,10000.0,5,0
2025-06-07 20:00:00,Vinh Tuy Bridge,Inbound,20,55,0,Clear,28.0,0.0,83.79,10000.0,5,0
2025-06-07 20:00:00,Vinh Tuy Bridge,Outbound,20,68,0,Clear,28.0,0.0,83.79,10000.0,5,0
2025-06-07 22:30:00,Vinh Tuy Bridge,Inbound,22,0,0,Partially cloudy,27.7,0.0,86.56,10000.0,5,0
2025-06-07 22:30:00,Vinh Tuy Bridge,Outbound,22,0,0,Partially cloudy,27.7,0.0,86.56,10000.0,5,0
2025-06-06 03:00:00,Vinh Tuy Bridge,Inbound,3,0,0,Partially cloudy,28.0,0.0,88.92,10000.0,4,0
2025-06-06 03:00:00,Vinh Tuy Bridge,Outbound,3,0,0,Partially cloudy,28.0,0.0,88.92,10000.0,4,0
2025-06-06 07:10:00,Vinh Tuy Bridge,Inbound,7,46,0,Partially cloudy,28.5,0.0,92.31,9700.0,4,0
2025-06-06 07:10:00,Vinh Tuy Bridge,Outbound,7,67,0,Partially cloudy,28.5,0.0,92.31,9700.0,4,0
2025-06-06 07:30:00,Vinh Tuy Bridge,Inbound,7,68,0,Partially cloudy,28.5,0.0,92.31,9700.0,4,0
2025-06-06 07:30:00,Vinh Tuy Bridge,Outbound,7,94,0,Partially cloudy,28.5,0.0,92.31,9700.0,4,0
2025-06-06 10:00:00,Vinh Tuy Bridge,Inbound,10,49,0,Partially cloudy,30.9,0.0,78.8,10000.0,4,0
2025-06-06 10:00:00,Vinh Tuy Bridge,Outbound,10,55,0,Partially cloudy,30.9,0.0,78.8,10000.0,4,0
2025-06-06 12:00:00,Vinh Tuy Bridge,Inbound,12,55,0,"Rain, Partially cloudy",32.0,0.5,74.95,10000.0,4,0
2025-06-06 12:00:00,Vinh Tuy Bridge,Outbound,12,51,0,"Rain, Partially cloudy",32.0,0.5,74.95,10000.0,4,0
2025-06-06 15:00:00,Vinh Tuy Bridge,Inbound,15,80,0,Clear,34.0,0.1,71.02,10000.0,4,0
2025-06-06 15:00:00,Vinh Tuy Bridge,Outbound,15,73,0,Clear,34.0,0.1,71.02,10000.0,4,0
2025-06-06 16:00:00,Vinh Tuy Bridge,Inbound,16,140,1,Partially cloudy,34.6,0.0,62.05,10000.0,4,0
2025-06-06 16:00:00,Vinh Tuy Bridge,Outbound,16,137,0,Partially cloudy,34.6,0.0,62.05,10000.0,4,0
2025-06-06 17:10:00,Vinh Tuy Bridge,Inbound,17,255,1,"Rain, Partially cloudy",33.0,0.3,70.84,10000.0,4,0
2025-06-06 17:10:00,Vinh Tuy Bridge,Outbound,17,273,1,"Rain, Partially cloudy",33.0,0.3,70.84,10000.0,4,0
2025-06-06 20:00:00,Vinh Tuy Bridge,Inbound,20,77,0,Clear,30.0,0.0,84.01,10000.0,4,0
2025-06-06 20:00:00,Vinh Tuy Bridge,Outbound,20,67,0,Clear,30.0,0.0,84.01,10000.0,4,0
2025-06-06 22:30:00,Vinh Tuy Bridge,Inbound,22,0,0,Partially cloudy,29.5,0.0,85.25,10000.0,4,0
2025-06-06 22:30:00,Vinh Tuy Bridge,Outbound,22,0,0,Partially cloudy,29.5,0.0,85.25,10000.0,4,0
2025-06-05 03:00:00,Vinh Tuy Bridge,Inbound,3,0,0,"Rain, Partially cloudy",26.0,0.3,94.23,10000.0,3,0
2025-06-05 03:00:00,Vinh Tuy Bridge,Outbound,3,0,0,"Rain, Partially cloudy",26.0,0.3,94.23,10000.0,3,0
2025-06-05 07:10:00,Vinh Tuy Bridge,Inbound,7,63,0,Overcast,27.1,0.0,89.63,9500.0,3,0
2025-06-05 07:10:00,Vinh Tuy Bridge,Outbound,7,140,0,Overcast,27.1,0.0,89.63,9500.0,3,0
2025-06-05 07:30:00,Vinh Tuy Bridge,Inbound,7,97,1,Overcast,27.1,0.0,89.63,9500.0,3,0
2025-06-05 07:30:00,Vinh Tuy Bridge,Outbound,7,180,1,Overcast,27.1,0.0,89.63,9500.0,3,0
2025-06-05 10:00:00,Vinh Tuy Bridge,Inbound,10,46,0,Partially cloudy,31.5,0.0,76.01,10000.0,3,0
2025-06-05 10:00:00,Vinh Tuy Bridge,Outbound,10,55,0,Partially cloudy,31.5,0.0,76.01,10000.0,3,0
2025-06-05 12:00:00,Vinh Tuy Bridge,Inbound,12,36,0,Overcast,32.0,0.0,70.66,9000.0,3,0
2025-06-05 12:00:00,Vinh Tuy Bridge,Outbound,12,48,0,Overcast,32.0,0.0,70.66,9000.0,3,0
2025-06-05 15:00:00,Vinh Tuy Bridge,Inbound,15,46,0,"Rain, Partially cloudy",33.0,1.7,70.84,10000.0,3,0
2025-06-05 15:00:00,Vinh Tuy Bridge,Outbound,15,61,0,"Rain, Partially cloudy",33.0,1.7,70.84,10000.0,3,0
2025-06-05 16:00:00,Vinh Tuy Bridge,Inbound,16,74,0,Partially cloudy,34.2,0.0,66.0,10000.0,3,0
2025-06-05 16:00:00,Vinh Tuy Bridge,Outbound,16,88,0,Partially cloudy,34.2,0.0,66.0,10000.0,3,0
2025-06-05 17:10:00,Vinh Tuy Bridge,Inbound,17,131,1,Rain,33.0,1.0,66.78,10000.0,3,0
2025-06-05 17:10:00,Vinh Tuy Bridge,Outbound,17,154,1,Rain,33.0,1.0,66.78,10000.0,3,0
2025-06-05 20:00:00,Vinh Tuy Bridge,Inbound,20,26,0,Clear,30.0,0.0,79.2,10000.0,3,0
2025-06-05 20:00:00,Vinh Tuy Bridge,Outbound,20,52,0,Clear,30.0,0.0,79.2,10000.0,3,0
2025-06-05 22:30:00,Vinh Tuy Bridge,Inbound,22,0,0,Partially cloudy,29.0,0.0,87.46,10000.0,3,0
2025-06-05 22:30:00,Vinh Tuy Bridge,Outbound,22,0,0,Partially cloudy,29.0,0.0,87.46,10000.0,3,0
2025-06-04 03:00:00,Vinh Tuy Bridge,Inbound,3,0,0,Overcast,27.0,0.0,94.28,5000.0,2,0
2025-06-04 03:00:00,Vinh Tuy Bridge,Outbound,3,0,0,Overcast,27.0,0.0,94.28,5000.0,2,0
2025-06-04 07:10:00,Vinh Tuy Bridge,Inbound,7,66,0,Overcast,26.4,0.0,91.39,10000.0,2,0
2025-06-04 07:10:00,Vinh Tuy Bridge,Outbound,7,157,1,Overcast,26.4,0.0,91.39,10000.0,2,0
2025-06-04 07:30:00,Vinh Tuy Bridge,Inbound,7,96,1,Overcast,26.4,0.0,91.39,10000.0,2,0
2025-06-04 07:30:00,Vinh Tuy Bridge,Outbound,7,200,1,Overcast,26.4,0.0,91.39,10000.0,2,0
2025-06-04 10:00:00,Vinh Tuy Bridge,Inbound,10,52,0,Overcast,29.0,0.0,77.86,10000.0,2,0
2025-06-04 10:00:00,Vinh Tuy Bridge,Outbound,10,57,0,Overcast,29.0,0.0,77.86,10000.0,2,0
2025-06-04 12:00:00,Vinh Tuy Bridge,Inbound,12,45,0,Partially cloudy,29.0,0.0,79.06,10000.0,2,0
2025-06-04 12:00:00,Vinh Tuy Bridge,Outbound,12,51,0,Partially cloudy,29.0,0.0,79.06,10000.0,2,0
2025-06-04 15:00:00,Vinh Tuy Bridge,Inbound,15,54,0,Clear,32.0,0.0,62.72,10000.0,2,0
2025-06-04 15:00:00,Vinh Tuy Bridge,Outbound,15,68,0,Clear,32.0,0.0,62.72,10000.0,2,0
2025-06-04 16:00:00,Vinh Tuy Bridge,Inbound,16,82,0,Partially cloudy,31.8,0.0,67.88,10000.0,2,0
2025-06-04 16:00:00,Vinh Tuy Bridge,Outbound,16,104,0,Partially cloudy,31.8,0.0,67.88,10000.0,2,0
2025-06-04 17:10:00,Vinh Tuy Bridge,Inbound,17,138,1,Clear,31.0,0.0,70.48,10000.0,2,0
2025-06-04 17:10:00,Vinh Tuy Bridge,Outbound,17,156,1,Clear,31.0,0.0,70.48,10000.0,2,0
2025-06-04 20:00:00,Vinh Tuy Bridge,Inbound,20,30,0,Clear,29.0,0.0,79.06,10000.0,2,0
2025-06-04 20:00:00,Vinh Tuy Bridge,Outbound,20,41,0,Clear,29.0,0.0,79.06,10000.0,2,0
2025-06-04 22:30:00,Vinh Tuy Bridge,Inbound,22,0,0,Partially cloudy,29.1,0.0,78.21,10000.0,2,0
2025-06-04 22:30:00,Vinh Tuy Bridge,Outbound,22,0,0,Partially cloudy,29.1,0.0,78.21,10000.0,2,0
2025-06-03 03:00:00,Vinh Tuy Bridge,Inbound,3,0,0,Clear,29.0,0.0,83.9,10000.0,1,0
2025-06-03 03:00:00,Vinh Tuy Bridge,Outbound,3,0,0,Clear,29.0,0.0,83.9,10000.0,1,0
2025-06-03 07:10:00,Vinh Tuy Bridge,Inbound,7,68,0,Overcast,29.2,0.0,78.05,10000.0,1,0
2025-06-03 07:10:00,Vinh Tuy Bridge,Outbound,7,155,1,Overcast,29.2,0.0,78.05,10000.0,1,0
2025-06-03 07:30:00,Vinh Tuy Bridge,Inbound,7,94,1,Overcast,29.2,0.0,78.05,10000.0,1,0
2025-06-03 07:30:00,Vinh Tuy Bridge,Outbound,7,204,1,Overcast,29.2,0.0,78.05,10000.0,1,0
2025-06-03 10:00:00,Vinh Tuy Bridge,Inbound,10,61,0,Partially cloudy,31.5,0.0,67.97,10000.0,1,0
2025-06-03 10:00:00,Vinh Tuy Bridge,Outbound,10,53,0,Partially cloudy,31.5,0.0,67.97,10000.0,1,0
2025-06-03 12:00:00,Vinh Tuy Bridge,Inbound,12,57,0,Clear,32.0,0.0,62.72,10000.0,1,0
2025-06-03 12:00:00,Vinh Tuy Bridge,Outbound,12,45,0,Clear,32.0,0.0,62.72,10000.0,1,0
2025-06-03 15:00:00,Vinh Tuy Bridge,Inbound,15,67,0,Partially cloudy,33.0,0.0,62.93,10000.0,1,0
2025-06-03 15:00:00,Vinh Tuy Bridge,Outbound,15,56,0,Partially cloudy,33.0,0.0,62.93,10000.0,1,0
2025-06-03 16:00:00,Vinh Tuy Bridge,Inbound,16,96,1,Overcast,33.2,0.0,66.23,10000.0,1,0
2025-06-03 16:00:00,Vinh Tuy Bridge,Outbound,16,79,0,Overcast,33.2,0.0,66.23,10000.0,1,0
2025-06-03 17:10:00,Vinh Tuy Bridge,Inbound,17,155,1,Clear,32.0,0.0,62.72,10000.0,1,0
2025-06-03 17:10:00,Vinh Tuy Bridge,Outbound,17,130,0,Clear,32.0,0.0,62.72,10000.0,1,0
2025-06-03 20:00:00,Vinh Tuy Bridge,Inbound,20,35,0,Partially cloudy,30.0,0.0,79.2,10000.0,1,0
2025-06-03 20:00:00,Vinh Tuy Bridge,Outbound,20,47,0,Partially cloudy,30.0,0.0,79.2,10000.0,1,0
2025-06-03 22:30:00,Vinh Tuy Bridge,Inbound,22,0,0,Partially cloudy,27.9,0.0,86.2,10000.0,1,0
2025-06-03 22:30:00,Vinh Tuy Bridge,Outbound,22,0,0,Partially cloudy,27.9,0.0,86.2,10000.0,1,0
2025-06-02 03:00:00,Vinh Tuy Bridge,Inbound,3,0,0,Clear,32.0,0.0,62.72,10000.0,0,0
2025-06-02 03:00:00,Vinh Tuy Bridge,Outbound,3,0,0,Clear,32.0,0.0,62.72,10000.0,0,0
2025-06-02 07:10:00,Vinh Tuy Bridge,Inbound,7,139,1,Partially cloudy,31.7,0.0,67.72,17400.0,0,0
2025-06-02 07:10:00,Vinh Tuy Bridge,Outbound,7,275,1,Partially cloudy,31.7,0.0,67.72,17400.0,0,0
2025-06-02 07:30:00,Vinh Tuy Bridge,Inbound,7,178,1,Partially cloudy,31.7,0.0,67.72,17400.0,0,0
2025-06-02 07:30:00,Vinh Tuy Bridge,Outbound,7,373,1,Partially cloudy,31.7,0.0,67.72,17400.0,0,0
2025-06-02 10:00:00,Vinh Tuy Bridge,Inbound,10,45,0,Partially cloudy,36.1,0.0,53.41,17400.0,0,0
2025-06-02 10:00:00,Vinh Tuy Bridge,Outbound,10,72,0,Partially cloudy,36.1,0.0,53.41,17400.0,0,0
2025-06-02 12:00:00,Vinh Tuy Bridge,Inbound,12,33,0,Clear,37.0,0.0,50.42,10000.0,0,0
2025-06-02 12:00:00,Vinh Tuy Bridge,Outbound,12,56,0,Clear,37.0,0.0,50.42,10000.0,0,0
2025-06-02 15:00:00,Vinh Tuy Bridge,Inbound,15,46,0,Clear,38.0,0.0,50.67,10000.0,0,0
2025-06-02 15:00:00,Vinh Tuy Bridge,Outbound,15,75,0,Clear,38.0,0.0,50.67,10000.0,0,0
2025-06-02 16:00:00,Vinh Tuy Bridge,Inbound,16,76,0,Partially cloudy,38.7,0.0,44.57,10000.0,0,0
2025-06-02 16:00:00,Vinh Tuy Bridge,Outbound,16,108,0,Partially cloudy,38.7,0.0,44.57,10000.0,0,0
2025-06-02 17:10:00,Vinh Tuy Bridge,Inbound,17,132,1,Clear,39.0,0.0,45.24,10000.0,0,0
2025-06-02 17:10:00,Vinh Tuy Bridge,Outbound,17,165,1,Clear,39.0,0.0,45.24,10000.0,0,0
2025-06-02 20:00:00,Vinh Tuy Bridge,Inbound,20,23,0,Clear,37.0,0.0,47.49,10000.0,0,0
2025-06-02 20:00:00,Vinh Tuy Bridge,Outbound,20,59,0,Clear,37.0,0.0,47.49,10000.0,0,0
2025-06-02 22:30:00,Vinh Tuy Bridge,Inbound,22,0,0,Partially cloudy,32.9,0.0,69.28,10000.0,0,0
2025-06-02 22:30:00,Vinh Tuy Bridge,Outbound,22,0,0,Partially cloudy,32.9,0.0,69.28,10000.0,0,0
2025-06-01 03:00:00,Vinh Tuy Bridge,Inbound,3,0,0,Clear,27.0,0.0,94.28,5000.0,6,0
2025-06-01 03:00:00,Vinh Tuy Bridge,Outbound,3,0,0,Clear,27.0,0.0,94.28,5000.0,6,0
2025-06-01 07:10:00,Vinh Tuy Bridge,Inbound,7,17,0,Partially cloudy,29.5,0.0,88.46,16600.0,6,0
2025-06-01 07:10:00,Vinh Tuy Bridge,Outbound,7,20,0,Partially cloudy,29.5,0.0,88.46,16600.0,6,0
2025-06-01 07:30:00,Vinh Tuy Bridge,Inbound,7,24,0,Partially cloudy,29.5,0.0,88.46,16600.0,6,0
2025-06-01 07:30:00,Vinh Tuy Bridge,Outbound,7,27,0,Partially cloudy,29.5,0.0,88.46,16600.0,6,0
2025-06-01 10:00:00,Vinh Tuy Bridge,Inbound,10,34,0,Partially cloudy,35.2,0.0,53.89,17400.0,6,0
2025-06-01 10:00:00,Vinh Tuy Bridge,Outbound,10,44,0,Partially cloudy,35.2,0.0,53.89,17400.0,6,0
2025-06-01 12:00:00,Vinh Tuy Bridge,Inbound,12,43,0,Clear,36.0,0.0,56.52,10000.0,6,0
2025-06-01 12:00:00,Vinh Tuy Bridge,Outbound,12,58,0,Clear,36.0,0.0,56.52,10000.0,6,0
2025-06-01 15:00:00,Vinh Tuy Bridge,Inbound,15,66,0,Clear,39.0,0.0,42.61,10000.0,6,0
2025-06-01 15:00:00,Vinh Tuy Bridge,Outbound,15,87,0,Clear,39.0,0.0,42.61,10000.0,6,0
2025-06-01 16:00:00,Vinh Tuy Bridge,Inbound,16,92,1,Partially cloudy,39.5,0.0,40.24,17400.0,6,0
2025-06-01 16:00:00,Vinh Tuy Bridge,Outbound,16,115,0,Partially cloudy,39.5,0.0,40.24,17400.0,6,0
2025-06-01 17:10:00,Vinh Tuy Bridge,Inbound,17,96,1,Clear,38.0,0.0,44.98,10000.0,6,0
2025-06-01 17:10:00,Vinh Tuy Bridge,Outbound,17,149,1,Clear,38.0,0.0,44.98,10000.0,6,0
2025-06-01 20:00:00,Vinh Tuy Bridge,Inbound,20,24,0,Clear,35.0,0.0,53.02,10000.0,6,0
2025-06-01 20:00:00,Vinh Tuy Bridge,Outbound,20,62,0,Clear,35.0,0.0,53.02,10000.0,6,0
2025-06-01 22:30:00,Vinh Tuy Bridge,Inbound,22,0,0,Clear,32.9,0.0,62.35,17400.0,6,0
2025-06-01 22:30:00,Vinh Tuy Bridge,Outbound,22,0,0,Clear,32.9,0.0,62.35,17400.0,6,0
2025-05-31 03:00:00,Vinh Tuy Bridge,Inbound,3,0,0,Overcast,26.0,0.0,94.23,4000.0,5,0
2025-05-31 03:00:00,Vinh Tuy Bridge,Outbound,3,0,0,Overcast,26.0,0.0,94.23,4000.0,5,0
2025-05-31 07:10:00,Vinh Tuy Bridge,Inbound,7,48,0,Overcast,27.1,0.0,91.62,8400.0,5,0
2025-05-31 07:10:00,Vinh Tuy Bridge,Outbound,7,51,0,Overcast,27.1,0.0,91.62,8400.0,5,0
2025-05-31 07:30:00,Vinh Tuy Bridge,Inbound,7,75,0,Overcast,27.1,0.0,91.62,8400.0,5,0
2025-05-31 07:30:00,Vinh Tuy Bridge,Outbound,7,73,0,Overcast,27.1,0.0,91.62,8400.0,5,0
2025-05-31 10:00:00,Vinh Tuy Bridge,Inbound,10,134,1,Partially cloudy,30.5,0.0,78.92,17400.0,5,0
2025-05-31 10:00:00,Vinh Tuy Bridge,Outbound,10,120,0,Partially cloudy,30.5,0.0,78.92,17400.0,5,0
2025-05-31 12:00:00,Vinh Tuy Bridge,Inbound,12,148,1,Partially cloudy,33.0,0.0,66.78,10000.0,5,0
2025-05-31 12:00:00,Vinh Tuy Bridge,Outbound,12,127,0,Partially cloudy,33.0,0.0,66.78,10000.0,5,0
2025-05-31 15:00:00,Vinh Tuy Bridge,Inbound,15,174,1,Partially cloudy,34.0,0.0,66.98,10000.0,5,0
2025-05-31 15:00:00,Vinh Tuy Bridge,Outbound,15,145,0,Partially cloudy,34.0,0.0,66.98,10000.0,5,0
2025-05-31 16:00:00,Vinh Tuy Bridge,Inbound,16,219,1,Partially cloudy,34.1,0.0,67.0,17400.0,5,0
2025-05-31 16:00:00,Vinh Tuy Bridge,Outbound,16,193,1,Partially cloudy,34.1,0.0,67.0,17400.0,5,0
2025-05-31 17:10:00,Vinh Tuy Bridge,Inbound,17,250,1,Overcast,33.0,0.0,70.84,10000.0,5,0
2025-05-31 17:10:00,Vinh Tuy Bridge,Outbound,17,232,1,Overcast,33.0,0.0,70.84,10000.0,5,0
2025-05-31 20:00:00,Vinh Tuy Bridge,Inbound,20,55,0,Partially cloudy,30.0,0.0,84.01,10000.0,5,0
2025-05-31 20:00:00,Vinh Tuy Bridge,Outbound,20,68,0,Partially cloudy,30.0,0.0,84.01,10000.0,5,0
2025-05-31 22:30:00,Vinh Tuy Bridge,Inbound,22,0,0,Partially cloudy,29.0,0.0,88.23,17400.0,5,0
2025-05-31 22:30:00,Vinh Tuy Bridge,Outbound,22,0,0,Partially cloudy,29.0,0.0,88.23,17400.0,5,0
2025-05-30 03:00:00,Vinh Tuy Bridge,Inbound,3,0,0,Overcast,23.0,0.0,100.0,10000.0,4,0
2025-05-30 03:00:00,Vinh Tuy Bridge,Outbound,3,0,0,Overcast,23.0,0.0,100.0,10000.0,4,0
2025-05-30 07:10:00,Vinh Tuy Bridge,Inbound,7,46,0,Overcast,24.1,0.0,93.73,10000.0,4,0
2025-05-30 07:10:00,Vinh Tuy Bridge,Outbound,7,67,0,Overcast,24.1,0.0,93.73,10000.0,4,0
2025-05-30 07:30:00,Vinh Tuy Bridge,Inbound,7,68,0,Overcast,24.1,0.0,93.73,10000.0,4,0
2025-05-30 07:30:00,Vinh Tuy Bridge,Outbound,7,94,0,Overcast,24.1,0.0,93.73,10000.0,4,0
2025-05-30 10:00:00,Vinh Tuy Bridge,Inbound,10,49,0,Partially cloudy,27.2,0.0,79.7,10000.0,4,0
2025-05-30 10:00:00,Vinh Tuy Bridge,Outbound,10,55,0,Partially cloudy,27.2,0.0,79.7,10000.0,4,0
2025-05-30 12:00:00,Vinh Tuy Bridge,Inbound,12,55,0,Overcast,29.0,0.0,74.47,10000.0,4,0
2025-05-30 12:00:00,Vinh Tuy Bridge,Outbound,12,51,0,Overcast,29.0,0.0,74.47,10000.0,4,0
2025-05-30 15:00:00,Vinh Tuy Bridge,Inbound,15,80,0,Overcast,29.0,0.0,79.06,10000.0,4,0
2025-05-30 15:00:00,Vinh Tuy Bridge,Outbound,15,73,0,Overcast,29.0,0.0,79.06,10000.0,4,0
2025-05-30 16:00:00,Vinh Tuy Bridge,Inbound,16,140,1,Partially cloudy,30.8,0.0,73.45,10000.0,4,0
2025-05-30 16:00:00,Vinh Tuy Bridge,Outbound,16,137,0,Partially cloudy,30.8,0.0,73.45,10000.0,4,0
2025-05-30 17:10:00,Vinh Tuy Bridge,Inbound,17,255,1,Partially cloudy,30.0,0.0,74.63,10000.0,4,0
2025-05-30 17:10:00,Vinh Tuy Bridge,Outbound,17,273,1,Partially cloudy,30.0,0.0,74.63,10000.0,4,0
2025-05-30 20:00:00,Vinh Tuy Bridge,Inbound,20,77,0,Overcast,28.0,0.0,83.79,10000.0,4,0
2025-05-30 20:00:00,Vinh Tuy Bridge,Outbound,20,67,0,Overcast,28.0,0.0,83.79,10000.0,4,0
2025-05-30 22:30:00,Vinh Tuy Bridge,Inbound,22,0,0,Partially cloudy,27.1,0.0,89.63,10000.0,4,0
2025-05-30 22:30:00,Vinh Tuy Bridge,Outbound,22,0,0,Partially cloudy,27.1,0.0,89.63,10000.0,4,0
2025-05-29 03:00:00,Vinh Tuy Bridge,Inbound,3,0,0,Overcast,26.0,0.0,94.23,8000.0,3,0
2025-05-29 03:00:00,Vinh Tuy Bridge,Outbound,3,0,0,Overcast,26.0,0.0,94.23,8000.0,3,0
2025-05-29 07:10:00,Vinh Tuy Bridge,Inbound,7,63,0,Overcast,26.4,0.0,95.72,8200.0,3,0
2025-05-29 07:10:00,Vinh Tuy Bridge,Outbound,7,140,0,Overcast,26.4,0.0,95.72,8200.0,3,0
2025-05-29 07:30:00,Vinh Tuy Bridge,Inbound,7,97,1,Overcast,26.4,0.0,95.72,8200.0,3,0
2025-05-29 07:30:00,Vinh Tuy Bridge,Outbound,7,180,1,Overcast,26.4,0.0,95.72,8200.0,3,0
2025-05-29 10:00:00,Vinh Tuy Bridge,Inbound,10,46,0,Overcast,28.5,0.0,87.8,9000.0,3,0
2025-05-29 10:00:00,Vinh Tuy Bridge,Outbound,10,55,0,Overcast,28.5,0.0,87.8,9000.0,3,0
2025-05-29 12:00:00,Vinh Tuy Bridge,Inbound,12,36,0,Overcast,28.0,0.0,88.92,10000.0,3,0
2025-05-29 12:00:00,Vinh Tuy Bridge,Outbound,12,48,0,Overcast,28.0,0.0,88.92,10000.0,3,0
2025-05-29 15:00:00,Vinh Tuy Bridge,Inbound,15,46,0,Partially cloudy,27.0,0.0,83.68,10000.0,3,0
2025-05-29 15:00:00,Vinh Tuy Bridge,Outbound,15,61,0,Partially cloudy,27.0,0.0,83.68,10000.0,3,0
2025-05-29 16:00:00,Vinh Tuy Bridge,Inbound,16,74,0,Partially cloudy,28.0,0.0,78.4,10000.0,3,0
2025-05-29 16:00:00,Vinh Tuy Bridge,Outbound,16,88,0,Partially cloudy,28.0,0.0,78.4,10000.0,3,0
2025-05-29 17:10:00,Vinh Tuy Bridge,Inbound,17,131,1,Partially cloudy,26.0,0.0,83.57,10000.0,3,0
2025-05-29 17:10:00,Vinh Tuy Bridge,Outbound,17,154,1,Partially cloudy,26.0,0.0,83.57,10000.0,3,0
2025-05-29 20:00:00,Vinh Tuy Bridge,Inbound,20,26,0,Overcast,26.0,0.0,78.64,10000.0,3,0
2025-05-29 20:00:00,Vinh Tuy Bridge,Outbound,20,52,0,Overcast,26.0,0.0,78.64,10000.0,3,0
2025-05-29 22:30:00,Vinh Tuy Bridge,Inbound,22,0,0,Overcast,24.7,0.0,88.06,5600.0,3,0
2025-05-29 22:30:00,Vinh Tuy Bridge,Outbound,22,0,0,Overcast,24.7,0.0,88.06,5600.0,3,0
2025-05-28 03:00:00,Vinh Tuy Bridge,Inbound,3,0,0,Overcast,23.0,0.0,100.0,3000.0,2,0
2025-05-28 03:00:00,Vinh Tuy Bridge,Outbound,3,0,0,Overcast,23.0,0.0,100.0,3000.0,2,0
2025-05-28 07:10:00,Vinh Tuy Bridge,Inbound,7,66,0,Overcast,24.0,0.0,94.57,7900.0,2,0
2025-05-28 07:10:00,Vinh Tuy Bridge,Outbound,7,157,1,Overcast,24.0,0.0,94.57,7900.0,2,0
2025-05-28 07:30:00,Vinh Tuy Bridge,Inbound,7,96,1,Overcast,24.0,0.0,94.57,7900.0,2,0
2025-05-28 07:30:00,Vinh Tuy Bridge,Outbound,7,200,1,Overcast,24.0,0.0,94.57,7900.0,2,0
2025-05-28 10:00:00,Vinh Tuy Bridge,Inbound,10,52,0,Overcast,26.7,0.0,87.06,8200.0,2,0
2025-05-28 10:00:00,Vinh Tuy Bridge,Outbound,10,57,0,Overcast,26.7,0.0,87.06,8200.0,2,0
2025-05-28 12:00:00,Vinh Tuy Bridge,Inbound,12,45,0,Partially cloudy,29.0,0.0,74.47,7000.0,2,0
2025-05-28 12:00:00,Vinh Tuy Bridge,Outbound,12,51,0,Partially cloudy,29.0,0.0,74.47,7000.0,2,0
2025-05-28 15:00:00,Vinh Tuy Bridge,Inbound,15,54,0,Overcast,31.0,0.0,66.39,10000.0,2,0
2025-05-28 15:00:00,Vinh Tuy Bridge,Outbound,15,68,0,Overcast,31.0,0.0,66.39,10000.0,2,0
2025-05-28 16:00:00,Vinh Tuy Bridge,Inbound,16,82,0,Partially cloudy,31.7,0.0,62.66,17400.0,2,0
2025-05-28 16:00:00,Vinh Tuy Bridge,Outbound,16,104,0,Partially cloudy,31.7,0.0,62.66,17400.0,2,0
2025-05-28 17:10:00,Vinh Tuy Bridge,Inbound,17,138,1,Partially cloudy,32.0,0.0,62.72,10000.0,2,0
2025-05-28 17:10:00,Vinh Tuy Bridge,Outbound,17,156,1,Partially cloudy,32.0,0.0,62.72,10000.0,2,0
2025-05-28 20:00:00,Vinh Tuy Bridge,Inbound,20,30,0,Overcast,29.0,0.0,79.06,10000.0,2,0
2025-05-28 20:00:00,Vinh Tuy Bridge,Outbound,20,41,0,Overcast,29.0,0.0,79.06,10000.0,2,0
2025-05-28 22:30:00,Vinh Tuy Bridge,Inbound,22,0,0,Partially cloudy,27.7,0.0,88.31,10000.0,2,0
2025-05-28 22:30:00,Vinh Tuy Bridge,Outbound,22,0,0,Partially cloudy,27.7,0.0,88.31,10000.0,2,0
2025-05-27 03:00:00,Vinh Tuy Bridge,Inbound,3,0,0,Partially cloudy,24.0,0.0,78.36,10000.0,1,0
2025-05-27 03:00:00,Vinh Tuy Bridge,Outbound,3,0,0,Partially cloudy,24.0,0.0,78.36,10000.0,1,0
2025-05-27 07:10:00,Vinh Tuy Bridge,Inbound,7,68,0,Overcast,23.4,0.0,89.75,10000.0,1,0
2025-05-27 07:10:00,Vinh Tuy Bridge,Outbound,7,155,1,Overcast,23.4,0.0,89.75,10000.0,1,0
2025-05-27 07:30:00,Vinh Tuy Bridge,Inbound,7,94,1,Overcast,23.4,0.0,89.75,10000.0,1,0
2025-05-27 07:30:00,Vinh Tuy Bridge,Outbound,7,204,1,Overcast,23.4,0.0,89.75,10000.0,1,0
2025-05-27 10:00:00,Vinh Tuy Bridge,Inbound,10,61,0,"Rain, Overcast",25.0,0.5,78.5,9000.0,1,0
2025-05-27 10:00:00,Vinh Tuy Bridge,Outbound,10,53,0,"Rain, Overcast",25.0,0.5,78.5,9000.0,1,0
2025-05-27 12:00:00,Vinh Tuy Bridge,Inbound,12,57,0,"Rain, Overcast",25.0,0.5,78.5,10000.0,1,0
2025-05-27 12:00:00,Vinh Tuy Bridge,Outbound,12,45,0,"Rain, Overcast",25.0,0.5,78.5,10000.0,1,0
2025-05-27 15:00:00,Vinh Tuy Bridge,Inbound,15,67,0,"Rain, Overcast",26.0,0.6,78.64,10000.0,1,0
2025-05-27 15:00:00,Vinh Tuy Bridge,Outbound,15,56,0,"Rain, Overcast",26.0,0.6,78.64,10000.0,1,0
2025-05-27 16:00:00,Vinh Tuy Bridge,Inbound,16,96,1,Overcast,24.7,0.0,85.59,9100.0,1,0
2025-05-27 16:00:00,Vinh Tuy Bridge,Outbound,16,79,0,Overcast,24.7,0.0,85.59,9100.0,1,0
2025-05-27 17:10:00,Vinh Tuy Bridge,Inbound,17,155,1,Overcast,25.0,0.0,83.45,5000.0,1,0
2025-05-27 17:10:00,Vinh Tuy Bridge,Outbound,17,130,0,Overcast,25.0,0.0,83.45,5000.0,1,0
2025-05-27 20:00:00,Vinh Tuy Bridge,Inbound,20,35,0,Overcast,24.0,0.1,88.6,6000.0,1,0
2025-05-27 20:00:00,Vinh Tuy Bridge,Outbound,20,47,0,Overcast,24.0,0.1,88.6,6000.0,1,0
2025-05-27 22:30:00,Vinh Tuy Bridge,Inbound,22,0,0,Overcast,23.7,0.0,94.99,8400.0,1,0
2025-05-27 22:30:00,Vinh Tuy Bridge,Outbound,22,0,0,Overcast,23.7,0.0,94.99,8400.0,1,0
2025-05-26 03:00:00,Vinh Tuy Bridge,Inbound,3,0,0,Clear,23.0,0.0,68.97,10000.0,0,0
2025-05-26 03:00:00,Vinh Tuy Bridge,Outbound,3,0,0,Clear,23.0,0.0,68.97,10000.0,0,0
2025-05-26 07:10:00,Vinh Tuy Bridge,Inbound,7,139,1,Overcast,23.5,0.0,69.23,10000.0,0,0
2025-05-26 07:10:00,Vinh Tuy Bridge,Outbound,7,275,1,Overcast,23.5,0.0,69.23,10000.0,0,0
2025-05-26 07:30:00,Vinh Tuy Bridge,Inbound,7,178,1,Overcast,23.5,0.0,69.23,10000.0,0,0
2025-05-26 07:30:00,Vinh Tuy Bridge,Outbound,7,373,1,Overcast,23.5,0.0,69.23,10000.0,0,0
2025-05-26 10:00:00,Vinh Tuy Bridge,Inbound,10,45,0,Partially cloudy,25.1,0.0,63.67,10000.0,0,0
2025-05-26 10:00:00,Vinh Tuy Bridge,Outbound,10,72,0,Partially cloudy,25.1,0.0,63.67,10000.0,0,0
2025-05-26 12:00:00,Vinh Tuy Bridge,Inbound,12,33,0,Clear,27.0,0.0,61.62,10000.0,0,0
2025-05-26 12:00:00,Vinh Tuy Bridge,Outbound,12,56,0,Clear,27.0,0.0,61.62,10000.0,0,0
2025-05-26 15:00:00,Vinh Tuy Bridge,Inbound,15,46,0,Overcast,27.0,0.0,65.57,10000.0,0,0
2025-05-26 15:00:00,Vinh Tuy Bridge,Outbound,15,75,0,Overcast,27.0,0.0,65.57,10000.0,0,0
2025-05-26 16:00:00,Vinh Tuy Bridge,Inbound,16,76,0,Overcast,27.1,0.0,63.81,10000.0,0,0
2025-05-26 16:00:00,Vinh Tuy Bridge,Outbound,16,108,0,Overcast,27.1,0.0,63.81,10000.0,0,0
2025-05-26 17:10:00,Vinh Tuy Bridge,Inbound,17,132,1,Overcast,26.0,0.0,65.36,10000.0,0,0
2025-05-26 17:10:00,Vinh Tuy Bridge,Outbound,17,165,1,Overcast,26.0,0.0,65.36,10000.0,0,0
2025-05-26 20:00:00,Vinh Tuy Bridge,Inbound,20,23,0,Overcast,26.0,0.0,69.55,10000.0,0,0
2025-05-26 20:00:00,Vinh Tuy Bridge,Outbound,20,59,0,Overcast,26.0,0.0,69.55,10000.0,0,0
2025-05-26 22:30:00,Vinh Tuy Bridge,Inbound,22,0,0,Overcast,24.7,0.0,82.11,10000.0,0,0
2025-05-26 22:30:00,Vinh Tuy Bridge,Outbound,22,0,0,Overcast,24.7,0.0,82.11,10000.0,0,0
2025-05-25 03:00:00,Vinh Tuy Bridge,Inbound,3,0,0,Overcast,20.0,0.0,93.98,5000.0,6,0
2025-05-25 03:00:00,Vinh Tuy Bridge,Outbound,3,0,0,Overcast,20.0,0.0,93.98,5000.0,6,0
2025-05-25 07:10:00,Vinh Tuy Bridge,Inbound,7,17,0,Overcast,22.1,0.0,92.58,10000.0,6,0
2025-05-25 07:10:00,Vinh Tuy Bridge,Outbound,7,20,0,Overcast,22.1,0.0,92.58,10000.0,6,0
2025-05-25 07:30:00,Vinh Tuy Bridge,Inbound,7,24,0,Overcast,22.1,0.0,92.58,10000.0,6,0
2025-05-25 07:30:00,Vinh Tuy Bridge,Outbound,7,27,0,Overcast,22.1,0.0,92.58,10000.0,6,0
2025-05-25 10:00:00,Vinh Tuy Bridge,Inbound,10,34,0,Overcast,23.4,0.0,83.25,10000.0,6,0
2025-05-25 10:00:00,Vinh Tuy Bridge,Outbound,10,44,0,Overcast,23.4,0.0,83.25,10000.0,6,0
2025-05-25 12:00:00,Vinh Tuy Bridge,Inbound,12,43,0,Overcast,25.0,0.0,73.81,10000.0,6,0
2025-05-25 12:00:00,Vinh Tuy Bridge,Outbound,12,58,0,Overcast,25.0,0.0,73.81,10000.0,6,0
2025-05-25 15:00:00,Vinh Tuy Bridge,Inbound,15,66,0,Overcast,25.0,0.0,69.36,10000.0,6,0
2025-05-25 15:00:00,Vinh Tuy Bridge,Outbound,15,87,0,Overcast,25.0,0.0,69.36,10000.0,6,0
2025-05-25 16:00:00,Vinh Tuy Bridge,Inbound,16,92,1,Partially cloudy,25.5,0.0,62.87,10000.0,6,0
2025-05-25 16:00:00,Vinh Tuy Bridge,Outbound,16,115,0,Partially cloudy,25.5,0.0,62.87,10000.0,6,0
2025-05-25 17:10:00,Vinh Tuy Bridge,Inbound,17,96,1,Clear,26.0,0.0,65.36,10000.0,6,0
2025-05-25 17:10:00,Vinh Tuy Bridge,Outbound,17,149,1,Clear,26.0,0.0,65.36,10000.0,6,0
2025-05-25 20:00:00,Vinh Tuy Bridge,Inbound,20,24,0,Clear,24.0,0.0,69.17,10000.0,6,0
2025-05-25 20:00:00,Vinh Tuy Bridge,Outbound,20,62,0,Clear,24.0,0.0,69.17,10000.0,6,0
2025-05-25 22:30:00,Vinh Tuy Bridge,Inbound,22,0,0,Partially cloudy,23.7,0.0,68.79,10000.0,6,0
2025-05-25 22:30:00,Vinh Tuy Bridge,Outbound,22,0,0,Partially cloudy,23.7,0.0,68.79,10000.0,6,0
2025-05-24 03:00:00,Vinh Tuy Bridge,Inbound,3,0,0,Partially cloudy,25.0,0.0,100.0,6000.0,5,0
2025-05-24 03:00:00,Vinh Tuy Bridge,Outbound,3,0,0,Partially cloudy,25.0,0.0,100.0,6000.0,5,0
2025-05-24 07:10:00,Vinh Tuy Bridge,Inbound,7,48,0,"Rain, Partially cloudy",24.8,32.0,93.13,4000.0,5,0
2025-05-24 07:10:00,Vinh Tuy Bridge,Outbound,7,51,0,"Rain, Partially cloudy",24.8,32.0,93.13,4000.0,5,0
2025-05-24 07:30:00,Vinh Tuy Bridge,Inbound,7,75,0,"Rain, Partially cloudy",24.8,32.0,93.13,4000.0,5,0
2025-05-24 07:30:00,Vinh Tuy Bridge,Outbound,7,73,0,"Rain, Partially cloudy",24.8,32.0,93.13,4000.0,5,0
2025-05-24 10:00:00,Vinh Tuy Bridge,Inbound,10,134,1,Overcast,24.3,0.0,90.43,10000.0,5,0
2025-05-24 10:00:00,Vinh Tuy Bridge,Outbound,10,120,0,Overcast,24.3,0.0,90.43,10000.0,5,0
2025-05-24 12:00:00,Vinh Tuy Bridge,Inbound,12,148,1,Overcast,25.0,0.0,83.45,10000.0,5,0
2025-05-24 12:00:00,Vinh Tuy Bridge,Outbound,12,127,0,Overcast,25.0,0.0,83.45,10000.0,5,0
2025-05-24 15:00:00,Vinh Tuy Bridge,Inbound,15,174,1,Partially cloudy,24.0,0.0,83.34,10000.0,5,0
2025-05-24 15:00:00,Vinh Tuy Bridge,Outbound,15,145,0,Partially cloudy,24.0,0.0,83.34,10000.0,5,0
2025-05-24 16:00:00,Vinh Tuy Bridge,Inbound,16,219,1,Partially cloudy,25.1,0.0,77.27,10000.0,5,0
2025-05-24 16:00:00,Vinh Tuy Bridge,Outbound,16,193,1,Partially cloudy,25.1,0.0,77.27,10000.0,5,0
2025-05-24 17:10:00,Vinh Tuy Bridge,Inbound,17,250,1,Overcast,25.0,0.0,73.81,10000.0,5,0
2025-05-24 17:10:00,Vinh Tuy Bridge,Outbound,17,232,1,Overcast,25.0,0.0,73.81,10000.0,5,0
2025-05-24 20:00:00,Vinh Tuy Bridge,Inbound,20,55,0,Overcast,25.0,0.0,73.81,10000.0,5,0
2025-05-24 20:00:00,Vinh Tuy Bridge,Outbound,20,68,0,Overcast,25.0,0.0,73.81,10000.0,5,0
2025-05-24 22:30:00,Vinh Tuy Bridge,Inbound,22,0,0,Overcast,22.3,0.0,92.8,9500.0,5,0
2025-05-24 22:30:00,Vinh Tuy Bridge,Outbound,22,0,0,Overcast,22.3,0.0,92.8,9500.0,5,0
2025-05-14 03:00:00,Vinh Tuy Bridge,Inbound,3,0,0,Overcast,25.0,0.0,94.19,7000.0,2,0
2025-05-14 03:00:00,Vinh Tuy Bridge,Outbound,3,0,0,Overcast,25.0,0.0,94.19,7000.0,2,0
2025-05-14 07:10:00,Vinh Tuy Bridge,Inbound,7,66,0,Overcast,26.4,0.0,92.8,9200.0,2,0
2025-05-14 07:10:00,Vinh Tuy Bridge,Outbound,7,157,1,Overcast,26.4,0.0,92.8,9200.0,2,0
2025-05-14 07:30:00,Vinh Tuy Bridge,Inbound,7,96,1,Overcast,26.4,0.0,92.8,9200.0,2,0
2025-05-14 07:30:00,Vinh Tuy Bridge,Outbound,7,200,1,Overcast,26.4,0.0,92.8,9200.0,2,0
2025-05-14 10:00:00,Vinh Tuy Bridge,Inbound,10,52,0,Overcast,27.7,0.0,80.66,10000.0,2,0
2025-05-14 10:00:00,Vinh Tuy Bridge,Outbound,10,57,0,Overcast,27.7,0.0,80.66,10000.0,2,0
2025-05-14 12:00:00,Vinh Tuy Bridge,Inbound,12,45,0,Overcast,28.0,0.2,78.92,7000.0,2,0
2025-05-14 12:00:00,Vinh Tuy Bridge,Outbound,12,51,0,Overcast,28.0,0.2,78.92,7000.0,2,0
2025-05-14 15:00:00,Vinh Tuy Bridge,Inbound,15,54,0,Partially cloudy,30.0,0.1,74.63,10000.0,2,0
2025-05-14 15:00:00,Vinh Tuy Bridge,Outbound,15,68,0,Partially cloudy,30.0,0.1,74.63,10000.0,2,0
2025-05-14 16:00:00,Vinh Tuy Bridge,Inbound,16,82,0,Partially cloudy,28.5,0.0,79.51,10000.0,2,0
2025-05-14 16:00:00,Vinh Tuy Bridge,Outbound,16,104,0,Partially cloudy,28.5,0.0,79.51,10000.0,2,0
2025-05-14 17:10:00,Vinh Tuy Bridge,Inbound,17,138,1,Overcast,30.0,0.0,74.63,10000.0,2,0
2025-05-14 17:10:00,Vinh Tuy Bridge,Outbound,17,156,1,Overcast,30.0,0.0,74.63,10000.0,2,0
2025-05-14 20:00:00,Vinh Tuy Bridge,Inbound,20,30,0,Partially cloudy,28.0,0.0,78.92,10000.0,2,0
2025-05-14 22:30:00,Vinh Tuy Bridge,Inbound,22,0,0,Partially cloudy,27.1,0.0,85.57,10000.0,2,0
2025-05-14 22:30:00,Vinh Tuy Bridge,Outbound,22,0,0,Partially cloudy,27.1,0.0,85.57,10000.0,2,0
2025-05-15 03:00:00,Vinh Tuy Bridge,Inbound,3,0,0,Overcast,26.0,0.1,88.76,10000.0,3,0
2025-05-15 03:00:00,Vinh Tuy Bridge,Outbound,3,0,0,Overcast,26.0,0.1,88.76,10000.0,3,0
2025-05-15 07:10:00,Vinh Tuy Bridge,Inbound,7,63,0,Partially cloudy,26.7,0.0,90.79,9200.0,3,0
2025-05-15 07:10:00,Vinh Tuy Bridge,Outbound,7,140,0,Partially cloudy,26.7,0.0,90.79,9200.0,3,0
2025-05-15 07:30:00,Vinh Tuy Bridge,Inbound,7,97,1,Partially cloudy,26.7,0.0,90.79,9200.0,3,0
2025-05-15 07:30:00,Vinh Tuy Bridge,Outbound,7,180,1,Partially cloudy,26.7,0.0,90.79,9200.0,3,0
2025-05-15 10:00:00,Vinh Tuy Bridge,Inbound,10,46,0,Overcast,29.5,0.0,77.06,10000.0,3,0
2025-05-15 10:00:00,Vinh Tuy Bridge,Outbound,10,55,0,Overcast,29.5,0.0,77.06,10000.0,3,0
2025-05-15 12:00:00,Vinh Tuy Bridge,Inbound,12,36,0,"Rain, Partially cloudy",32.0,0.6,66.59,10000.0,3,0
2025-05-15 12:00:00,Vinh Tuy Bridge,Outbound,12,48,0,"Rain, Partially cloudy",32.0,0.6,66.59,10000.0,3,0
2025-05-15 15:00:00,Vinh Tuy Bridge,Inbound,15,46,0,Overcast,32.0,0.0,70.66,10000.0,3,0
2025-05-15 15:00:00,Vinh Tuy Bridge,Outbound,15,61,0,Overcast,32.0,0.0,70.66,10000.0,3,0
2025-05-15 16:00:00,Vinh Tuy Bridge,Inbound,16,74,0,Overcast,30.1,0.0,73.67,10000.0,3,0
2025-05-15 16:00:00,Vinh Tuy Bridge,Outbound,16,88,0,Overcast,30.1,0.0,73.67,10000.0,3,0
2025-05-15 17:10:00,Vinh Tuy Bridge,Inbound,17,131,1,Overcast,26.0,0.0,100.0,1000.0,3,0
2025-05-15 17:10:00,Vinh Tuy Bridge,Outbound,17,154,1,Overcast,26.0,0.0,100.0,1000.0,3,0
2025-05-15 20:00:00,Vinh Tuy Bridge,Inbound,20,26,0,Partially cloudy,26.0,0.0,94.23,9000.0,3,0
2025-05-15 20:00:00,Vinh Tuy Bridge,Outbound,20,52,0,Partially cloudy,26.0,0.0,94.23,9000.0,3,0
2025-05-15 22:30:00,Vinh Tuy Bridge,Inbound,22,0,0,Overcast,27.5,0.0,91.05,9700.0,3,0
2025-05-15 22:30:00,Vinh Tuy Bridge,Outbound,22,0,0,Overcast,27.5,0.0,91.05,9700.0,3,0
2025-05-16 03:00:00,Vinh Tuy Bridge,Inbound,3,0,0,Partially cloudy,25.0,0.0,94.19,10000.0,4,0
2025-05-16 03:00:00,Vinh Tuy Bridge,Outbound,3,0,0,Partially cloudy,25.0,0.0,94.19,10000.0,4,0
2025-05-16 07:10:00,Vinh Tuy Bridge,Inbound,7,46,0,Partially cloudy,25.7,0.0,94.22,8700.0,4,0
2025-05-16 07:10:00,Vinh Tuy Bridge,Outbound,7,67,0,Partially cloudy,25.7,0.0,94.22,8700.0,4,0
2025-05-16 07:30:00,Vinh Tuy Bridge,Inbound,7,68,0,Partially cloudy,25.7,0.0,94.22,8700.0,4,0
2025-05-16 07:30:00,Vinh Tuy Bridge,Outbound,7,94,0,Partially cloudy,25.7,0.0,94.22,8700.0,4,0
2025-05-16 10:00:00,Vinh Tuy Bridge,Inbound,10,49,0,Overcast,29.0,0.0,80.12,9700.0,4,0
2025-05-16 10:00:00,Vinh Tuy Bridge,Outbound,10,55,0,Overcast,29.0,0.0,80.12,9700.0,4,0
2025-05-16 12:00:00,Vinh Tuy Bridge,Inbound,12,55,0,Overcast,30.0,0.0,74.63,10000.0,4,0
2025-05-16 12:00:00,Vinh Tuy Bridge,Outbound,12,51,0,Overcast,30.0,0.0,74.63,10000.0,4,0
2025-05-16 15:00:00,Vinh Tuy Bridge,Inbound,15,80,0,Partially cloudy,32.0,0.0,70.66,10000.0,4,0
2025-05-16 15:00:00,Vinh Tuy Bridge,Outbound,15,73,0,Partially cloudy,32.0,0.0,70.66,10000.0,4,0
2025-05-16 16:00:00,Vinh Tuy Bridge,Inbound,16,140,1,Partially cloudy,32.0,0.0,68.98,10000.0,4,0
2025-05-16 16:00:00,Vinh Tuy Bridge,Outbound,16,137,0,Partially cloudy,32.0,0.0,68.98,10000.0,4,0
2025-05-16 17:10:00,Vinh Tuy Bridge,Inbound,17,255,1,Partially cloudy,32.0,0.0,70.66,10000.0,4,0
2025-05-16 17:10:00,Vinh Tuy Bridge,Outbound,17,273,1,Partially cloudy,32.0,0.0,70.66,10000.0,4,0
2025-05-16 20:00:00,Vinh Tuy Bridge,Inbound,20,77,0,Overcast,27.0,0.0,94.28,9000.0,4,0
2025-05-16 20:00:00,Vinh Tuy Bridge,Outbound,20,67,0,Overcast,27.0,0.0,94.28,9000.0,4,0
2025-05-16 22:30:00,Vinh Tuy Bridge,Inbound,22,0,0,Overcast,27.9,0.0,88.33,8700.0,4,0
2025-05-16 22:30:00,Vinh Tuy Bridge,Outbound,22,0,0,Overcast,27.9,0.0,88.33,8700.0,4,0
2025-05-17 03:00:00,Vinh Tuy Bridge,Inbound,3,0,0,Partially cloudy,25.0,0.0,94.19,10000.0,5,0
2025-05-17 03:00:00,Vinh Tuy Bridge,Outbound,3,0,0,Partially cloudy,25.0,0.0,94.19,10000.0,5,0
2025-05-17 07:10:00,Vinh Tuy Bridge,Inbound,7,48,0,Partially cloudy,26.2,0.0,94.87,9500.0,5,0
2025-05-17 07:10:00,Vinh Tuy Bridge,Outbound,7,51,0,Partially cloudy,26.2,0.0,94.87,9500.0,5,0
2025-05-17 07:30:00,Vinh Tuy Bridge,Inbound,7,75,0,Partially cloudy,26.2,0.0,94.87,9500.0,5,0
2025-05-17 07:30:00,Vinh Tuy Bridge,Outbound,7,73,0,Partially cloudy,26.2,0.0,94.87,9500.0,5,0
2025-05-17 10:00:00,Vinh Tuy Bridge,Inbound,10,134,1,Partially cloudy,30.5,0.0,79.26,10000.0,5,0
2025-05-17 10:00:00,Vinh Tuy Bridge,Outbound,10,120,0,Partially cloudy,30.5,0.0,79.26,10000.0,5,0
2025-05-17 12:00:00,Vinh Tuy Bridge,Inbound,12,148,1,Partially cloudy,32.0,0.0,70.66,10000.0,5,0
2025-05-17 12:00:00,Vinh Tuy Bridge,Outbound,12,127,0,Partially cloudy,32.0,0.0,70.66,10000.0,5,0
2025-05-17 15:00:00,Vinh Tuy Bridge,Inbound,15,174,1,Partially cloudy,32.0,0.0,70.66,10000.0,5,0
2025-05-17 15:00:00,Vinh Tuy Bridge,Outbound,15,145,0,Partially cloudy,32.0,0.0,70.66,10000.0,5,0
2025-05-17 16:00:00,Vinh Tuy Bridge,Inbound,16,219,1,Partially cloudy,31.7,0.0,73.11,10000.0,5,0
2025-05-17 16:00:00,Vinh Tuy Bridge,Outbound,16,193,1,Partially cloudy,31.7,0.0,73.11,10000.0,5,0
2025-05-17 17:10:00,Vinh Tuy Bridge,Inbound,17,250,1,Partially cloudy,31.0,0.0,74.79,10000.0,5,0
2025-05-17 17:10:00,Vinh Tuy Bridge,Outbound,17,232,1,Partially cloudy,31.0,0.0,74.79,10000.0,5,0
2025-05-17 20:00:00,Vinh Tuy Bridge,Inbound,20,55,0,Partially cloudy,27.0,0.0,88.84,10000.0,5,0
2025-05-17 20:00:00,Vinh Tuy Bridge,Outbound,20,68,0,Partially cloudy,27.0,0.0,88.84,10000.0,5,0
2025-05-17 22:30:00,Vinh Tuy Bridge,Inbound,22,0,0,Partially cloudy,26.4,0.0,92.8,10000.0,5,0
2025-05-17 22:30:00,Vinh Tuy Bridge,Outbound,22,0,0,Partially cloudy,26.4,0.0,92.8,10000.0,5,0
2025-05-18 03:00:00,Vinh Tuy Bridge,Inbound,3,0,0,Clear,26.0,0.0,88.76,10000.0,6,0
2025-05-18 03:00:00,Vinh Tuy Bridge,Outbound,3,0,0,Clear,26.0,0.0,88.76,10000.0,6,0
2025-05-18 07:10:00,Vinh Tuy Bridge,Inbound,7,17,0,Partially cloudy,26.7,0.0,90.0,10000.0,6,0
2025-05-18 07:10:00,Vinh Tuy Bridge,Outbound,7,20,0,Partially cloudy,26.7,0.0,90.0,10000.0,6,0
2025-05-18 07:30:00,Vinh Tuy Bridge,Inbound,7,24,0,Partially cloudy,26.7,0.0,90.0,10000.0,6,0
2025-05-18 07:30:00,Vinh Tuy Bridge,Outbound,7,27,0,Partially cloudy,26.7,0.0,90.0,10000.0,6,0
2025-05-18 10:00:00,Vinh Tuy Bridge,Inbound,10,34,0,Partially cloudy,30.5,0.0,73.73,10000.0,6,0
2025-05-18 10:00:00,Vinh Tuy Bridge,Outbound,10,44,0,Partially cloudy,30.5,0.0,73.73,10000.0,6,0
2025-05-18 12:00:00,Vinh Tuy Bridge,Inbound,12,43,0,Partially cloudy,33.0,0.0,66.78,10000.0,6,0
2025-05-18 12:00:00,Vinh Tuy Bridge,Outbound,12,58,0,Partially cloudy,33.0,0.0,66.78,10000.0,6,0
2025-05-18 15:00:00,Vinh Tuy Bridge,Inbound,15,66,0,Partially cloudy,34.0,0.0,63.15,10000.0,6,0
2025-05-18 15:00:00,Vinh Tuy Bridge,Outbound,15,87,0,Partially cloudy,34.0,0.0,63.15,10000.0,6,0
2025-05-18 16:00:00,Vinh Tuy Bridge,Inbound,16,92,1,Partially cloudy,33.1,0.0,64.5,10000.0,6,0
2025-05-18 17:10:00,Vinh Tuy Bridge,Inbound,17,96,1,Partially cloudy,33.0,0.0,66.78,10000.0,6,0
2025-05-18 17:10:00,Vinh Tuy Bridge,Outbound,17,149,1,Partially cloudy,33.0,0.0,66.78,10000.0,6,0
2025-05-18 20:00:00,Vinh Tuy Bridge,Inbound,20,24,0,Overcast,26.0,0.0,94.23,10000.0,6,0
2025-05-18 20:00:00,Vinh Tuy Bridge,Outbound,20,62,0,Overcast,26.0,0.0,94.23,10000.0,6,0
2025-05-18 22:30:00,Vinh Tuy Bridge,Inbound,22,0,0,Overcast,27.2,0.0,94.28,10000.0,6,0
2025-05-18 22:30:00,Vinh Tuy Bridge,Outbound,22,0,0,Overcast,27.2,0.0,94.28,10000.0,6,0
2025-05-19 03:00:00,Vinh Tuy Bridge,Inbound,3,0,0,Partially cloudy,24.0,0.0,94.15,10000.0,0,0
2025-05-19 03:00:00,Vinh Tuy Bridge,Outbound,3,0,0,Partially cloudy,24.0,0.0,94.15,10000.0,0,0
2025-05-19 07:10:00,Vinh Tuy Bridge,Inbound,7,139,1,Partially cloudy,25.2,0.0,93.58,10000.0,0,0
2025-05-19 07:10:00,Vinh Tuy Bridge,Outbound,7,275,1,Partially cloudy,25.2,0.0,93.58,10000.0,0,0
2025-05-19 07:30:00,Vinh Tuy Bridge,Inbound,7,178,1,Partially cloudy,25.2,0.0,93.58,10000.0,0,0
2025-05-19 07:30:00,Vinh Tuy Bridge,Outbound,7,373,1,Partially cloudy,25.2,0.0,93.58,10000.0,0,0
2025-05-19 10:00:00,Vinh Tuy Bridge,Inbound,10,45,0,Overcast,26.9,0.0,88.43,10000.0,0,0
2025-05-19 10:00:00,Vinh Tuy Bridge,Outbound,10,72,0,Overcast,26.9,0.0,88.43,10000.0,0,0
2025-05-19 12:00:00,Vinh Tuy Bridge,Inbound,12,33,0,Overcast,29.0,0.0,79.06,9000.0,0,0
2025-05-19 12:00:00,Vinh Tuy Bridge,Outbound,12,56,0,Overcast,29.0,0.0,79.06,9000.0,0,0
2025-05-19 15:00:00,Vinh Tuy Bridge,Inbound,15,46,0,Overcast,31.0,0.0,74.79,10000.0,0,0
2025-05-19 15:00:00,Vinh Tuy Bridge,Outbound,15,75,0,Overcast,31.0,0.0,74.79,10000.0,0,0
2025-05-19 16:00:00,Vinh Tuy Bridge,Inbound,16,76,0,Partially cloudy,31.5,0.0,70.72,17400.0,0,0
2025-05-19 16:00:00,Vinh Tuy Bridge,Outbound,16,108,0,Partially cloudy,31.5,0.0,70.72,17400.0,0,0
2025-05-19 17:10:00,Vinh Tuy Bridge,Inbound,17,132,1,Partially cloudy,31.0,0.0,74.79,10000.0,0,0
2025-05-19 17:10:00,Vinh Tuy Bridge,Outbound,17,165,1,Partially cloudy,31.0,0.0,74.79,10000.0,0,0
2025-05-19 20:00:00,Vinh Tuy Bridge,Inbound,20,23,0,Overcast,29.0,0.0,83.9,10000.0,0,0
2025-05-19 20:00:00,Vinh Tuy Bridge,Outbound,20,59,0,Overcast,29.0,0.0,83.9,10000.0,0,0
2025-05-19 22:30:00,Vinh Tuy Bridge,Inbound,22,0,0,Partially cloudy,27.4,0.0,94.29,9000.0,0,0
2025-05-19 22:30:00,Vinh Tuy Bridge,Outbound,22,0,0,Partially cloudy,27.4,0.0,94.29,9000.0,0,0
2025-05-20 03:00:00,Vinh Tuy Bridge,Inbound,3,0,0,Overcast,27.0,0.0,94.28,5000.0,1,0
2025-05-20 03:00:00,Vinh Tuy Bridge,Outbound,3,0,0,Overcast,27.0,0.0,94.28,5000.0,1,0
2025-05-20 07:10:00,Vinh Tuy Bridge,Inbound,7,68,0,Overcast,28.0,0.0,92.69,8700.0,1,0
2025-05-20 07:10:00,Vinh Tuy Bridge,Outbound,7,155,1,Overcast,28.0,0.0,92.69,8700.0,1,0
2025-05-20 07:30:00,Vinh Tuy Bridge,Inbound,7,94,1,Overcast,28.0,0.0,92.69,8700.0,1,0
2025-05-20 07:30:00,Vinh Tuy Bridge,Outbound,7,204,1,Overcast,28.0,0.0,92.69,8700.0,1,0
2025-05-20 10:00:00,Vinh Tuy Bridge,Inbound,10,61,0,Partially cloudy,31.7,0.0,76.55,10000.0,1,0
2025-05-20 10:00:00,Vinh Tuy Bridge,Outbound,10,53,0,Partially cloudy,31.7,0.0,76.55,10000.0,1,0
2025-05-20 12:00:00,Vinh Tuy Bridge,Inbound,12,57,0,Overcast,32.0,0.0,70.66,10000.0,1,0
2025-05-20 12:00:00,Vinh Tuy Bridge,Outbound,12,45,0,Overcast,32.0,0.0,70.66,10000.0,1,0
2025-05-20 15:00:00,Vinh Tuy Bridge,Inbound,15,67,0,Partially cloudy,34.0,0.0,66.98,10000.0,1,0
2025-05-20 15:00:00,Vinh Tuy Bridge,Outbound,15,56,0,Partially cloudy,34.0,0.0,66.98,10000.0,1,0
2025-05-20 16:00:00,Vinh Tuy Bridge,Inbound,16,96,1,Partially cloudy,28.7,0.0,85.34,10000.0,1,0
2025-05-20 16:00:00,Vinh Tuy Bridge,Outbound,16,79,0,Partially cloudy,28.7,0.0,85.34,10000.0,1,0
2025-05-20 17:10:00,Vinh Tuy Bridge,Inbound,17,155,1,Clear,31.0,0.0,74.79,10000.0,1,0
2025-05-20 17:10:00,Vinh Tuy Bridge,Outbound,17,130,0,Clear,31.0,0.0,74.79,10000.0,1,0
2025-05-20 20:00:00,Vinh Tuy Bridge,Inbound,20,35,0,Clear,28.0,0.0,88.92,10000.0,1,0
2025-05-20 20:00:00,Vinh Tuy Bridge,Outbound,20,47,0,Clear,28.0,0.0,88.92,10000.0,1,0
2025-05-20 22:30:00,Vinh Tuy Bridge,Inbound,22,0,0,Partially cloudy,28.1,0.0,91.09,10000.0,1,0
2025-05-20 22:30:00,Vinh Tuy Bridge,Outbound,22,0,0,Partially cloudy,28.1,0.0,91.09,10000.0,1,0
2025-05-21 03:00:00,Vinh Tuy Bridge,Inbound,3,0,0,Clear,27.0,0.0,94.28,10000.0,2,0
2025-05-21 03:00:00,Vinh Tuy Bridge,Outbound,3,0,0,Clear,27.0,0.0,94.28,10000.0,2,0
2025-05-21 07:10:00,Vinh Tuy Bridge,Inbound,7,66,0,Overcast,28.0,0.0,91.28,10000.0,2,0
2025-05-21 07:10:00,Vinh Tuy Bridge,Outbound,7,157,1,Overcast,28.0,0.0,91.28,10000.0,2,0
2025-05-21 07:30:00,Vinh Tuy Bridge,Inbound,7,96,1,Overcast,28.0,0.0,91.28,10000.0,2,0
2025-05-21 07:30:00,Vinh Tuy Bridge,Outbound,7,200,1,Overcast,28.0,0.0,91.28,10000.0,2,0
2025-05-21 10:00:00,Vinh Tuy Bridge,Inbound,10,52,0,Partially cloudy,31.0,0.0,79.34,10000.0,2,0
2025-05-21 10:00:00,Vinh Tuy Bridge,Outbound,10,57,0,Partially cloudy,31.0,0.0,79.34,10000.0,2,0
2025-05-21 12:00:00,Vinh Tuy Bridge,Inbound,12,45,0,Overcast,33.0,0.0,70.84,10000.0,2,0
2025-05-21 12:00:00,Vinh Tuy Bridge,Outbound,12,51,0,Overcast,33.0,0.0,70.84,10000.0,2,0
2025-05-21 15:00:00,Vinh Tuy Bridge,Inbound,15,54,0,Clear,33.0,0.0,75.11,10000.0,2,0
2025-05-21 15:00:00,Vinh Tuy Bridge,Outbound,15,68,0,Clear,33.0,0.0,75.11,10000.0,2,0
2025-05-21 16:00:00,Vinh Tuy Bridge,Inbound,16,82,0,Partially cloudy,30.1,0.0,77.82,4100.0,2,0
2025-05-21 16:00:00,Vinh Tuy Bridge,Outbound,16,104,0,Partially cloudy,30.1,0.0,77.82,4100.0,2,0
2025-05-21 17:10:00,Vinh Tuy Bridge,Inbound,17,138,1,Partially cloudy,31.0,0.0,70.48,10000.0,2,0
2025-05-21 17:10:00,Vinh Tuy Bridge,Outbound,17,156,1,Partially cloudy,31.0,0.0,70.48,10000.0,2,0
2025-05-21 20:00:00,Vinh Tuy Bridge,Inbound,20,30,0,Partially cloudy,29.0,0.0,88.99,10000.0,2,0
2025-05-21 20:00:00,Vinh Tuy Bridge,Outbound,20,41,0,Partially cloudy,29.0,0.0,88.99,10000.0,2,0
2025-05-21 22:30:00,Vinh Tuy Bridge,Inbound,22,0,0,Partially cloudy,27.0,0.0,86.9,10000.0,2,0
2025-05-21 22:30:00,Vinh Tuy Bridge,Outbound,22,0,0,Partially cloudy,27.0,0.0,86.9,10000.0,2,0
2025-05-22 03:00:00,Vinh Tuy Bridge,Inbound,3,0,0,Clear,27.0,0.0,83.68,10000.0,3,0
2025-05-22 03:00:00,Vinh Tuy Bridge,Outbound,3,0,0,Clear,27.0,0.0,83.68,10000.0,3,0
2025-05-22 07:10:00,Vinh Tuy Bridge,Inbound,7,63,0,Partially cloudy,27.7,0.0,88.9,10000.0,3,0
2025-05-22 07:10:00,Vinh Tuy Bridge,Outbound,7,140,0,Partially cloudy,27.7,0.0,88.9,10000.0,3,0
2025-05-22 07:30:00,Vinh Tuy Bridge,Inbound,7,97,1,Partially cloudy,27.7,0.0,88.9,10000.0,3,0
2025-05-22 07:30:00,Vinh Tuy Bridge,Outbound,7,180,1,Partially cloudy,27.7,0.0,88.9,10000.0,3,0
2025-05-22 10:00:00,Vinh Tuy Bridge,Inbound,10,46,0,Partially cloudy,30.6,0.0,77.57,10000.0,3,0
2025-05-22 10:00:00,Vinh Tuy Bridge,Outbound,10,55,0,Partially cloudy,30.6,0.0,77.57,10000.0,3,0
2025-05-22 12:00:00,Vinh Tuy Bridge,Inbound,12,36,0,"Rain, Overcast",31.0,1.4,79.33,10000.0,3,0
2025-05-22 12:00:00,Vinh Tuy Bridge,Outbound,12,48,0,"Rain, Overcast",31.0,1.4,79.33,10000.0,3,0
2025-05-22 15:00:00,Vinh Tuy Bridge,Inbound,15,46,0,Overcast,32.0,0.0,70.66,10000.0,3,0
2025-05-22 15:00:00,Vinh Tuy Bridge,Outbound,15,61,0,Overcast,32.0,0.0,70.66,10000.0,3,0
2025-05-22 16:00:00,Vinh Tuy Bridge,Outbound,16,88,0,Partially cloudy,33.2,0.0,67.7,10000.0,3,0
2025-05-22 17:10:00,Vinh Tuy Bridge,Inbound,17,131,1,Partially cloudy,33.0,0.0,66.78,10000.0,3,0
2025-05-22 17:10:00,Vinh Tuy Bridge,Outbound,17,154,1,Partially cloudy,33.0,0.0,66.78,10000.0,3,0
2025-05-22 20:00:00,Vinh Tuy Bridge,Inbound,20,26,0,Clear,30.0,0.0,79.2,10000.0,3,0
2025-05-22 20:00:00,Vinh Tuy Bridge,Outbound,20,52,0,Clear,30.0,0.0,79.2,10000.0,3,0
2025-05-22 22:30:00,Vinh Tuy Bridge,Inbound,22,0,0,Partially cloudy,28.3,0.0,88.16,10000.0,3,0
2025-05-22 22:30:00,Vinh Tuy Bridge,Outbound,22,0,0,Partially cloudy,28.3,0.0,88.16,10000.0,3,0
2025-05-23 03:00:00,Vinh Tuy Bridge,Inbound,3,0,0,Overcast,27.0,0.0,94.28,10000.0,4,0
2025-05-23 03:00:00,Vinh Tuy Bridge,Outbound,3,0,0,Overcast,27.0,0.0,94.28,10000.0,4,0
2025-05-23 07:10:00,Vinh Tuy Bridge,Inbound,7,46,0,Overcast,28.5,0.0,89.73,10000.0,4,0
2025-05-23 07:10:00,Vinh Tuy Bridge,Outbound,7,67,0,Overcast,28.5,0.0,89.73,10000.0,4,0
2025-05-23 07:30:00,Vinh Tuy Bridge,Inbound,7,68,0,Overcast,28.5,0.0,89.73,10000.0,4,0
2025-05-23 07:30:00,Vinh Tuy Bridge,Outbound,7,94,0,Overcast,28.5,0.0,89.73,10000.0,4,0
2025-05-23 10:00:00,Vinh Tuy Bridge,Inbound,10,49,0,Overcast,27.9,0.0,86.22,9000.0,4,0
2025-05-23 10:00:00,Vinh Tuy Bridge,Outbound,10,55,0,Overcast,27.9,0.0,86.22,9000.0,4,0
2025-05-23 12:00:00,Vinh Tuy Bridge,Inbound,12,55,0,Overcast,24.0,0.0,100.0,10000.0,4,0
2025-05-23 12:00:00,Vinh Tuy Bridge,Outbound,12,51,0,Overcast,24.0,0.0,100.0,10000.0,4,0
2025-05-23 15:00:00,Vinh Tuy Bridge,Inbound,15,80,0,Overcast,25.0,0.0,100.0,10000.0,4,0
2025-05-23 15:00:00,Vinh Tuy Bridge,Outbound,15,73,0,Overcast,25.0,0.0,100.0,10000.0,4,0
2025-05-23 16:00:00,Vinh Tuy Bridge,Inbound,16,140,1,Overcast,25.8,0.0,94.86,10000.0,4,0
2025-05-23 16:00:00,Vinh Tuy Bridge,Outbound,16,137,0,Overcast,25.8,0.0,94.86,10000.0,4,0
2025-05-23 17:10:00,Vinh Tuy Bridge,Inbound,17,255,1,Overcast,25.0,0.0,100.0,10000.0,4,0
2025-05-23 17:10:00,Vinh Tuy Bridge,Outbound,17,273,1,Overcast,25.0,0.0,100.0,10000.0,4,0
2025-05-23 20:00:00,Vinh Tuy Bridge,Inbound,20,77,0,Clear,25.0,0.0,94.19,7000.0,4,0
2025-05-23 20:00:00,Vinh Tuy Bridge,Outbound,20,67,0,Clear,25.0,0.0,94.19,7000.0,4,0
2025-05-23 22:30:00,Vinh Tuy Bridge,Inbound,22,0,0,Overcast,25.9,0.0,93.28,10000.0,4,0
2025-05-23 22:30:00,Vinh Tuy Bridge,Outbound,22,0,0,Overcast,25.9,0.0,93.28,10000.0,4,0
2025-05-27 17:10:00,Vinh Tuy Bridge,Outbound,17,112,0,Overcast,25.0,0.0,83.45,5000.0,1,0
2025-05-26 16:00:00,Vinh Tuy Bridge,Outbound,16,92,0,Overcast,27.1,0.0,63.81,10000.0,0,0
2025-05-26 17:10:00,Vinh Tuy Bridge,Outbound,17,128,0,Overcast,26.0,0.0,65.36,10000.0,0,0
2025-05-26 20:00:00,Vinh Tuy Bridge,Outbound,20,42,0,Overcast,26.0,0.0,69.55,10000.0,0,0
2025-05-25 15:00:00,Vinh Tuy Bridge,Outbound,15,65,0,Overcast,25.0,0.0,69.36,10000.0,6,0
2025-05-25 16:00:00,Vinh Tuy Bridge,Outbound,16,93,0,Partially cloudy,25.5,0.0,62.87,10000.0,6,0
2025-05-24 07:30:00,Vinh Tuy Bridge,Outbound,7,54,0,"Rain, Partially cloudy",24.8,32.0,93.13,4000.0,5,0
2025-05-24 10:00:00,Vinh Tuy Bridge,Outbound,10,91,0,Overcast,24.3,0.0,90.43,10000.0,5,0
2025-05-24 12:00:00,Vinh Tuy Bridge,Outbound,12,96,0,Overcast,25.0,0.0,83.45,10000.0,5,0
2025-05-24 15:00:00,Vinh Tuy Bridge,Outbound,15,97,0,Partially cloudy,24.0,0.0,83.34,10000.0,5,0
2025-05-24 16:00:00,Vinh Tuy Bridge,Outbound,16,135,0,Partially cloudy,25.1,0.0,77.27,10000.0,5,0
2025-05-24 17:10:00,Vinh Tuy Bridge,Outbound,17,172,1,Overcast,25.0,0.0,73.81,10000.0,5,0
2025-05-23 16:00:00,Vinh Tuy Bridge,Outbound,16,116,0,Overcast,25.8,0.0,94.86,10000.0,4,0
2025-05-23 17:10:00,Vinh Tuy Bridge,Outbound,17,220,1,Overcast,25.0,0.0,100.0,10000.0,4,0
2025-05-23 20:00:00,Vinh Tuy Bridge,Outbound,20,47,0,Clear,25.0,0.0,94.19,7000.0,4,0
2025-05-22 16:00:00,Vinh Tuy Bridge,Inbound,16,74,0,Partially cloudy,33.2,0.0,67.7,10000.0,3,0
2025-05-22 20:00:00,Vinh Tuy Bridge,Outbound,20,37,0,Clear,30.0,0.0,79.2,10000.0,3,0
2025-05-20 17:10:00,Vinh Tuy Bridge,Outbound,17,112,0,Clear,31.0,0.0,74.79,10000.0,1,0
2025-05-19 16:00:00,Vinh Tuy Bridge,Outbound,16,92,0,Partially cloudy,31.5,0.0,70.72,17400.0,0,0
2025-05-19 17:10:00,Vinh Tuy Bridge,Outbound,17,128,0,Partially cloudy,31.0,0.0,74.79,10000.0,0,0
2025-05-19 20:00:00,Vinh Tuy Bridge,Outbound,20,42,0,Overcast,29.0,0.0,83.9,10000.0,0,0
2025-05-18 15:00:00,Vinh Tuy Bridge,Outbound,15,65,0,Partially cloudy,34.0,0.0,63.15,10000.0,6,0
2025-05-18 16:00:00,Vinh Tuy Bridge,Outbound,16,93,0,Partially cloudy,33.1,0.0,64.5,10000.0,6,0
2025-05-17 07:30:00,Vinh Tuy Bridge,Outbound,7,54,0,Partially cloudy,26.2,0.0,94.87,9500.0,5,0
2025-05-17 10:00:00,Vinh Tuy Bridge,Outbound,10,91,0,Partially cloudy,30.5,0.0,79.26,10000.0,5,0
2025-05-17 12:00:00,Vinh Tuy Bridge,Outbound,12,96,0,Partially cloudy,32.0,0.0,70.66,10000.0,5,0
2025-05-17 15:00:00,Vinh Tuy Bridge,Outbound,15,97,0,Partially cloudy,32.0,0.0,70.66,10000.0,5,0
2025-05-17 16:00:00,Vinh Tuy Bridge,Outbound,16,135,0,Partially cloudy,31.7,0.0,73.11,10000.0,5,0
2025-05-17 17:10:00,Vinh Tuy Bridge,Outbound,17,172,1,Partially cloudy,31.0,0.0,74.79,10000.0,5,0
